# Hometown Zero Phase 0 preview

o b37417988_office
v -371.24 0.00 -51.95
v -382.01 0.00 -19.20
v -302.31 0.00 6.63
v -291.54 0.00 -26.13
v -371.24 35.20 -51.95
v -382.01 35.20 -19.20
v -302.31 35.20 6.63
v -291.54 35.20 -26.13
f 1 2 6
f 1 6 5
f 2 3 7
f 2 7 6
f 3 4 8
f 3 8 7
f 4 1 5
f 4 5 8
f 7 8 5
f 5 6 7
o b37546502_office
v -76.43 0.00 193.41
v -25.20 0.00 209.43
v 22.57 0.00 224.37
v 38.23 0.00 175.01
v -9.17 0.00 160.18
v -14.33 0.00 158.57
v -9.06 0.00 141.99
v -43.07 0.00 131.28
v -55.48 0.00 127.36
v -59.11 0.00 138.82
v -61.70 0.00 146.99
v -64.37 0.00 155.39
v -76.43 157.00 193.41
v -25.20 157.00 209.43
v 22.57 157.00 224.37
v 38.23 157.00 175.01
v -9.17 157.00 160.18
v -14.33 157.00 158.57
v -9.06 157.00 141.99
v -43.07 157.00 131.28
v -55.48 157.00 127.36
v -59.11 157.00 138.82
v -61.70 157.00 146.99
v -64.37 157.00 155.39
f 9 10 22
f 9 22 21
f 10 11 23
f 10 23 22
f 11 12 24
f 11 24 23
f 12 13 25
f 12 25 24
f 13 14 26
f 13 26 25
f 14 15 27
f 14 27 26
f 15 16 28
f 15 28 27
f 16 17 29
f 16 29 28
f 17 18 30
f 17 30 29
f 18 19 31
f 18 31 30
f 19 20 32
f 19 32 31
f 20 9 21
f 20 21 32
f 31 32 21
f 22 23 24
f 24 25 26
f 26 27 28
f 28 29 30
f 31 21 22
f 22 24 26
f 26 28 30
f 30 31 22
f 22 26 30
o b42806788_unknown
v 313.84 0.00 -451.80
v 301.31 0.00 -413.62
v 338.77 0.00 -401.49
v 351.31 0.00 -439.67
v 313.84 6.50 -451.80
v 301.31 6.50 -413.62
v 338.77 6.50 -401.49
v 351.31 6.50 -439.67
f 33 34 38
f 33 38 37
f 34 35 39
f 34 39 38
f 35 36 40
f 35 40 39
f 36 33 37
f 36 37 40
f 39 40 37
f 37 38 39
o b42806807_office
v 261.43 0.00 -427.93
v 295.96 0.00 -416.91
v 307.14 0.00 -451.45
v 272.61 0.00 -462.47
v 261.43 12.80 -427.93
v 295.96 12.80 -416.91
v 307.14 12.80 -451.45
v 272.61 12.80 -462.47
f 41 42 46
f 41 46 45
f 42 43 47
f 42 47 46
f 43 44 48
f 43 48 47
f 44 41 45
f 44 45 48
f 47 48 45
f 45 46 47
o b42806812_unknown
v 257.58 0.00 -414.03
v 268.68 0.00 -396.36
v 279.18 0.00 -379.62
v 305.25 0.00 -376.19
v 313.52 0.00 -375.10
v 329.09 0.00 -373.04
v 327.15 0.00 -375.96
v 322.04 0.00 -383.65
v 319.35 0.00 -387.70
v 315.04 0.00 -394.19
v 305.78 0.00 -408.11
v 278.40 0.00 -411.47
v 257.58 19.20 -414.03
v 268.68 19.20 -396.36
v 279.18 19.20 -379.62
v 305.25 19.20 -376.19
v 313.52 19.20 -375.10
v 329.09 19.20 -373.04
v 327.15 19.20 -375.96
v 322.04 19.20 -383.65
v 319.35 19.20 -387.70
v 315.04 19.20 -394.19
v 305.78 19.20 -408.11
v 278.40 19.20 -411.47
f 49 50 62
f 49 62 61
f 50 51 63
f 50 63 62
f 51 52 64
f 51 64 63
f 52 53 65
f 52 65 64
f 53 54 66
f 53 66 65
f 54 55 67
f 54 67 66
f 55 56 68
f 55 68 67
f 56 57 69
f 56 69 68
f 57 58 70
f 57 70 69
f 58 59 71
f 58 71 70
f 59 60 72
f 59 72 71
f 60 49 61
f 60 61 72
f 72 61 62
f 62 63 64
f 65 66 67
f 69 70 71
f 71 72 62
f 62 64 65
f 65 67 68
f 68 69 71
f 71 62 65
f 65 68 71
o b42806887_office
v 195.47 0.00 -452.12
v 206.72 0.00 -448.50
v 207.92 0.00 -452.20
v 222.47 0.00 -447.52
v 221.36 0.00 -444.15
v 231.98 0.00 -440.73
v 241.34 0.00 -469.49
v 230.30 0.00 -473.03
v 229.24 0.00 -469.77
v 222.03 0.00 -472.08
v 214.95 0.00 -474.36
v 216.03 0.00 -477.67
v 204.96 0.00 -481.22
v 200.71 0.00 -468.18
v 195.47 39.00 -452.12
v 206.72 39.00 -448.50
v 207.92 39.00 -452.20
v 222.47 39.00 -447.52
v 221.36 39.00 -444.15
v 231.98 39.00 -440.73
v 241.34 39.00 -469.49
v 230.30 39.00 -473.03
v 229.24 39.00 -469.77
v 222.03 39.00 -472.08
v 214.95 39.00 -474.36
v 216.03 39.00 -477.67
v 204.96 39.00 -481.22
v 200.71 39.00 -468.18
f 73 74 88
f 73 88 87
f 74 75 89
f 74 89 88
f 75 76 90
f 75 90 89
f 76 77 91
f 76 91 90
f 77 78 92
f 77 92 91
f 78 79 93
f 78 93 92
f 79 80 94
f 79 94 93
f 80 81 95
f 80 95 94
f 81 82 96
f 81 96 95
f 82 83 97
f 82 97 96
f 83 84 98
f 83 98 97
f 84 85 99
f 84 99 98
f 85 86 100
f 85 100 99
f 86 73 87
f 86 87 100
f 100 87 88
f 90 91 92
f 92 93 94
f 97 98 99
f 99 100 88
f 90 92 94
f 97 99 88
f 90 94 95
f 97 88 89
f 89 90 95
f 96 97 89
f 89 95 96
o b42806909_unknown
v -65.85 0.00 -428.23
v -54.62 0.00 -424.36
v -56.01 0.00 -420.41
v -55.93 0.00 -418.47
v -54.91 0.00 -417.17
v -53.43 0.00 -416.48
v -52.06 0.00 -416.58
v -50.27 0.00 -417.48
v -48.66 0.00 -420.72
v -40.23 0.00 -447.29
v -42.20 0.00 -447.91
v -41.67 0.00 -449.65
v -41.53 0.00 -451.16
v -41.81 0.00 -452.16
v -56.65 0.00 -457.11
v -63.09 0.00 -435.67
v -66.79 0.00 -436.75
v -68.90 0.00 -429.75
v -65.57 0.00 -429.03
v -65.85 35.20 -428.23
v -54.62 35.20 -424.36
v -56.01 35.20 -420.41
v -55.93 35.20 -418.47
v -54.91 35.20 -417.17
v -53.43 35.20 -416.48
v -52.06 35.20 -416.58
v -50.27 35.20 -417.48
v -48.66 35.20 -420.72
v -40.23 35.20 -447.29
v -42.20 35.20 -447.91
v -41.67 35.20 -449.65
v -41.53 35.20 -451.16
v -41.81 35.20 -452.16
v -56.65 35.20 -457.11
v -63.09 35.20 -435.67
v -66.79 35.20 -436.75
v -68.90 35.20 -429.75
v -65.57 35.20 -429.03
f 101 102 121
f 101 121 120
f 102 103 122
f 102 122 121
f 103 104 123
f 103 123 122
f 104 105 124
f 104 124 123
f 105 106 125
f 105 125 124
f 106 107 126
f 106 126 125
f 107 108 127
f 107 127 126
f 108 109 128
f 108 128 127
f 109 110 129
f 109 129 128
f 110 111 130
f 110 130 129
f 111 112 131
f 111 131 130
f 112 113 132
f 112 132 131
f 113 114 133
f 113 133 132
f 114 115 134
f 114 134 133
f 115 116 135
f 115 135 134
f 116 117 136
f 116 136 135
f 117 118 137
f 117 137 136
f 118 119 138
f 118 138 137
f 119 101 120
f 119 120 138
f 138 120 121
f 121 122 123
f 123 124 125
f 125 126 127
f 127 128 129
f 130 131 132
f 132 133 134
f 135 136 137
f 121 123 125
f 125 127 129
f 130 132 134
f 135 137 138
f 121 125 129
f 130 134 135
f 135 138 121
f 121 129 130
f 130 135 121
o b52143469_retail
v -567.23 0.00 204.38
v -584.43 0.00 256.13
v -507.12 0.00 281.47
v -490.38 0.00 231.07
v -489.67 0.00 228.95
v -481.56 0.00 204.57
v -558.87 0.00 179.23
v -567.23 6.40 204.38
v -584.43 6.40 256.13
v -507.12 6.40 281.47
v -490.38 6.40 231.07
v -489.67 6.40 228.95
v -481.56 6.40 204.57
v -558.87 6.40 179.23
f 139 140 147
f 139 147 146
f 140 141 148
f 140 148 147
f 141 142 149
f 141 149 148
f 142 143 150
f 142 150 149
f 143 144 151
f 143 151 150
f 144 145 152
f 144 152 151
f 145 139 146
f 145 146 152
f 151 152 146
f 146 147 148
f 149 150 151
f 146 148 149
f 149 151 146
o b55932516_residential
v 45.11 0.00 373.59
v 5.21 0.00 360.45
v -6.54 0.00 395.60
v 33.36 0.00 408.75
v 45.11 156.40 373.59
v 5.21 156.40 360.45
v -6.54 156.40 395.60
v 33.36 156.40 408.75
f 153 154 158
f 153 158 157
f 154 155 159
f 154 159 158
f 155 156 160
f 155 160 159
f 156 153 157
f 156 157 160
f 159 160 157
f 157 158 159
o b55932518_residential
v 59.44 0.00 464.47
v 71.57 0.00 427.89
v 19.55 0.00 410.88
v 14.81 0.00 425.21
v 7.86 0.00 446.55
v 7.41 0.00 447.45
v 59.44 8.40 464.47
v 71.57 8.40 427.89
v 19.55 8.40 410.88
v 14.81 8.40 425.21
v 7.86 8.40 446.55
v 7.41 8.40 447.45
f 161 162 168
f 161 168 167
f 162 163 169
f 162 169 168
f 163 164 170
f 163 170 169
f 164 165 171
f 164 171 170
f 165 166 172
f 165 172 171
f 166 161 167
f 166 167 172
f 171 172 167
f 167 168 169
f 169 170 171
f 171 167 169
o b55932520_office
v -541.40 0.00 384.91
v -525.39 0.00 335.09
v -537.08 0.00 331.39
v -527.44 0.00 301.35
v -594.03 0.00 280.26
v -619.36 0.00 359.12
v -593.03 0.00 367.47
v -587.63 0.00 350.64
v -561.44 0.00 358.93
v -567.17 0.00 376.75
v -541.40 19.20 384.91
v -525.39 19.20 335.09
v -537.08 19.20 331.39
v -527.44 19.20 301.35
v -594.03 19.20 280.26
v -619.36 19.20 359.12
v -593.03 19.20 367.47
v -587.63 19.20 350.64
v -561.44 19.20 358.93
v -567.17 19.20 376.75
f 173 174 184
f 173 184 183
f 174 175 185
f 174 185 184
f 175 176 186
f 175 186 185
f 176 177 187
f 176 187 186
f 177 178 188
f 177 188 187
f 178 179 189
f 178 189 188
f 179 180 190
f 179 190 189
f 180 181 191
f 180 191 190
f 181 182 192
f 181 192 191
f 182 173 183
f 182 183 192
f 191 192 183
f 183 184 185
f 185 186 187
f 187 188 189
f 191 183 185
f 187 189 190
f 190 191 185
f 185 187 190
o b55932522_unknown
v -445.78 0.00 -93.95
v -437.38 0.00 -91.52
v -432.77 0.00 -96.84
v -426.08 0.00 -116.61
v -459.39 0.00 -126.86
v -462.36 0.00 -120.92
v -468.41 0.00 -102.59
v -445.78 3.20 -93.95
v -437.38 3.20 -91.52
v -432.77 3.20 -96.84
v -426.08 3.20 -116.61
v -459.39 3.20 -126.86
v -462.36 3.20 -120.92
v -468.41 3.20 -102.59
f 193 194 201
f 193 201 200
f 194 195 202
f 194 202 201
f 195 196 203
f 195 203 202
f 196 197 204
f 196 204 203
f 197 198 205
f 197 205 204
f 198 199 206
f 198 206 205
f 199 193 200
f 199 200 206
f 205 206 200
f 200 201 202
f 202 203 204
f 204 205 200
f 200 202 204
o b55932527_unknown
v 134.45 0.00 405.14
v 107.65 0.00 396.40
v 97.09 0.00 428.38
v 123.31 0.00 436.93
v 126.90 0.00 426.09
v 130.95 0.00 427.41
v 134.74 0.00 415.97
v 131.25 0.00 414.83
v 134.45 3.20 405.14
v 107.65 3.20 396.40
v 97.09 3.20 428.38
v 123.31 3.20 436.93
v 126.90 3.20 426.09
v 130.95 3.20 427.41
v 134.74 3.20 415.97
v 131.25 3.20 414.83
f 207 208 216
f 207 216 215
f 208 209 217
f 208 217 216
f 209 210 218
f 209 218 217
f 210 211 219
f 210 219 218
f 211 212 220
f 211 220 219
f 212 213 221
f 212 221 220
f 213 214 222
f 213 222 221
f 214 207 215
f 214 215 222
f 222 215 216
f 216 217 218
f 219 220 221
f 216 218 219
f 219 221 222
f 222 216 219
o b55932528_unknown
v 139.03 0.00 435.11
v 137.03 0.00 441.10
v 149.86 0.00 445.35
v 151.39 0.00 440.78
v 164.01 0.00 444.96
v 162.53 0.00 449.36
v 176.82 0.00 454.10
v 187.63 0.00 421.93
v 147.89 0.00 408.77
v 139.03 6.80 435.11
v 137.03 6.80 441.10
v 149.86 6.80 445.35
v 151.39 6.80 440.78
v 164.01 6.80 444.96
v 162.53 6.80 449.36
v 176.82 6.80 454.10
v 187.63 6.80 421.93
v 147.89 6.80 408.77
f 223 224 233
f 223 233 232
f 224 225 234
f 224 234 233
f 225 226 235
f 225 235 234
f 226 227 236
f 226 236 235
f 227 228 237
f 227 237 236
f 228 229 238
f 228 238 237
f 229 230 239
f 229 239 238
f 230 231 240
f 230 240 239
f 231 223 232
f 231 232 240
f 239 240 232
f 232 233 234
f 236 237 238
f 232 234 235
f 236 238 239
f 239 232 235
f 235 236 239
o b55932530_office
v -275.18 0.00 355.68
v -228.36 0.00 370.86
v -211.16 0.00 318.53
v -257.98 0.00 303.35
v -275.18 35.80 355.68
v -228.36 35.80 370.86
v -211.16 35.80 318.53
v -257.98 35.80 303.35
f 241 242 246
f 241 246 245
f 242 243 247
f 242 247 246
f 243 244 248
f 243 248 247
f 244 241 245
f 244 245 248
f 247 248 245
f 245 246 247
o b55932532_office
v -332.88 0.00 451.99
v -316.08 0.00 400.53
v -313.86 0.00 393.74
v -306.94 0.00 372.53
v -385.81 0.00 347.31
v -392.81 0.00 369.02
v -411.28 0.00 426.32
v -384.09 0.00 435.93
v -378.99 0.00 418.22
v -353.65 0.00 426.42
v -359.06 0.00 443.20
v -332.88 19.20 451.99
v -316.08 19.20 400.53
v -313.86 19.20 393.74
v -306.94 19.20 372.53
v -385.81 19.20 347.31
v -392.81 19.20 369.02
v -411.28 19.20 426.32
v -384.09 19.20 435.93
v -378.99 19.20 418.22
v -353.65 19.20 426.42
v -359.06 19.20 443.20
f 249 250 261
f 249 261 260
f 250 251 262
f 250 262 261
f 251 252 263
f 251 263 262
f 252 253 264
f 252 264 263
f 253 254 265
f 253 265 264
f 254 255 266
f 254 266 265
f 255 256 267
f 255 267 266
f 256 257 268
f 256 268 267
f 257 258 269
f 257 269 268
f 258 259 270
f 258 270 269
f 259 249 260
f 259 260 270
f 269 270 260
f 261 262 263
f 263 264 265
f 265 266 267
f 269 260 261
f 261 263 265
f 265 267 268
f 268 269 261
f 261 265 268
o b55932534_unknown
v -320.92 0.00 -50.44
v -310.06 0.00 -84.10
v -357.02 0.00 -99.05
v -367.89 0.00 -65.38
v -320.92 205.70 -50.44
v -310.06 205.70 -84.10
v -357.02 205.70 -99.05
v -367.89 205.70 -65.38
f 271 272 276
f 271 276 275
f 272 273 277
f 272 277 276
f 273 274 278
f 273 278 277
f 274 271 275
f 274 275 278
f 277 278 275
f 275 276 277
o b99256718_unknown
v 180.21 0.00 -18.19
v 185.99 0.00 -36.21
v 186.60 0.00 -38.09
v 138.18 0.00 -53.40
v 131.60 0.00 -32.91
v 152.26 0.00 -26.37
v 146.83 0.00 -9.44
v 174.60 0.00 -0.66
v 180.21 25.60 -18.19
v 185.99 25.60 -36.21
v 186.60 25.60 -38.09
v 138.18 25.60 -53.40
v 131.60 25.60 -32.91
v 152.26 25.60 -26.37
v 146.83 25.60 -9.44
v 174.60 25.60 -0.66
f 279 280 288
f 279 288 287
f 280 281 289
f 280 289 288
f 281 282 290
f 281 290 289
f 282 283 291
f 282 291 290
f 283 284 292
f 283 292 291
f 284 285 293
f 284 293 292
f 285 286 294
f 285 294 293
f 286 279 287
f 286 287 294
f 293 294 287
f 288 289 290
f 290 291 292
f 292 293 287
f 287 288 290
f 290 292 287
o b99256722_office
v 115.87 0.00 -60.06
v 68.86 0.00 -75.64
v 59.07 0.00 -45.16
v 63.46 0.00 -43.82
v 96.51 0.00 -33.85
v 97.23 0.00 -36.10
v 107.15 0.00 -32.95
v 115.87 4.00 -60.06
v 68.86 4.00 -75.64
v 59.07 4.00 -45.16
v 63.46 4.00 -43.82
v 96.51 4.00 -33.85
v 97.23 4.00 -36.10
v 107.15 4.00 -32.95
f 295 296 303
f 295 303 302
f 296 297 304
f 296 304 303
f 297 298 305
f 297 305 304
f 298 299 306
f 298 306 305
f 299 300 307
f 299 307 306
f 300 301 308
f 300 308 307
f 301 295 302
f 301 302 308
f 307 308 302
f 302 303 304
f 304 305 306
f 307 302 304
f 304 306 307
o b99256729_office
v -335.76 0.00 -159.01
v -331.83 0.00 -157.78
v -292.39 0.00 -144.93
v -260.69 0.00 -134.53
v -259.54 0.00 -137.99
v -255.36 0.00 -136.63
v -249.12 0.00 -155.56
v -279.86 0.00 -165.54
v -273.94 0.00 -183.49
v -322.49 0.00 -199.26
v -335.76 9.30 -159.01
v -331.83 9.30 -157.78
v -292.39 9.30 -144.93
v -260.69 9.30 -134.53
v -259.54 9.30 -137.99
v -255.36 9.30 -136.63
v -249.12 9.30 -155.56
v -279.86 9.30 -165.54
v -273.94 9.30 -183.49
v -322.49 9.30 -199.26
f 309 310 320
f 309 320 319
f 310 311 321
f 310 321 320
f 311 312 322
f 311 322 321
f 312 313 323
f 312 323 322
f 313 314 324
f 313 324 323
f 314 315 325
f 314 325 324
f 315 316 326
f 315 326 325
f 316 317 327
f 316 327 326
f 317 318 328
f 317 328 327
f 318 309 319
f 318 319 328
f 327 328 319
f 321 322 323
f 323 324 325
f 326 327 319
f 320 321 323
f 323 325 326
f 326 319 320
f 320 323 326
o b99256740_residential
v 125.75 0.00 -15.60
v 146.70 0.00 -9.12
v 146.83 0.00 -9.44
v 150.48 0.00 -20.81
v 129.55 0.00 -27.44
v 125.75 9.60 -15.60
v 146.70 9.60 -9.12
v 146.83 9.60 -9.44
v 150.48 9.60 -20.81
v 129.55 9.60 -27.44
f 329 330 335
f 329 335 334
f 330 331 336
f 330 336 335
f 331 332 337
f 331 337 336
f 332 333 338
f 332 338 337
f 333 329 334
f 333 334 338
f 337 338 334
f 334 335 336
f 336 337 334
o b99256744_unknown
v -198.87 0.00 -79.15
v -188.84 0.00 -109.78
v -230.79 0.00 -123.14
v -241.33 0.00 -92.08
v -235.85 0.00 -90.36
v -236.20 0.00 -89.15
v -204.72 0.00 -78.97
v -204.11 0.00 -80.84
v -198.87 9.60 -79.15
v -188.84 9.60 -109.78
v -230.79 9.60 -123.14
v -241.33 9.60 -92.08
v -235.85 9.60 -90.36
v -236.20 9.60 -89.15
v -204.72 9.60 -78.97
v -204.11 9.60 -80.84
f 339 340 348
f 339 348 347
f 340 341 349
f 340 349 348
f 341 342 350
f 341 350 349
f 342 343 351
f 342 351 350
f 343 344 352
f 343 352 351
f 344 345 353
f 344 353 352
f 345 346 354
f 345 354 353
f 346 339 347
f 346 347 354
f 354 347 348
f 348 349 350
f 351 352 353
f 354 348 350
f 351 353 354
f 354 350 351
o b99256745_unknown
v -140.81 0.00 -59.24
v -139.19 0.00 -58.73
v -140.01 0.00 -56.13
v -125.50 0.00 -51.63
v -124.73 0.00 -54.07
v -122.90 0.00 -53.50
v -112.81 0.00 -85.55
v -130.77 0.00 -91.12
v -140.81 9.60 -59.24
v -139.19 9.60 -58.73
v -140.01 9.60 -56.13
v -125.50 9.60 -51.63
v -124.73 9.60 -54.07
v -122.90 9.60 -53.50
v -112.81 9.60 -85.55
v -130.77 9.60 -91.12
f 355 356 364
f 355 364 363
f 356 357 365
f 356 365 364
f 357 358 366
f 357 366 365
f 358 359 367
f 358 367 366
f 359 360 368
f 359 368 367
f 360 361 369
f 360 369 368
f 361 362 370
f 361 370 369
f 362 355 363
f 362 363 370
f 369 370 363
f 364 365 366
f 367 368 369
f 369 363 364
f 364 366 367
f 367 369 364
o b99259744_unknown
v 47.51 0.00 145.24
v 42.66 0.00 143.70
v 40.90 0.00 143.14
v 35.76 0.00 141.51
v 28.65 0.00 163.48
v 40.46 0.00 167.21
v 47.51 5.30 145.24
v 42.66 5.30 143.70
v 40.90 5.30 143.14
v 35.76 5.30 141.51
v 28.65 5.30 163.48
v 40.46 5.30 167.21
f 371 372 378
f 371 378 377
f 372 373 379
f 372 379 378
f 373 374 380
f 373 380 379
f 374 375 381
f 374 381 380
f 375 376 382
f 375 382 381
f 376 371 377
f 376 377 382
f 381 382 377
f 378 379 380
f 380 381 377
f 377 378 380
o b99259755_education
v 46.04 0.00 232.83
v 85.65 0.00 245.66
v 90.82 0.00 229.86
v 97.88 0.00 208.28
v 58.21 0.00 195.70
v 46.04 5.80 232.83
v 85.65 5.80 245.66
v 90.82 5.80 229.86
v 97.88 5.80 208.28
v 58.21 5.80 195.70
f 383 384 389
f 383 389 388
f 384 385 390
f 384 390 389
f 385 386 391
f 385 391 390
f 386 387 392
f 386 392 391
f 387 383 388
f 387 388 392
f 391 392 388
f 388 389 390
f 390 391 388
o b99259757_unknown
v 152.59 0.00 179.22
v 72.77 0.00 153.10
v 60.40 0.00 190.74
v 140.21 0.00 216.22
v 152.59 11.40 179.22
v 72.77 11.40 153.10
v 60.40 11.40 190.74
v 140.21 11.40 216.22
f 393 394 398
f 393 398 397
f 394 395 399
f 394 399 398
f 395 396 400
f 395 400 399
f 396 393 397
f 396 397 400
f 399 400 397
f 397 398 399
o b99259768_unknown
v 237.20 0.00 180.36
v 263.16 0.00 188.57
v 275.05 0.00 151.52
v 239.88 0.00 140.39
v 235.16 0.00 155.11
v 244.36 0.00 158.03
v 237.20 11.70 180.36
v 263.16 11.70 188.57
v 275.05 11.70 151.52
v 239.88 11.70 140.39
v 235.16 11.70 155.11
v 244.36 11.70 158.03
f 401 402 408
f 401 408 407
f 402 403 409
f 402 409 408
f 403 404 410
f 403 410 409
f 404 405 411
f 404 411 410
f 405 406 412
f 405 412 411
f 406 401 407
f 406 407 412
f 412 407 408
f 408 409 410
f 410 411 412
f 412 408 410
o b99725026_food
v 19.01 0.00 81.40
v 65.17 0.00 96.25
v 82.70 0.00 42.73
v 36.80 0.00 27.88
v 19.01 22.40 81.40
v 65.17 22.40 96.25
v 82.70 22.40 42.73
v 36.80 22.40 27.88
f 413 414 418
f 413 418 417
f 414 415 419
f 414 419 418
f 415 416 420
f 415 420 419
f 416 413 417
f 416 417 420
f 419 420 417
f 417 418 419
o b99725028_unknown
v -140.00 0.00 44.47
v -144.28 0.00 57.70
v -128.61 0.00 62.71
v -124.32 0.00 49.48
v -140.00 9.20 44.47
v -144.28 9.20 57.70
v -128.61 9.20 62.71
v -124.32 9.20 49.48
f 421 422 426
f 421 426 425
f 422 423 427
f 422 427 426
f 423 424 428
f 423 428 427
f 424 421 425
f 424 425 428
f 427 428 425
f 425 426 427
o b99725029_unknown
v 9.98 0.00 107.78
v 56.73 0.00 123.01
v 65.43 0.00 96.53
v 65.17 0.00 96.25
v 19.01 0.00 81.40
v 9.98 6.30 107.78
v 56.73 6.30 123.01
v 65.43 6.30 96.53
v 65.17 6.30 96.25
v 19.01 6.30 81.40
f 429 430 435
f 429 435 434
f 430 431 436
f 430 436 435
f 431 432 437
f 431 437 436
f 432 433 438
f 432 438 437
f 433 429 434
f 433 434 438
f 437 438 434
f 434 435 436
f 436 437 434
o b99725033_unknown
v -198.44 0.00 40.04
v -188.00 0.00 7.64
v -242.27 0.00 -9.61
v -240.84 0.00 -14.03
v -253.58 0.00 -18.07
v -254.93 0.00 -13.88
v -267.64 0.00 -17.92
v -278.16 0.00 14.70
v -198.44 22.40 40.04
v -188.00 22.40 7.64
v -242.27 22.40 -9.61
v -240.84 22.40 -14.03
v -253.58 22.40 -18.07
v -254.93 22.40 -13.88
v -267.64 22.40 -17.92
v -278.16 22.40 14.70
f 439 440 448
f 439 448 447
f 440 441 449
f 440 449 448
f 441 442 450
f 441 450 449
f 442 443 451
f 442 451 450
f 443 444 452
f 443 452 451
f 444 445 453
f 444 453 452
f 445 446 454
f 445 454 453
f 446 439 447
f 446 447 454
f 453 454 447
f 447 448 449
f 449 450 451
f 452 453 447
f 447 449 451
f 451 452 447
o b99725034_retail
v -78.98 0.00 78.45
v -76.02 0.00 77.43
v -72.03 0.00 64.44
v -118.13 0.00 49.77
v -123.10 0.00 64.44
v -78.98 6.40 78.45
v -76.02 6.40 77.43
v -72.03 6.40 64.44
v -118.13 6.40 49.77
v -123.10 6.40 64.44
f 455 456 461
f 455 461 460
f 456 457 462
f 456 462 461
f 457 458 463
f 457 463 462
f 458 459 464
f 458 464 463
f 459 455 460
f 459 460 464
f 463 464 460
f 460 461 462
f 462 463 460
o b99725035_office
v -42.50 0.00 90.74
v 4.18 0.00 106.11
v 18.39 0.00 67.20
v -30.36 0.00 51.03
v -42.50 16.00 90.74
v 4.18 16.00 106.11
v 18.39 16.00 67.20
v -30.36 16.00 51.03
f 465 466 470
f 465 470 469
f 466 467 471
f 466 471 470
f 467 468 472
f 467 472 471
f 468 465 469
f 468 469 472
f 471 472 469
f 469 470 471
o b99725036_office
v -27.62 0.00 41.72
v -30.36 0.00 51.03
v 18.39 0.00 67.20
v 30.55 0.00 29.88
v 14.33 0.00 24.66
v 15.79 0.00 20.32
v -16.80 0.00 9.51
v -27.62 6.70 41.72
v -30.36 6.70 51.03
v 18.39 6.70 67.20
v 30.55 6.70 29.88
v 14.33 6.70 24.66
v 15.79 6.70 20.32
v -16.80 6.70 9.51
f 473 474 481
f 473 481 480
f 474 475 482
f 474 482 481
f 475 476 483
f 475 483 482
f 476 477 484
f 476 484 483
f 477 478 485
f 477 485 484
f 478 479 486
f 478 486 485
f 479 473 480
f 479 480 486
f 485 486 480
f 480 481 482
f 482 483 484
f 484 485 480
f 480 482 484
o b99868603_retail
v -523.62 0.00 -113.83
v -495.72 0.00 -104.89
v -484.24 0.00 -140.74
v -511.78 0.00 -149.88
v -523.62 12.80 -113.83
v -495.72 12.80 -104.89
v -484.24 12.80 -140.74
v -511.78 12.80 -149.88
f 487 488 492
f 487 492 491
f 488 489 493
f 488 493 492
f 489 490 494
f 489 494 493
f 490 487 491
f 490 491 494
f 493 494 491
f 491 492 493
o b99868604_retail
v -537.36 0.00 -138.69
v -529.76 0.00 -136.40
v -523.95 0.00 -153.55
v -531.64 0.00 -155.71
v -537.36 3.20 -138.69
v -529.76 3.20 -136.40
v -523.95 3.20 -153.55
v -531.64 3.20 -155.71
f 495 496 500
f 495 500 499
f 496 497 501
f 496 501 500
f 497 498 502
f 497 502 501
f 498 495 499
f 498 499 502
f 501 502 499
f 499 500 501
o b99868608_unknown
v -276.26 0.00 -71.22
v -277.43 0.00 -73.79
v -288.90 0.00 -77.75
v -289.54 0.00 -76.22
v -299.47 0.00 -79.68
v -307.72 0.00 -54.32
v -297.92 0.00 -50.99
v -301.28 0.00 -40.88
v -287.48 0.00 -36.27
v -276.26 4.20 -71.22
v -277.43 4.20 -73.79
v -288.90 4.20 -77.75
v -289.54 4.20 -76.22
v -299.47 4.20 -79.68
v -307.72 4.20 -54.32
v -297.92 4.20 -50.99
v -301.28 4.20 -40.88
v -287.48 4.20 -36.27
f 503 504 513
f 503 513 512
f 504 505 514
f 504 514 513
f 505 506 515
f 505 515 514
f 506 507 516
f 506 516 515
f 507 508 517
f 507 517 516
f 508 509 518
f 508 518 517
f 509 510 519
f 509 519 518
f 510 511 520
f 510 520 519
f 511 503 512
f 511 512 520
f 519 520 512
f 512 513 514
f 515 516 517
f 518 519 512
f 512 514 515
f 515 517 518
f 518 512 515
o b99868609_unknown
v -475.46 0.00 -163.79
v -468.95 0.00 -183.68
v -473.64 0.00 -185.19
v -472.56 0.00 -188.49
v -478.58 0.00 -190.44
v -479.65 0.00 -187.19
v -483.90 0.00 -188.56
v -485.91 0.00 -182.40
v -486.60 0.00 -180.29
v -483.23 0.00 -179.21
v -485.47 0.00 -172.38
v -487.06 0.00 -167.52
v -481.26 0.00 -165.66
v -475.46 9.60 -163.79
v -468.95 9.60 -183.68
v -473.64 9.60 -185.19
v -472.56 9.60 -188.49
v -478.58 9.60 -190.44
v -479.65 9.60 -187.19
v -483.90 9.60 -188.56
v -485.91 9.60 -182.40
v -486.60 9.60 -180.29
v -483.23 9.60 -179.21
v -485.47 9.60 -172.38
v -487.06 9.60 -167.52
v -481.26 9.60 -165.66
f 521 522 535
f 521 535 534
f 522 523 536
f 522 536 535
f 523 524 537
f 523 537 536
f 524 525 538
f 524 538 537
f 525 526 539
f 525 539 538
f 526 527 540
f 526 540 539
f 527 528 541
f 527 541 540
f 528 529 542
f 528 542 541
f 529 530 543
f 529 543 542
f 530 531 544
f 530 544 543
f 531 532 545
f 531 545 544
f 532 533 546
f 532 546 545
f 533 521 534
f 533 534 546
f 546 534 535
f 536 537 538
f 539 540 541
f 541 542 543
f 543 544 545
f 545 546 535
f 536 538 539
f 539 541 543
f 543 545 535
f 536 539 543
f 543 535 536
o b99868613_unknown
v -463.61 0.00 -199.77
v -449.56 0.00 -243.04
v -475.61 0.00 -252.01
v -476.15 0.00 -250.36
v -480.89 0.00 -251.88
v -480.50 0.00 -253.67
v -506.55 0.00 -262.38
v -520.85 0.00 -218.07
v -503.33 0.00 -212.57
v -499.46 0.00 -224.10
v -496.37 0.00 -223.20
v -495.59 0.00 -225.89
v -498.82 0.00 -227.29
v -493.91 0.00 -242.27
v -485.91 0.00 -239.20
v -486.95 0.00 -236.14
v -481.28 0.00 -234.21
v -480.38 0.00 -237.41
v -472.13 0.00 -234.60
v -476.64 0.00 -219.74
v -479.99 0.00 -221.15
v -481.15 0.00 -218.07
v -477.92 0.00 -217.06
v -481.54 0.00 -205.66
v -463.61 9.80 -199.77
v -449.56 9.80 -243.04
v -475.61 9.80 -252.01
v -476.15 9.80 -250.36
v -480.89 9.80 -251.88
v -480.50 9.80 -253.67
v -506.55 9.80 -262.38
v -520.85 9.80 -218.07
v -503.33 9.80 -212.57
v -499.46 9.80 -224.10
v -496.37 9.80 -223.20
v -495.59 9.80 -225.89
v -498.82 9.80 -227.29
v -493.91 9.80 -242.27
v -485.91 9.80 -239.20
v -486.95 9.80 -236.14
v -481.28 9.80 -234.21
v -480.38 9.80 -237.41
v -472.13 9.80 -234.60
v -476.64 9.80 -219.74
v -479.99 9.80 -221.15
v -481.15 9.80 -218.07
v -477.92 9.80 -217.06
v -481.54 9.80 -205.66
f 547 548 572
f 547 572 571
f 548 549 573
f 548 573 572
f 549 550 574
f 549 574 573
f 550 551 575
f 550 575 574
f 551 552 576
f 551 576 575
f 552 553 577
f 552 577 576
f 553 554 578
f 553 578 577
f 554 555 579
f 554 579 578
f 555 556 580
f 555 580 579
f 556 557 581
f 556 581 580
f 557 558 582
f 557 582 581
f 558 559 583
f 558 583 582
f 559 560 584
f 559 584 583
f 560 561 585
f 560 585 584
f 561 562 586
f 561 586 585
f 562 563 587
f 562 587 586
f 563 564 588
f 563 588 587
f 564 565 589
f 564 589 588
f 565 566 590
f 565 590 589
f 566 567 591
f 566 591 590
f 567 568 592
f 567 592 591
f 568 569 593
f 568 593 592
f 569 570 594
f 569 594 593
f 570 547 571
f 570 571 594
f 593 594 571
f 571 572 573
f 575 576 577
f 577 578 579
f 580 581 582
f 585 586 587
f 590 591 592
f 577 579 580
f 580 582 583
f 585 587 588
f 590 592 593
f 577 580 583
f 584 585 588
f 590 593 571
f 577 583 584
f 584 588 589
f 589 590 571
f 575 577 584
f 589 571 573
f 574 575 584
f 589 573 574
f 574 584 589
o b99868622_office
v -271.46 0.00 -185.62
v -277.30 0.00 -168.07
v -248.72 0.00 -158.69
v -242.88 0.00 -176.24
v -271.46 9.60 -185.62
v -277.30 9.60 -168.07
v -248.72 9.60 -158.69
v -242.88 9.60 -176.24
f 595 596 600
f 595 600 599
f 596 597 601
f 596 601 600
f 597 598 602
f 597 602 601
f 598 595 599
f 598 599 602
f 601 602 599
f 599 600 601
o b99868625_medical
v -211.22 0.00 -49.48
v -252.28 0.00 -62.72
v -253.98 0.00 -62.12
v -262.66 0.00 -32.79
v -261.63 0.00 -30.79
v -221.50 0.00 -17.83
v -219.77 0.00 -19.33
v -209.68 0.00 -16.04
v -214.55 0.00 -1.18
v -187.89 0.00 7.42
v -182.30 0.00 -9.64
v -185.82 0.00 -10.77
v -183.58 0.00 -17.60
v -180.07 0.00 -16.46
v -173.68 0.00 -35.99
v -174.50 0.00 -37.59
v -200.11 0.00 -45.92
v -201.33 0.00 -45.19
v -204.79 0.00 -35.28
v -213.04 0.00 -38.13
v -212.61 0.00 -39.33
v -213.32 0.00 -39.57
v -210.43 0.00 -47.84
v -211.22 6.40 -49.48
v -252.28 6.40 -62.72
v -253.98 6.40 -62.12
v -262.66 6.40 -32.79
v -261.63 6.40 -30.79
v -221.50 6.40 -17.83
v -219.77 6.40 -19.33
v -209.68 6.40 -16.04
v -214.55 6.40 -1.18
v -187.89 6.40 7.42
v -182.30 6.40 -9.64
v -185.82 6.40 -10.77
v -183.58 6.40 -17.60
v -180.07 6.40 -16.46
v -173.68 6.40 -35.99
v -174.50 6.40 -37.59
v -200.11 6.40 -45.92
v -201.33 6.40 -45.19
v -204.79 6.40 -35.28
v -213.04 6.40 -38.13
v -212.61 6.40 -39.33
v -213.32 6.40 -39.57
v -210.43 6.40 -47.84
f 603 604 627
f 603 627 626
f 604 605 628
f 604 628 627
f 605 606 629
f 605 629 628
f 606 607 630
f 606 630 629
f 607 608 631
f 607 631 630
f 608 609 632
f 608 632 631
f 609 610 633
f 609 633 632
f 610 611 634
f 610 634 633
f 611 612 635
f 611 635 634
f 612 613 636
f 612 636 635
f 613 614 637
f 613 637 636
f 614 615 638
f 614 638 637
f 615 616 639
f 615 639 638
f 616 617 640
f 616 640 639
f 617 618 641
f 617 641 640
f 618 619 642
f 618 642 641
f 619 620 643
f 619 643 642
f 620 621 644
f 620 644 643
f 621 622 645
f 621 645 644
f 622 623 646
f 622 646 645
f 623 624 647
f 623 647 646
f 624 625 648
f 624 648 647
f 625 603 626
f 625 626 648
f 647 648 626
f 626 627 628
f 628 629 630
f 630 631 632
f 633 634 635
f 635 636 637
f 638 639 640
f 640 641 642
f 642 643 644
f 645 646 647
f 647 626 628
f 628 630 632
f 633 635 637
f 638 640 642
f 645 647 628
f 628 632 633
f 633 637 638
f 638 642 644
f 645 628 633
f 633 638 644
f 644 645 633
o b99868637_unknown
v -520.08 0.00 -266.35
v -529.76 0.00 -269.67
v -535.68 0.00 -251.88
v -526.14 0.00 -248.68
v -520.08 5.50 -266.35
v -529.76 5.50 -269.67
v -535.68 5.50 -251.88
v -526.14 5.50 -248.68
f 649 650 654
f 649 654 653
f 650 651 655
f 650 655 654
f 651 652 656
f 651 656 655
f 652 649 653
f 652 653 656
f 655 656 653
f 653 654 655
o b99868645_office
v -311.44 0.00 -112.11
v -311.03 0.00 -113.36
v -303.46 0.00 -110.88
v -303.96 0.00 -109.39
v -276.76 0.00 -100.50
v -276.37 0.00 -101.72
v -271.89 0.00 -100.25
v -270.57 0.00 -104.23
v -267.06 0.00 -103.05
v -266.16 0.00 -106.23
v -264.44 0.00 -110.92
v -257.36 0.00 -133.37
v -260.69 0.00 -134.53
v -331.83 0.00 -157.78
v -341.87 0.00 -127.47
v -336.66 0.00 -125.77
v -338.27 0.00 -120.89
v -311.44 100.00 -112.11
v -311.03 100.00 -113.36
v -303.46 100.00 -110.88
v -303.96 100.00 -109.39
v -276.76 100.00 -100.50
v -276.37 100.00 -101.72
v -271.89 100.00 -100.25
v -270.57 100.00 -104.23
v -267.06 100.00 -103.05
v -266.16 100.00 -106.23
v -264.44 100.00 -110.92
v -257.36 100.00 -133.37
v -260.69 100.00 -134.53
v -331.83 100.00 -157.78
v -341.87 100.00 -127.47
v -336.66 100.00 -125.77
v -338.27 100.00 -120.89
f 657 658 675
f 657 675 674
f 658 659 676
f 658 676 675
f 659 660 677
f 659 677 676
f 660 661 678
f 660 678 677
f 661 662 679
f 661 679 678
f 662 663 680
f 662 680 679
f 663 664 681
f 663 681 680
f 664 665 682
f 664 682 681
f 665 666 683
f 665 683 682
f 666 667 684
f 666 684 683
f 667 668 685
f 667 685 684
f 668 669 686
f 668 686 685
f 669 670 687
f 669 687 686
f 670 671 688
f 670 688 687
f 671 672 689
f 671 689 688
f 672 673 690
f 672 690 689
f 673 657 674
f 673 674 690
f 689 690 674
f 676 677 678
f 679 680 681
f 681 682 683
f 683 684 685
f 685 686 687
f 687 688 689
f 689 674 675
f 676 678 679
f 679 681 683
f 683 685 687
f 687 689 675
f 676 679 683
f 683 687 675
f 675 676 683
o b99868651_food
v -516.07 0.00 -177.44
v -514.55 0.00 -182.08
v -509.68 0.00 -197.04
v -523.71 0.00 -201.54
v -526.95 0.00 -191.57
v -529.87 0.00 -182.61
v -530.08 0.00 -181.95
v -522.18 0.00 -179.41
v -516.07 6.40 -177.44
v -514.55 6.40 -182.08
v -509.68 6.40 -197.04
v -523.71 6.40 -201.54
v -526.95 6.40 -191.57
v -529.87 6.40 -182.61
v -530.08 6.40 -181.95
v -522.18 6.40 -179.41
f 691 692 700
f 691 700 699
f 692 693 701
f 692 701 700
f 693 694 702
f 693 702 701
f 694 695 703
f 694 703 702
f 695 696 704
f 695 704 703
f 696 697 705
f 696 705 704
f 697 698 706
f 697 706 705
f 698 691 699
f 698 699 706
f 706 699 700
f 700 701 702
f 703 704 705
f 705 706 700
f 700 702 703
f 703 705 700
o b99868670_office
v -499.78 0.00 -93.24
v -504.79 0.00 -94.83
v -505.71 0.00 -91.96
v -512.22 0.00 -94.01
v -511.00 0.00 -97.83
v -516.33 0.00 -99.51
v -516.03 0.00 -100.45
v -571.04 0.00 -117.95
v -574.93 0.00 -105.93
v -577.93 0.00 -106.89
v -588.59 0.00 -94.68
v -587.41 0.00 -93.67
v -589.85 0.00 -86.10
v -510.17 0.00 -60.87
v -499.78 41.60 -93.24
v -504.79 41.60 -94.83
v -505.71 41.60 -91.96
v -512.22 41.60 -94.01
v -511.00 41.60 -97.83
v -516.33 41.60 -99.51
v -516.03 41.60 -100.45
v -571.04 41.60 -117.95
v -574.93 41.60 -105.93
v -577.93 41.60 -106.89
v -588.59 41.60 -94.68
v -587.41 41.60 -93.67
v -589.85 41.60 -86.10
v -510.17 41.60 -60.87
f 707 708 722
f 707 722 721
f 708 709 723
f 708 723 722
f 709 710 724
f 709 724 723
f 710 711 725
f 710 725 724
f 711 712 726
f 711 726 725
f 712 713 727
f 712 727 726
f 713 714 728
f 713 728 727
f 714 715 729
f 714 729 728
f 715 716 730
f 715 730 729
f 716 717 731
f 716 731 730
f 717 718 732
f 717 732 731
f 718 719 733
f 718 733 732
f 719 720 734
f 719 734 733
f 720 707 721
f 720 721 734
f 734 721 722
f 724 725 726
f 726 727 728
f 729 730 731
f 732 733 734
f 734 722 723
f 724 726 728
f 729 731 732
f 732 734 723
f 724 728 729
f 729 732 723
f 723 724 729
o b112834453_unknown
v -26.42 0.00 -252.94
v -20.57 0.00 -271.00
v -23.21 0.00 -271.85
v -20.85 0.00 -279.10
v -18.67 0.00 -278.41
v -15.23 0.00 -289.02
v -59.97 0.00 -303.32
v -71.68 0.00 -267.22
v -69.22 0.00 -266.46
v -66.71 0.00 -265.63
v -68.04 0.00 -261.52
v -47.65 0.00 -254.99
v -46.26 0.00 -259.28
v -26.42 9.60 -252.94
v -20.57 9.60 -271.00
v -23.21 9.60 -271.85
v -20.85 9.60 -279.10
v -18.67 9.60 -278.41
v -15.23 9.60 -289.02
v -59.97 9.60 -303.32
v -71.68 9.60 -267.22
v -69.22 9.60 -266.46
v -66.71 9.60 -265.63
v -68.04 9.60 -261.52
v -47.65 9.60 -254.99
v -46.26 9.60 -259.28
f 735 736 749
f 735 749 748
f 736 737 750
f 736 750 749
f 737 738 751
f 737 751 750
f 738 739 752
f 738 752 751
f 739 740 753
f 739 753 752
f 740 741 754
f 740 754 753
f 741 742 755
f 741 755 754
f 742 743 756
f 742 756 755
f 743 744 757
f 743 757 756
f 744 745 758
f 744 758 757
f 745 746 759
f 745 759 758
f 746 747 760
f 746 760 759
f 747 735 748
f 747 748 760
f 760 748 749
f 751 752 753
f 753 754 755
f 757 758 759
f 760 749 750
f 751 753 755
f 757 759 760
f 760 750 751
f 751 755 756
f 756 757 760
f 760 751 756
o b112834456_unknown
v 142.83 0.00 -303.75
v 159.96 0.00 -298.24
v 161.53 0.00 -298.81
v 189.17 0.00 -289.89
v 201.52 0.00 -326.68
v 171.94 0.00 -336.20
v 155.31 0.00 -341.90
v 142.83 11.50 -303.75
v 159.96 11.50 -298.24
v 161.53 11.50 -298.81
v 189.17 11.50 -289.89
v 201.52 11.50 -326.68
v 171.94 11.50 -336.20
v 155.31 11.50 -341.90
f 761 762 769
f 761 769 768
f 762 763 770
f 762 770 769
f 763 764 771
f 763 771 770
f 764 765 772
f 764 772 771
f 765 766 773
f 765 773 772
f 766 767 774
f 766 774 773
f 767 761 768
f 767 768 774
f 773 774 768
f 768 769 770
f 770 771 772
f 772 773 768
f 768 770 772
o b112834458_unknown
v -130.29 0.00 -440.58
v -76.18 0.00 -422.73
v -64.21 0.00 -458.48
v -118.33 0.00 -476.34
v -130.29 5.30 -440.58
v -76.18 5.30 -422.73
v -64.21 5.30 -458.48
v -118.33 5.30 -476.34
f 775 776 780
f 775 780 779
f 776 777 781
f 776 781 780
f 777 778 782
f 777 782 781
f 778 775 779
f 778 779 782
f 781 782 779
f 779 780 781
o b112834472_medical
v 9.60 0.00 -347.69
v 55.78 0.00 -332.88
v 62.20 0.00 -352.59
v 36.01 0.00 -360.99
v 16.01 0.00 -367.40
v 9.60 16.00 -347.69
v 55.78 16.00 -332.88
v 62.20 16.00 -352.59
v 36.01 16.00 -360.99
v 16.01 16.00 -367.40
f 783 784 789
f 783 789 788
f 784 785 790
f 784 790 789
f 785 786 791
f 785 791 790
f 786 787 792
f 786 792 791
f 787 783 788
f 787 788 792
f 791 792 788
f 788 789 790
f 790 791 788
o b112834493_unknown
v -14.64 0.00 -272.25
v 31.78 0.00 -257.83
v 41.77 0.00 -287.86
v 26.81 0.00 -292.72
v 21.84 0.00 -302.77
v 22.42 0.00 -305.20
v 30.04 0.00 -308.85
v 33.26 0.00 -307.83
v 35.12 0.00 -313.91
v 0.62 0.00 -325.15
v -48.95 0.00 -341.30
v -61.06 0.00 -304.12
v -15.23 0.00 -289.02
v -12.08 0.00 -287.95
v -9.16 0.00 -286.96
v -14.64 64.00 -272.25
v 31.78 64.00 -257.83
v 41.77 64.00 -287.86
v 26.81 64.00 -292.72
v 21.84 64.00 -302.77
v 22.42 64.00 -305.20
v 30.04 64.00 -308.85
v 33.26 64.00 -307.83
v 35.12 64.00 -313.91
v 0.62 64.00 -325.15
v -48.95 64.00 -341.30
v -61.06 64.00 -304.12
v -15.23 64.00 -289.02
v -12.08 64.00 -287.95
v -9.16 64.00 -286.96
f 793 794 809
f 793 809 808
f 794 795 810
f 794 810 809
f 795 796 811
f 795 811 810
f 796 797 812
f 796 812 811
f 797 798 813
f 797 813 812
f 798 799 814
f 798 814 813
f 799 800 815
f 799 815 814
f 800 801 816
f 800 816 815
f 801 802 817
f 801 817 816
f 802 803 818
f 802 818 817
f 803 804 819
f 803 819 818
f 804 805 820
f 804 820 819
f 805 806 821
f 805 821 820
f 806 807 822
f 806 822 821
f 807 793 808
f 807 808 822
f 822 808 809
f 809 810 811
f 814 815 816
f 817 818 819
f 820 821 822
f 822 809 811
f 813 814 816
f 816 817 819
f 820 822 811
f 813 816 819
f 819 820 811
f 812 813 819
f 819 811 812
o b112834500_unknown
v 157.62 0.00 -244.26
v 148.18 0.00 -247.34
v 127.38 0.00 -254.12
v 110.42 0.00 -200.66
v 122.79 0.00 -196.72
v 156.72 0.00 -185.87
v 176.06 0.00 -246.05
v 169.48 0.00 -264.81
v 171.22 0.00 -270.13
v 166.32 0.00 -271.72
v 157.62 9.60 -244.26
v 148.18 9.60 -247.34
v 127.38 9.60 -254.12
v 110.42 9.60 -200.66
v 122.79 9.60 -196.72
v 156.72 9.60 -185.87
v 176.06 9.60 -246.05
v 169.48 9.60 -264.81
v 171.22 9.60 -270.13
v 166.32 9.60 -271.72
f 823 824 834
f 823 834 833
f 824 825 835
f 824 835 834
f 825 826 836
f 825 836 835
f 826 827 837
f 826 837 836
f 827 828 838
f 827 838 837
f 828 829 839
f 828 839 838
f 829 830 840
f 829 840 839
f 830 831 841
f 830 841 840
f 831 832 842
f 831 842 841
f 832 823 833
f 832 833 842
f 841 842 833
f 833 834 835
f 835 836 837
f 837 838 839
f 840 841 833
f 833 835 837
f 839 840 833
f 833 837 839
o b112834509_office
v 92.13 0.00 -320.99
v 136.84 0.00 -306.96
v 140.69 0.00 -319.05
v 95.98 0.00 -333.09
v 92.13 13.70 -320.99
v 136.84 13.70 -306.96
v 140.69 13.70 -319.05
v 95.98 13.70 -333.09
f 843 844 848
f 843 848 847
f 844 845 849
f 844 849 848
f 845 846 850
f 845 850 849
f 846 843 847
f 846 847 850
f 849 850 847
f 847 848 849
o b112836380_retail
v -34.45 0.00 -212.94
v -26.03 0.00 -210.22
v -27.55 0.00 -205.59
v -34.84 0.00 -207.95
v -41.21 0.00 -187.91
v 5.16 0.00 -172.95
v 16.32 0.00 -206.64
v -31.46 0.00 -222.07
v -34.45 8.00 -212.94
v -26.03 8.00 -210.22
v -27.55 8.00 -205.59
v -34.84 8.00 -207.95
v -41.21 8.00 -187.91
v 5.16 8.00 -172.95
v 16.32 8.00 -206.64
v -31.46 8.00 -222.07
f 851 852 860
f 851 860 859
f 852 853 861
f 852 861 860
f 853 854 862
f 853 862 861
f 854 855 863
f 854 863 862
f 855 856 864
f 855 864 863
f 856 857 865
f 856 865 864
f 857 858 866
f 857 866 865
f 858 851 859
f 858 859 866
f 865 866 859
f 861 862 863
f 863 864 865
f 865 859 860
f 861 863 865
f 865 860 861
o b112836382_unknown
v -110.27 0.00 -320.50
v -98.24 0.00 -357.70
v -153.03 0.00 -375.13
v -164.96 0.00 -339.18
v -164.49 0.00 -338.25
v -150.49 0.00 -333.66
v -151.20 0.00 -331.53
v -144.45 0.00 -329.32
v -143.71 0.00 -331.53
v -125.17 0.00 -325.47
v -110.27 11.40 -320.50
v -98.24 11.40 -357.70
v -153.03 11.40 -375.13
v -164.96 11.40 -339.18
v -164.49 11.40 -338.25
v -150.49 11.40 -333.66
v -151.20 11.40 -331.53
v -144.45 11.40 -329.32
v -143.71 11.40 -331.53
v -125.17 11.40 -325.47
f 867 868 878
f 867 878 877
f 868 869 879
f 868 879 878
f 869 870 880
f 869 880 879
f 870 871 881
f 870 881 880
f 871 872 882
f 871 882 881
f 872 873 883
f 872 883 882
f 873 874 884
f 873 884 883
f 874 875 885
f 874 885 884
f 875 876 886
f 875 886 885
f 876 867 877
f 876 877 886
f 886 877 878
f 878 879 880
f 880 881 882
f 882 883 884
f 885 886 878
f 878 880 882
f 882 884 885
f 885 878 882
o b112836384_retail
v -92.08 0.00 -210.51
v -96.31 0.00 -197.55
v -77.92 0.00 -191.46
v -57.11 0.00 -184.97
v -55.57 0.00 -189.68
v -61.14 0.00 -191.47
v -53.80 0.00 -213.93
v -58.61 0.00 -215.48
v -54.24 0.00 -228.87
v -83.06 0.00 -238.14
v -92.08 11.10 -210.51
v -96.31 11.10 -197.55
v -77.92 11.10 -191.46
v -57.11 11.10 -184.97
v -55.57 11.10 -189.68
v -61.14 11.10 -191.47
v -53.80 11.10 -213.93
v -58.61 11.10 -215.48
v -54.24 11.10 -228.87
v -83.06 11.10 -238.14
f 887 888 898
f 887 898 897
f 888 889 899
f 888 899 898
f 889 890 900
f 889 900 899
f 890 891 901
f 890 901 900
f 891 892 902
f 891 902 901
f 892 893 903
f 892 903 902
f 893 894 904
f 893 904 903
f 894 895 905
f 894 905 904
f 895 896 906
f 895 906 905
f 896 887 897
f 896 897 906
f 905 906 897
f 897 898 899
f 899 900 901
f 902 903 904
f 904 905 897
f 899 901 902
f 902 904 897
f 897 899 902
o b112836385_unknown
v -41.02 0.00 -364.19
v 3.24 0.00 -351.10
v 18.77 0.00 -402.95
v -24.32 0.00 -416.61
v -41.02 9.30 -364.19
v 3.24 9.30 -351.10
v 18.77 9.30 -402.95
v -24.32 9.30 -416.61
f 907 908 912
f 907 912 911
f 908 909 913
f 908 913 912
f 909 910 914
f 909 914 913
f 910 907 911
f 910 911 914
f 913 914 911
f 911 912 913
o b112836386_unknown
v -108.48 0.00 -161.13
v -89.40 0.00 -155.11
v -77.92 0.00 -191.46
v -96.31 0.00 -197.55
v -108.48 10.70 -161.13
v -89.40 10.70 -155.11
v -77.92 10.70 -191.46
v -96.31 10.70 -197.55
f 915 916 920
f 915 920 919
f 916 917 921
f 916 921 920
f 917 918 922
f 917 922 921
f 918 915 919
f 918 919 922
f 921 922 919
f 919 920 921
o b134807227_residential
v -281.51 0.00 380.71
v -289.44 0.00 405.52
v -291.53 0.00 411.58
v -307.73 0.00 458.79
v -262.83 0.00 473.50
v -244.37 0.00 419.72
v -236.44 0.00 394.93
v -281.51 7.80 380.71
v -289.44 7.80 405.52
v -291.53 7.80 411.58
v -307.73 7.80 458.79
v -262.83 7.80 473.50
v -244.37 7.80 419.72
v -236.44 7.80 394.93
f 923 924 931
f 923 931 930
f 924 925 932
f 924 932 931
f 925 926 933
f 925 933 932
f 926 927 934
f 926 934 933
f 927 928 935
f 927 935 934
f 928 929 936
f 928 936 935
f 929 923 930
f 929 930 936
f 935 936 930
f 931 932 933
f 933 934 935
f 935 930 931
f 931 933 935
o b134807228_residential
v -457.08 0.00 209.69
v -464.96 0.00 234.76
v -467.95 0.00 244.29
v -470.17 0.00 252.05
v -482.14 0.00 289.06
v -431.18 0.00 305.55
v -429.64 0.00 300.35
v -413.65 0.00 305.94
v -409.81 0.00 291.73
v -398.45 0.00 295.24
v -379.06 0.00 234.94
v -390.30 0.00 230.97
v -457.08 7.60 209.69
v -464.96 7.60 234.76
v -467.95 7.60 244.29
v -470.17 7.60 252.05
v -482.14 7.60 289.06
v -431.18 7.60 305.55
v -429.64 7.60 300.35
v -413.65 7.60 305.94
v -409.81 7.60 291.73
v -398.45 7.60 295.24
v -379.06 7.60 234.94
v -390.30 7.60 230.97
f 937 938 950
f 937 950 949
f 938 939 951
f 938 951 950
f 939 940 952
f 939 952 951
f 940 941 953
f 940 953 952
f 941 942 954
f 941 954 953
f 942 943 955
f 942 955 954
f 943 944 956
f 943 956 955
f 944 945 957
f 944 957 956
f 945 946 958
f 945 958 957
f 946 947 959
f 946 959 958
f 947 948 960
f 947 960 959
f 948 937 949
f 948 949 960
f 959 960 949
f 949 950 951
f 952 953 954
f 955 956 957
f 957 958 959
f 959 949 951
f 951 952 954
f 955 957 959
f 951 954 955
f 955 959 951
o b134807229_retail
v -337.63 0.00 194.26
v -346.00 0.00 219.04
v -320.07 0.00 227.37
v -311.87 0.00 202.93
v -337.63 6.10 194.26
v -346.00 6.10 219.04
v -320.07 6.10 227.37
v -311.87 6.10 202.93
f 961 962 966
f 961 966 965
f 962 963 967
f 962 967 966
f 963 964 968
f 963 968 967
f 964 961 965
f 964 965 968
f 967 968 965
f 965 966 967
o b134807252_unknown
v -131.93 0.00 -254.50
v -143.70 0.00 -218.74
v -118.26 0.00 -210.48
v -106.49 0.00 -246.25
v -131.93 32.00 -254.50
v -143.70 32.00 -218.74
v -118.26 32.00 -210.48
v -106.49 32.00 -246.25
f 969 970 974
f 969 974 973
f 970 971 975
f 970 975 974
f 971 972 976
f 971 976 975
f 972 969 973
f 972 973 976
f 975 976 973
f 973 974 975
o b134807256_unknown
v -270.52 0.00 -362.45
v -281.05 0.00 -331.45
v -281.84 0.00 -329.12
v -252.42 0.00 -319.63
v -236.66 0.00 -314.54
v -204.93 0.00 -304.31
v -195.47 0.00 -332.47
v -193.61 0.00 -338.03
v -270.52 25.60 -362.45
v -281.05 25.60 -331.45
v -281.84 25.60 -329.12
v -252.42 25.60 -319.63
v -236.66 25.60 -314.54
v -204.93 25.60 -304.31
v -195.47 25.60 -332.47
v -193.61 25.60 -338.03
f 977 978 986
f 977 986 985
f 978 979 987
f 978 987 986
f 979 980 988
f 979 988 987
f 980 981 989
f 980 989 988
f 981 982 990
f 981 990 989
f 982 983 991
f 982 991 990
f 983 984 992
f 983 992 991
f 984 977 985
f 984 985 992
f 991 992 985
f 985 986 987
f 988 989 990
f 990 991 985
f 985 987 988
f 988 990 985
o b134807260_unknown
v -186.18 0.00 -271.07
v -197.69 0.00 -236.25
v -145.32 0.00 -219.18
v -134.71 0.00 -251.29
v -141.27 0.00 -253.44
v -140.37 0.00 -256.13
v -143.54 0.00 -257.17
v -186.18 25.60 -271.07
v -197.69 25.60 -236.25
v -145.32 25.60 -219.18
v -134.71 25.60 -251.29
v -141.27 25.60 -253.44
v -140.37 25.60 -256.13
v -143.54 25.60 -257.17
f 993 994 1001
f 993 1001 1000
f 994 995 1002
f 994 1002 1001
f 995 996 1003
f 995 1003 1002
f 996 997 1004
f 996 1004 1003
f 997 998 1005
f 997 1005 1004
f 998 999 1006
f 998 1006 1005
f 999 993 1000
f 999 1000 1006
f 1005 1006 1000
f 1000 1001 1002
f 1002 1003 1004
f 1004 1005 1000
f 1000 1002 1004
o b134807269_unknown
v -110.27 0.00 -320.50
v -84.91 0.00 -312.31
v -79.05 0.00 -331.05
v -73.19 0.00 -349.74
v -98.24 0.00 -357.70
v -110.27 28.80 -320.50
v -84.91 28.80 -312.31
v -79.05 28.80 -331.05
v -73.19 28.80 -349.74
v -98.24 28.80 -357.70
f 1007 1008 1013
f 1007 1013 1012
f 1008 1009 1014
f 1008 1014 1013
f 1009 1010 1015
f 1009 1015 1014
f 1010 1011 1016
f 1010 1016 1015
f 1011 1007 1012
f 1011 1012 1016
f 1015 1016 1012
f 1012 1013 1014
f 1014 1015 1012
o b134833011_retail
v 484.82 0.00 285.65
v 465.90 0.00 344.94
v 459.32 0.00 365.95
v 482.73 0.00 373.26
v 539.44 0.00 390.92
v 564.07 0.00 310.64
v 500.08 0.00 290.45
v 488.96 0.00 286.95
v 484.82 19.20 285.65
v 465.90 19.20 344.94
v 459.32 19.20 365.95
v 482.73 19.20 373.26
v 539.44 19.20 390.92
v 564.07 19.20 310.64
v 500.08 19.20 290.45
v 488.96 19.20 286.95
f 1017 1018 1026
f 1017 1026 1025
f 1018 1019 1027
f 1018 1027 1026
f 1019 1020 1028
f 1019 1028 1027
f 1020 1021 1029
f 1020 1029 1028
f 1021 1022 1030
f 1021 1030 1029
f 1022 1023 1031
f 1022 1031 1030
f 1023 1024 1032
f 1023 1032 1031
f 1024 1017 1025
f 1024 1025 1032
f 1031 1032 1025
f 1025 1026 1027
f 1027 1028 1029
f 1029 1030 1031
f 1031 1025 1027
f 1027 1029 1031
o b135049613_unknown
v -216.91 0.00 173.56
v -225.43 0.00 199.97
v -222.82 0.00 200.97
v -216.33 0.00 203.02
v -181.43 0.00 213.97
v -172.89 0.00 187.55
v -216.91 4.80 173.56
v -225.43 4.80 199.97
v -222.82 4.80 200.97
v -216.33 4.80 203.02
v -181.43 4.80 213.97
v -172.89 4.80 187.55
f 1033 1034 1040
f 1033 1040 1039
f 1034 1035 1041
f 1034 1041 1040
f 1035 1036 1042
f 1035 1042 1041
f 1036 1037 1043
f 1036 1043 1042
f 1037 1038 1044
f 1037 1044 1043
f 1038 1033 1039
f 1038 1039 1044
f 1043 1044 1039
f 1039 1040 1041
f 1041 1042 1043
f 1043 1039 1041
o b135049616_unknown
v -20.53 0.00 236.93
v -32.54 0.00 273.87
v 3.00 0.00 285.28
v 15.02 0.00 248.34
v -0.63 0.00 243.32
v -13.06 0.00 239.33
v -20.53 6.80 236.93
v -32.54 6.80 273.87
v 3.00 6.80 285.28
v 15.02 6.80 248.34
v -0.63 6.80 243.32
v -13.06 6.80 239.33
f 1045 1046 1052
f 1045 1052 1051
f 1046 1047 1053
f 1046 1053 1052
f 1047 1048 1054
f 1047 1054 1053
f 1048 1049 1055
f 1048 1055 1054
f 1049 1050 1056
f 1049 1056 1055
f 1050 1045 1051
f 1050 1051 1056
f 1056 1051 1052
f 1052 1053 1054
f 1055 1056 1052
f 1052 1054 1055
o b135049618_unknown
v 27.04 0.00 284.98
v 24.96 0.00 291.26
v 105.34 0.00 317.40
v 107.41 0.00 311.13
v 27.04 11.90 284.98
v 24.96 11.90 291.26
v 105.34 11.90 317.40
v 107.41 11.90 311.13
f 1057 1058 1062
f 1057 1062 1061
f 1058 1059 1063
f 1058 1063 1062
f 1059 1060 1064
f 1059 1064 1063
f 1060 1057 1061
f 1060 1061 1064
f 1063 1064 1061
f 1061 1062 1063
o b135049619_unknown
v 41.82 0.00 255.63
v 38.96 0.00 264.16
v 105.64 0.00 286.29
v 108.51 0.00 277.76
v 41.82 10.30 255.63
v 38.96 10.30 264.16
v 105.64 10.30 286.29
v 108.51 10.30 277.76
f 1065 1066 1070
f 1065 1070 1069
f 1066 1067 1071
f 1066 1071 1070
f 1067 1068 1072
f 1067 1072 1071
f 1068 1065 1069
f 1068 1069 1072
f 1071 1072 1069
f 1069 1070 1071
o b135049620_unknown
v 34.56 0.00 268.04
v 30.58 0.00 279.12
v 110.78 0.00 305.08
v 118.55 0.00 281.41
v 111.95 0.00 278.67
v 109.00 0.00 287.88
v 104.28 0.00 288.44
v 102.62 0.00 293.84
v 90.86 0.00 290.45
v 92.69 0.00 284.59
v 34.56 5.80 268.04
v 30.58 5.80 279.12
v 110.78 5.80 305.08
v 118.55 5.80 281.41
v 111.95 5.80 278.67
v 109.00 5.80 287.88
v 104.28 5.80 288.44
v 102.62 5.80 293.84
v 90.86 5.80 290.45
v 92.69 5.80 284.59
f 1073 1074 1084
f 1073 1084 1083
f 1074 1075 1085
f 1074 1085 1084
f 1075 1076 1086
f 1075 1086 1085
f 1076 1077 1087
f 1076 1087 1086
f 1077 1078 1088
f 1077 1088 1087
f 1078 1079 1089
f 1078 1089 1088
f 1079 1080 1090
f 1079 1090 1089
f 1080 1081 1091
f 1080 1091 1090
f 1081 1082 1092
f 1081 1092 1091
f 1082 1073 1083
f 1082 1083 1092
f 1091 1092 1083
f 1083 1084 1085
f 1085 1086 1087
f 1088 1089 1090
f 1091 1083 1085
f 1085 1087 1088
f 1090 1091 1085
f 1085 1088 1090
o b135049621_unknown
v 141.51 0.00 288.96
v 133.72 0.00 312.70
v 213.56 0.00 338.52
v 221.34 0.00 314.78
v 141.51 12.00 288.96
v 133.72 12.00 312.70
v 213.56 12.00 338.52
v 221.34 12.00 314.78
f 1093 1094 1098
f 1093 1098 1097
f 1094 1095 1099
f 1094 1099 1098
f 1095 1096 1100
f 1095 1100 1099
f 1096 1093 1097
f 1096 1097 1100
f 1099 1100 1097
f 1097 1098 1099
o b135049622_unknown
v 130.71 0.00 319.81
v 129.07 0.00 325.09
v 210.15 0.00 349.84
v 211.78 0.00 344.58
v 130.71 9.50 319.81
v 129.07 9.50 325.09
v 210.15 9.50 349.84
v 211.78 9.50 344.58
f 1101 1102 1106
f 1101 1106 1105
f 1102 1103 1107
f 1102 1107 1106
f 1103 1104 1108
f 1103 1108 1107
f 1104 1101 1105
f 1104 1105 1108
f 1107 1108 1105
f 1105 1106 1107
o b183289651_residential
v 222.42 0.00 -140.20
v 206.22 0.00 -145.28
v 180.17 0.00 -153.61
v 168.82 0.00 -147.98
v 154.90 0.00 -107.00
v 176.82 0.00 -66.70
v 217.76 0.00 -53.68
v 228.71 0.00 -59.32
v 247.74 0.00 -120.83
v 239.23 0.00 -130.82
v 231.23 0.00 -133.12
v 232.40 0.00 -137.03
v 222.42 48.00 -140.20
v 206.22 48.00 -145.28
v 180.17 48.00 -153.61
v 168.82 48.00 -147.98
v 154.90 48.00 -107.00
v 176.82 48.00 -66.70
v 217.76 48.00 -53.68
v 228.71 48.00 -59.32
v 247.74 48.00 -120.83
v 239.23 48.00 -130.82
v 231.23 48.00 -133.12
v 232.40 48.00 -137.03
f 1109 1110 1122
f 1109 1122 1121
f 1110 1111 1123
f 1110 1123 1122
f 1111 1112 1124
f 1111 1124 1123
f 1112 1113 1125
f 1112 1125 1124
f 1113 1114 1126
f 1113 1126 1125
f 1114 1115 1127
f 1114 1127 1126
f 1115 1116 1128
f 1115 1128 1127
f 1116 1117 1129
f 1116 1129 1128
f 1117 1118 1130
f 1117 1130 1129
f 1118 1119 1131
f 1118 1131 1130
f 1119 1120 1132
f 1119 1132 1131
f 1120 1109 1121
f 1120 1121 1132
f 1131 1132 1121
f 1122 1123 1124
f 1124 1125 1126
f 1126 1127 1128
f 1128 1129 1130
f 1131 1121 1122
f 1122 1124 1126
f 1126 1128 1130
f 1131 1122 1126
f 1126 1130 1131
o b183289652_unknown
v 300.94 0.00 -114.09
v 290.79 0.00 -82.79
v 344.11 0.00 -65.73
v 354.26 0.00 -97.02
v 300.94 22.40 -114.09
v 290.79 22.40 -82.79
v 344.11 22.40 -65.73
v 354.26 22.40 -97.02
f 1133 1134 1138
f 1133 1138 1137
f 1134 1135 1139
f 1134 1139 1138
f 1135 1136 1140
f 1135 1140 1139
f 1136 1133 1137
f 1136 1137 1140
f 1139 1140 1137
f 1137 1138 1139
o b204413180_food
v -488.20 0.00 315.34
v -489.06 0.00 323.08
v -491.29 0.00 342.93
v -491.98 0.00 349.47
v -492.67 0.00 355.71
v -493.56 0.00 363.72
v -494.68 0.00 373.86
v -494.90 0.00 375.90
v -479.79 0.00 380.38
v -479.17 0.00 380.57
v -472.08 0.00 370.91
v -470.14 0.00 371.56
v -469.11 0.00 371.91
v -467.61 0.00 372.41
v -462.20 0.00 374.23
v -457.26 0.00 375.89
v -462.63 0.00 391.76
v -456.27 0.00 393.88
v -454.92 0.00 394.34
v -453.64 0.00 394.85
v -444.05 0.00 380.38
v -442.23 0.00 377.63
v -440.75 0.00 375.38
v -437.12 0.00 376.41
v -427.71 0.00 379.09
v -427.06 0.00 377.03
v -426.12 0.00 377.32
v -419.67 0.00 367.39
v -418.41 0.00 363.91
v -408.51 0.00 337.16
v -438.84 0.00 330.66
v -443.09 0.00 329.49
v -488.20 12.80 315.34
v -489.06 12.80 323.08
v -491.29 12.80 342.93
v -491.98 12.80 349.47
v -492.67 12.80 355.71
v -493.56 12.80 363.72
v -494.68 12.80 373.86
v -494.90 12.80 375.90
v -479.79 12.80 380.38
v -479.17 12.80 380.57
v -472.08 12.80 370.91
v -470.14 12.80 371.56
v -469.11 12.80 371.91
v -467.61 12.80 372.41
v -462.20 12.80 374.23
v -457.26 12.80 375.89
v -462.63 12.80 391.76
v -456.27 12.80 393.88
v -454.92 12.80 394.34
v -453.64 12.80 394.85
v -444.05 12.80 380.38
v -442.23 12.80 377.63
v -440.75 12.80 375.38
v -437.12 12.80 376.41
v -427.71 12.80 379.09
v -427.06 12.80 377.03
v -426.12 12.80 377.32
v -419.67 12.80 367.39
v -418.41 12.80 363.91
v -408.51 12.80 337.16
v -438.84 12.80 330.66
v -443.09 12.80 329.49
f 1141 1142 1174
f 1141 1174 1173
f 1142 1143 1175
f 1142 1175 1174
f 1143 1144 1176
f 1143 1176 1175
f 1144 1145 1177
f 1144 1177 1176
f 1145 1146 1178
f 1145 1178 1177
f 1146 1147 1179
f 1146 1179 1178
f 1147 1148 1180
f 1147 1180 1179
f 1148 1149 1181
f 1148 1181 1180
f 1149 1150 1182
f 1149 1182 1181
f 1150 1151 1183
f 1150 1183 1182
f 1151 1152 1184
f 1151 1184 1183
f 1152 1153 1185
f 1152 1185 1184
f 1153 1154 1186
f 1153 1186 1185
f 1154 1155 1187
f 1154 1187 1186
f 1155 1156 1188
f 1155 1188 1187
f 1156 1157 1189
f 1156 1189 1188
f 1157 1158 1190
f 1157 1190 1189
f 1158 1159 1191
f 1158 1191 1190
f 1159 1160 1192
f 1159 1192 1191
f 1160 1161 1193
f 1160 1193 1192
f 1161 1162 1194
f 1161 1194 1193
f 1162 1163 1195
f 1162 1195 1194
f 1163 1164 1196
f 1163 1196 1195
f 1164 1165 1197
f 1164 1197 1196
f 1165 1166 1198
f 1165 1198 1197
f 1166 1167 1199
f 1166 1199 1198
f 1167 1168 1200
f 1167 1200 1199
f 1168 1169 1201
f 1168 1201 1200
f 1169 1170 1202
f 1169 1202 1201
f 1170 1171 1203
f 1170 1203 1202
f 1171 1172 1204
f 1171 1204 1203
f 1172 1141 1173
f 1172 1173 1204
f 1204 1173 1174
f 1174 1175 1176
f 1177 1178 1179
f 1179 1180 1181
f 1181 1182 1183
f 1184 1185 1186
f 1186 1187 1188
f 1188 1189 1190
f 1191 1192 1193
f 1193 1194 1195
f 1196 1197 1198
f 1198 1199 1200
f 1201 1202 1203
f 1203 1204 1174
f 1174 1176 1177
f 1177 1179 1181
f 1188 1190 1191
f 1191 1193 1195
f 1195 1196 1198
f 1198 1200 1201
f 1201 1203 1174
f 1174 1177 1181
f 1188 1191 1195
f 1195 1198 1201
f 1174 1181 1183
f 1186 1188 1195
f 1195 1201 1174
f 1174 1183 1184
f 1184 1186 1195
f 1195 1174 1184
o b204413181_residential
v -204.84 0.00 321.51
v -222.34 0.00 374.05
v -216.44 0.00 375.98
v -202.09 0.00 380.71
v -197.37 0.00 382.26
v -181.59 0.00 387.29
v -180.41 0.00 383.34
v -176.65 0.00 384.51
v -160.82 0.00 335.70
v -179.86 0.00 329.72
v -204.84 179.20 321.51
v -222.34 179.20 374.05
v -216.44 179.20 375.98
v -202.09 179.20 380.71
v -197.37 179.20 382.26
v -181.59 179.20 387.29
v -180.41 179.20 383.34
v -176.65 179.20 384.51
v -160.82 179.20 335.70
v -179.86 179.20 329.72
f 1205 1206 1216
f 1205 1216 1215
f 1206 1207 1217
f 1206 1217 1216
f 1207 1208 1218
f 1207 1218 1217
f 1208 1209 1219
f 1208 1219 1218
f 1209 1210 1220
f 1209 1220 1219
f 1210 1211 1221
f 1210 1221 1220
f 1211 1212 1222
f 1211 1222 1221
f 1212 1213 1223
f 1212 1223 1222
f 1213 1214 1224
f 1213 1224 1223
f 1214 1205 1215
f 1214 1215 1224
f 1224 1215 1216
f 1217 1218 1219
f 1219 1220 1221
f 1221 1222 1223
f 1223 1224 1216
f 1217 1219 1221
f 1221 1223 1216
f 1216 1217 1221
o b206163832_office
v -113.57 0.00 -45.28
v -93.44 0.00 -39.18
v -45.20 0.00 -24.24
v -41.72 0.00 -27.31
v -32.26 0.00 -58.02
v -22.79 0.00 -88.73
v -73.22 0.00 -103.34
v -82.73 0.00 -106.06
v -90.22 0.00 -108.33
v -93.84 0.00 -106.27
v -113.57 102.40 -45.28
v -93.44 102.40 -39.18
v -45.20 102.40 -24.24
v -41.72 102.40 -27.31
v -32.26 102.40 -58.02
v -22.79 102.40 -88.73
v -73.22 102.40 -103.34
v -82.73 102.40 -106.06
v -90.22 102.40 -108.33
v -93.84 102.40 -106.27
f 1225 1226 1236
f 1225 1236 1235
f 1226 1227 1237
f 1226 1237 1236
f 1227 1228 1238
f 1227 1238 1237
f 1228 1229 1239
f 1228 1239 1238
f 1229 1230 1240
f 1229 1240 1239
f 1230 1231 1241
f 1230 1241 1240
f 1231 1232 1242
f 1231 1242 1241
f 1232 1233 1243
f 1232 1243 1242
f 1233 1234 1244
f 1233 1244 1243
f 1234 1225 1235
f 1234 1235 1244
f 1243 1244 1235
f 1236 1237 1238
f 1239 1240 1241
f 1242 1243 1235
f 1235 1236 1238
f 1238 1239 1241
f 1241 1242 1235
f 1235 1238 1241
o b206163833_emergency
v 278.86 0.00 236.72
v 274.67 0.00 249.43
v 296.95 0.00 256.52
v 295.38 0.00 261.34
v 296.96 0.00 261.80
v 307.52 0.00 264.91
v 315.93 0.00 237.63
v 291.72 0.00 230.11
v 290.13 0.00 235.51
v 285.74 0.00 234.26
v 284.50 0.00 238.43
v 278.86 9.90 236.72
v 274.67 9.90 249.43
v 296.95 9.90 256.52
v 295.38 9.90 261.34
v 296.96 9.90 261.80
v 307.52 9.90 264.91
v 315.93 9.90 237.63
v 291.72 9.90 230.11
v 290.13 9.90 235.51
v 285.74 9.90 234.26
v 284.50 9.90 238.43
f 1245 1246 1257
f 1245 1257 1256
f 1246 1247 1258
f 1246 1258 1257
f 1247 1248 1259
f 1247 1259 1258
f 1248 1249 1260
f 1248 1260 1259
f 1249 1250 1261
f 1249 1261 1260
f 1250 1251 1262
f 1250 1262 1261
f 1251 1252 1263
f 1251 1263 1262
f 1252 1253 1264
f 1252 1264 1263
f 1253 1254 1265
f 1253 1265 1264
f 1254 1255 1266
f 1254 1266 1265
f 1255 1245 1256
f 1255 1256 1266
f 1266 1256 1257
f 1258 1259 1260
f 1260 1261 1262
f 1262 1263 1264
f 1264 1265 1266
f 1266 1257 1258
f 1258 1260 1262
f 1262 1264 1266
f 1266 1258 1262
o b206165495_office
v -204.98 0.00 477.65
v -209.57 0.00 476.15
v -207.89 0.00 471.10
v -212.36 0.00 469.64
v -211.09 0.00 465.78
v -215.98 0.00 464.18
v -214.38 0.00 459.36
v -217.78 0.00 458.24
v -209.60 0.00 433.58
v -206.20 0.00 434.69
v -204.80 0.00 430.45
v -199.88 0.00 432.06
v -198.63 0.00 428.31
v -194.87 0.00 429.54
v -193.42 0.00 425.20
v -188.52 0.00 426.81
v -185.40 0.00 417.39
v -190.65 0.00 415.66
v -189.36 0.00 411.74
v -230.48 0.00 398.29
v -254.49 0.00 470.72
v -207.75 0.00 486.00
v -204.98 70.40 477.65
v -209.57 70.40 476.15
v -207.89 70.40 471.10
v -212.36 70.40 469.64
v -211.09 70.40 465.78
v -215.98 70.40 464.18
v -214.38 70.40 459.36
v -217.78 70.40 458.24
v -209.60 70.40 433.58
v -206.20 70.40 434.69
v -204.80 70.40 430.45
v -199.88 70.40 432.06
v -198.63 70.40 428.31
v -194.87 70.40 429.54
v -193.42 70.40 425.20
v -188.52 70.40 426.81
v -185.40 70.40 417.39
v -190.65 70.40 415.66
v -189.36 70.40 411.74
v -230.48 70.40 398.29
v -254.49 70.40 470.72
v -207.75 70.40 486.00
f 1267 1268 1290
f 1267 1290 1289
f 1268 1269 1291
f 1268 1291 1290
f 1269 1270 1292
f 1269 1292 1291
f 1270 1271 1293
f 1270 1293 1292
f 1271 1272 1294
f 1271 1294 1293
f 1272 1273 1295
f 1272 1295 1294
f 1273 1274 1296
f 1273 1296 1295
f 1274 1275 1297
f 1274 1297 1296
f 1275 1276 1298
f 1275 1298 1297
f 1276 1277 1299
f 1276 1299 1298
f 1277 1278 1300
f 1277 1300 1299
f 1278 1279 1301
f 1278 1301 1300
f 1279 1280 1302
f 1279 1302 1301
f 1280 1281 1303
f 1280 1303 1302
f 1281 1282 1304
f 1281 1304 1303
f 1282 1283 1305
f 1282 1305 1304
f 1283 1284 1306
f 1283 1306 1305
f 1284 1285 1307
f 1284 1307 1306
f 1285 1286 1308
f 1285 1308 1307
f 1286 1287 1309
f 1286 1309 1308
f 1287 1288 1310
f 1287 1310 1309
f 1288 1267 1289
f 1288 1289 1310
f 1309 1310 1289
f 1290 1291 1292
f 1292 1293 1294
f 1294 1295 1296
f 1297 1298 1299
f 1299 1300 1301
f 1301 1302 1303
f 1303 1304 1305
f 1306 1307 1308
f 1309 1289 1290
f 1290 1292 1294
f 1299 1301 1303
f 1303 1305 1306
f 1306 1308 1309
f 1309 1290 1294
f 1299 1303 1306
f 1309 1294 1296
f 1297 1299 1306
f 1309 1296 1297
f 1297 1306 1309
o b224057337_office
v -164.32 0.00 12.79
v -171.45 0.00 34.49
v -140.00 0.00 44.47
v -135.39 0.00 30.96
v -120.01 0.00 35.94
v -102.60 0.00 -17.23
v -120.26 0.00 -22.94
v -133.87 0.00 18.37
v -142.80 0.00 15.46
v -144.08 0.00 19.36
v -164.32 14.60 12.79
v -171.45 14.60 34.49
v -140.00 14.60 44.47
v -135.39 14.60 30.96
v -120.01 14.60 35.94
v -102.60 14.60 -17.23
v -120.26 14.60 -22.94
v -133.87 14.60 18.37
v -142.80 14.60 15.46
v -144.08 14.60 19.36
f 1311 1312 1322
f 1311 1322 1321
f 1312 1313 1323
f 1312 1323 1322
f 1313 1314 1324
f 1313 1324 1323
f 1314 1315 1325
f 1314 1325 1324
f 1315 1316 1326
f 1315 1326 1325
f 1316 1317 1327
f 1316 1327 1326
f 1317 1318 1328
f 1317 1328 1327
f 1318 1319 1329
f 1318 1329 1328
f 1319 1320 1330
f 1319 1330 1329
f 1320 1311 1321
f 1320 1321 1330
f 1330 1321 1322
f 1322 1323 1324
f 1324 1325 1326
f 1326 1327 1328
f 1328 1329 1330
f 1330 1322 1324
f 1324 1326 1328
f 1328 1330 1324
o b231123149_residential
v -120.01 0.00 410.95
v -119.58 0.00 411.13
v -76.02 0.00 425.48
v -70.73 0.00 427.37
v -68.77 0.00 428.11
v -67.40 0.00 424.02
v -43.82 0.00 431.60
v -27.16 0.00 380.51
v -17.60 0.00 351.23
v -62.97 0.00 336.64
v -84.16 0.00 329.69
v -89.82 0.00 352.46
v -99.17 0.00 349.59
v -122.50 0.00 342.53
v -143.21 0.00 403.19
v -120.01 10.70 410.95
v -119.58 10.70 411.13
v -76.02 10.70 425.48
v -70.73 10.70 427.37
v -68.77 10.70 428.11
v -67.40 10.70 424.02
v -43.82 10.70 431.60
v -27.16 10.70 380.51
v -17.60 10.70 351.23
v -62.97 10.70 336.64
v -84.16 10.70 329.69
v -89.82 10.70 352.46
v -99.17 10.70 349.59
v -122.50 10.70 342.53
v -143.21 10.70 403.19
f 1331 1332 1347
f 1331 1347 1346
f 1332 1333 1348
f 1332 1348 1347
f 1333 1334 1349
f 1333 1349 1348
f 1334 1335 1350
f 1334 1350 1349
f 1335 1336 1351
f 1335 1351 1350
f 1336 1337 1352
f 1336 1352 1351
f 1337 1338 1353
f 1337 1353 1352
f 1338 1339 1354
f 1338 1354 1353
f 1339 1340 1355
f 1339 1355 1354
f 1340 1341 1356
f 1340 1356 1355
f 1341 1342 1357
f 1341 1357 1356
f 1342 1343 1358
f 1342 1358 1357
f 1343 1344 1359
f 1343 1359 1358
f 1344 1345 1360
f 1344 1360 1359
f 1345 1331 1346
f 1345 1346 1360
f 1359 1360 1346
f 1346 1347 1348
f 1349 1350 1351
f 1351 1352 1353
f 1353 1354 1355
f 1355 1356 1357
f 1357 1358 1359
f 1359 1346 1348
f 1348 1349 1351
f 1351 1353 1355
f 1357 1359 1348
f 1348 1351 1355
f 1355 1357 1348
o b231123152_unknown
v -239.56 0.00 253.53
v -236.58 0.00 254.47
v -221.03 0.00 259.36
v -202.30 0.00 265.16
v -198.18 0.00 266.53
v -194.16 0.00 253.94
v -181.43 0.00 213.97
v -216.33 0.00 203.02
v -222.82 0.00 200.97
v -223.68 0.00 203.65
v -225.49 0.00 209.13
v -228.32 0.00 218.25
v -234.95 0.00 239.04
v -238.22 0.00 249.29
v -239.56 92.80 253.53
v -236.58 92.80 254.47
v -221.03 92.80 259.36
v -202.30 92.80 265.16
v -198.18 92.80 266.53
v -194.16 92.80 253.94
v -181.43 92.80 213.97
v -216.33 92.80 203.02
v -222.82 92.80 200.97
v -223.68 92.80 203.65
v -225.49 92.80 209.13
v -228.32 92.80 218.25
v -234.95 92.80 239.04
v -238.22 92.80 249.29
f 1361 1362 1376
f 1361 1376 1375
f 1362 1363 1377
f 1362 1377 1376
f 1363 1364 1378
f 1363 1378 1377
f 1364 1365 1379
f 1364 1379 1378
f 1365 1366 1380
f 1365 1380 1379
f 1366 1367 1381
f 1366 1381 1380
f 1367 1368 1382
f 1367 1382 1381
f 1368 1369 1383
f 1368 1383 1382
f 1369 1370 1384
f 1369 1384 1383
f 1370 1371 1385
f 1370 1385 1384
f 1371 1372 1386
f 1371 1386 1385
f 1372 1373 1387
f 1372 1387 1386
f 1373 1374 1388
f 1373 1388 1387
f 1374 1361 1375
f 1374 1375 1388
f 1387 1388 1375
f 1375 1376 1377
f 1378 1379 1380
f 1380 1381 1382
f 1382 1383 1384
f 1384 1385 1386
f 1386 1387 1375
f 1375 1377 1378
f 1378 1380 1382
f 1382 1384 1386
f 1386 1375 1378
f 1378 1382 1386
o b231123153_civic
v -331.65 0.00 177.87
v -317.93 0.00 182.11
v -314.73 0.00 171.93
v -306.12 0.00 145.00
v -319.75 0.00 140.70
v -331.65 15.40 177.87
v -317.93 15.40 182.11
v -314.73 15.40 171.93
v -306.12 15.40 145.00
v -319.75 15.40 140.70
f 1389 1390 1395
f 1389 1395 1394
f 1390 1391 1396
f 1390 1396 1395
f 1391 1392 1397
f 1391 1397 1396
f 1392 1393 1398
f 1392 1398 1397
f 1393 1389 1394
f 1393 1394 1398
f 1397 1398 1394
f 1394 1395 1396
f 1396 1397 1394
o b231123155_unknown
v -314.73 0.00 171.93
v -310.21 0.00 173.34
v -311.03 0.00 175.94
v -301.71 0.00 178.82
v -292.37 0.00 149.52
v -306.12 0.00 145.00
v -314.73 7.80 171.93
v -310.21 7.80 173.34
v -311.03 7.80 175.94
v -301.71 7.80 178.82
v -292.37 7.80 149.52
v -306.12 7.80 145.00
f 1399 1400 1406
f 1399 1406 1405
f 1400 1401 1407
f 1400 1407 1406
f 1401 1402 1408
f 1401 1408 1407
f 1402 1403 1409
f 1402 1409 1408
f 1403 1404 1410
f 1403 1410 1409
f 1404 1399 1405
f 1404 1405 1410
f 1409 1410 1405
f 1406 1407 1408
f 1409 1405 1406
f 1406 1408 1409
o b231123157_retail
v -301.71 0.00 178.82
v -304.09 0.00 186.28
v -290.87 0.00 190.44
v -286.46 0.00 176.67
v -279.01 0.00 153.94
v -292.37 0.00 149.52
v -301.71 12.30 178.82
v -304.09 12.30 186.28
v -290.87 12.30 190.44
v -286.46 12.30 176.67
v -279.01 12.30 153.94
v -292.37 12.30 149.52
f 1411 1412 1418
f 1411 1418 1417
f 1412 1413 1419
f 1412 1419 1418
f 1413 1414 1420
f 1413 1420 1419
f 1414 1415 1421
f 1414 1421 1420
f 1415 1416 1422
f 1415 1422 1421
f 1416 1411 1417
f 1416 1417 1422
f 1421 1422 1417
f 1417 1418 1419
f 1420 1421 1417
f 1417 1419 1420
o b231123159_unknown
v -286.46 0.00 176.67
v -276.60 0.00 179.85
v -274.75 0.00 174.20
v -268.88 0.00 176.13
v -263.23 0.00 159.03
v -279.01 0.00 153.94
v -286.46 9.60 176.67
v -276.60 9.60 179.85
v -274.75 9.60 174.20
v -268.88 9.60 176.13
v -263.23 9.60 159.03
v -279.01 9.60 153.94
f 1423 1424 1430
f 1423 1430 1429
f 1424 1425 1431
f 1424 1431 1430
f 1425 1426 1432
f 1425 1432 1431
f 1426 1427 1433
f 1426 1433 1432
f 1427 1428 1434
f 1427 1434 1433
f 1428 1423 1429
f 1428 1429 1434
f 1433 1434 1429
f 1429 1430 1431
f 1431 1432 1433
f 1433 1429 1431
o b231123161_unknown
v -257.52 0.00 179.86
v -245.31 0.00 183.86
v -239.62 0.00 166.75
v -251.83 0.00 162.75
v -257.52 5.80 179.86
v -245.31 5.80 183.86
v -239.62 5.80 166.75
v -251.83 5.80 162.75
f 1435 1436 1440
f 1435 1440 1439
f 1436 1437 1441
f 1436 1441 1440
f 1437 1438 1442
f 1437 1442 1441
f 1438 1435 1439
f 1438 1439 1442
f 1441 1442 1439
f 1439 1440 1441
o b231125471_residential
v 33.36 0.00 408.75
v 72.38 0.00 421.61
v 84.12 0.00 386.45
v 45.11 0.00 373.59
v 33.36 6.20 408.75
v 72.38 6.20 421.61
v 84.12 6.20 386.45
v 45.11 6.20 373.59
f 1443 1444 1448
f 1443 1448 1447
f 1444 1445 1449
f 1444 1449 1448
f 1445 1446 1450
f 1445 1450 1449
f 1446 1443 1447
f 1446 1447 1450
f 1449 1450 1447
f 1447 1448 1449
o b231125474_office
v 78.06 0.00 -98.25
v 123.25 0.00 -84.03
v 148.73 0.00 -163.92
v 103.55 0.00 -178.14
v 78.06 38.40 -98.25
v 123.25 38.40 -84.03
v 148.73 38.40 -163.92
v 103.55 38.40 -178.14
f 1451 1452 1456
f 1451 1456 1455
f 1452 1453 1457
f 1452 1457 1456
f 1453 1454 1458
f 1453 1458 1457
f 1454 1451 1455
f 1454 1455 1458
f 1457 1458 1455
f 1455 1456 1457
o b231125475_office
v -288.09 0.00 -217.49
v -245.07 0.00 -204.42
v -253.24 0.00 -242.78
v -219.35 0.00 -272.02
v -245.93 0.00 -279.36
v -247.72 0.00 -288.55
v -290.96 0.00 -301.49
v -282.70 0.00 -257.77
v -307.39 0.00 -235.24
v -290.60 0.00 -229.95
v -288.09 14.40 -217.49
v -245.07 14.40 -204.42
v -253.24 14.40 -242.78
v -219.35 14.40 -272.02
v -245.93 14.40 -279.36
v -247.72 14.40 -288.55
v -290.96 14.40 -301.49
v -282.70 14.40 -257.77
v -307.39 14.40 -235.24
v -290.60 14.40 -229.95
f 1459 1460 1470
f 1459 1470 1469
f 1460 1461 1471
f 1460 1471 1470
f 1461 1462 1472
f 1461 1472 1471
f 1462 1463 1473
f 1462 1473 1472
f 1463 1464 1474
f 1463 1474 1473
f 1464 1465 1475
f 1464 1475 1474
f 1465 1466 1476
f 1465 1476 1475
f 1466 1467 1477
f 1466 1477 1476
f 1467 1468 1478
f 1467 1478 1477
f 1468 1459 1469
f 1468 1469 1478
f 1478 1469 1470
f 1471 1472 1473
f 1473 1474 1475
f 1476 1477 1478
f 1478 1470 1471
f 1471 1473 1475
f 1476 1478 1471
f 1471 1475 1476
o b231125476_unknown
v -155.34 0.00 -294.32
v -152.32 0.00 -293.15
v -107.92 0.00 -279.08
v -102.10 0.00 -298.91
v -120.21 0.00 -304.89
v -118.95 0.00 -309.19
v -133.89 0.00 -314.40
v -135.28 0.00 -309.82
v -148.97 0.00 -314.56
v -155.34 12.80 -294.32
v -152.32 12.80 -293.15
v -107.92 12.80 -279.08
v -102.10 12.80 -298.91
v -120.21 12.80 -304.89
v -118.95 12.80 -309.19
v -133.89 12.80 -314.40
v -135.28 12.80 -309.82
v -148.97 12.80 -314.56
f 1479 1480 1489
f 1479 1489 1488
f 1480 1481 1490
f 1480 1490 1489
f 1481 1482 1491
f 1481 1491 1490
f 1482 1483 1492
f 1482 1492 1491
f 1483 1484 1493
f 1483 1493 1492
f 1484 1485 1494
f 1484 1494 1493
f 1485 1486 1495
f 1485 1495 1494
f 1486 1487 1496
f 1486 1496 1495
f 1487 1479 1488
f 1487 1488 1496
f 1495 1496 1488
f 1488 1489 1490
f 1490 1491 1492
f 1492 1493 1494
f 1495 1488 1490
f 1490 1492 1494
f 1494 1495 1490
o b313180848_office
v -401.37 0.00 113.37
v -364.26 0.00 186.86
v -348.50 0.00 131.55
v -401.37 25.60 113.37
v -364.26 25.60 186.86
v -348.50 25.60 131.55
f 1497 1498 1501
f 1497 1501 1500
f 1498 1499 1502
f 1498 1502 1501
f 1499 1497 1500
f 1499 1500 1502
f 1501 1502 1500
o b313180849_office
v -387.18 0.00 156.65
v -409.10 0.00 168.18
v -421.23 0.00 146.41
v -432.31 0.00 152.56
v -441.08 0.00 177.14
v -436.70 0.00 185.84
v -381.51 0.00 207.10
v -368.62 0.00 199.16
v -366.30 0.00 195.31
v -387.18 41.60 156.65
v -409.10 41.60 168.18
v -421.23 41.60 146.41
v -432.31 41.60 152.56
v -441.08 41.60 177.14
v -436.70 41.60 185.84
v -381.51 41.60 207.10
v -368.62 41.60 199.16
v -366.30 41.60 195.31
f 1503 1504 1513
f 1503 1513 1512
f 1504 1505 1514
f 1504 1514 1513
f 1505 1506 1515
f 1505 1515 1514
f 1506 1507 1516
f 1506 1516 1515
f 1507 1508 1517
f 1507 1517 1516
f 1508 1509 1518
f 1508 1518 1517
f 1509 1510 1519
f 1509 1519 1518
f 1510 1511 1520
f 1510 1520 1519
f 1511 1503 1512
f 1511 1512 1520
f 1519 1520 1512
f 1513 1514 1515
f 1515 1516 1517
f 1517 1518 1519
f 1519 1512 1513
f 1513 1515 1517
f 1517 1519 1513
o b313917989_residential
v 47.85 0.00 6.21
v 49.22 0.00 6.21
v 83.36 0.00 17.08
v 83.75 0.00 17.87
v 86.49 0.00 18.52
v 91.46 0.00 16.01
v 105.43 0.00 -28.54
v 102.77 0.00 -32.76
v 101.97 0.00 -32.27
v 96.51 0.00 -33.85
v 63.46 0.00 -43.82
v 60.13 0.00 -42.06
v 56.74 0.00 -32.19
v 46.87 0.00 -1.95
v 44.35 0.00 2.35
v 46.95 0.00 6.36
v 47.85 12.80 6.21
v 49.22 12.80 6.21
v 83.36 12.80 17.08
v 83.75 12.80 17.87
v 86.49 12.80 18.52
v 91.46 12.80 16.01
v 105.43 12.80 -28.54
v 102.77 12.80 -32.76
v 101.97 12.80 -32.27
v 96.51 12.80 -33.85
v 63.46 12.80 -43.82
v 60.13 12.80 -42.06
v 56.74 12.80 -32.19
v 46.87 12.80 -1.95
v 44.35 12.80 2.35
v 46.95 12.80 6.36
f 1521 1522 1538
f 1521 1538 1537
f 1522 1523 1539
f 1522 1539 1538
f 1523 1524 1540
f 1523 1540 1539
f 1524 1525 1541
f 1524 1541 1540
f 1525 1526 1542
f 1525 1542 1541
f 1526 1527 1543
f 1526 1543 1542
f 1527 1528 1544
f 1527 1544 1543
f 1528 1529 1545
f 1528 1545 1544
f 1529 1530 1546
f 1529 1546 1545
f 1530 1531 1547
f 1530 1547 1546
f 1531 1532 1548
f 1531 1548 1547
f 1532 1533 1549
f 1532 1549 1548
f 1533 1534 1550
f 1533 1550 1549
f 1534 1535 1551
f 1534 1551 1550
f 1535 1536 1552
f 1535 1552 1551
f 1536 1521 1537
f 1536 1537 1552
f 1551 1552 1537
f 1539 1540 1541
f 1541 1542 1543
f 1543 1544 1545
f 1546 1547 1548
f 1548 1549 1550
f 1550 1551 1537
f 1539 1541 1543
f 1543 1545 1546
f 1546 1548 1550
f 1550 1537 1538
f 1538 1539 1543
f 1543 1546 1550
f 1550 1538 1543
o b328520419_unknown
v 46.97 0.00 -385.01
v 42.02 0.00 -386.59
v 40.45 0.00 -381.76
v 42.55 0.00 -381.09
v 68.73 0.00 -372.70
v 70.89 0.00 -379.33
v 47.55 0.00 -386.81
v 46.97 6.10 -385.01
v 42.02 6.10 -386.59
v 40.45 6.10 -381.76
v 42.55 6.10 -381.09
v 68.73 6.10 -372.70
v 70.89 6.10 -379.33
v 47.55 6.10 -386.81
f 1553 1554 1561
f 1553 1561 1560
f 1554 1555 1562
f 1554 1562 1561
f 1555 1556 1563
f 1555 1563 1562
f 1556 1557 1564
f 1556 1564 1563
f 1557 1558 1565
f 1557 1565 1564
f 1558 1559 1566
f 1558 1566 1565
f 1559 1553 1560
f 1559 1560 1566
f 1565 1566 1560
f 1560 1561 1562
f 1563 1564 1565
f 1565 1560 1562
f 1562 1563 1565
o b328520420_unknown
v 36.01 0.00 -360.99
v 62.20 0.00 -352.59
v 63.92 0.00 -357.91
v 64.38 0.00 -359.32
v 38.20 0.00 -367.72
v 36.01 6.40 -360.99
v 62.20 6.40 -352.59
v 63.92 6.40 -357.91
v 64.38 6.40 -359.32
v 38.20 6.40 -367.72
f 1567 1568 1573
f 1567 1573 1572
f 1568 1569 1574
f 1568 1574 1573
f 1569 1570 1575
f 1569 1575 1574
f 1570 1571 1576
f 1570 1576 1575
f 1571 1567 1572
f 1571 1572 1576
f 1575 1576 1572
f 1572 1573 1574
f 1574 1575 1572
o b328520421_unknown
v 38.20 0.00 -367.72
v 64.38 0.00 -359.32
v 66.61 0.00 -366.17
v 40.43 0.00 -374.56
v 38.20 6.40 -367.72
v 64.38 6.40 -359.32
v 66.61 6.40 -366.17
v 40.43 6.40 -374.56
f 1577 1578 1582
f 1577 1582 1581
f 1578 1579 1583
f 1578 1583 1582
f 1579 1580 1584
f 1579 1584 1583
f 1580 1577 1581
f 1580 1581 1584
f 1583 1584 1581
f 1581 1582 1583
o b328520422_unknown
v 42.55 0.00 -381.09
v 40.43 0.00 -374.56
v 66.61 0.00 -366.17
v 68.73 0.00 -372.70
v 42.55 6.50 -381.09
v 40.43 6.50 -374.56
v 66.61 6.50 -366.17
v 68.73 6.50 -372.70
f 1585 1586 1590
f 1585 1590 1589
f 1586 1587 1591
f 1586 1591 1590
f 1587 1588 1592
f 1587 1592 1591
f 1588 1585 1589
f 1588 1589 1592
f 1591 1592 1589
f 1589 1590 1591
o b328520424_unknown
v 47.55 0.00 -386.81
v 70.89 0.00 -379.33
v 73.06 0.00 -386.02
v 49.74 0.00 -393.50
v 47.55 4.80 -386.81
v 70.89 4.80 -379.33
v 73.06 4.80 -386.02
v 49.74 4.80 -393.50
f 1593 1594 1598
f 1593 1598 1597
f 1594 1595 1599
f 1594 1599 1598
f 1595 1596 1600
f 1595 1600 1599
f 1596 1593 1597
f 1596 1597 1600
f 1599 1600 1597
f 1597 1598 1599
o b328520425_unknown
v 73.06 0.00 -386.02
v 75.21 0.00 -392.62
v 51.88 0.00 -400.10
v 49.74 0.00 -393.50
v 73.06 9.50 -386.02
v 75.21 9.50 -392.62
v 51.88 9.50 -400.10
v 49.74 9.50 -393.50
f 1601 1602 1606
f 1601 1606 1605
f 1602 1603 1607
f 1602 1607 1606
f 1603 1604 1608
f 1603 1608 1607
f 1604 1601 1605
f 1604 1605 1608
f 1607 1608 1605
f 1605 1606 1607
o b328520426_unknown
v 75.21 0.00 -392.62
v 77.36 0.00 -399.23
v 54.02 0.00 -406.71
v 33.83 0.00 -413.18
v 31.68 0.00 -406.58
v 51.88 0.00 -400.10
v 75.21 6.10 -392.62
v 77.36 6.10 -399.23
v 54.02 6.10 -406.71
v 33.83 6.10 -413.18
v 31.68 6.10 -406.58
v 51.88 6.10 -400.10
f 1609 1610 1616
f 1609 1616 1615
f 1610 1611 1617
f 1610 1617 1616
f 1611 1612 1618
f 1611 1618 1617
f 1612 1613 1619
f 1612 1619 1618
f 1613 1614 1620
f 1613 1620 1619
f 1614 1609 1615
f 1614 1615 1620
f 1619 1620 1615
f 1615 1616 1617
f 1617 1618 1619
f 1619 1615 1617
o b328520427_unknown
v 79.58 0.00 -406.04
v 55.24 0.00 -413.77
v 38.92 0.00 -419.08
v 36.70 0.00 -412.26
v 54.02 0.00 -406.71
v 77.36 0.00 -399.23
v 79.58 6.70 -406.04
v 55.24 6.70 -413.77
v 38.92 6.70 -419.08
v 36.70 6.70 -412.26
v 54.02 6.70 -406.71
v 77.36 6.70 -399.23
f 1621 1622 1628
f 1621 1628 1627
f 1622 1623 1629
f 1622 1629 1628
f 1623 1624 1630
f 1623 1630 1629
f 1624 1625 1631
f 1624 1631 1630
f 1625 1626 1632
f 1625 1632 1631
f 1626 1621 1627
f 1626 1627 1632
f 1631 1632 1627
f 1628 1629 1630
f 1630 1631 1627
f 1627 1628 1630
o b328520428_unknown
v 55.24 0.00 -413.77
v 79.58 0.00 -406.04
v 81.21 0.00 -411.07
v 80.02 0.00 -413.11
v 57.21 0.00 -420.46
v 55.24 11.30 -413.77
v 79.58 11.30 -406.04
v 81.21 11.30 -411.07
v 80.02 11.30 -413.11
v 57.21 11.30 -420.46
f 1633 1634 1639
f 1633 1639 1638
f 1634 1635 1640
f 1634 1640 1639
f 1635 1636 1641
f 1635 1641 1640
f 1636 1637 1642
f 1636 1642 1641
f 1637 1633 1638
f 1637 1638 1642
f 1641 1642 1638
f 1638 1639 1640
f 1640 1641 1638
o b328526438_food
v 70.18 0.00 -258.97
v 90.78 0.00 -252.36
v 114.96 0.00 -244.61
v 121.91 0.00 -265.99
v 127.85 0.00 -284.24
v 83.07 0.00 -298.60
v 70.18 6.40 -258.97
v 90.78 6.40 -252.36
v 114.96 6.40 -244.61
v 121.91 6.40 -265.99
v 127.85 6.40 -284.24
v 83.07 6.40 -298.60
f 1643 1644 1650
f 1643 1650 1649
f 1644 1645 1651
f 1644 1651 1650
f 1645 1646 1652
f 1645 1652 1651
f 1646 1647 1653
f 1646 1653 1652
f 1647 1648 1654
f 1647 1654 1653
f 1648 1643 1649
f 1648 1649 1654
f 1653 1654 1649
f 1649 1650 1651
f 1652 1653 1649
f 1649 1651 1652
o b328526439_unknown
v 32.67 0.00 -142.48
v 78.50 0.00 -127.78
v 80.60 0.00 -134.23
v 34.77 0.00 -148.93
v 32.67 5.10 -142.48
v 78.50 5.10 -127.78
v 80.60 5.10 -134.23
v 34.77 5.10 -148.93
f 1655 1656 1660
f 1655 1660 1659
f 1656 1657 1661
f 1656 1661 1660
f 1657 1658 1662
f 1657 1662 1661
f 1658 1655 1659
f 1658 1659 1662
f 1661 1662 1659
f 1659 1660 1661
o b328526440_residential
v 46.01 0.00 -183.47
v 91.84 0.00 -168.78
v 96.07 0.00 -181.78
v 50.24 0.00 -196.48
v 46.01 105.50 -183.47
v 91.84 105.50 -168.78
v 96.07 105.50 -181.78
v 50.24 105.50 -196.48
f 1663 1664 1668
f 1663 1668 1667
f 1664 1665 1669
f 1664 1669 1668
f 1665 1666 1670
f 1665 1670 1669
f 1666 1663 1667
f 1666 1667 1670
f 1669 1670 1667
f 1667 1668 1669
o b328526441_unknown
v 126.08 0.00 30.95
v 138.12 0.00 -6.04
v 124.53 0.00 -10.40
v 112.49 0.00 26.58
v 126.08 4.40 30.95
v 138.12 4.40 -6.04
v 124.53 4.40 -10.40
v 112.49 4.40 26.58
f 1671 1672 1676
f 1671 1676 1675
f 1672 1673 1677
f 1672 1677 1676
f 1673 1674 1678
f 1673 1678 1677
f 1674 1671 1675
f 1674 1675 1678
f 1677 1678 1675
f 1675 1676 1677
o b328526442_unknown
v 126.08 0.00 30.95
v 138.49 0.00 34.92
v 150.52 0.00 -2.07
v 138.12 0.00 -6.04
v 126.08 10.30 30.95
v 138.49 10.30 34.92
v 150.52 10.30 -2.07
v 138.12 10.30 -6.04
f 1679 1680 1684
f 1679 1684 1683
f 1680 1681 1685
f 1680 1685 1684
f 1681 1682 1686
f 1681 1686 1685
f 1682 1679 1683
f 1682 1683 1686
f 1685 1686 1683
f 1683 1684 1685
o b328526443_unknown
v 138.49 0.00 34.92
v 148.98 0.00 38.29
v 161.01 0.00 1.30
v 150.52 0.00 -2.07
v 138.49 9.40 34.92
v 148.98 9.40 38.29
v 161.01 9.40 1.30
v 150.52 9.40 -2.07
f 1687 1688 1692
f 1687 1692 1691
f 1688 1689 1693
f 1688 1693 1692
f 1689 1690 1694
f 1689 1694 1693
f 1690 1687 1691
f 1690 1691 1694
f 1693 1694 1691
f 1691 1692 1693
o b328526444_food
v 148.98 0.00 38.29
v 158.75 0.00 41.43
v 170.79 0.00 4.44
v 161.01 0.00 1.30
v 148.98 8.80 38.29
v 158.75 8.80 41.43
v 170.79 8.80 4.44
v 161.01 8.80 1.30
f 1695 1696 1700
f 1695 1700 1699
f 1696 1697 1701
f 1696 1701 1700
f 1697 1698 1702
f 1697 1702 1701
f 1698 1695 1699
f 1698 1699 1702
f 1701 1702 1699
f 1699 1700 1701
o b328526445_unknown
v 158.75 0.00 41.43
v 172.58 0.00 45.86
v 184.62 0.00 8.88
v 170.79 0.00 4.44
v 158.75 8.40 41.43
v 172.58 8.40 45.86
v 184.62 8.40 8.88
v 170.79 8.40 4.44
f 1703 1704 1708
f 1703 1708 1707
f 1704 1705 1709
f 1704 1709 1708
f 1705 1706 1710
f 1705 1710 1709
f 1706 1703 1707
f 1706 1707 1710
f 1709 1710 1707
f 1707 1708 1709
o b328526446_unknown
v 172.58 0.00 45.86
v 180.99 0.00 48.56
v 193.03 0.00 11.57
v 184.62 0.00 8.88
v 172.58 9.80 45.86
v 180.99 9.80 48.56
v 193.03 9.80 11.57
v 184.62 9.80 8.88
f 1711 1712 1716
f 1711 1716 1715
f 1712 1713 1717
f 1712 1717 1716
f 1713 1714 1718
f 1713 1718 1717
f 1714 1711 1715
f 1714 1715 1718
f 1717 1718 1715
f 1715 1716 1717
o b328526447_unknown
v 186.80 0.00 50.43
v 192.46 0.00 52.24
v 204.50 0.00 15.25
v 198.84 0.00 13.44
v 186.80 7.80 50.43
v 192.46 7.80 52.24
v 204.50 7.80 15.25
v 198.84 7.80 13.44
f 1719 1720 1724
f 1719 1724 1723
f 1720 1721 1725
f 1720 1725 1724
f 1721 1722 1726
f 1721 1726 1725
f 1722 1719 1723
f 1722 1723 1726
f 1725 1726 1723
f 1723 1724 1725
o b328526448_unknown
v 180.99 0.00 48.56
v 186.80 0.00 50.43
v 198.84 0.00 13.44
v 193.03 0.00 11.57
v 180.99 8.00 48.56
v 186.80 8.00 50.43
v 198.84 8.00 13.44
v 193.03 8.00 11.57
f 1727 1728 1732
f 1727 1732 1731
f 1728 1729 1733
f 1728 1733 1732
f 1729 1730 1734
f 1729 1734 1733
f 1730 1727 1731
f 1730 1731 1734
f 1733 1734 1731
f 1731 1732 1733
o b328526449_unknown
v 57.47 0.00 -219.90
v 58.05 0.00 -218.66
v 101.94 0.00 -204.58
v 105.78 0.00 -216.38
v 60.99 0.00 -230.74
v 57.47 7.00 -219.90
v 58.05 7.00 -218.66
v 101.94 7.00 -204.58
v 105.78 7.00 -216.38
v 60.99 7.00 -230.74
f 1735 1736 1741
f 1735 1741 1740
f 1736 1737 1742
f 1736 1742 1741
f 1737 1738 1743
f 1737 1743 1742
f 1738 1739 1744
f 1738 1744 1743
f 1739 1735 1740
f 1739 1740 1744
f 1743 1744 1740
f 1740 1741 1742
f 1742 1743 1740
o b328526450_unknown
v 60.99 0.00 -230.74
v 105.78 0.00 -216.38
v 110.34 0.00 -230.39
v 65.55 0.00 -244.75
v 60.99 5.00 -230.74
v 105.78 5.00 -216.38
v 110.34 5.00 -230.39
v 65.55 5.00 -244.75
f 1745 1746 1750
f 1745 1750 1749
f 1746 1747 1751
f 1746 1751 1750
f 1747 1748 1752
f 1747 1752 1751
f 1748 1745 1749
f 1748 1749 1752
f 1751 1752 1749
f 1749 1750 1751
o b328526451_unknown
v 65.55 0.00 -244.75
v 110.34 0.00 -230.39
v 112.52 0.00 -237.09
v 67.73 0.00 -251.46
v 65.55 7.60 -244.75
v 110.34 7.60 -230.39
v 112.52 7.60 -237.09
v 67.73 7.60 -251.46
f 1753 1754 1758
f 1753 1758 1757
f 1754 1755 1759
f 1754 1759 1758
f 1755 1756 1760
f 1755 1760 1759
f 1756 1753 1757
f 1756 1757 1760
f 1759 1760 1757
f 1757 1758 1759
o b328526452_unknown
v 67.73 0.00 -251.46
v 112.52 0.00 -237.09
v 114.96 0.00 -244.61
v 90.78 0.00 -252.36
v 70.18 0.00 -258.97
v 67.73 5.70 -251.46
v 112.52 5.70 -237.09
v 114.96 5.70 -244.61
v 90.78 5.70 -252.36
v 70.18 5.70 -258.97
f 1761 1762 1767
f 1761 1767 1766
f 1762 1763 1768
f 1762 1768 1767
f 1763 1764 1769
f 1763 1769 1768
f 1764 1765 1770
f 1764 1770 1769
f 1765 1761 1766
f 1765 1766 1770
f 1769 1770 1766
f 1766 1767 1768
f 1768 1769 1766
o b328526453_residential
v 23.95 0.00 -115.66
v 69.77 0.00 -100.96
v 74.60 0.00 -115.79
v 78.50 0.00 -127.78
v 32.67 0.00 -142.48
v 28.78 0.00 -130.48
v 23.95 8.10 -115.66
v 69.77 8.10 -100.96
v 74.60 8.10 -115.79
v 78.50 8.10 -127.78
v 32.67 8.10 -142.48
v 28.78 8.10 -130.48
f 1771 1772 1778
f 1771 1778 1777
f 1772 1773 1779
f 1772 1779 1778
f 1773 1774 1780
f 1773 1780 1779
f 1774 1775 1781
f 1774 1781 1780
f 1775 1776 1782
f 1775 1782 1781
f 1776 1771 1777
f 1776 1777 1782
f 1782 1777 1778
f 1778 1779 1780
f 1780 1781 1782
f 1782 1778 1780
o b328526454_civic
v 34.77 0.00 -148.93
v 80.60 0.00 -134.23
v 87.66 0.00 -155.96
v 41.84 0.00 -170.66
v 34.77 19.20 -148.93
v 80.60 19.20 -134.23
v 87.66 19.20 -155.96
v 41.84 19.20 -170.66
f 1783 1784 1788
f 1783 1788 1787
f 1784 1785 1789
f 1784 1789 1788
f 1785 1786 1790
f 1785 1790 1789
f 1786 1783 1787
f 1786 1787 1790
f 1789 1790 1787
f 1787 1788 1789
o b328526455_civic
v 41.84 0.00 -170.66
v 87.66 0.00 -155.96
v 91.84 0.00 -168.78
v 46.01 0.00 -183.47
v 41.84 19.70 -170.66
v 87.66 19.70 -155.96
v 91.84 19.70 -168.78
v 46.01 19.70 -183.47
f 1791 1792 1796
f 1791 1796 1795
f 1792 1793 1797
f 1792 1797 1796
f 1793 1794 1798
f 1793 1798 1797
f 1794 1791 1795
f 1794 1795 1798
f 1797 1798 1795
f 1795 1796 1797
o b328529688_unknown
v 352.71 0.00 102.87
v 364.76 0.00 65.80
v 358.73 0.00 63.87
v 346.67 0.00 100.93
v 352.71 8.80 102.87
v 364.76 8.80 65.80
v 358.73 8.80 63.87
v 346.67 8.80 100.93
f 1799 1800 1804
f 1799 1804 1803
f 1800 1801 1805
f 1800 1805 1804
f 1801 1802 1806
f 1801 1806 1805
f 1802 1799 1803
f 1802 1803 1806
f 1805 1806 1803
f 1803 1804 1805
o b328529689_unknown
v 269.65 0.00 76.38
v 276.44 0.00 55.50
v 281.30 0.00 40.60
v 275.37 0.00 38.69
v 274.07 0.00 42.67
v 273.00 0.00 42.33
v 269.92 0.00 51.87
v 262.65 0.00 74.14
v 269.65 10.30 76.38
v 276.44 10.30 55.50
v 281.30 10.30 40.60
v 275.37 10.30 38.69
v 274.07 10.30 42.67
v 273.00 10.30 42.33
v 269.92 10.30 51.87
v 262.65 10.30 74.14
f 1807 1808 1816
f 1807 1816 1815
f 1808 1809 1817
f 1808 1817 1816
f 1809 1810 1818
f 1809 1818 1817
f 1810 1811 1819
f 1810 1819 1818
f 1811 1812 1820
f 1811 1820 1819
f 1812 1813 1821
f 1812 1821 1820
f 1813 1814 1822
f 1813 1822 1821
f 1814 1807 1815
f 1814 1815 1822
f 1821 1822 1815
f 1816 1817 1818
f 1819 1820 1821
f 1821 1815 1816
f 1816 1818 1819
f 1819 1821 1816
o b328529690_unknown
v 221.94 0.00 61.07
v 228.73 0.00 63.26
v 235.98 0.00 65.58
v 247.98 0.00 28.73
v 240.73 0.00 26.40
v 237.98 0.00 34.83
v 231.19 0.00 32.65
v 221.94 10.90 61.07
v 228.73 10.90 63.26
v 235.98 10.90 65.58
v 247.98 10.90 28.73
v 240.73 10.90 26.40
v 237.98 10.90 34.83
v 231.19 10.90 32.65
f 1823 1824 1831
f 1823 1831 1830
f 1824 1825 1832
f 1824 1832 1831
f 1825 1826 1833
f 1825 1833 1832
f 1826 1827 1834
f 1826 1834 1833
f 1827 1828 1835
f 1827 1835 1834
f 1828 1829 1836
f 1828 1836 1835
f 1829 1823 1830
f 1829 1830 1836
f 1835 1836 1830
f 1830 1831 1832
f 1832 1833 1834
f 1835 1830 1832
f 1832 1834 1835
o b328529693_unknown
v 352.71 0.00 102.87
v 359.26 0.00 104.97
v 371.32 0.00 67.90
v 364.76 0.00 65.80
v 352.71 6.50 102.87
v 359.26 6.50 104.97
v 371.32 6.50 67.90
v 364.76 6.50 65.80
f 1837 1838 1842
f 1837 1842 1841
f 1838 1839 1843
f 1838 1843 1842
f 1839 1840 1844
f 1839 1844 1843
f 1840 1837 1841
f 1840 1841 1844
f 1843 1844 1841
f 1841 1842 1843
o b328529696_unknown
v 221.94 0.00 61.07
v 231.19 0.00 32.65
v 224.81 0.00 30.61
v 215.57 0.00 59.03
v 221.94 8.00 61.07
v 231.19 8.00 32.65
v 224.81 8.00 30.61
v 215.57 8.00 59.03
f 1845 1846 1850
f 1845 1850 1849
f 1846 1847 1851
f 1846 1851 1850
f 1847 1848 1852
f 1847 1852 1851
f 1848 1845 1849
f 1848 1849 1852
f 1851 1852 1849
f 1849 1850 1851
o b328529698_unknown
v 235.98 0.00 65.58
v 242.50 0.00 67.67
v 254.48 0.00 30.82
v 247.98 0.00 28.73
v 235.98 6.70 65.58
v 242.50 6.70 67.67
v 254.48 6.70 30.82
v 247.98 6.70 28.73
f 1853 1854 1858
f 1853 1858 1857
f 1854 1855 1859
f 1854 1859 1858
f 1855 1856 1860
f 1855 1860 1859
f 1856 1853 1857
f 1856 1857 1860
f 1859 1860 1857
f 1857 1858 1859
o b328529699_unknown
v 339.23 0.00 98.55
v 343.66 0.00 84.91
v 337.01 0.00 82.76
v 332.56 0.00 96.41
v 339.23 4.40 98.55
v 343.66 4.40 84.91
v 337.01 4.40 82.76
v 332.56 4.40 96.41
f 1861 1862 1866
f 1861 1866 1865
f 1862 1863 1867
f 1862 1867 1866
f 1863 1864 1868
f 1863 1868 1867
f 1864 1861 1865
f 1864 1865 1868
f 1867 1868 1865
f 1865 1866 1867
o b328529700_unknown
v 262.65 0.00 74.14
v 269.92 0.00 51.87
v 263.51 0.00 49.81
v 256.26 0.00 72.09
v 262.65 5.20 74.14
v 269.92 5.20 51.87
v 263.51 5.20 49.81
v 256.26 5.20 72.09
f 1869 1870 1874
f 1869 1874 1873
f 1870 1871 1875
f 1870 1875 1874
f 1871 1872 1876
f 1871 1876 1875
f 1872 1869 1873
f 1872 1873 1876
f 1875 1876 1873
f 1873 1874 1875
o b328529701_unknown
v 333.33 0.00 49.08
v 350.74 0.00 54.66
v 353.49 0.00 46.19
v 336.09 0.00 40.60
v 333.33 10.00 49.08
v 350.74 10.00 54.66
v 353.49 10.00 46.19
v 336.09 10.00 40.60
f 1877 1878 1882
f 1877 1882 1881
f 1878 1879 1883
f 1878 1883 1882
f 1879 1880 1884
f 1879 1884 1883
f 1880 1877 1881
f 1880 1881 1884
f 1883 1884 1881
f 1881 1882 1883
o b328529702_unknown
v 256.26 0.00 72.09
v 268.25 0.00 35.23
v 254.48 0.00 30.82
v 242.50 0.00 67.67
v 256.26 6.00 72.09
v 268.25 6.00 35.23
v 254.48 6.00 30.82
v 242.50 6.00 67.67
f 1885 1886 1890
f 1885 1890 1889
f 1886 1887 1891
f 1886 1891 1890
f 1887 1888 1892
f 1887 1892 1891
f 1888 1885 1889
f 1888 1889 1892
f 1891 1892 1889
f 1889 1890 1891
o b328529704_unknown
v 346.67 0.00 100.93
v 351.42 0.00 86.34
v 344.40 0.00 84.09
v 339.66 0.00 98.68
v 346.67 4.70 100.93
v 351.42 4.70 86.34
v 344.40 4.70 84.09
v 339.66 4.70 98.68
f 1893 1894 1898
f 1893 1898 1897
f 1894 1895 1899
f 1894 1899 1898
f 1895 1896 1900
f 1895 1900 1899
f 1896 1893 1897
f 1896 1897 1900
f 1899 1900 1897
f 1897 1898 1899
o b328529706_unknown
v 332.56 0.00 96.41
v 337.01 0.00 82.76
v 338.68 0.00 77.63
v 331.90 0.00 75.47
v 325.80 0.00 94.24
v 332.56 11.60 96.41
v 337.01 11.60 82.76
v 338.68 11.60 77.63
v 331.90 11.60 75.47
v 325.80 11.60 94.24
f 1901 1902 1907
f 1901 1907 1906
f 1902 1903 1908
f 1902 1908 1907
f 1903 1904 1909
f 1903 1909 1908
f 1904 1905 1910
f 1904 1910 1909
f 1905 1901 1906
f 1905 1906 1910
f 1909 1910 1906
f 1906 1907 1908
f 1908 1909 1906
o b328529708_civic
v 282.57 0.00 80.53
v 294.61 0.00 43.56
v 281.67 0.00 39.42
v 281.30 0.00 40.60
v 276.44 0.00 55.50
v 269.65 0.00 76.38
v 282.57 5.70 80.53
v 294.61 5.70 43.56
v 281.67 5.70 39.42
v 281.30 5.70 40.60
v 276.44 5.70 55.50
v 269.65 5.70 76.38
f 1911 1912 1918
f 1911 1918 1917
f 1912 1913 1919
f 1912 1919 1918
f 1913 1914 1920
f 1913 1920 1919
f 1914 1915 1921
f 1914 1921 1920
f 1915 1916 1922
f 1915 1922 1921
f 1916 1911 1917
f 1916 1917 1922
f 1921 1922 1917
f 1917 1918 1919
f 1920 1921 1917
f 1917 1919 1920
o b328529709_unknown
v 319.32 0.00 92.16
v 325.80 0.00 94.24
v 331.90 0.00 75.47
v 337.92 0.00 56.98
v 331.44 0.00 54.91
v 319.32 10.40 92.16
v 325.80 10.40 94.24
v 331.90 10.40 75.47
v 337.92 10.40 56.98
v 331.44 10.40 54.91
f 1923 1924 1929
f 1923 1929 1928
f 1924 1925 1930
f 1924 1930 1929
f 1925 1926 1931
f 1925 1931 1930
f 1926 1927 1932
f 1926 1932 1931
f 1927 1923 1928
f 1927 1928 1932
f 1931 1932 1928
f 1928 1929 1930
f 1930 1931 1928
o b328529710_unknown
v 231.19 0.00 32.65
v 237.98 0.00 34.83
v 240.73 0.00 26.40
v 227.55 0.00 22.17
v 224.81 0.00 30.61
v 231.19 4.60 32.65
v 237.98 4.60 34.83
v 240.73 4.60 26.40
v 227.55 4.60 22.17
v 224.81 4.60 30.61
f 1933 1934 1939
f 1933 1939 1938
f 1934 1935 1940
f 1934 1940 1939
f 1935 1936 1941
f 1935 1941 1940
f 1936 1937 1942
f 1936 1942 1941
f 1937 1933 1938
f 1937 1938 1942
f 1941 1942 1938
f 1938 1939 1940
f 1940 1941 1938
o b328529714_unknown
v 336.09 0.00 40.60
v 353.49 0.00 46.19
v 355.56 0.00 39.85
v 338.15 0.00 34.27
v 336.09 9.30 40.60
v 353.49 9.30 46.19
v 355.56 9.30 39.85
v 338.15 9.30 34.27
f 1943 1944 1948
f 1943 1948 1947
f 1944 1945 1949
f 1944 1949 1948
f 1945 1946 1950
f 1945 1950 1949
f 1946 1943 1947
f 1946 1947 1950
f 1949 1950 1947
f 1947 1948 1949
o b328535175_unknown
v 391.36 0.00 99.05
v 404.99 0.00 103.43
v 412.28 0.00 81.05
v 398.63 0.00 76.67
v 391.36 3.20 99.05
v 404.99 3.20 103.43
v 412.28 3.20 81.05
v 398.63 3.20 76.67
f 1951 1952 1956
f 1951 1956 1955
f 1952 1953 1957
f 1952 1957 1956
f 1953 1954 1958
f 1953 1958 1957
f 1954 1951 1955
f 1954 1955 1958
f 1957 1958 1955
f 1955 1956 1957
o b328535176_unknown
v 365.79 0.00 19.62
v 359.74 0.00 38.22
v 368.58 0.00 41.05
v 374.63 0.00 22.45
v 365.79 8.80 19.62
v 359.74 8.80 38.22
v 368.58 8.80 41.05
v 374.63 8.80 22.45
f 1959 1960 1964
f 1959 1964 1963
f 1960 1961 1965
f 1960 1965 1964
f 1961 1962 1966
f 1961 1966 1965
f 1962 1959 1963
f 1962 1963 1966
f 1965 1966 1963
f 1963 1964 1965
o b328535177_unknown
v 374.63 0.00 22.45
v 368.58 0.00 41.05
v 367.25 0.00 45.13
v 377.49 0.00 48.42
v 384.88 0.00 25.73
v 374.63 6.30 22.45
v 368.58 6.30 41.05
v 367.25 6.30 45.13
v 377.49 6.30 48.42
v 384.88 6.30 25.73
f 1967 1968 1973
f 1967 1973 1972
f 1968 1969 1974
f 1968 1974 1973
f 1969 1970 1975
f 1969 1975 1974
f 1970 1971 1976
f 1970 1976 1975
f 1971 1967 1972
f 1971 1972 1976
f 1975 1976 1972
f 1973 1974 1975
f 1975 1972 1973
o b328535178_unknown
v 385.88 0.00 26.07
v 378.15 0.00 49.82
v 387.40 0.00 52.78
v 395.13 0.00 29.03
v 385.88 11.00 26.07
v 378.15 11.00 49.82
v 387.40 11.00 52.78
v 395.13 11.00 29.03
f 1977 1978 1982
f 1977 1982 1981
f 1978 1979 1983
f 1978 1983 1982
f 1979 1980 1984
f 1979 1984 1983
f 1980 1977 1981
f 1980 1981 1984
f 1983 1984 1981
f 1981 1982 1983
o b328535179_unknown
v 359.26 0.00 104.97
v 363.94 0.00 106.47
v 370.94 0.00 84.94
v 376.00 0.00 69.41
v 371.32 0.00 67.90
v 359.26 4.10 104.97
v 363.94 4.10 106.47
v 370.94 4.10 84.94
v 376.00 4.10 69.41
v 371.32 4.10 67.90
f 1985 1986 1991
f 1985 1991 1990
f 1986 1987 1992
f 1986 1992 1991
f 1987 1988 1993
f 1987 1993 1992
f 1988 1989 1994
f 1988 1994 1993
f 1989 1985 1990
f 1989 1990 1994
f 1993 1994 1990
f 1990 1991 1992
f 1992 1993 1990
o b328535180_unknown
v 369.24 0.00 108.17
v 376.05 0.00 87.24
v 376.25 0.00 86.64
v 370.94 0.00 84.94
v 363.94 0.00 106.47
v 369.24 8.40 108.17
v 376.05 8.40 87.24
v 376.25 8.40 86.64
v 370.94 8.40 84.94
v 363.94 8.40 106.47
f 1995 1996 2001
f 1995 2001 2000
f 1996 1997 2002
f 1996 2002 2001
f 1997 1998 2003
f 1997 2003 2002
f 1998 1999 2004
f 1998 2004 2003
f 1999 1995 2000
f 1999 2000 2004
f 2003 2004 2000
f 2001 2002 2003
f 2003 2000 2001
o b328535181_unknown
v 375.66 0.00 110.23
v 382.47 0.00 89.29
v 376.05 0.00 87.24
v 369.24 0.00 108.17
v 375.66 6.40 110.23
v 382.47 6.40 89.29
v 376.05 6.40 87.24
v 369.24 6.40 108.17
f 2005 2006 2010
f 2005 2010 2009
f 2006 2007 2011
f 2006 2011 2010
f 2007 2008 2012
f 2007 2012 2011
f 2008 2005 2009
f 2008 2009 2012
f 2011 2012 2009
f 2009 2010 2011
o b328535182_unknown
v 382.47 0.00 89.29
v 375.66 0.00 110.23
v 386.58 0.00 113.73
v 391.36 0.00 99.05
v 398.63 0.00 76.67
v 387.71 0.00 73.17
v 382.47 9.20 89.29
v 375.66 9.20 110.23
v 386.58 9.20 113.73
v 391.36 9.20 99.05
v 398.63 9.20 76.67
v 387.71 9.20 73.17
f 2013 2014 2020
f 2013 2020 2019
f 2014 2015 2021
f 2014 2021 2020
f 2015 2016 2022
f 2015 2022 2021
f 2016 2017 2023
f 2016 2023 2022
f 2017 2018 2024
f 2017 2024 2023
f 2018 2013 2019
f 2018 2019 2024
f 2023 2024 2019
f 2019 2020 2021
f 2021 2022 2023
f 2023 2019 2021
o b328535183_unknown
v 391.36 0.00 99.05
v 386.58 0.00 113.73
v 400.21 0.00 118.11
v 404.99 0.00 103.43
v 391.36 6.40 99.05
v 386.58 6.40 113.73
v 400.21 6.40 118.11
v 404.99 6.40 103.43
f 2025 2026 2030
f 2025 2030 2029
f 2026 2027 2031
f 2026 2031 2030
f 2027 2028 2032
f 2027 2032 2031
f 2028 2025 2029
f 2028 2029 2032
f 2031 2032 2029
f 2029 2030 2031
o b328605809_unknown
v 476.92 0.00 115.22
v 482.36 0.00 116.96
v 486.28 0.00 104.89
v 480.85 0.00 103.14
v 476.92 5.10 115.22
v 482.36 5.10 116.96
v 486.28 5.10 104.89
v 480.85 5.10 103.14
f 2033 2034 2038
f 2033 2038 2037
f 2034 2035 2039
f 2034 2039 2038
f 2035 2036 2040
f 2035 2040 2039
f 2036 2033 2037
f 2036 2037 2040
f 2039 2040 2037
f 2037 2038 2039
o b328605813_unknown
v 471.36 0.00 110.39
v 457.28 0.00 105.86
v 455.43 0.00 111.56
v 469.51 0.00 116.08
v 471.36 5.40 110.39
v 457.28 5.40 105.86
v 455.43 5.40 111.56
v 469.51 5.40 116.08
f 2041 2042 2046
f 2041 2046 2045
f 2042 2043 2047
f 2042 2047 2046
f 2043 2044 2048
f 2043 2048 2047
f 2044 2041 2045
f 2044 2045 2048
f 2047 2048 2045
f 2045 2046 2047
o b328605818_unknown
v 516.38 0.00 106.91
v 523.00 0.00 86.97
v 498.23 0.00 78.87
v 491.62 0.00 98.82
v 516.38 5.50 106.91
v 523.00 5.50 86.97
v 498.23 5.50 78.87
v 491.62 5.50 98.82
f 2049 2050 2054
f 2049 2054 2053
f 2050 2051 2055
f 2050 2055 2054
f 2051 2052 2056
f 2051 2056 2055
f 2052 2049 2053
f 2052 2053 2056
f 2055 2056 2053
f 2053 2054 2055
o b328605819_unknown
v 470.44 0.00 67.29
v 474.88 0.00 54.36
v 448.71 0.00 45.51
v 444.27 0.00 58.43
v 470.44 7.10 67.29
v 474.88 7.10 54.36
v 448.71 7.10 45.51
v 444.27 7.10 58.43
f 2057 2058 2062
f 2057 2062 2061
f 2058 2059 2063
f 2058 2063 2062
f 2059 2060 2064
f 2059 2064 2063
f 2060 2057 2061
f 2060 2061 2064
f 2063 2064 2061
f 2061 2062 2063
o b328605823_civic
v 462.36 0.00 138.05
v 467.03 0.00 123.66
v 469.51 0.00 116.08
v 452.78 0.00 110.72
v 445.63 0.00 132.68
v 462.36 14.90 138.05
v 467.03 14.90 123.66
v 469.51 14.90 116.08
v 452.78 14.90 110.72
v 445.63 14.90 132.68
f 2065 2066 2071
f 2065 2071 2070
f 2066 2067 2072
f 2066 2072 2071
f 2067 2068 2073
f 2067 2073 2072
f 2068 2069 2074
f 2068 2074 2073
f 2069 2065 2070
f 2069 2070 2074
f 2073 2074 2070
f 2071 2072 2073
f 2073 2070 2071
o b328605824_unknown
v 476.10 0.00 95.74
v 491.02 0.00 100.61
v 503.28 0.00 63.65
v 488.36 0.00 58.77
v 476.10 11.60 95.74
v 491.02 11.60 100.61
v 503.28 11.60 63.65
v 488.36 11.60 58.77
f 2075 2076 2080
f 2075 2080 2079
f 2076 2077 2081
f 2076 2081 2080
f 2077 2078 2082
f 2077 2082 2081
f 2078 2075 2079
f 2078 2079 2082
f 2081 2082 2079
f 2079 2080 2081
o b328605829_unknown
v 462.62 0.00 91.33
v 470.44 0.00 67.29
v 444.13 0.00 58.84
v 436.30 0.00 82.88
v 462.62 8.00 91.33
v 470.44 8.00 67.29
v 444.13 8.00 58.84
v 436.30 8.00 82.88
f 2083 2084 2088
f 2083 2088 2087
f 2084 2085 2089
f 2084 2089 2088
f 2085 2086 2090
f 2085 2090 2089
f 2086 2083 2087
f 2086 2087 2090
f 2089 2090 2087
f 2087 2088 2089
o b328605831_unknown
v 445.63 0.00 132.68
v 449.94 0.00 119.44
v 438.82 0.00 115.76
v 438.31 0.00 117.36
v 434.48 0.00 129.11
v 445.63 6.50 132.68
v 449.94 6.50 119.44
v 438.82 6.50 115.76
v 438.31 6.50 117.36
v 434.48 6.50 129.11
f 2091 2092 2097
f 2091 2097 2096
f 2092 2093 2098
f 2092 2098 2097
f 2093 2094 2099
f 2093 2099 2098
f 2094 2095 2100
f 2094 2100 2099
f 2095 2091 2096
f 2095 2096 2100
f 2099 2100 2096
f 2096 2097 2098
f 2098 2099 2096
o b328605834_unknown
v 462.62 0.00 91.33
v 476.10 0.00 95.74
v 488.36 0.00 58.77
v 474.88 0.00 54.36
v 462.62 4.60 91.33
v 476.10 4.60 95.74
v 488.36 4.60 58.77
v 474.88 4.60 54.36
f 2101 2102 2106
f 2101 2106 2105
f 2102 2103 2107
f 2102 2107 2106
f 2103 2104 2108
f 2103 2108 2107
f 2104 2101 2105
f 2104 2105 2108
f 2107 2108 2105
f 2105 2106 2107
o b328605839_unknown
v 434.48 0.00 129.11
v 438.31 0.00 117.36
v 432.96 0.00 115.64
v 429.12 0.00 127.39
v 434.48 6.40 129.11
v 438.31 6.40 117.36
v 432.96 6.40 115.64
v 429.12 6.40 127.39
f 2109 2110 2114
f 2109 2114 2113
f 2110 2111 2115
f 2110 2115 2114
f 2111 2112 2116
f 2111 2116 2115
f 2112 2109 2113
f 2112 2113 2116
f 2115 2116 2113
f 2113 2114 2115
o b328605845_retail
v 468.81 0.00 140.12
v 473.49 0.00 125.73
v 467.03 0.00 123.66
v 462.36 0.00 138.05
v 468.81 6.00 140.12
v 473.49 6.00 125.73
v 467.03 6.00 123.66
v 462.36 6.00 138.05
f 2117 2118 2122
f 2117 2122 2121
f 2118 2119 2123
f 2118 2123 2122
f 2119 2120 2124
f 2119 2124 2123
f 2120 2117 2121
f 2120 2121 2124
f 2123 2124 2121
f 2121 2122 2123
o b328605846_unknown
v 492.69 0.00 147.78
v 500.29 0.00 124.43
v 490.22 0.00 121.21
v 482.63 0.00 144.55
v 492.69 6.40 147.78
v 500.29 6.40 124.43
v 490.22 6.40 121.21
v 482.63 6.40 144.55
f 2125 2126 2130
f 2125 2130 2129
f 2126 2127 2131
f 2126 2131 2130
f 2127 2128 2132
f 2127 2132 2131
f 2128 2125 2129
f 2128 2129 2132
f 2131 2132 2129
f 2129 2130 2131
o b328605848_retail
v 478.94 0.00 127.45
v 473.49 0.00 125.73
v 468.81 0.00 140.12
v 474.25 0.00 141.87
v 478.94 12.40 127.45
v 473.49 12.40 125.73
v 468.81 12.40 140.12
v 474.25 12.40 141.87
f 2133 2134 2138
f 2133 2138 2137
f 2134 2135 2139
f 2134 2139 2138
f 2135 2136 2140
f 2135 2140 2139
f 2136 2133 2137
f 2136 2137 2140
f 2139 2140 2137
f 2137 2138 2139
o b328605855_unknown
v 438.82 0.00 115.76
v 446.76 0.00 91.34
v 441.41 0.00 89.63
v 439.52 0.00 95.43
v 432.96 0.00 115.64
v 438.31 0.00 117.36
v 438.82 8.10 115.76
v 446.76 8.10 91.34
v 441.41 8.10 89.63
v 439.52 8.10 95.43
v 432.96 8.10 115.64
v 438.31 8.10 117.36
f 2141 2142 2148
f 2141 2148 2147
f 2142 2143 2149
f 2142 2149 2148
f 2143 2144 2150
f 2143 2150 2149
f 2144 2145 2151
f 2144 2151 2150
f 2145 2146 2152
f 2145 2152 2151
f 2146 2141 2147
f 2146 2147 2152
f 2151 2152 2147
f 2147 2148 2149
f 2149 2150 2151
f 2151 2147 2149
o b328605867_unknown
v 470.46 0.00 113.15
v 476.92 0.00 115.22
v 480.85 0.00 103.14
v 474.39 0.00 101.08
v 471.36 0.00 110.39
v 470.46 4.70 113.15
v 476.92 4.70 115.22
v 480.85 4.70 103.14
v 474.39 4.70 101.08
v 471.36 4.70 110.39
f 2153 2154 2159
f 2153 2159 2158
f 2154 2155 2160
f 2154 2160 2159
f 2155 2156 2161
f 2155 2161 2160
f 2156 2157 2162
f 2156 2162 2161
f 2157 2153 2158
f 2157 2158 2162
f 2162 2158 2159
f 2159 2160 2161
f 2161 2162 2159
o b328605868_unknown
v 545.48 0.00 164.72
v 547.40 0.00 158.81
v 552.42 0.00 143.39
v 532.82 0.00 137.10
v 525.88 0.00 158.44
v 545.48 6.40 164.72
v 547.40 6.40 158.81
v 552.42 6.40 143.39
v 532.82 6.40 137.10
v 525.88 6.40 158.44
f 2163 2164 2169
f 2163 2169 2168
f 2164 2165 2170
f 2164 2170 2169
f 2165 2166 2171
f 2165 2171 2170
f 2166 2167 2172
f 2166 2172 2171
f 2167 2163 2168
f 2167 2168 2172
f 2171 2172 2168
f 2169 2170 2171
f 2171 2168 2169
o b328605869_unknown
v 429.12 0.00 127.39
v 432.96 0.00 115.64
v 439.52 0.00 95.43
v 432.91 0.00 93.31
v 422.52 0.00 125.26
v 429.12 6.40 127.39
v 432.96 6.40 115.64
v 439.52 6.40 95.43
v 432.91 6.40 93.31
v 422.52 6.40 125.26
f 2173 2174 2179
f 2173 2179 2178
f 2174 2175 2180
f 2174 2180 2179
f 2175 2176 2181
f 2175 2181 2180
f 2176 2177 2182
f 2176 2182 2181
f 2177 2173 2178
f 2177 2178 2182
f 2181 2182 2178
f 2178 2179 2180
f 2180 2181 2178
o b328607254_unknown
v 350.14 0.00 167.00
v 354.67 0.00 168.45
v 366.29 0.00 132.73
v 361.77 0.00 131.28
v 350.14 3.20 167.00
v 354.67 3.20 168.45
v 366.29 3.20 132.73
v 361.77 3.20 131.28
f 2183 2184 2188
f 2183 2188 2187
f 2184 2185 2189
f 2184 2189 2188
f 2185 2186 2190
f 2185 2190 2189
f 2186 2183 2187
f 2186 2187 2190
f 2189 2190 2187
f 2187 2188 2189
o b328607256_unknown
v 455.82 0.00 184.34
v 454.77 0.00 187.54
v 461.27 0.00 189.63
v 463.27 0.00 183.51
v 469.07 0.00 165.70
v 462.57 0.00 163.62
v 455.82 8.40 184.34
v 454.77 8.40 187.54
v 461.27 8.40 189.63
v 463.27 8.40 183.51
v 469.07 8.40 165.70
v 462.57 8.40 163.62
f 2191 2192 2198
f 2191 2198 2197
f 2192 2193 2199
f 2192 2199 2198
f 2193 2194 2200
f 2193 2200 2199
f 2194 2195 2201
f 2194 2201 2200
f 2195 2196 2202
f 2195 2202 2201
f 2196 2191 2197
f 2196 2197 2202
f 2201 2202 2197
f 2197 2198 2199
f 2199 2200 2201
f 2201 2197 2199
o b328607257_unknown
v 434.09 0.00 174.64
v 439.08 0.00 176.24
v 445.02 0.00 157.98
v 440.03 0.00 156.39
v 434.09 3.20 174.64
v 439.08 3.20 176.24
v 445.02 3.20 157.98
v 440.03 3.20 156.39
f 2203 2204 2208
f 2203 2208 2207
f 2204 2205 2209
f 2204 2209 2208
f 2205 2206 2210
f 2205 2210 2209
f 2206 2203 2207
f 2206 2207 2210
f 2209 2210 2207
f 2207 2208 2209
o b328607258_unknown
v 313.01 0.00 156.67
v 325.10 0.00 119.50
v 319.46 0.00 117.69
v 307.36 0.00 154.86
v 313.01 6.40 156.67
v 325.10 6.40 119.50
v 319.46 6.40 117.69
v 307.36 6.40 154.86
f 2211 2212 2216
f 2211 2216 2215
f 2212 2213 2217
f 2212 2217 2216
f 2213 2214 2218
f 2213 2218 2217
f 2214 2211 2215
f 2214 2215 2218
f 2217 2218 2215
f 2215 2216 2217
o b328607260_unknown
v 370.73 0.00 175.19
v 379.70 0.00 178.07
v 391.80 0.00 140.91
v 382.83 0.00 138.03
v 370.73 3.20 175.19
v 379.70 3.20 178.07
v 391.80 3.20 140.91
v 382.83 3.20 138.03
f 2219 2220 2224
f 2219 2224 2223
f 2220 2221 2225
f 2220 2225 2224
f 2221 2222 2226
f 2221 2226 2225
f 2222 2219 2223
f 2222 2223 2226
f 2225 2226 2223
f 2223 2224 2225
o b328607261_unknown
v 443.36 0.00 177.62
v 449.25 0.00 179.51
v 455.19 0.00 161.26
v 449.30 0.00 159.37
v 443.36 10.70 177.62
v 449.25 10.70 179.51
v 455.19 10.70 161.26
v 449.30 10.70 159.37
f 2227 2228 2232
f 2227 2232 2231
f 2228 2229 2233
f 2228 2233 2232
f 2229 2230 2234
f 2229 2234 2233
f 2230 2227 2231
f 2230 2231 2234
f 2233 2234 2231
f 2231 2232 2233
o b328607262_unknown
v 345.76 0.00 165.60
v 350.14 0.00 167.00
v 361.77 0.00 131.28
v 357.40 0.00 129.87
v 345.76 3.20 165.60
v 350.14 3.20 167.00
v 361.77 3.20 131.28
v 357.40 3.20 129.87
f 2235 2236 2240
f 2235 2240 2239
f 2236 2237 2241
f 2236 2241 2240
f 2237 2238 2242
f 2237 2242 2241
f 2238 2235 2239
f 2238 2239 2242
f 2241 2242 2239
f 2239 2240 2241
o b328607264_unknown
v 402.90 0.00 185.52
v 411.53 0.00 188.28
v 423.62 0.00 151.12
v 415.00 0.00 148.36
v 402.90 11.00 185.52
v 411.53 11.00 188.28
v 423.62 11.00 151.12
v 415.00 11.00 148.36
f 2243 2244 2248
f 2243 2248 2247
f 2244 2245 2249
f 2244 2249 2248
f 2245 2246 2250
f 2245 2250 2249
f 2246 2243 2247
f 2246 2247 2250
f 2249 2250 2247
f 2247 2248 2249
o b328607265_unknown
v 326.84 0.00 159.53
v 332.99 0.00 161.50
v 344.62 0.00 125.76
v 338.48 0.00 123.79
v 326.84 6.40 159.53
v 332.99 6.40 161.50
v 344.62 6.40 125.76
v 338.48 6.40 123.79
f 2251 2252 2256
f 2251 2256 2255
f 2252 2253 2257
f 2252 2257 2256
f 2253 2254 2258
f 2253 2258 2257
f 2254 2251 2255
f 2254 2255 2258
f 2257 2258 2255
f 2255 2256 2257
o b328607266_unknown
v 417.49 0.00 190.20
v 427.94 0.00 193.56
v 434.09 0.00 174.64
v 440.03 0.00 156.39
v 429.58 0.00 153.03
v 417.49 6.70 190.20
v 427.94 6.70 193.56
v 434.09 6.70 174.64
v 440.03 6.70 156.39
v 429.58 6.70 153.03
f 2259 2260 2265
f 2259 2265 2264
f 2260 2261 2266
f 2260 2266 2265
f 2261 2262 2267
f 2261 2267 2266
f 2262 2263 2268
f 2262 2268 2267
f 2263 2259 2264
f 2263 2264 2268
f 2267 2268 2264
f 2264 2265 2266
f 2266 2267 2264
o b328607267_civic
v 485.65 0.00 203.01
v 486.65 0.00 199.92
v 495.08 0.00 174.05
v 482.10 0.00 169.89
v 470.14 0.00 206.62
v 478.66 0.00 209.35
v 481.18 0.00 201.57
v 485.65 3.20 203.01
v 486.65 3.20 199.92
v 495.08 3.20 174.05
v 482.10 3.20 169.89
v 470.14 3.20 206.62
v 478.66 3.20 209.35
v 481.18 3.20 201.57
f 2269 2270 2277
f 2269 2277 2276
f 2270 2271 2278
f 2270 2278 2277
f 2271 2272 2279
f 2271 2279 2278
f 2272 2273 2280
f 2272 2280 2279
f 2273 2274 2281
f 2273 2281 2280
f 2274 2275 2282
f 2274 2282 2281
f 2275 2269 2276
f 2275 2276 2282
f 2282 2276 2277
f 2277 2278 2279
f 2279 2280 2281
f 2282 2277 2279
f 2279 2281 2282
o b328607268_unknown
v 338.87 0.00 164.97
v 345.30 0.00 167.04
v 345.76 0.00 165.60
v 357.40 0.00 129.87
v 350.99 0.00 127.81
v 338.87 6.40 164.97
v 345.30 6.40 167.04
v 345.76 6.40 165.60
v 357.40 6.40 129.87
v 350.99 6.40 127.81
f 2283 2284 2289
f 2283 2289 2288
f 2284 2285 2290
f 2284 2290 2289
f 2285 2286 2291
f 2285 2291 2290
f 2286 2287 2292
f 2286 2292 2291
f 2287 2283 2288
f 2287 2288 2292
f 2291 2292 2288
f 2288 2289 2290
f 2290 2291 2288
o b328607271_unknown
v 461.27 0.00 189.63
v 459.51 0.00 195.06
v 465.72 0.00 197.05
v 469.48 0.00 185.50
v 463.27 0.00 183.51
v 461.27 3.20 189.63
v 459.51 3.20 195.06
v 465.72 3.20 197.05
v 469.48 3.20 185.50
v 463.27 3.20 183.51
f 2293 2294 2299
f 2293 2299 2298
f 2294 2295 2300
f 2294 2300 2299
f 2295 2296 2301
f 2295 2301 2300
f 2296 2297 2302
f 2296 2302 2301
f 2297 2293 2298
f 2297 2298 2302
f 2301 2302 2298
f 2298 2299 2300
f 2300 2301 2298
o b328607272_unknown
v 439.08 0.00 176.24
v 443.36 0.00 177.62
v 449.30 0.00 159.37
v 445.02 0.00 157.98
v 439.08 3.20 176.24
v 443.36 3.20 177.62
v 449.30 3.20 159.37
v 445.02 3.20 157.98
f 2303 2304 2308
f 2303 2308 2307
f 2304 2305 2309
f 2304 2309 2308
f 2305 2306 2310
f 2305 2310 2309
f 2306 2303 2307
f 2306 2307 2310
f 2309 2310 2307
f 2307 2308 2309
o b328607273_unknown
v 299.71 0.00 152.40
v 307.36 0.00 154.86
v 319.46 0.00 117.69
v 311.81 0.00 115.24
v 299.71 6.40 152.40
v 307.36 6.40 154.86
v 319.46 6.40 117.69
v 311.81 6.40 115.24
f 2311 2312 2316
f 2311 2316 2315
f 2312 2313 2317
f 2312 2317 2316
f 2313 2314 2318
f 2313 2318 2317
f 2314 2311 2315
f 2314 2315 2318
f 2317 2318 2315
f 2315 2316 2317
o b328607274_unknown
v 411.53 0.00 188.28
v 417.49 0.00 190.20
v 429.58 0.00 153.03
v 423.62 0.00 151.12
v 411.53 6.90 188.28
v 417.49 6.90 190.20
v 429.58 6.90 153.03
v 423.62 6.90 151.12
f 2319 2320 2324
f 2319 2324 2323
f 2320 2321 2325
f 2320 2325 2324
f 2321 2322 2326
f 2321 2326 2325
f 2322 2319 2323
f 2322 2323 2326
f 2325 2326 2323
f 2323 2324 2325
o b328607275_unknown
v 362.37 0.00 172.51
v 370.73 0.00 175.19
v 382.83 0.00 138.03
v 374.46 0.00 135.35
v 362.37 6.40 172.51
v 370.73 6.40 175.19
v 382.83 6.40 138.03
v 374.46 6.40 135.35
f 2327 2328 2332
f 2327 2332 2331
f 2328 2329 2333
f 2328 2333 2332
f 2329 2330 2334
f 2329 2334 2333
f 2330 2327 2331
f 2330 2331 2334
f 2333 2334 2331
f 2331 2332 2333
o b328607276_unknown
v 463.27 0.00 183.51
v 469.48 0.00 185.50
v 475.28 0.00 167.70
v 469.07 0.00 165.70
v 463.27 3.20 183.51
v 469.48 3.20 185.50
v 475.28 3.20 167.70
v 469.07 3.20 165.70
f 2335 2336 2340
f 2335 2340 2339
f 2336 2337 2341
f 2336 2341 2340
f 2337 2338 2342
f 2337 2342 2341
f 2338 2335 2339
f 2338 2339 2342
f 2341 2342 2339
f 2339 2340 2341
o b328607277_unknown
v 338.87 0.00 164.97
v 350.99 0.00 127.81
v 344.62 0.00 125.76
v 332.99 0.00 161.50
v 332.52 0.00 162.92
v 338.87 6.40 164.97
v 350.99 6.40 127.81
v 344.62 6.40 125.76
v 332.99 6.40 161.50
v 332.52 6.40 162.92
f 2343 2344 2349
f 2343 2349 2348
f 2344 2345 2350
f 2344 2350 2349
f 2345 2346 2351
f 2345 2351 2350
f 2346 2347 2352
f 2346 2352 2351
f 2347 2343 2348
f 2347 2348 2352
f 2351 2352 2348
f 2348 2349 2350
f 2350 2351 2348
o b328607278_unknown
v 313.01 0.00 156.67
v 316.90 0.00 157.92
v 329.00 0.00 120.75
v 325.10 0.00 119.50
v 313.01 6.40 156.67
v 316.90 6.40 157.92
v 329.00 6.40 120.75
v 325.10 6.40 119.50
f 2353 2354 2358
f 2353 2358 2357
f 2354 2355 2359
f 2354 2359 2358
f 2355 2356 2360
f 2355 2360 2359
f 2356 2353 2357
f 2356 2357 2360
f 2359 2360 2357
f 2357 2358 2359
o b328607279_unknown
v 440.74 0.00 185.70
v 446.62 0.00 187.59
v 448.45 0.00 181.97
v 449.25 0.00 179.51
v 443.36 0.00 177.62
v 440.74 8.20 185.70
v 446.62 8.20 187.59
v 448.45 8.20 181.97
v 449.25 8.20 179.51
v 443.36 8.20 177.62
f 2361 2362 2367
f 2361 2367 2366
f 2362 2363 2368
f 2362 2368 2367
f 2363 2364 2369
f 2363 2369 2368
f 2364 2365 2370
f 2364 2370 2369
f 2365 2361 2366
f 2365 2366 2370
f 2369 2370 2366
f 2366 2367 2368
f 2368 2369 2366
o b328607280_unknown
v 449.25 0.00 179.51
v 448.45 0.00 181.97
v 455.82 0.00 184.34
v 462.57 0.00 163.62
v 455.19 0.00 161.26
v 449.25 7.00 179.51
v 448.45 7.00 181.97
v 455.82 7.00 184.34
v 462.57 7.00 163.62
v 455.19 7.00 161.26
f 2371 2372 2377
f 2371 2377 2376
f 2372 2373 2378
f 2372 2378 2377
f 2373 2374 2379
f 2373 2379 2378
f 2374 2375 2380
f 2374 2380 2379
f 2375 2371 2376
f 2375 2376 2380
f 2379 2380 2376
f 2376 2377 2378
f 2378 2379 2376
o b328607282_unknown
v 316.90 0.00 157.92
v 326.38 0.00 160.96
v 326.84 0.00 159.53
v 338.48 0.00 123.79
v 329.00 0.00 120.75
v 316.90 6.40 157.92
v 326.38 6.40 160.96
v 326.84 6.40 159.53
v 338.48 6.40 123.79
v 329.00 6.40 120.75
f 2381 2382 2387
f 2381 2387 2386
f 2382 2383 2388
f 2382 2388 2387
f 2383 2384 2389
f 2383 2389 2388
f 2384 2385 2390
f 2384 2390 2389
f 2385 2381 2386
f 2385 2386 2390
f 2389 2390 2386
f 2386 2387 2388
f 2388 2389 2386
o b328607283_unknown
v 362.37 0.00 172.51
v 374.46 0.00 135.35
v 366.29 0.00 132.73
v 354.67 0.00 168.45
v 354.20 0.00 169.89
v 362.37 6.40 172.51
v 374.46 6.40 135.35
v 366.29 6.40 132.73
v 354.67 6.40 168.45
v 354.20 6.40 169.89
f 2391 2392 2397
f 2391 2397 2396
f 2392 2393 2398
f 2392 2398 2397
f 2393 2394 2399
f 2393 2399 2398
f 2394 2395 2400
f 2394 2400 2399
f 2395 2391 2396
f 2395 2396 2400
f 2399 2400 2396
f 2396 2397 2398
f 2398 2399 2396
o b328607284_unknown
v 469.48 0.00 185.50
v 465.72 0.00 197.05
v 463.33 0.00 204.43
v 470.14 0.00 206.62
v 482.10 0.00 169.89
v 475.28 0.00 167.70
v 469.48 3.20 185.50
v 465.72 3.20 197.05
v 463.33 3.20 204.43
v 470.14 3.20 206.62
v 482.10 3.20 169.89
v 475.28 3.20 167.70
f 2401 2402 2408
f 2401 2408 2407
f 2402 2403 2409
f 2402 2409 2408
f 2403 2404 2410
f 2403 2410 2409
f 2404 2405 2411
f 2404 2411 2410
f 2405 2406 2412
f 2405 2412 2411
f 2406 2401 2407
f 2406 2407 2412
f 2411 2412 2407
f 2407 2408 2409
f 2409 2410 2411
f 2411 2407 2409
o b328622249_unknown
v 214.64 0.00 84.05
v 206.03 0.00 110.52
v 213.07 0.00 112.78
v 221.68 0.00 86.32
v 214.64 9.50 84.05
v 206.03 9.50 110.52
v 213.07 9.50 112.78
v 221.68 9.50 86.32
f 2413 2414 2418
f 2413 2418 2417
f 2414 2415 2419
f 2414 2419 2418
f 2415 2416 2420
f 2415 2420 2419
f 2416 2413 2417
f 2416 2417 2420
f 2419 2420 2417
f 2417 2418 2419
o b328622250_unknown
v 179.15 0.00 73.01
v 167.16 0.00 109.87
v 173.24 0.00 111.82
v 185.24 0.00 74.97
v 179.15 6.00 73.01
v 167.16 6.00 109.87
v 173.24 6.00 111.82
v 185.24 6.00 74.97
f 2421 2422 2426
f 2421 2426 2425
f 2422 2423 2427
f 2422 2427 2426
f 2423 2424 2428
f 2423 2428 2427
f 2424 2421 2425
f 2424 2425 2428
f 2427 2428 2425
f 2425 2426 2427
o b328622251_unknown
v 278.95 0.00 104.69
v 266.86 0.00 141.86
v 276.45 0.00 144.94
v 288.55 0.00 107.78
v 278.95 6.40 104.69
v 266.86 6.40 141.86
v 276.45 6.40 144.94
v 288.55 6.40 107.78
f 2429 2430 2434
f 2429 2434 2433
f 2430 2431 2435
f 2430 2435 2434
f 2431 2432 2436
f 2431 2436 2435
f 2432 2429 2433
f 2432 2433 2436
f 2435 2436 2433
f 2433 2434 2435
o b328622252_unknown
v 165.46 0.00 68.61
v 153.46 0.00 105.48
v 160.09 0.00 107.60
v 172.09 0.00 70.75
v 165.46 12.00 68.61
v 153.46 12.00 105.48
v 160.09 12.00 107.60
v 172.09 12.00 70.75
f 2437 2438 2442
f 2437 2442 2441
f 2438 2439 2443
f 2438 2443 2442
f 2439 2440 2444
f 2439 2444 2443
f 2440 2437 2441
f 2440 2441 2444
f 2443 2444 2441
f 2441 2442 2443
o b328622253_unknown
v 152.03 0.00 64.31
v 140.03 0.00 101.17
v 147.00 0.00 103.40
v 158.98 0.00 66.55
v 152.03 10.80 64.31
v 140.03 10.80 101.17
v 147.00 10.80 103.40
v 158.98 10.80 66.55
f 2445 2446 2450
f 2445 2450 2449
f 2446 2447 2451
f 2446 2451 2450
f 2447 2448 2452
f 2447 2452 2451
f 2448 2445 2449
f 2448 2449 2452
f 2451 2452 2449
f 2449 2450 2451
o b328622254_unknown
v 132.27 0.00 57.97
v 120.28 0.00 94.82
v 126.62 0.00 96.87
v 138.62 0.00 60.00
v 132.27 7.60 57.97
v 120.28 7.60 94.82
v 126.62 7.60 96.87
v 138.62 7.60 60.00
f 2453 2454 2458
f 2453 2458 2457
f 2454 2455 2459
f 2454 2459 2458
f 2455 2456 2460
f 2455 2460 2459
f 2456 2453 2457
f 2456 2457 2460
f 2459 2460 2457
f 2457 2458 2459
o b328622255_unknown
v 138.62 0.00 60.00
v 126.62 0.00 96.87
v 133.30 0.00 99.00
v 145.29 0.00 62.15
v 138.62 11.90 60.00
v 126.62 11.90 96.87
v 133.30 11.90 99.00
v 145.29 11.90 62.15
f 2461 2462 2466
f 2461 2466 2465
f 2462 2463 2467
f 2462 2467 2466
f 2463 2464 2468
f 2463 2468 2467
f 2464 2461 2465
f 2464 2465 2468
f 2467 2468 2465
f 2465 2466 2467
o b328622256_unknown
v 240.37 0.00 110.36
v 243.55 0.00 111.38
v 248.85 0.00 95.04
v 245.69 0.00 94.03
v 240.37 4.90 110.36
v 243.55 4.90 111.38
v 248.85 4.90 95.04
v 245.69 4.90 94.03
f 2469 2470 2474
f 2469 2474 2473
f 2470 2471 2475
f 2470 2475 2474
f 2471 2472 2476
f 2471 2476 2475
f 2472 2469 2473
f 2472 2473 2476
f 2475 2476 2473
f 2473 2474 2475
o b328622257_unknown
v 208.51 0.00 82.09
v 199.89 0.00 108.55
v 206.03 0.00 110.52
v 214.64 0.00 84.05
v 208.51 7.70 82.09
v 199.89 7.70 108.55
v 206.03 7.70 110.52
v 214.64 7.70 84.05
f 2477 2478 2482
f 2477 2482 2481
f 2478 2479 2483
f 2478 2483 2482
f 2479 2480 2484
f 2479 2484 2483
f 2480 2477 2481
f 2480 2481 2484
f 2483 2484 2481
f 2481 2482 2483
o b328622258_unknown
v 213.07 0.00 112.78
v 219.82 0.00 114.94
v 228.42 0.00 88.49
v 221.68 0.00 86.32
v 213.07 6.00 112.78
v 219.82 6.00 114.94
v 228.42 6.00 88.49
v 221.68 6.00 86.32
f 2485 2486 2490
f 2485 2490 2489
f 2486 2487 2491
f 2486 2491 2490
f 2487 2488 2492
f 2487 2492 2491
f 2488 2485 2489
f 2488 2489 2492
f 2491 2492 2489
f 2489 2490 2491
o b328622259_unknown
v 105.61 0.00 49.41
v 98.84 0.00 70.24
v 111.97 0.00 74.45
v 118.75 0.00 53.63
v 105.61 10.80 49.41
v 98.84 10.80 70.24
v 111.97 10.80 74.45
v 118.75 10.80 53.63
f 2493 2494 2498
f 2493 2498 2497
f 2494 2495 2499
f 2494 2499 2498
f 2495 2496 2500
f 2495 2500 2499
f 2496 2493 2497
f 2496 2497 2500
f 2499 2500 2497
f 2497 2498 2499
o b328622260_unknown
v 172.09 0.00 70.75
v 160.09 0.00 107.60
v 167.16 0.00 109.87
v 179.15 0.00 73.01
v 172.09 4.70 70.75
v 160.09 4.70 107.60
v 167.16 4.70 109.87
v 179.15 4.70 73.01
f 2501 2502 2506
f 2501 2506 2505
f 2502 2503 2507
f 2502 2507 2506
f 2503 2504 2508
f 2503 2508 2507
f 2504 2501 2505
f 2504 2505 2508
f 2507 2508 2505
f 2505 2506 2507
o b328622261_unknown
v 158.98 0.00 66.55
v 147.00 0.00 103.40
v 153.46 0.00 105.48
v 165.46 0.00 68.61
v 158.98 4.30 66.55
v 147.00 4.30 103.40
v 153.46 4.30 105.48
v 165.46 4.30 68.61
f 2509 2510 2514
f 2509 2514 2513
f 2510 2511 2515
f 2510 2515 2514
f 2511 2512 2516
f 2511 2516 2515
f 2512 2509 2513
f 2512 2513 2516
f 2515 2516 2513
f 2513 2514 2515
o b328622262_unknown
v 250.45 0.00 135.09
v 250.00 0.00 136.45
v 266.86 0.00 141.86
v 278.95 0.00 104.69
v 262.11 0.00 99.29
v 250.45 7.90 135.09
v 250.00 7.90 136.45
v 266.86 7.90 141.86
v 278.95 7.90 104.69
v 262.11 7.90 99.29
f 2517 2518 2523
f 2517 2523 2522
f 2518 2519 2524
f 2518 2524 2523
f 2519 2520 2525
f 2519 2525 2524
f 2520 2521 2526
f 2520 2526 2525
f 2521 2517 2522
f 2521 2522 2526
f 2525 2526 2522
f 2522 2523 2524
f 2524 2525 2522
o b328622263_unknown
v 209.59 0.00 123.48
v 216.33 0.00 125.65
v 219.82 0.00 114.94
v 213.07 0.00 112.78
v 209.59 7.30 123.48
v 216.33 7.30 125.65
v 219.82 7.30 114.94
v 213.07 7.30 112.78
f 2527 2528 2532
f 2527 2532 2531
f 2528 2529 2533
f 2528 2533 2532
f 2529 2530 2534
f 2529 2534 2533
f 2530 2527 2531
f 2530 2531 2534
f 2533 2534 2531
f 2531 2532 2533
o b328622264_unknown
v 93.62 0.00 86.27
v 106.75 0.00 90.49
v 111.97 0.00 74.45
v 98.84 0.00 70.24
v 93.62 9.30 86.27
v 106.75 9.30 90.49
v 111.97 9.30 74.45
v 98.84 9.30 70.24
f 2535 2536 2540
f 2535 2540 2539
f 2536 2537 2541
f 2536 2541 2540
f 2537 2538 2542
f 2537 2542 2541
f 2538 2535 2539
f 2538 2539 2542
f 2541 2542 2539
f 2539 2540 2541
o b328622265_unknown
v 145.29 0.00 62.15
v 133.30 0.00 99.00
v 140.03 0.00 101.17
v 152.03 0.00 64.31
v 145.29 8.40 62.15
v 133.30 8.40 99.00
v 140.03 8.40 101.17
v 152.03 8.40 64.31
f 2543 2544 2548
f 2543 2548 2547
f 2544 2545 2549
f 2544 2549 2548
f 2545 2546 2550
f 2545 2550 2549
f 2546 2543 2547
f 2546 2547 2550
f 2549 2550 2547
f 2547 2548 2549
o b328622267_unknown
v 223.36 0.00 127.91
v 230.02 0.00 130.04
v 232.17 0.00 123.43
v 242.11 0.00 92.88
v 235.46 0.00 90.74
v 223.36 11.20 127.91
v 230.02 11.20 130.04
v 232.17 11.20 123.43
v 242.11 11.20 92.88
v 235.46 11.20 90.74
f 2551 2552 2557
f 2551 2557 2556
f 2552 2553 2558
f 2552 2558 2557
f 2553 2554 2559
f 2553 2559 2558
f 2554 2555 2560
f 2554 2560 2559
f 2555 2551 2556
f 2555 2556 2560
f 2559 2560 2556
f 2556 2557 2558
f 2558 2559 2556
o b328622268_unknown
v 243.55 0.00 111.38
v 237.24 0.00 130.88
v 250.45 0.00 135.09
v 262.11 0.00 99.29
v 248.85 0.00 95.04
v 243.55 10.40 111.38
v 237.24 10.40 130.88
v 250.45 10.40 135.09
v 262.11 10.40 99.29
v 248.85 10.40 95.04
f 2561 2562 2567
f 2561 2567 2566
f 2562 2563 2568
f 2562 2568 2567
f 2563 2564 2569
f 2563 2569 2568
f 2564 2565 2570
f 2564 2570 2569
f 2565 2561 2566
f 2565 2566 2570
f 2569 2570 2566
f 2566 2567 2568
f 2568 2569 2566
o b328622269_unknown
v 219.82 0.00 114.94
v 216.33 0.00 125.65
v 223.36 0.00 127.91
v 235.46 0.00 90.74
v 228.42 0.00 88.49
v 219.82 7.30 114.94
v 216.33 7.30 125.65
v 223.36 7.30 127.91
v 235.46 7.30 90.74
v 228.42 7.30 88.49
f 2571 2572 2577
f 2571 2577 2576
f 2572 2573 2578
f 2572 2578 2577
f 2573 2574 2579
f 2573 2579 2578
f 2574 2575 2580
f 2574 2580 2579
f 2575 2571 2576
f 2575 2576 2580
f 2579 2580 2576
f 2576 2577 2578
f 2578 2579 2576
o b328622270_unknown
v 232.17 0.00 123.43
v 235.75 0.00 124.58
v 240.37 0.00 110.36
v 245.69 0.00 94.03
v 242.11 0.00 92.88
v 232.17 4.90 123.43
v 235.75 4.90 124.58
v 240.37 4.90 110.36
v 245.69 4.90 94.03
v 242.11 4.90 92.88
f 2581 2582 2587
f 2581 2587 2586
f 2582 2583 2588
f 2582 2588 2587
f 2583 2584 2589
f 2583 2589 2588
f 2584 2585 2590
f 2584 2590 2589
f 2585 2581 2586
f 2585 2586 2590
f 2589 2590 2586
f 2586 2587 2588
f 2588 2589 2586
o b328622271_unknown
v 196.41 0.00 119.26
v 209.59 0.00 123.48
v 213.07 0.00 112.78
v 206.03 0.00 110.52
v 199.89 0.00 108.55
v 196.41 4.60 119.26
v 209.59 4.60 123.48
v 213.07 4.60 112.78
v 206.03 4.60 110.52
v 199.89 4.60 108.55
f 2591 2592 2597
f 2591 2597 2596
f 2592 2593 2598
f 2592 2598 2597
f 2593 2594 2599
f 2593 2599 2598
f 2594 2595 2600
f 2594 2600 2599
f 2595 2591 2596
f 2595 2596 2600
f 2599 2600 2596
f 2596 2597 2598
f 2598 2599 2596
o b328622272_unknown
v 118.75 0.00 53.63
v 111.97 0.00 74.45
v 106.75 0.00 90.49
v 120.28 0.00 94.82
v 132.27 0.00 57.97
v 118.75 5.20 53.63
v 111.97 5.20 74.45
v 106.75 5.20 90.49
v 120.28 5.20 94.82
v 132.27 5.20 57.97
f 2601 2602 2607
f 2601 2607 2606
f 2602 2603 2608
f 2602 2608 2607
f 2603 2604 2609
f 2603 2609 2608
f 2604 2605 2610
f 2604 2610 2609
f 2605 2601 2606
f 2605 2606 2610
f 2609 2610 2606
f 2606 2607 2608
f 2608 2609 2606
o b328631274_unknown
v -219.07 0.00 106.31
v -233.41 0.00 101.71
v -234.21 0.00 104.15
v -239.48 0.00 120.33
v -225.13 0.00 124.93
v -219.07 6.40 106.31
v -233.41 6.40 101.71
v -234.21 6.40 104.15
v -239.48 6.40 120.33
v -225.13 6.40 124.93
f 2611 2612 2617
f 2611 2617 2616
f 2612 2613 2618
f 2612 2618 2617
f 2613 2614 2619
f 2613 2619 2618
f 2614 2615 2620
f 2614 2620 2619
f 2615 2611 2616
f 2615 2616 2620
f 2619 2620 2616
f 2616 2617 2618
f 2618 2619 2616
o b328631275_unknown
v -139.82 0.00 114.00
v -93.04 0.00 129.01
v -88.78 0.00 115.92
v -135.56 0.00 100.91
v -139.82 10.20 114.00
v -93.04 10.20 129.01
v -88.78 10.20 115.92
v -135.56 10.20 100.91
f 2621 2622 2626
f 2621 2626 2625
f 2622 2623 2627
f 2622 2627 2626
f 2623 2624 2628
f 2623 2628 2627
f 2624 2621 2625
f 2624 2625 2628
f 2627 2628 2625
f 2625 2626 2627
o b328631276_unknown
v -266.07 0.00 131.58
v -259.11 0.00 133.81
v -247.30 0.00 97.51
v -254.26 0.00 95.27
v -266.07 8.20 131.58
v -259.11 8.20 133.81
v -247.30 8.20 97.51
v -254.26 8.20 95.27
f 2629 2630 2634
f 2629 2634 2633
f 2630 2631 2635
f 2630 2635 2634
f 2631 2632 2636
f 2631 2636 2635
f 2632 2629 2633
f 2632 2633 2636
f 2635 2636 2633
f 2633 2634 2635
o b328631277_unknown
v -144.11 0.00 127.18
v -97.33 0.00 142.19
v -93.04 0.00 129.01
v -139.82 0.00 114.00
v -144.11 11.60 127.18
v -97.33 11.60 142.19
v -93.04 11.60 129.01
v -139.82 11.60 114.00
f 2637 2638 2642
f 2637 2642 2641
f 2638 2639 2643
f 2638 2643 2642
f 2639 2640 2644
f 2639 2644 2643
f 2640 2637 2641
f 2640 2641 2644
f 2643 2644 2641
f 2641 2642 2643
o b328631279_residential
v -152.11 0.00 131.90
v -136.68 0.00 84.83
v -183.21 0.00 69.89
v -198.48 0.00 116.93
v -152.11 195.10 131.90
v -136.68 195.10 84.83
v -183.21 195.10 69.89
v -198.48 195.10 116.93
f 2645 2646 2650
f 2645 2650 2649
f 2646 2647 2651
f 2646 2651 2650
f 2647 2648 2652
f 2647 2652 2651
f 2648 2645 2649
f 2648 2649 2652
f 2651 2652 2649
f 2649 2650 2651
o b328631283_retail
v -311.46 0.00 113.45
v -312.46 0.00 116.62
v -299.20 0.00 120.76
v -295.38 0.00 108.71
v -308.63 0.00 104.56
v -311.46 3.20 113.45
v -312.46 3.20 116.62
v -299.20 3.20 120.76
v -295.38 3.20 108.71
v -308.63 3.20 104.56
f 2653 2654 2659
f 2653 2659 2658
f 2654 2655 2660
f 2654 2660 2659
f 2655 2656 2661
f 2655 2661 2660
f 2656 2657 2662
f 2656 2662 2661
f 2657 2653 2658
f 2657 2658 2662
f 2661 2662 2658
f 2658 2659 2660
f 2660 2661 2658
o b328631284_unknown
v -88.78 0.00 115.92
v -84.15 0.00 101.67
v -130.93 0.00 86.66
v -135.56 0.00 100.91
v -88.78 7.60 115.92
v -84.15 7.60 101.67
v -130.93 7.60 86.66
v -135.56 7.60 100.91
f 2663 2664 2668
f 2663 2668 2667
f 2664 2665 2669
f 2664 2669 2668
f 2665 2666 2670
f 2665 2670 2669
f 2666 2663 2667
f 2666 2667 2670
f 2669 2670 2667
f 2667 2668 2669
o b328631287_unknown
v -148.56 0.00 140.88
v -101.78 0.00 155.88
v -99.53 0.00 148.97
v -146.32 0.00 133.97
v -148.56 10.90 140.88
v -101.78 10.90 155.88
v -99.53 10.90 148.97
v -146.32 10.90 133.97
f 2671 2672 2676
f 2671 2676 2675
f 2672 2673 2677
f 2672 2677 2676
f 2673 2674 2678
f 2673 2678 2677
f 2674 2671 2675
f 2674 2675 2678
f 2677 2678 2675
f 2675 2676 2677
o b328631289_retail
v -280.46 0.00 126.96
v -271.94 0.00 100.77
v -284.78 0.00 96.66
v -293.30 0.00 122.84
v -280.46 3.20 126.96
v -271.94 3.20 100.77
v -284.78 3.20 96.66
v -293.30 3.20 122.84
f 2679 2680 2684
f 2679 2684 2683
f 2680 2681 2685
f 2680 2685 2684
f 2681 2682 2686
f 2681 2686 2685
f 2682 2679 2683
f 2682 2683 2686
f 2685 2686 2683
f 2683 2684 2685
o b328631290_unknown
v -146.32 0.00 133.97
v -99.53 0.00 148.97
v -97.33 0.00 142.19
v -144.11 0.00 127.18
v -146.32 7.10 133.97
v -99.53 7.10 148.97
v -97.33 7.10 142.19
v -144.11 7.10 127.18
f 2687 2688 2692
f 2687 2692 2691
f 2688 2689 2693
f 2688 2693 2692
f 2689 2690 2694
f 2689 2694 2693
f 2690 2687 2691
f 2690 2691 2694
f 2693 2694 2691
f 2691 2692 2693
o b328631294_unknown
v -234.21 0.00 104.15
v -240.69 0.00 102.07
v -245.96 0.00 118.26
v -239.48 0.00 120.33
v -234.21 9.30 104.15
v -240.69 9.30 102.07
v -245.96 9.30 118.26
v -239.48 9.30 120.33
f 2695 2696 2700
f 2695 2700 2699
f 2696 2697 2701
f 2696 2701 2700
f 2697 2698 2702
f 2697 2702 2701
f 2698 2695 2699
f 2698 2699 2702
f 2701 2702 2699
f 2699 2700 2701
o b328631295_retail
v -274.62 0.00 128.83
v -262.81 0.00 92.53
v -268.66 0.00 90.66
v -271.94 0.00 100.77
v -280.46 0.00 126.96
v -274.62 3.20 128.83
v -262.81 3.20 92.53
v -268.66 3.20 90.66
v -271.94 3.20 100.77
v -280.46 3.20 126.96
f 2703 2704 2709
f 2703 2709 2708
f 2704 2705 2710
f 2704 2710 2709
f 2705 2706 2711
f 2705 2711 2710
f 2706 2707 2712
f 2706 2712 2711
f 2707 2703 2708
f 2707 2708 2712
f 2711 2712 2708
f 2708 2709 2710
f 2710 2711 2708
o b328631296_unknown
v -230.96 0.00 142.84
v -225.13 0.00 124.93
v -239.48 0.00 120.33
v -245.96 0.00 118.26
v -253.28 0.00 115.91
v -259.11 0.00 133.81
v -230.96 5.70 142.84
v -225.13 5.70 124.93
v -239.48 5.70 120.33
v -245.96 5.70 118.26
v -253.28 5.70 115.91
v -259.11 5.70 133.81
f 2713 2714 2720
f 2713 2720 2719
f 2714 2715 2721
f 2714 2721 2720
f 2715 2716 2722
f 2715 2722 2721
f 2716 2717 2723
f 2716 2723 2722
f 2717 2718 2724
f 2717 2724 2723
f 2718 2713 2719
f 2718 2719 2724
f 2723 2724 2719
f 2719 2720 2721
f 2722 2723 2719
f 2719 2721 2722
o b328634432_office
v -52.34 0.00 278.89
v -98.48 0.00 264.09
v -107.98 0.00 293.30
v -105.53 0.00 294.08
v -106.48 0.00 297.01
v -13.11 0.00 326.96
v -12.17 0.00 324.06
v -9.57 0.00 324.90
v -0.06 0.00 295.66
v -5.38 0.00 293.95
v -2.60 0.00 285.38
v -32.95 0.00 275.64
v -35.74 0.00 284.22
v -52.34 70.40 278.89
v -98.48 70.40 264.09
v -107.98 70.40 293.30
v -105.53 70.40 294.08
v -106.48 70.40 297.01
v -13.11 70.40 326.96
v -12.17 70.40 324.06
v -9.57 70.40 324.90
v -0.06 70.40 295.66
v -5.38 70.40 293.95
v -2.60 70.40 285.38
v -32.95 70.40 275.64
v -35.74 70.40 284.22
f 2725 2726 2739
f 2725 2739 2738
f 2726 2727 2740
f 2726 2740 2739
f 2727 2728 2741
f 2727 2741 2740
f 2728 2729 2742
f 2728 2742 2741
f 2729 2730 2743
f 2729 2743 2742
f 2730 2731 2744
f 2730 2744 2743
f 2731 2732 2745
f 2731 2745 2744
f 2732 2733 2746
f 2732 2746 2745
f 2733 2734 2747
f 2733 2747 2746
f 2734 2735 2748
f 2734 2748 2747
f 2735 2736 2749
f 2735 2749 2748
f 2736 2737 2750
f 2736 2750 2749
f 2737 2725 2738
f 2737 2738 2750
f 2750 2738 2739
f 2739 2740 2741
f 2741 2742 2743
f 2744 2745 2746
f 2747 2748 2749
f 2750 2739 2741
f 2741 2743 2744
f 2744 2746 2747
f 2747 2749 2750
f 2750 2741 2744
f 2744 2747 2750
o b328634434_unknown
v 116.70 0.00 364.65
v 143.35 0.00 373.19
v 152.74 0.00 344.31
v 126.09 0.00 335.77
v 116.70 11.40 364.65
v 143.35 11.40 373.19
v 152.74 11.40 344.31
v 126.09 11.40 335.77
f 2751 2752 2756
f 2751 2756 2755
f 2752 2753 2757
f 2752 2757 2756
f 2753 2754 2758
f 2753 2758 2757
f 2754 2751 2755
f 2754 2755 2758
f 2757 2758 2755
f 2755 2756 2757
o b328634437_unknown
v -149.88 0.00 245.21
v -152.61 0.00 253.48
v -135.35 0.00 259.08
v -132.63 0.00 250.83
v -149.88 5.40 245.21
v -152.61 5.40 253.48
v -135.35 5.40 259.08
v -132.63 5.40 250.83
f 2759 2760 2764
f 2759 2764 2763
f 2760 2761 2765
f 2760 2765 2764
f 2761 2762 2766
f 2761 2766 2765
f 2762 2759 2763
f 2762 2763 2766
f 2765 2766 2763
f 2763 2764 2765
o b328634439_civic
v -151.56 0.00 230.67
v -153.85 0.00 237.58
v -148.00 0.00 239.50
v -130.75 0.00 245.12
v -128.47 0.00 238.21
v -151.56 10.10 230.67
v -153.85 10.10 237.58
v -148.00 10.10 239.50
v -130.75 10.10 245.12
v -128.47 10.10 238.21
f 2767 2768 2773
f 2767 2773 2772
f 2768 2769 2774
f 2768 2774 2773
f 2769 2770 2775
f 2769 2775 2774
f 2770 2771 2776
f 2770 2776 2775
f 2771 2767 2772
f 2771 2772 2776
f 2775 2776 2772
f 2772 2773 2774
f 2774 2775 2772
o b328634441_office
v -95.89 0.00 256.13
v -49.75 0.00 270.93
v -45.66 0.00 258.37
v -91.81 0.00 243.56
v -95.89 6.40 256.13
v -49.75 6.40 270.93
v -45.66 6.40 258.37
v -91.81 6.40 243.56
f 2777 2778 2782
f 2777 2782 2781
f 2778 2779 2783
f 2778 2783 2782
f 2779 2780 2784
f 2779 2784 2783
f 2780 2777 2781
f 2780 2781 2784
f 2783 2784 2781
f 2781 2782 2783
o b328634445_unknown
v 183.12 0.00 389.71
v 195.56 0.00 393.70
v 203.02 0.00 370.75
v 190.59 0.00 366.76
v 183.12 9.40 389.71
v 195.56 9.40 393.70
v 203.02 9.40 370.75
v 190.59 9.40 366.76
f 2785 2786 2790
f 2785 2790 2789
f 2786 2787 2791
f 2786 2791 2790
f 2787 2788 2792
f 2787 2792 2791
f 2788 2785 2789
f 2788 2789 2792
f 2791 2792 2789
f 2789 2790 2791
o b328634447_retail
v -172.59 0.00 217.63
v -149.75 0.00 225.18
v -126.67 0.00 232.76
v -125.34 0.00 228.82
v -124.26 0.00 225.60
v -170.20 0.00 210.48
v -172.59 8.20 217.63
v -149.75 8.20 225.18
v -126.67 8.20 232.76
v -125.34 8.20 228.82
v -124.26 8.20 225.60
v -170.20 8.20 210.48
f 2793 2794 2800
f 2793 2800 2799
f 2794 2795 2801
f 2794 2801 2800
f 2795 2796 2802
f 2795 2802 2801
f 2796 2797 2803
f 2796 2803 2802
f 2797 2798 2804
f 2797 2804 2803
f 2798 2793 2799
f 2798 2799 2804
f 2803 2804 2799
f 2799 2800 2801
f 2801 2802 2803
f 2803 2799 2801
o b328634449_residential
v -387.10 0.00 4.83
v -387.75 0.00 3.32
v -389.34 0.00 2.82
v -390.68 0.00 3.44
v -391.26 0.00 4.94
v -390.65 0.00 6.33
v -400.63 0.00 38.13
v -401.98 0.00 38.73
v -402.56 0.00 40.25
v -401.95 0.00 41.64
v -400.20 0.00 42.23
v -398.85 0.00 41.54
v -375.96 0.00 48.96
v -363.91 0.00 12.36
v -387.10 38.40 4.83
v -387.75 38.40 3.32
v -389.34 38.40 2.82
v -390.68 38.40 3.44
v -391.26 38.40 4.94
v -390.65 38.40 6.33
v -400.63 38.40 38.13
v -401.98 38.40 38.73
v -402.56 38.40 40.25
v -401.95 38.40 41.64
v -400.20 38.40 42.23
v -398.85 38.40 41.54
v -375.96 38.40 48.96
v -363.91 38.40 12.36
f 2805 2806 2820
f 2805 2820 2819
f 2806 2807 2821
f 2806 2821 2820
f 2807 2808 2822
f 2807 2822 2821
f 2808 2809 2823
f 2808 2823 2822
f 2809 2810 2824
f 2809 2824 2823
f 2810 2811 2825
f 2810 2825 2824
f 2811 2812 2826
f 2811 2826 2825
f 2812 2813 2827
f 2812 2827 2826
f 2813 2814 2828
f 2813 2828 2827
f 2814 2815 2829
f 2814 2829 2828
f 2815 2816 2830
f 2815 2830 2829
f 2816 2817 2831
f 2816 2831 2830
f 2817 2818 2832
f 2817 2832 2831
f 2818 2805 2819
f 2818 2819 2832
f 2831 2832 2819
f 2819 2820 2821
f 2821 2822 2823
f 2825 2826 2827
f 2827 2828 2829
f 2830 2831 2819
f 2819 2821 2823
f 2825 2827 2829
f 2829 2830 2819
f 2819 2823 2824
f 2824 2825 2829
f 2829 2819 2824
o b328634450_unknown
v -98.48 0.00 264.09
v -52.34 0.00 278.89
v -49.75 0.00 270.93
v -95.89 0.00 256.13
v -98.48 6.40 264.09
v -52.34 6.40 278.89
v -49.75 6.40 270.93
v -95.89 6.40 256.13
f 2833 2834 2838
f 2833 2838 2837
f 2834 2835 2839
f 2834 2839 2838
f 2835 2836 2840
f 2835 2840 2839
f 2836 2833 2837
f 2836 2837 2840
f 2839 2840 2837
f 2837 2838 2839
o b328634454_retail
v -168.70 0.00 204.05
v -167.98 0.00 204.28
v -122.04 0.00 219.19
v -117.70 0.00 206.01
v -118.13 0.00 205.06
v -118.54 0.00 204.19
v -156.24 0.00 191.96
v -163.92 0.00 189.48
v -168.70 8.50 204.05
v -167.98 8.50 204.28
v -122.04 8.50 219.19
v -117.70 8.50 206.01
v -118.13 8.50 205.06
v -118.54 8.50 204.19
v -156.24 8.50 191.96
v -163.92 8.50 189.48
f 2841 2842 2850
f 2841 2850 2849
f 2842 2843 2851
f 2842 2851 2850
f 2843 2844 2852
f 2843 2852 2851
f 2844 2845 2853
f 2844 2853 2852
f 2845 2846 2854
f 2845 2854 2853
f 2846 2847 2855
f 2846 2855 2854
f 2847 2848 2856
f 2847 2856 2855
f 2848 2841 2849
f 2848 2849 2856
f 2855 2856 2849
f 2850 2851 2852
f 2852 2853 2854
f 2854 2855 2849
f 2849 2850 2852
f 2852 2854 2849
o b328634456_retail
v -87.41 0.00 230.08
v -41.27 0.00 244.88
v -36.97 0.00 231.64
v -83.11 0.00 216.84
v -87.41 5.60 230.08
v -41.27 5.60 244.88
v -36.97 5.60 231.64
v -83.11 5.60 216.84
f 2857 2858 2862
f 2857 2862 2861
f 2858 2859 2863
f 2858 2863 2862
f 2859 2860 2864
f 2859 2864 2863
f 2860 2857 2861
f 2860 2861 2864
f 2863 2864 2861
f 2861 2862 2863
o b328634458_unknown
v -363.91 0.00 12.36
v -375.96 0.00 48.96
v -369.16 0.00 51.18
v -357.10 0.00 14.57
v -363.91 6.40 12.36
v -375.96 6.40 48.96
v -369.16 6.40 51.18
v -357.10 6.40 14.57
f 2865 2866 2870
f 2865 2870 2869
f 2866 2867 2871
f 2866 2871 2870
f 2867 2868 2872
f 2867 2872 2871
f 2868 2865 2869
f 2868 2869 2872
f 2871 2872 2869
f 2869 2870 2871
o b328634462_office
v -91.81 0.00 243.56
v -45.66 0.00 258.37
v -41.27 0.00 244.88
v -87.41 0.00 230.08
v -91.81 9.60 243.56
v -45.66 9.60 258.37
v -41.27 9.60 244.88
v -87.41 9.60 230.08
f 2873 2874 2878
f 2873 2878 2877
f 2874 2875 2879
f 2874 2879 2878
f 2875 2876 2880
f 2875 2880 2879
f 2876 2873 2877
f 2876 2877 2880
f 2879 2880 2877
f 2877 2878 2879
o b328634464_unknown
v 169.13 0.00 385.22
v 181.06 0.00 348.53
v 174.96 0.00 346.58
v 174.05 0.00 349.39
v 163.03 0.00 383.26
v 169.13 8.60 385.22
v 181.06 8.60 348.53
v 174.96 8.60 346.58
v 174.05 8.60 349.39
v 163.03 8.60 383.26
f 2881 2882 2887
f 2881 2887 2886
f 2882 2883 2888
f 2882 2888 2887
f 2883 2884 2889
f 2883 2889 2888
f 2884 2885 2890
f 2884 2890 2889
f 2885 2881 2886
f 2885 2886 2890
f 2889 2890 2886
f 2886 2887 2888
f 2888 2889 2886
o b328634466_unknown
v 143.35 0.00 373.19
v 142.25 0.00 376.60
v 163.03 0.00 383.26
v 174.05 0.00 349.39
v 153.26 0.00 342.73
v 152.74 0.00 344.31
v 143.35 8.30 373.19
v 142.25 8.30 376.60
v 163.03 8.30 383.26
v 174.05 8.30 349.39
v 153.26 8.30 342.73
v 152.74 8.30 344.31
f 2891 2892 2898
f 2891 2898 2897
f 2892 2893 2899
f 2892 2899 2898
f 2893 2894 2900
f 2893 2900 2899
f 2894 2895 2901
f 2894 2901 2900
f 2895 2896 2902
f 2895 2902 2901
f 2896 2891 2897
f 2896 2897 2902
f 2901 2902 2897
f 2897 2898 2899
f 2899 2900 2901
f 2901 2897 2899
o b328644611_civic
v 181.54 0.00 -178.78
v 193.30 0.00 -175.01
v 198.44 0.00 -190.83
v 202.13 0.00 -189.64
v 205.74 0.00 -200.74
v 225.89 0.00 -194.29
v 220.76 0.00 -178.49
v 232.59 0.00 -174.71
v 240.99 0.00 -200.55
v 205.25 0.00 -212.00
v 205.45 0.00 -212.63
v 191.06 0.00 -217.26
v 183.97 0.00 -195.47
v 186.67 0.00 -194.59
v 181.54 13.70 -178.78
v 193.30 13.70 -175.01
v 198.44 13.70 -190.83
v 202.13 13.70 -189.64
v 205.74 13.70 -200.74
v 225.89 13.70 -194.29
v 220.76 13.70 -178.49
v 232.59 13.70 -174.71
v 240.99 13.70 -200.55
v 205.25 13.70 -212.00
v 205.45 13.70 -212.63
v 191.06 13.70 -217.26
v 183.97 13.70 -195.47
v 186.67 13.70 -194.59
f 2903 2904 2918
f 2903 2918 2917
f 2904 2905 2919
f 2904 2919 2918
f 2905 2906 2920
f 2905 2920 2919
f 2906 2907 2921
f 2906 2921 2920
f 2907 2908 2922
f 2907 2922 2921
f 2908 2909 2923
f 2908 2923 2922
f 2909 2910 2924
f 2909 2924 2923
f 2910 2911 2925
f 2910 2925 2924
f 2911 2912 2926
f 2911 2926 2925
f 2912 2913 2927
f 2912 2927 2926
f 2913 2914 2928
f 2913 2928 2927
f 2914 2915 2929
f 2914 2929 2928
f 2915 2916 2930
f 2915 2930 2929
f 2916 2903 2917
f 2916 2917 2930
f 2930 2917 2918
f 2919 2920 2921
f 2922 2923 2924
f 2926 2927 2928
f 2928 2929 2930
f 2930 2918 2919
f 2922 2924 2925
f 2926 2928 2930
f 2930 2919 2921
f 2921 2922 2925
f 2926 2930 2921
f 2921 2925 2926
o b328644612_civic
v 444.86 0.00 -274.03
v 443.03 0.00 -268.23
v 446.14 0.00 -262.31
v 441.63 0.00 -248.68
v 458.59 0.00 -216.40
v 467.70 0.00 -213.46
v 475.77 0.00 -217.64
v 482.58 0.00 -213.97
v 485.02 0.00 -215.23
v 485.87 0.00 -213.62
v 489.17 0.00 -215.33
v 488.33 0.00 -216.95
v 490.41 0.00 -218.03
v 491.57 0.00 -225.82
v 501.07 0.00 -230.74
v 502.79 0.00 -239.29
v 485.84 0.00 -271.57
v 472.56 0.00 -275.89
v 469.41 0.00 -281.88
v 463.51 0.00 -283.69
v 459.14 0.00 -281.42
v 457.34 0.00 -284.85
v 447.85 0.00 -279.94
v 449.66 0.00 -276.50
v 444.86 9.60 -274.03
v 443.03 9.60 -268.23
v 446.14 9.60 -262.31
v 441.63 9.60 -248.68
v 458.59 9.60 -216.40
v 467.70 9.60 -213.46
v 475.77 9.60 -217.64
v 482.58 9.60 -213.97
v 485.02 9.60 -215.23
v 485.87 9.60 -213.62
v 489.17 9.60 -215.33
v 488.33 9.60 -216.95
v 490.41 9.60 -218.03
v 491.57 9.60 -225.82
v 501.07 9.60 -230.74
v 502.79 9.60 -239.29
v 485.84 9.60 -271.57
v 472.56 9.60 -275.89
v 469.41 9.60 -281.88
v 463.51 9.60 -283.69
v 459.14 9.60 -281.42
v 457.34 9.60 -284.85
v 447.85 9.60 -279.94
v 449.66 9.60 -276.50
f 2931 2932 2956
f 2931 2956 2955
f 2932 2933 2957
f 2932 2957 2956
f 2933 2934 2958
f 2933 2958 2957
f 2934 2935 2959
f 2934 2959 2958
f 2935 2936 2960
f 2935 2960 2959
f 2936 2937 2961
f 2936 2961 2960
f 2937 2938 2962
f 2937 2962 2961
f 2938 2939 2963
f 2938 2963 2962
f 2939 2940 2964
f 2939 2964 2963
f 2940 2941 2965
f 2940 2965 2964
f 2941 2942 2966
f 2941 2966 2965
f 2942 2943 2967
f 2942 2967 2966
f 2943 2944 2968
f 2943 2968 2967
f 2944 2945 2969
f 2944 2969 2968
f 2945 2946 2970
f 2945 2970 2969
f 2946 2947 2971
f 2946 2971 2970
f 2947 2948 2972
f 2947 2972 2971
f 2948 2949 2973
f 2948 2973 2972
f 2949 2950 2974
f 2949 2974 2973
f 2950 2951 2975
f 2950 2975 2974
f 2951 2952 2976
f 2951 2976 2975
f 2952 2953 2977
f 2952 2977 2976
f 2953 2954 2978
f 2953 2978 2977
f 2954 2931 2955
f 2954 2955 2978
f 2978 2955 2956
f 2957 2958 2959
f 2959 2960 2961
f 2961 2962 2963
f 2963 2964 2965
f 2966 2967 2968
f 2968 2969 2970
f 2970 2971 2972
f 2972 2973 2974
f 2975 2976 2977
f 2978 2956 2957
f 2957 2959 2961
f 2961 2963 2965
f 2968 2970 2972
f 2972 2974 2975
f 2975 2977 2978
f 2978 2957 2961
f 2961 2965 2966
f 2966 2968 2972
f 2972 2975 2978
f 2978 2961 2966
f 2966 2972 2978
o b328644613_office
v 285.14 0.00 -153.09
v 294.56 0.00 -150.07
v 292.49 0.00 -143.71
v 339.85 0.00 -128.55
v 341.92 0.00 -134.89
v 360.70 0.00 -128.88
v 370.12 0.00 -157.87
v 335.97 0.00 -168.82
v 334.74 0.00 -165.03
v 293.33 0.00 -178.29
v 285.14 32.00 -153.09
v 294.56 32.00 -150.07
v 292.49 32.00 -143.71
v 339.85 32.00 -128.55
v 341.92 32.00 -134.89
v 360.70 32.00 -128.88
v 370.12 32.00 -157.87
v 335.97 32.00 -168.82
v 334.74 32.00 -165.03
v 293.33 32.00 -178.29
f 2979 2980 2990
f 2979 2990 2989
f 2980 2981 2991
f 2980 2991 2990
f 2981 2982 2992
f 2981 2992 2991
f 2982 2983 2993
f 2982 2993 2992
f 2983 2984 2994
f 2983 2994 2993
f 2984 2985 2995
f 2984 2995 2994
f 2985 2986 2996
f 2985 2996 2995
f 2986 2987 2997
f 2986 2997 2996
f 2987 2988 2998
f 2987 2998 2997
f 2988 2979 2989
f 2988 2989 2998
f 2997 2998 2989
f 2990 2991 2992
f 2993 2994 2995
f 2995 2996 2997
f 2997 2989 2990
f 2990 2992 2993
f 2993 2995 2997
f 2997 2990 2993
o b328644614_civic
v 265.81 0.00 -39.10
v 272.27 0.00 -58.96
v 307.57 0.00 -47.65
v 305.14 0.00 -40.20
v 295.91 0.00 -43.15
v 291.75 0.00 -30.32
v 329.11 0.00 -18.35
v 340.88 0.00 -54.56
v 327.51 0.00 -58.84
v 329.05 0.00 -63.60
v 316.19 0.00 -67.73
v 314.64 0.00 -62.96
v 264.78 0.00 -78.95
v 263.08 0.00 -73.72
v 259.58 0.00 -74.85
v 257.42 0.00 -68.19
v 259.25 0.00 -67.60
v 253.47 0.00 -49.79
v 251.63 0.00 -50.37
v 249.65 0.00 -44.28
v 265.81 14.10 -39.10
v 272.27 14.10 -58.96
v 307.57 14.10 -47.65
v 305.14 14.10 -40.20
v 295.91 14.10 -43.15
v 291.75 14.10 -30.32
v 329.11 14.10 -18.35
v 340.88 14.10 -54.56
v 327.51 14.10 -58.84
v 329.05 14.10 -63.60
v 316.19 14.10 -67.73
v 314.64 14.10 -62.96
v 264.78 14.10 -78.95
v 263.08 14.10 -73.72
v 259.58 14.10 -74.85
v 257.42 14.10 -68.19
v 259.25 14.10 -67.60
v 253.47 14.10 -49.79
v 251.63 14.10 -50.37
v 249.65 14.10 -44.28
f 2999 3000 3020
f 2999 3020 3019
f 3000 3001 3021
f 3000 3021 3020
f 3001 3002 3022
f 3001 3022 3021
f 3002 3003 3023
f 3002 3023 3022
f 3003 3004 3024
f 3003 3024 3023
f 3004 3005 3025
f 3004 3025 3024
f 3005 3006 3026
f 3005 3026 3025
f 3006 3007 3027
f 3006 3027 3026
f 3007 3008 3028
f 3007 3028 3027
f 3008 3009 3029
f 3008 3029 3028
f 3009 3010 3030
f 3009 3030 3029
f 3010 3011 3031
f 3010 3031 3030
f 3011 3012 3032
f 3011 3032 3031
f 3012 3013 3033
f 3012 3033 3032
f 3013 3014 3034
f 3013 3034 3033
f 3014 3015 3035
f 3014 3035 3034
f 3015 3016 3036
f 3015 3036 3035
f 3016 3017 3037
f 3016 3037 3036
f 3017 3018 3038
f 3017 3038 3037
f 3018 2999 3019
f 3018 3019 3038
f 3037 3038 3019
f 3022 3023 3024
f 3024 3025 3026
f 3027 3028 3029
f 3030 3031 3032
f 3032 3033 3034
f 3036 3037 3019
f 3022 3024 3026
f 3027 3029 3030
f 3030 3032 3034
f 3035 3036 3019
f 3021 3022 3026
f 3027 3030 3034
f 3035 3019 3020
f 3020 3021 3026
f 3026 3027 3034
f 3035 3020 3026
f 3026 3034 3035
o b328644615_unknown
v 292.51 0.00 -257.57
v 304.48 0.00 -294.40
v 238.24 0.00 -315.62
v 226.27 0.00 -278.79
v 292.51 75.00 -257.57
v 304.48 75.00 -294.40
v 238.24 75.00 -315.62
v 226.27 75.00 -278.79
f 3039 3040 3044
f 3039 3044 3043
f 3040 3041 3045
f 3040 3045 3044
f 3041 3042 3046
f 3041 3046 3045
f 3042 3039 3043
f 3042 3043 3046
f 3045 3046 3043
f 3043 3044 3045
o b328644616_unknown
v 232.71 0.00 -163.04
v 259.22 0.00 -154.53
v 271.04 0.00 -190.89
v 244.52 0.00 -199.39
v 232.71 8.30 -163.04
v 259.22 8.30 -154.53
v 271.04 8.30 -190.89
v 244.52 8.30 -199.39
f 3047 3048 3052
f 3047 3052 3051
f 3048 3049 3053
f 3048 3053 3052
f 3049 3050 3054
f 3049 3054 3053
f 3050 3047 3051
f 3050 3051 3054
f 3053 3054 3051
f 3051 3052 3053
o b328644617_unknown
v 219.68 0.00 -214.35
v 222.70 0.00 -223.64
v 226.96 0.00 -236.77
v 200.72 0.00 -245.18
v 193.43 0.00 -222.76
v 219.68 9.90 -214.35
v 222.70 9.90 -223.64
v 226.96 9.90 -236.77
v 200.72 9.90 -245.18
v 193.43 9.90 -222.76
f 3055 3056 3061
f 3055 3061 3060
f 3056 3057 3062
f 3056 3062 3061
f 3057 3058 3063
f 3057 3063 3062
f 3058 3059 3064
f 3058 3064 3063
f 3059 3055 3060
f 3059 3060 3064
f 3063 3064 3060
f 3060 3061 3062
f 3062 3063 3060
o b328644618_unknown
v 226.96 0.00 -236.77
v 231.52 0.00 -250.78
v 205.28 0.00 -259.19
v 200.72 0.00 -245.18
v 226.96 5.70 -236.77
v 231.52 5.70 -250.78
v 205.28 5.70 -259.19
v 200.72 5.70 -245.18
f 3065 3066 3070
f 3065 3070 3069
f 3066 3067 3071
f 3066 3071 3070
f 3067 3068 3072
f 3067 3072 3071
f 3068 3065 3069
f 3068 3069 3072
f 3071 3072 3069
f 3069 3070 3071
o b328644619_unknown
v 523.25 0.00 -307.44
v 557.29 0.00 -296.55
v 563.36 0.00 -315.22
v 529.31 0.00 -326.12
v 523.25 8.50 -307.44
v 557.29 8.50 -296.55
v 563.36 8.50 -315.22
v 529.31 8.50 -326.12
f 3073 3074 3078
f 3073 3078 3077
f 3074 3075 3079
f 3074 3079 3078
f 3075 3076 3080
f 3075 3080 3079
f 3076 3073 3077
f 3076 3077 3080
f 3079 3080 3077
f 3077 3078 3079
o b328644620_unknown
v 410.90 0.00 -333.34
v 422.78 0.00 -369.90
v 407.78 0.00 -374.71
v 395.90 0.00 -338.15
v 410.90 6.40 -333.34
v 422.78 6.40 -369.90
v 407.78 6.40 -374.71
v 395.90 6.40 -338.15
f 3081 3082 3086
f 3081 3086 3085
f 3082 3083 3087
f 3082 3087 3086
f 3083 3084 3088
f 3083 3088 3087
f 3084 3081 3085
f 3084 3085 3088
f 3087 3088 3085
f 3085 3086 3087
o b328644621_unknown
v 364.02 0.00 -204.01
v 365.53 0.00 -208.64
v 366.77 0.00 -212.47
v 371.36 0.00 -226.58
v 373.10 0.00 -231.95
v 376.00 0.00 -240.87
v 394.12 0.00 -297.12
v 344.58 0.00 -312.84
v 341.46 0.00 -314.17
v 330.24 0.00 -279.64
v 325.93 0.00 -281.01
v 318.46 0.00 -258.02
v 322.77 0.00 -256.64
v 319.92 0.00 -247.87
v 312.81 0.00 -226.00
v 311.16 0.00 -220.95
v 364.02 9.60 -204.01
v 365.53 9.60 -208.64
v 366.77 9.60 -212.47
v 371.36 9.60 -226.58
v 373.10 9.60 -231.95
v 376.00 9.60 -240.87
v 394.12 9.60 -297.12
v 344.58 9.60 -312.84
v 341.46 9.60 -314.17
v 330.24 9.60 -279.64
v 325.93 9.60 -281.01
v 318.46 9.60 -258.02
v 322.77 9.60 -256.64
v 319.92 9.60 -247.87
v 312.81 9.60 -226.00
v 311.16 9.60 -220.95
f 3089 3090 3106
f 3089 3106 3105
f 3090 3091 3107
f 3090 3107 3106
f 3091 3092 3108
f 3091 3108 3107
f 3092 3093 3109
f 3092 3109 3108
f 3093 3094 3110
f 3093 3110 3109
f 3094 3095 3111
f 3094 3111 3110
f 3095 3096 3112
f 3095 3112 3111
f 3096 3097 3113
f 3096 3113 3112
f 3097 3098 3114
f 3097 3114 3113
f 3098 3099 3115
f 3098 3115 3114
f 3099 3100 3116
f 3099 3116 3115
f 3100 3101 3117
f 3100 3117 3116
f 3101 3102 3118
f 3101 3118 3117
f 3102 3103 3119
f 3102 3119 3118
f 3103 3104 3120
f 3103 3120 3119
f 3104 3089 3105
f 3104 3105 3120
f 3119 3120 3105
f 3105 3106 3107
f 3107 3108 3109
f 3109 3110 3111
f 3112 3113 3114
f 3114 3115 3116
f 3118 3119 3105
f 3105 3107 3109
f 3109 3111 3112
f 3114 3116 3117
f 3117 3118 3105
f 3105 3109 3112
f 3112 3114 3117
f 3117 3105 3112
o b328644622_unknown
v 273.35 0.00 -197.15
v 283.58 0.00 -228.63
v 280.92 0.00 -229.48
v 282.61 0.00 -234.69
v 266.55 0.00 -239.84
v 264.86 0.00 -234.62
v 256.61 0.00 -237.26
v 246.38 0.00 -205.79
v 273.35 5.30 -197.15
v 283.58 5.30 -228.63
v 280.92 5.30 -229.48
v 282.61 5.30 -234.69
v 266.55 5.30 -239.84
v 264.86 5.30 -234.62
v 256.61 5.30 -237.26
v 246.38 5.30 -205.79
f 3121 3122 3130
f 3121 3130 3129
f 3122 3123 3131
f 3122 3131 3130
f 3123 3124 3132
f 3123 3132 3131
f 3124 3125 3133
f 3124 3133 3132
f 3125 3126 3134
f 3125 3134 3133
f 3126 3127 3135
f 3126 3135 3134
f 3127 3128 3136
f 3127 3136 3135
f 3128 3121 3129
f 3128 3129 3136
f 3135 3136 3129
f 3129 3130 3131
f 3131 3132 3133
f 3134 3135 3129
f 3129 3131 3133
f 3133 3134 3129
o b328644624_office
v 529.04 0.00 -332.58
v 529.79 0.00 -334.90
v 485.79 0.00 -349.00
v 485.03 0.00 -346.68
v 482.95 0.00 -347.34
v 473.19 0.00 -317.31
v 475.27 0.00 -316.64
v 474.64 0.00 -314.67
v 518.63 0.00 -300.58
v 519.28 0.00 -302.55
v 521.43 0.00 -301.85
v 523.25 0.00 -307.44
v 529.31 0.00 -326.12
v 531.19 0.00 -331.89
v 529.04 33.00 -332.58
v 529.79 33.00 -334.90
v 485.79 33.00 -349.00
v 485.03 33.00 -346.68
v 482.95 33.00 -347.34
v 473.19 33.00 -317.31
v 475.27 33.00 -316.64
v 474.64 33.00 -314.67
v 518.63 33.00 -300.58
v 519.28 33.00 -302.55
v 521.43 33.00 -301.85
v 523.25 33.00 -307.44
v 529.31 33.00 -326.12
v 531.19 33.00 -331.89
f 3137 3138 3152
f 3137 3152 3151
f 3138 3139 3153
f 3138 3153 3152
f 3139 3140 3154
f 3139 3154 3153
f 3140 3141 3155
f 3140 3155 3154
f 3141 3142 3156
f 3141 3156 3155
f 3142 3143 3157
f 3142 3157 3156
f 3143 3144 3158
f 3143 3158 3157
f 3144 3145 3159
f 3144 3159 3158
f 3145 3146 3160
f 3145 3160 3159
f 3146 3147 3161
f 3146 3161 3160
f 3147 3148 3162
f 3147 3162 3161
f 3148 3149 3163
f 3148 3163 3162
f 3149 3150 3164
f 3149 3164 3163
f 3150 3137 3151
f 3150 3151 3164
f 3163 3164 3151
f 3151 3152 3153
f 3154 3155 3156
f 3157 3158 3159
f 3160 3161 3162
f 3162 3163 3151
f 3151 3153 3154
f 3154 3156 3157
f 3157 3159 3160
f 3160 3162 3151
f 3151 3154 3157
f 3157 3160 3151
o b328649859_education
v -348.34 0.00 -407.31
v -348.85 0.00 -405.75
v -310.47 0.00 -393.45
v -309.96 0.00 -395.00
v -300.79 0.00 -392.07
v -294.63 0.00 -410.99
v -303.90 0.00 -413.96
v -304.02 0.00 -413.61
v -341.95 0.00 -425.77
v -341.78 0.00 -426.28
v -351.14 0.00 -429.27
v -357.34 0.00 -410.19
v -348.34 6.40 -407.31
v -348.85 6.40 -405.75
v -310.47 6.40 -393.45
v -309.96 6.40 -395.00
v -300.79 6.40 -392.07
v -294.63 6.40 -410.99
v -303.90 6.40 -413.96
v -304.02 6.40 -413.61
v -341.95 6.40 -425.77
v -341.78 6.40 -426.28
v -351.14 6.40 -429.27
v -357.34 6.40 -410.19
f 3165 3166 3178
f 3165 3178 3177
f 3166 3167 3179
f 3166 3179 3178
f 3167 3168 3180
f 3167 3180 3179
f 3168 3169 3181
f 3168 3181 3180
f 3169 3170 3182
f 3169 3182 3181
f 3170 3171 3183
f 3170 3183 3182
f 3171 3172 3184
f 3171 3184 3183
f 3172 3173 3185
f 3172 3185 3184
f 3173 3174 3186
f 3173 3186 3185
f 3174 3175 3187
f 3174 3187 3186
f 3175 3176 3188
f 3175 3188 3187
f 3176 3165 3177
f 3176 3177 3188
f 3187 3188 3177
f 3177 3178 3179
f 3180 3181 3182
f 3182 3183 3184
f 3185 3186 3187
f 3187 3177 3179
f 3180 3182 3184
f 3185 3187 3179
f 3179 3180 3184
f 3184 3185 3179
o b328649866_unknown
v 216.94 0.00 -425.69
v 224.05 0.00 -423.42
v 226.90 0.00 -432.20
v 219.80 0.00 -434.48
v 216.94 7.30 -425.69
v 224.05 7.30 -423.42
v 226.90 7.30 -432.20
v 219.80 7.30 -434.48
f 3189 3190 3194
f 3189 3194 3193
f 3190 3191 3195
f 3190 3195 3194
f 3191 3192 3196
f 3191 3196 3195
f 3192 3189 3193
f 3192 3193 3196
f 3195 3196 3193
f 3193 3194 3195
o b328649869_unknown
v 207.82 0.00 -397.62
v 219.80 0.00 -434.48
v 188.22 0.00 -444.59
v 176.25 0.00 -407.74
v 207.82 6.50 -397.62
v 219.80 6.50 -434.48
v 188.22 6.50 -444.59
v 176.25 6.50 -407.74
f 3197 3198 3202
f 3197 3202 3201
f 3198 3199 3203
f 3198 3203 3202
f 3199 3200 3204
f 3199 3204 3203
f 3200 3197 3201
f 3200 3201 3204
f 3203 3204 3201
f 3201 3202 3203
o b328649870_office
v 382.02 0.00 -391.28
v 392.57 0.00 -426.84
v 374.44 0.00 -432.61
v 362.69 0.00 -396.44
v 382.02 10.00 -391.28
v 392.57 10.00 -426.84
v 374.44 10.00 -432.61
v 362.69 10.00 -396.44
f 3205 3206 3210
f 3205 3210 3209
f 3206 3207 3211
f 3206 3211 3210
f 3207 3208 3212
f 3207 3212 3211
f 3208 3205 3209
f 3208 3209 3212
f 3211 3212 3209
f 3209 3210 3211
o b328649871_unknown
v 174.38 0.00 -423.01
v 182.17 0.00 -446.98
v 135.33 0.00 -461.99
v 127.55 0.00 -438.01
v 174.38 32.00 -423.01
v 182.17 32.00 -446.98
v 135.33 32.00 -461.99
v 127.55 32.00 -438.01
f 3213 3214 3218
f 3213 3218 3217
f 3214 3215 3219
f 3214 3219 3218
f 3215 3216 3220
f 3215 3220 3219
f 3216 3213 3217
f 3216 3217 3220
f 3219 3220 3217
f 3217 3218 3219
o b328649873_unknown
v -379.16 0.00 -361.66
v -309.94 0.00 -339.49
v -299.37 0.00 -371.06
v -368.78 0.00 -393.16
v -379.16 12.80 -361.66
v -309.94 12.80 -339.49
v -299.37 12.80 -371.06
v -368.78 12.80 -393.16
f 3221 3222 3226
f 3221 3226 3225
f 3222 3223 3227
f 3222 3227 3226
f 3223 3224 3228
f 3223 3228 3227
f 3224 3221 3225
f 3224 3225 3228
f 3227 3228 3225
f 3225 3226 3227
o b328649874_unknown
v 541.81 0.00 -409.26
v 556.04 0.00 -453.04
v 541.46 0.00 -457.70
v 527.23 0.00 -413.94
v 541.81 6.00 -409.26
v 556.04 6.00 -453.04
v 541.46 6.00 -457.70
v 527.23 6.00 -413.94
f 3229 3230 3234
f 3229 3234 3233
f 3230 3231 3235
f 3230 3235 3234
f 3231 3232 3236
f 3231 3236 3235
f 3232 3229 3233
f 3232 3233 3236
f 3235 3236 3233
f 3233 3234 3235
o b328649877_unknown
v -417.31 0.00 -419.71
v -395.45 0.00 -412.62
v -383.17 0.00 -450.16
v -405.12 0.00 -457.19
v -417.31 19.20 -419.71
v -395.45 19.20 -412.62
v -383.17 19.20 -450.16
v -405.12 19.20 -457.19
f 3237 3238 3242
f 3237 3242 3241
f 3238 3239 3243
f 3238 3243 3242
f 3239 3240 3244
f 3239 3244 3243
f 3240 3237 3241
f 3240 3241 3244
f 3243 3244 3241
f 3241 3242 3243
o b328649878_unknown
v -434.07 0.00 -466.48
v -442.40 0.00 -469.14
v -454.58 0.00 -431.65
v -448.33 0.00 -429.77
v -417.31 0.00 -419.71
v -405.12 0.00 -457.19
v -434.07 11.30 -466.48
v -442.40 11.30 -469.14
v -454.58 11.30 -431.65
v -448.33 11.30 -429.77
v -417.31 11.30 -419.71
v -405.12 11.30 -457.19
f 3245 3246 3252
f 3245 3252 3251
f 3246 3247 3253
f 3246 3253 3252
f 3247 3248 3254
f 3247 3254 3253
f 3248 3249 3255
f 3248 3255 3254
f 3249 3250 3256
f 3249 3256 3255
f 3250 3245 3251
f 3250 3251 3256
f 3255 3256 3251
f 3251 3252 3253
f 3254 3255 3251
f 3251 3253 3254
o b328649879_unknown
v 123.46 0.00 -425.45
v 170.29 0.00 -410.45
v 174.38 0.00 -423.01
v 127.55 0.00 -438.01
v 123.46 12.00 -425.45
v 170.29 12.00 -410.45
v 174.38 12.00 -423.01
v 127.55 12.00 -438.01
f 3257 3258 3262
f 3257 3262 3261
f 3258 3259 3263
f 3258 3263 3262
f 3259 3260 3264
f 3259 3264 3263
f 3260 3257 3261
f 3260 3261 3264
f 3263 3264 3261
f 3261 3262 3263
o b328649882_unknown
v 207.57 0.00 -396.83
v 222.71 0.00 -391.97
v 232.08 0.00 -420.85
v 216.94 0.00 -425.69
v 207.82 0.00 -397.62
v 207.57 9.50 -396.83
v 222.71 9.50 -391.97
v 232.08 9.50 -420.85
v 216.94 9.50 -425.69
v 207.82 9.50 -397.62
f 3265 3266 3271
f 3265 3271 3270
f 3266 3267 3272
f 3266 3272 3271
f 3267 3268 3273
f 3267 3273 3272
f 3268 3269 3274
f 3268 3274 3273
f 3269 3265 3270
f 3269 3270 3274
f 3273 3274 3270
f 3270 3271 3272
f 3272 3273 3270
o b328649885_unknown
v 475.93 0.00 -18.81
v 527.19 0.00 -2.39
v 537.54 0.00 -34.26
v 486.29 0.00 -50.67
v 478.73 0.00 -46.44
v 472.44 0.00 -27.09
v 475.93 4.70 -18.81
v 527.19 4.70 -2.39
v 537.54 4.70 -34.26
v 486.29 4.70 -50.67
v 478.73 4.70 -46.44
v 472.44 4.70 -27.09
f 3275 3276 3282
f 3275 3282 3281
f 3276 3277 3283
f 3276 3283 3282
f 3277 3278 3284
f 3277 3284 3283
f 3278 3279 3285
f 3278 3285 3284
f 3279 3280 3286
f 3279 3286 3285
f 3280 3275 3281
f 3280 3281 3286
f 3285 3286 3281
f 3281 3282 3283
f 3283 3284 3285
f 3285 3281 3283
o b328649889_civic
v 228.17 0.00 -324.84
v 247.10 0.00 -318.78
v 248.99 0.00 -324.59
v 243.57 0.00 -326.33
v 251.86 0.00 -351.83
v 252.78 0.00 -351.53
v 253.99 0.00 -351.14
v 255.61 0.00 -356.09
v 250.49 0.00 -357.73
v 245.46 0.00 -359.34
v 238.06 0.00 -361.72
v 227.76 0.00 -330.05
v 228.36 0.00 -329.85
v 227.35 0.00 -326.75
v 228.17 16.00 -324.84
v 247.10 16.00 -318.78
v 248.99 16.00 -324.59
v 243.57 16.00 -326.33
v 251.86 16.00 -351.83
v 252.78 16.00 -351.53
v 253.99 16.00 -351.14
v 255.61 16.00 -356.09
v 250.49 16.00 -357.73
v 245.46 16.00 -359.34
v 238.06 16.00 -361.72
v 227.76 16.00 -330.05
v 228.36 16.00 -329.85
v 227.35 16.00 -326.75
f 3287 3288 3302
f 3287 3302 3301
f 3288 3289 3303
f 3288 3303 3302
f 3289 3290 3304
f 3289 3304 3303
f 3290 3291 3305
f 3290 3305 3304
f 3291 3292 3306
f 3291 3306 3305
f 3292 3293 3307
f 3292 3307 3306
f 3293 3294 3308
f 3293 3308 3307
f 3294 3295 3309
f 3294 3309 3308
f 3295 3296 3310
f 3295 3310 3309
f 3296 3297 3311
f 3296 3311 3310
f 3297 3298 3312
f 3297 3312 3311
f 3298 3299 3313
f 3298 3313 3312
f 3299 3300 3314
f 3299 3314 3313
f 3300 3287 3301
f 3300 3301 3314
f 3313 3314 3301
f 3301 3302 3303
f 3305 3306 3307
f 3307 3308 3309
f 3310 3311 3312
f 3313 3301 3303
f 3305 3307 3309
f 3309 3310 3312
f 3312 3313 3303
f 3304 3305 3309
f 3312 3303 3304
f 3304 3309 3312
o b328707704_unknown
v 282.57 0.00 80.53
v 291.85 0.00 83.51
v 296.05 0.00 84.86
v 304.81 0.00 57.96
v 307.86 0.00 58.94
v 308.39 0.00 59.11
v 311.67 0.00 49.05
v 311.24 0.00 48.90
v 294.61 0.00 43.56
v 282.57 7.80 80.53
v 291.85 7.80 83.51
v 296.05 7.80 84.86
v 304.81 7.80 57.96
v 307.86 7.80 58.94
v 308.39 7.80 59.11
v 311.67 7.80 49.05
v 311.24 7.80 48.90
v 294.61 7.80 43.56
f 3315 3316 3325
f 3315 3325 3324
f 3316 3317 3326
f 3316 3326 3325
f 3317 3318 3327
f 3317 3327 3326
f 3318 3319 3328
f 3318 3328 3327
f 3319 3320 3329
f 3319 3329 3328
f 3320 3321 3330
f 3320 3330 3329
f 3321 3322 3331
f 3321 3331 3330
f 3322 3323 3332
f 3322 3332 3331
f 3323 3315 3324
f 3323 3324 3332
f 3331 3332 3324
f 3325 3326 3327
f 3327 3328 3329
f 3329 3330 3331
f 3324 3325 3327
f 3327 3329 3331
f 3331 3324 3327
o b328723688_unknown
v 518.10 0.00 247.33
v 559.13 0.00 260.50
v 572.55 0.00 219.23
v 531.54 0.00 206.08
v 518.10 12.80 247.33
v 559.13 12.80 260.50
v 572.55 12.80 219.23
v 531.54 12.80 206.08
f 3333 3334 3338
f 3333 3338 3337
f 3334 3335 3339
f 3334 3339 3338
f 3335 3336 3340
f 3335 3340 3339
f 3336 3333 3337
f 3336 3337 3340
f 3339 3340 3337
f 3337 3338 3339
o b328723689_unknown
v 487.10 0.00 212.06
v 490.64 0.00 201.19
v 486.65 0.00 199.92
v 485.65 0.00 203.01
v 483.12 0.00 210.79
v 487.10 4.40 212.06
v 490.64 4.40 201.19
v 486.65 4.40 199.92
v 485.65 4.40 203.01
v 483.12 4.40 210.79
f 3341 3342 3347
f 3341 3347 3346
f 3342 3343 3348
f 3342 3348 3347
f 3343 3344 3349
f 3343 3349 3348
f 3344 3345 3350
f 3344 3350 3349
f 3345 3341 3346
f 3345 3346 3350
f 3349 3350 3346
f 3346 3347 3348
f 3348 3349 3346
o b328723691_unknown
v 548.87 0.00 202.81
v 552.14 0.00 192.76
v 538.06 0.00 188.25
v 537.43 0.00 190.21
v 533.94 0.00 189.09
v 534.57 0.00 187.12
v 521.81 0.00 183.03
v 517.28 0.00 185.40
v 515.13 0.00 191.99
v 548.87 11.00 202.81
v 552.14 11.00 192.76
v 538.06 11.00 188.25
v 537.43 11.00 190.21
v 533.94 11.00 189.09
v 534.57 11.00 187.12
v 521.81 11.00 183.03
v 517.28 11.00 185.40
v 515.13 11.00 191.99
f 3351 3352 3361
f 3351 3361 3360
f 3352 3353 3362
f 3352 3362 3361
f 3353 3354 3363
f 3353 3363 3362
f 3354 3355 3364
f 3354 3364 3363
f 3355 3356 3365
f 3355 3365 3364
f 3356 3357 3366
f 3356 3366 3365
f 3357 3358 3367
f 3357 3367 3366
f 3358 3359 3368
f 3358 3368 3367
f 3359 3351 3360
f 3359 3360 3368
f 3367 3368 3360
f 3360 3361 3362
f 3364 3365 3366
f 3366 3367 3360
f 3360 3362 3363
f 3364 3366 3360
f 3360 3363 3364
o b328723692_retail
v 367.57 0.00 296.68
v 363.21 0.00 310.08
v 365.79 0.00 310.90
v 358.84 0.00 332.27
v 369.82 0.00 336.09
v 413.98 0.00 351.54
v 434.52 0.00 357.40
v 458.86 0.00 277.70
v 399.64 0.00 259.81
v 384.46 0.00 253.52
v 379.17 0.00 269.77
v 377.08 0.00 269.10
v 373.03 0.00 281.56
v 375.13 0.00 282.23
v 372.36 0.00 290.74
v 370.16 0.00 297.51
v 367.57 5.90 296.68
v 363.21 5.90 310.08
v 365.79 5.90 310.90
v 358.84 5.90 332.27
v 369.82 5.90 336.09
v 413.98 5.90 351.54
v 434.52 5.90 357.40
v 458.86 5.90 277.70
v 399.64 5.90 259.81
v 384.46 5.90 253.52
v 379.17 5.90 269.77
v 377.08 5.90 269.10
v 373.03 5.90 281.56
v 375.13 5.90 282.23
v 372.36 5.90 290.74
v 370.16 5.90 297.51
f 3369 3370 3386
f 3369 3386 3385
f 3370 3371 3387
f 3370 3387 3386
f 3371 3372 3388
f 3371 3388 3387
f 3372 3373 3389
f 3372 3389 3388
f 3373 3374 3390
f 3373 3390 3389
f 3374 3375 3391
f 3374 3391 3390
f 3375 3376 3392
f 3375 3392 3391
f 3376 3377 3393
f 3376 3393 3392
f 3377 3378 3394
f 3377 3394 3393
f 3378 3379 3395
f 3378 3395 3394
f 3379 3380 3396
f 3379 3396 3395
f 3380 3381 3397
f 3380 3397 3396
f 3381 3382 3398
f 3381 3398 3397
f 3382 3383 3399
f 3382 3399 3398
f 3383 3384 3400
f 3383 3400 3399
f 3384 3369 3385
f 3384 3385 3400
f 3400 3385 3386
f 3387 3388 3389
f 3389 3390 3391
f 3391 3392 3393
f 3393 3394 3395
f 3395 3396 3397
f 3398 3399 3400
f 3400 3386 3387
f 3387 3389 3391
f 3391 3393 3395
f 3395 3397 3398
f 3400 3387 3391
f 3391 3395 3398
f 3398 3400 3391
o b368003367_residential
v 19.29 0.00 -68.83
v 55.17 0.00 -57.69
v 56.16 0.00 -57.43
v 62.72 0.00 -78.34
v 37.86 0.00 -86.02
v 25.85 0.00 -89.74
v 17.43 0.00 -92.35
v 14.16 0.00 -81.69
v 11.61 0.00 -73.51
v 10.91 0.00 -71.36
v 19.29 102.40 -68.83
v 55.17 102.40 -57.69
v 56.16 102.40 -57.43
v 62.72 102.40 -78.34
v 37.86 102.40 -86.02
v 25.85 102.40 -89.74
v 17.43 102.40 -92.35
v 14.16 102.40 -81.69
v 11.61 102.40 -73.51
v 10.91 102.40 -71.36
f 3401 3402 3412
f 3401 3412 3411
f 3402 3403 3413
f 3402 3413 3412
f 3403 3404 3414
f 3403 3414 3413
f 3404 3405 3415
f 3404 3415 3414
f 3405 3406 3416
f 3405 3416 3415
f 3406 3407 3417
f 3406 3417 3416
f 3407 3408 3418
f 3407 3418 3417
f 3408 3409 3419
f 3408 3419 3418
f 3409 3410 3420
f 3409 3420 3419
f 3410 3401 3411
f 3410 3411 3420
f 3419 3420 3411
f 3411 3412 3413
f 3413 3414 3415
f 3416 3417 3418
f 3418 3419 3411
f 3411 3413 3415
f 3415 3416 3418
f 3418 3411 3415
o b379165884_office
v 498.12 0.00 -456.64
v 493.41 0.00 -441.61
v 492.84 0.00 -441.83
v 490.24 0.00 -433.54
v 490.63 0.00 -433.43
v 487.84 0.00 -424.36
v 500.72 0.00 -420.38
v 505.53 0.00 -435.97
v 503.89 0.00 -436.52
v 509.09 0.00 -453.32
v 498.12 7.50 -456.64
v 493.41 7.50 -441.61
v 492.84 7.50 -441.83
v 490.24 7.50 -433.54
v 490.63 7.50 -433.43
v 487.84 7.50 -424.36
v 500.72 7.50 -420.38
v 505.53 7.50 -435.97
v 503.89 7.50 -436.52
v 509.09 7.50 -453.32
f 3421 3422 3432
f 3421 3432 3431
f 3422 3423 3433
f 3422 3433 3432
f 3423 3424 3434
f 3423 3434 3433
f 3424 3425 3435
f 3424 3435 3434
f 3425 3426 3436
f 3425 3436 3435
f 3426 3427 3437
f 3426 3437 3436
f 3427 3428 3438
f 3427 3438 3437
f 3428 3429 3439
f 3428 3439 3438
f 3429 3430 3440
f 3429 3440 3439
f 3430 3421 3431
f 3430 3431 3440
f 3439 3440 3431
f 3432 3433 3434
f 3435 3436 3437
f 3437 3438 3439
f 3439 3431 3432
f 3432 3434 3435
f 3435 3437 3439
f 3439 3432 3435
o b379165895_unknown
v -197.10 0.00 -453.55
v -218.34 0.00 -460.40
v -229.59 0.00 -425.58
v -208.35 0.00 -418.73
v -197.10 6.80 -453.55
v -218.34 6.80 -460.40
v -229.59 6.80 -425.58
v -208.35 6.80 -418.73
f 3441 3442 3446
f 3441 3446 3445
f 3442 3443 3447
f 3442 3447 3446
f 3443 3444 3448
f 3443 3448 3447
f 3444 3441 3445
f 3444 3445 3448
f 3447 3448 3445
f 3445 3446 3447
o b379165897_unknown
v -375.06 0.00 -263.53
v -370.64 0.00 -277.23
v -369.48 0.00 -276.79
v -366.98 0.00 -284.97
v -377.08 0.00 -288.29
v -377.37 0.00 -287.29
v -378.23 0.00 -287.63
v -379.77 0.00 -282.98
v -376.89 0.00 -282.10
v -377.85 0.00 -279.33
v -380.25 0.00 -280.11
v -381.69 0.00 -275.58
v -382.66 0.00 -275.80
v -383.81 0.00 -272.26
v -384.96 0.00 -272.59
v -386.69 0.00 -267.18
v -380.64 0.00 -265.30
v -375.06 14.50 -263.53
v -370.64 14.50 -277.23
v -369.48 14.50 -276.79
v -366.98 14.50 -284.97
v -377.08 14.50 -288.29
v -377.37 14.50 -287.29
v -378.23 14.50 -287.63
v -379.77 14.50 -282.98
v -376.89 14.50 -282.10
v -377.85 14.50 -279.33
v -380.25 14.50 -280.11
v -381.69 14.50 -275.58
v -382.66 14.50 -275.80
v -383.81 14.50 -272.26
v -384.96 14.50 -272.59
v -386.69 14.50 -267.18
v -380.64 14.50 -265.30
f 3449 3450 3467
f 3449 3467 3466
f 3450 3451 3468
f 3450 3468 3467
f 3451 3452 3469
f 3451 3469 3468
f 3452 3453 3470
f 3452 3470 3469
f 3453 3454 3471
f 3453 3471 3470
f 3454 3455 3472
f 3454 3472 3471
f 3455 3456 3473
f 3455 3473 3472
f 3456 3457 3474
f 3456 3474 3473
f 3457 3458 3475
f 3457 3475 3474
f 3458 3459 3476
f 3458 3476 3475
f 3459 3460 3477
f 3459 3477 3476
f 3460 3461 3478
f 3460 3478 3477
f 3461 3462 3479
f 3461 3479 3478
f 3462 3463 3480
f 3462 3480 3479
f 3463 3464 3481
f 3463 3481 3480
f 3464 3465 3482
f 3464 3482 3481
f 3465 3449 3466
f 3465 3466 3482
f 3482 3466 3467
f 3467 3468 3469
f 3469 3470 3471
f 3471 3472 3473
f 3475 3476 3477
f 3477 3478 3479
f 3479 3480 3481
f 3481 3482 3467
f 3467 3469 3471
f 3471 3473 3474
f 3475 3477 3479
f 3479 3481 3467
f 3467 3471 3474
f 3475 3479 3467
f 3467 3474 3475
o b379165899_unknown
v -388.04 0.00 -287.07
v -393.62 0.00 -288.84
v -391.50 0.00 -295.25
v -404.00 0.00 -299.34
v -405.63 0.00 -294.37
v -408.04 0.00 -295.25
v -409.96 0.00 -289.39
v -406.02 0.00 -288.07
v -407.27 0.00 -284.31
v -410.34 0.00 -285.30
v -411.50 0.00 -281.77
v -413.23 0.00 -282.32
v -414.77 0.00 -277.46
v -413.13 0.00 -276.90
v -415.25 0.00 -270.27
v -411.31 0.00 -268.94
v -410.54 0.00 -271.49
v -404.29 0.00 -269.39
v -403.52 0.00 -271.49
v -397.46 0.00 -269.50
v -393.14 0.00 -282.43
v -386.79 0.00 -280.33
v -385.64 0.00 -283.98
v -388.71 0.00 -284.97
v -388.23 0.00 -286.41
v -388.04 11.30 -287.07
v -393.62 11.30 -288.84
v -391.50 11.30 -295.25
v -404.00 11.30 -299.34
v -405.63 11.30 -294.37
v -408.04 11.30 -295.25
v -409.96 11.30 -289.39
v -406.02 11.30 -288.07
v -407.27 11.30 -284.31
v -410.34 11.30 -285.30
v -411.50 11.30 -281.77
v -413.23 11.30 -282.32
v -414.77 11.30 -277.46
v -413.13 11.30 -276.90
v -415.25 11.30 -270.27
v -411.31 11.30 -268.94
v -410.54 11.30 -271.49
v -404.29 11.30 -269.39
v -403.52 11.30 -271.49
v -397.46 11.30 -269.50
v -393.14 11.30 -282.43
v -386.79 11.30 -280.33
v -385.64 11.30 -283.98
v -388.71 11.30 -284.97
v -388.23 11.30 -286.41
f 3483 3484 3509
f 3483 3509 3508
f 3484 3485 3510
f 3484 3510 3509
f 3485 3486 3511
f 3485 3511 3510
f 3486 3487 3512
f 3486 3512 3511
f 3487 3488 3513
f 3487 3513 3512
f 3488 3489 3514
f 3488 3514 3513
f 3489 3490 3515
f 3489 3515 3514
f 3490 3491 3516
f 3490 3516 3515
f 3491 3492 3517
f 3491 3517 3516
f 3492 3493 3518
f 3492 3518 3517
f 3493 3494 3519
f 3493 3519 3518
f 3494 3495 3520
f 3494 3520 3519
f 3495 3496 3521
f 3495 3521 3520
f 3496 3497 3522
f 3496 3522 3521
f 3497 3498 3523
f 3497 3523 3522
f 3498 3499 3524
f 3498 3524 3523
f 3499 3500 3525
f 3499 3525 3524
f 3500 3501 3526
f 3500 3526 3525
f 3501 3502 3527
f 3501 3527 3526
f 3502 3503 3528
f 3502 3528 3527
f 3503 3504 3529
f 3503 3529 3528
f 3504 3505 3530
f 3504 3530 3529
f 3505 3506 3531
f 3505 3531 3530
f 3506 3507 3532
f 3506 3532 3531
f 3507 3483 3508
f 3507 3508 3532
f 3531 3532 3508
f 3509 3510 3511
f 3512 3513 3514
f 3516 3517 3518
f 3518 3519 3520
f 3521 3522 3523
f 3524 3525 3526
f 3526 3527 3528
f 3528 3529 3530
f 3531 3508 3509
f 3509 3511 3512
f 3512 3514 3515
f 3516 3518 3520
f 3521 3523 3524
f 3524 3526 3528
f 3528 3530 3531
f 3531 3509 3512
f 3516 3520 3521
f 3521 3524 3528
f 3528 3531 3512
f 3516 3521 3528
f 3528 3512 3515
f 3515 3516 3528
o b379165902_civic
v 348.11 0.00 244.40
v 347.49 0.00 246.37
v 342.17 0.00 244.70
v 339.10 0.00 254.33
v 346.25 0.00 256.57
v 344.49 0.00 262.12
v 345.79 0.00 262.53
v 344.59 0.00 266.31
v 348.96 0.00 267.68
v 351.41 0.00 259.96
v 347.69 0.00 258.79
v 348.10 0.00 257.49
v 352.72 0.00 258.94
v 355.93 0.00 248.87
v 350.88 0.00 247.29
v 351.47 0.00 245.45
v 348.11 7.50 244.40
v 347.49 7.50 246.37
v 342.17 7.50 244.70
v 339.10 7.50 254.33
v 346.25 7.50 256.57
v 344.49 7.50 262.12
v 345.79 7.50 262.53
v 344.59 7.50 266.31
v 348.96 7.50 267.68
v 351.41 7.50 259.96
v 347.69 7.50 258.79
v 348.10 7.50 257.49
v 352.72 7.50 258.94
v 355.93 7.50 248.87
v 350.88 7.50 247.29
v 351.47 7.50 245.45
f 3533 3534 3550
f 3533 3550 3549
f 3534 3535 3551
f 3534 3551 3550
f 3535 3536 3552
f 3535 3552 3551
f 3536 3537 3553
f 3536 3553 3552
f 3537 3538 3554
f 3537 3554 3553
f 3538 3539 3555
f 3538 3555 3554
f 3539 3540 3556
f 3539 3556 3555
f 3540 3541 3557
f 3540 3557 3556
f 3541 3542 3558
f 3541 3558 3557
f 3542 3543 3559
f 3542 3559 3558
f 3543 3544 3560
f 3543 3560 3559
f 3544 3545 3561
f 3544 3561 3560
f 3545 3546 3562
f 3545 3562 3561
f 3546 3547 3563
f 3546 3563 3562
f 3547 3548 3564
f 3547 3564 3563
f 3548 3533 3549
f 3548 3549 3564
f 3563 3564 3549
f 3550 3551 3552
f 3553 3554 3555
f 3555 3556 3557
f 3557 3558 3559
f 3560 3561 3562
f 3563 3549 3550
f 3550 3552 3553
f 3553 3555 3557
f 3560 3562 3563
f 3563 3550 3553
f 3553 3557 3559
f 3559 3560 3563
f 3563 3553 3559
o b379165907_unknown
v -465.63 0.00 -314.04
v -467.17 0.00 -308.96
v -464.96 0.00 -308.30
v -471.69 0.00 -285.97
v -462.55 0.00 -283.31
v -456.01 0.00 -305.20
v -453.80 0.00 -304.65
v -452.26 0.00 -309.95
v -465.63 8.30 -314.04
v -467.17 8.30 -308.96
v -464.96 8.30 -308.30
v -471.69 8.30 -285.97
v -462.55 8.30 -283.31
v -456.01 8.30 -305.20
v -453.80 8.30 -304.65
v -452.26 8.30 -309.95
f 3565 3566 3574
f 3565 3574 3573
f 3566 3567 3575
f 3566 3575 3574
f 3567 3568 3576
f 3567 3576 3575
f 3568 3569 3577
f 3568 3577 3576
f 3569 3570 3578
f 3569 3578 3577
f 3570 3571 3579
f 3570 3579 3578
f 3571 3572 3580
f 3571 3580 3579
f 3572 3565 3573
f 3572 3573 3580
f 3579 3580 3573
f 3573 3574 3575
f 3575 3576 3577
f 3578 3579 3573
f 3575 3577 3578
f 3578 3573 3575
o b379165911_unknown
v -477.65 0.00 -284.53
v -469.09 0.00 -312.94
v -467.45 0.00 -312.39
v -464.96 0.00 -320.12
v -474.09 0.00 -323.22
v -485.91 0.00 -289.06
v -482.55 0.00 -287.85
v -483.03 0.00 -286.30
v -480.72 0.00 -285.52
v -477.65 9.00 -284.53
v -469.09 9.00 -312.94
v -467.45 9.00 -312.39
v -464.96 9.00 -320.12
v -474.09 9.00 -323.22
v -485.91 9.00 -289.06
v -482.55 9.00 -287.85
v -483.03 9.00 -286.30
v -480.72 9.00 -285.52
f 3581 3582 3591
f 3581 3591 3590
f 3582 3583 3592
f 3582 3592 3591
f 3583 3584 3593
f 3583 3593 3592
f 3584 3585 3594
f 3584 3594 3593
f 3585 3586 3595
f 3585 3595 3594
f 3586 3587 3596
f 3586 3596 3595
f 3587 3588 3597
f 3587 3597 3596
f 3588 3589 3598
f 3588 3598 3597
f 3589 3581 3590
f 3589 3590 3598
f 3597 3598 3590
f 3591 3592 3593
f 3593 3594 3595
f 3596 3597 3590
f 3591 3593 3595
f 3596 3590 3591
f 3591 3595 3596
o b379165912_unknown
v -425.06 0.00 -392.42
v -440.92 0.00 -397.72
v -443.51 0.00 -390.32
v -427.65 0.00 -385.01
v -427.07 0.00 -386.56
v -425.06 15.00 -392.42
v -440.92 15.00 -397.72
v -443.51 15.00 -390.32
v -427.65 15.00 -385.01
v -427.07 15.00 -386.56
f 3599 3600 3605
f 3599 3605 3604
f 3600 3601 3606
f 3600 3606 3605
f 3601 3602 3607
f 3601 3607 3606
f 3602 3603 3608
f 3602 3608 3607
f 3603 3599 3604
f 3603 3604 3608
f 3607 3608 3604
f 3604 3605 3606
f 3606 3607 3604
o b379165915_unknown
v -518.32 0.00 -251.26
v -518.70 0.00 -250.04
v -519.37 0.00 -250.26
v -521.30 0.00 -244.07
v -516.30 0.00 -242.52
v -510.43 0.00 -260.10
v -510.72 0.00 -261.43
v -510.24 0.00 -262.97
v -514.37 0.00 -264.30
v -514.76 0.00 -263.20
v -517.16 0.00 -263.97
v -521.01 0.00 -252.14
v -519.28 0.00 -251.59
v -518.32 7.90 -251.26
v -518.70 7.90 -250.04
v -519.37 7.90 -250.26
v -521.30 7.90 -244.07
v -516.30 7.90 -242.52
v -510.43 7.90 -260.10
v -510.72 7.90 -261.43
v -510.24 7.90 -262.97
v -514.37 7.90 -264.30
v -514.76 7.90 -263.20
v -517.16 7.90 -263.97
v -521.01 7.90 -252.14
v -519.28 7.90 -251.59
f 3609 3610 3623
f 3609 3623 3622
f 3610 3611 3624
f 3610 3624 3623
f 3611 3612 3625
f 3611 3625 3624
f 3612 3613 3626
f 3612 3626 3625
f 3613 3614 3627
f 3613 3627 3626
f 3614 3615 3628
f 3614 3628 3627
f 3615 3616 3629
f 3615 3629 3628
f 3616 3617 3630
f 3616 3630 3629
f 3617 3618 3631
f 3617 3631 3630
f 3618 3619 3632
f 3618 3632 3631
f 3619 3620 3633
f 3619 3633 3632
f 3620 3621 3634
f 3620 3634 3633
f 3621 3609 3622
f 3621 3622 3634
f 3623 3624 3625
f 3625 3626 3627
f 3628 3629 3630
f 3631 3632 3633
f 3623 3625 3627
f 3627 3628 3630
f 3631 3633 3634
f 3622 3623 3627
f 3627 3630 3631
f 3631 3634 3622
f 3622 3627 3631
o b379165919_unknown
v -423.23 0.00 -335.16
v -422.36 0.00 -337.70
v -420.63 0.00 -337.15
v -417.46 0.00 -346.54
v -451.30 0.00 -357.82
v -453.42 0.00 -351.41
v -454.28 0.00 -351.74
v -454.38 0.00 -348.31
v -453.99 0.00 -347.76
v -454.57 0.00 -327.97
v -439.86 0.00 -323.11
v -442.07 0.00 -339.58
v -438.71 0.00 -340.24
v -431.59 0.00 -337.92
v -423.23 25.30 -335.16
v -422.36 25.30 -337.70
v -420.63 25.30 -337.15
v -417.46 25.30 -346.54
v -451.30 25.30 -357.82
v -453.42 25.30 -351.41
v -454.28 25.30 -351.74
v -454.38 25.30 -348.31
v -453.99 25.30 -347.76
v -454.57 25.30 -327.97
v -439.86 25.30 -323.11
v -442.07 25.30 -339.58
v -438.71 25.30 -340.24
v -431.59 25.30 -337.92
f 3635 3636 3650
f 3635 3650 3649
f 3636 3637 3651
f 3636 3651 3650
f 3637 3638 3652
f 3637 3652 3651
f 3638 3639 3653
f 3638 3653 3652
f 3639 3640 3654
f 3639 3654 3653
f 3640 3641 3655
f 3640 3655 3654
f 3641 3642 3656
f 3641 3656 3655
f 3642 3643 3657
f 3642 3657 3656
f 3643 3644 3658
f 3643 3658 3657
f 3644 3645 3659
f 3644 3659 3658
f 3645 3646 3660
f 3645 3660 3659
f 3646 3647 3661
f 3646 3661 3660
f 3647 3648 3662
f 3647 3662 3661
f 3648 3635 3649
f 3648 3649 3662
f 3662 3649 3650
f 3650 3651 3652
f 3652 3653 3654
f 3654 3655 3656
f 3657 3658 3659
f 3661 3662 3650
f 3650 3652 3654
f 3654 3656 3657
f 3657 3659 3660
f 3661 3650 3654
f 3654 3657 3660
f 3660 3661 3654
o b379165923_unknown
v -504.09 0.00 -437.19
v -511.49 0.00 -439.62
v -513.41 0.00 -433.65
v -520.43 0.00 -435.97
v -522.83 0.00 -433.21
v -523.12 0.00 -432.43
v -522.64 0.00 -429.45
v -528.31 0.00 -411.76
v -513.80 0.00 -407.12
v -505.62 0.00 -432.43
v -504.09 15.00 -437.19
v -511.49 15.00 -439.62
v -513.41 15.00 -433.65
v -520.43 15.00 -435.97
v -522.83 15.00 -433.21
v -523.12 15.00 -432.43
v -522.64 15.00 -429.45
v -528.31 15.00 -411.76
v -513.80 15.00 -407.12
v -505.62 15.00 -432.43
f 3663 3664 3674
f 3663 3674 3673
f 3664 3665 3675
f 3664 3675 3674
f 3665 3666 3676
f 3665 3676 3675
f 3666 3667 3677
f 3666 3677 3676
f 3667 3668 3678
f 3667 3678 3677
f 3668 3669 3679
f 3668 3679 3678
f 3669 3670 3680
f 3669 3680 3679
f 3670 3671 3681
f 3670 3681 3680
f 3671 3672 3682
f 3671 3682 3681
f 3672 3663 3673
f 3672 3673 3682
f 3681 3682 3673
f 3673 3674 3675
f 3675 3676 3677
f 3677 3678 3679
f 3679 3680 3681
f 3681 3673 3675
f 3675 3677 3679
f 3679 3681 3675
o b379165965_unknown
v -367.27 0.00 -212.57
v -371.41 0.00 -199.41
v -352.75 0.00 -193.67
v -348.72 0.00 -206.82
v -367.27 9.50 -212.57
v -371.41 9.50 -199.41
v -352.75 9.50 -193.67
v -348.72 9.50 -206.82
f 3683 3684 3688
f 3683 3688 3687
f 3684 3685 3689
f 3684 3689 3688
f 3685 3686 3690
f 3685 3690 3689
f 3686 3683 3687
f 3686 3687 3690
f 3689 3690 3687
f 3687 3688 3689
o b379165969_unknown
v -339.29 0.00 -269.28
v -339.01 0.00 -269.83
v -342.56 0.00 -271.27
v -342.37 0.00 -271.82
v -345.93 0.00 -273.37
v -345.74 0.00 -273.81
v -353.04 0.00 -276.79
v -355.25 0.00 -271.49
v -356.70 0.00 -272.04
v -359.39 0.00 -265.63
v -357.56 0.00 -264.85
v -358.33 0.00 -262.97
v -359.00 0.00 -263.20
v -359.39 0.00 -262.20
v -358.72 0.00 -261.87
v -359.58 0.00 -259.66
v -359.29 0.00 -259.55
v -359.97 0.00 -258.11
v -357.18 0.00 -257.01
v -356.50 0.00 -255.79
v -355.16 0.00 -255.46
v -353.14 0.00 -256.67
v -344.97 0.00 -253.91
v -343.62 0.00 -254.02
v -342.18 0.00 -255.24
v -339.58 0.00 -262.09
v -339.68 0.00 -262.97
v -340.26 0.00 -263.64
v -339.97 0.00 -264.30
v -339.01 0.00 -264.85
v -338.24 0.00 -267.18
v -338.62 0.00 -268.06
v -339.29 16.40 -269.28
v -339.01 16.40 -269.83
v -342.56 16.40 -271.27
v -342.37 16.40 -271.82
v -345.93 16.40 -273.37
v -345.74 16.40 -273.81
v -353.04 16.40 -276.79
v -355.25 16.40 -271.49
v -356.70 16.40 -272.04
v -359.39 16.40 -265.63
v -357.56 16.40 -264.85
v -358.33 16.40 -262.97
v -359.00 16.40 -263.20
v -359.39 16.40 -262.20
v -358.72 16.40 -261.87
v -359.58 16.40 -259.66
v -359.29 16.40 -259.55
v -359.97 16.40 -258.11
v -357.18 16.40 -257.01
v -356.50 16.40 -255.79
v -355.16 16.40 -255.46
v -353.14 16.40 -256.67
v -344.97 16.40 -253.91
v -343.62 16.40 -254.02
v -342.18 16.40 -255.24
v -339.58 16.40 -262.09
v -339.68 16.40 -262.97
v -340.26 16.40 -263.64
v -339.97 16.40 -264.30
v -339.01 16.40 -264.85
v -338.24 16.40 -267.18
v -338.62 16.40 -268.06
f 3691 3692 3724
f 3691 3724 3723
f 3692 3693 3725
f 3692 3725 3724
f 3693 3694 3726
f 3693 3726 3725
f 3694 3695 3727
f 3694 3727 3726
f 3695 3696 3728
f 3695 3728 3727
f 3696 3697 3729
f 3696 3729 3728
f 3697 3698 3730
f 3697 3730 3729
f 3698 3699 3731
f 3698 3731 3730
f 3699 3700 3732
f 3699 3732 3731
f 3700 3701 3733
f 3700 3733 3732
f 3701 3702 3734
f 3701 3734 3733
f 3702 3703 3735
f 3702 3735 3734
f 3703 3704 3736
f 3703 3736 3735
f 3704 3705 3737
f 3704 3737 3736
f 3705 3706 3738
f 3705 3738 3737
f 3706 3707 3739
f 3706 3739 3738
f 3707 3708 3740
f 3707 3740 3739
f 3708 3709 3741
f 3708 3741 3740
f 3709 3710 3742
f 3709 3742 3741
f 3710 3711 3743
f 3710 3743 3742
f 3711 3712 3744
f 3711 3744 3743
f 3712 3713 3745
f 3712 3745 3744
f 3713 3714 3746
f 3713 3746 3745
f 3714 3715 3747
f 3714 3747 3746
f 3715 3716 3748
f 3715 3748 3747
f 3716 3717 3749
f 3716 3749 3748
f 3717 3718 3750
f 3717 3750 3749
f 3718 3719 3751
f 3718 3751 3750
f 3719 3720 3752
f 3719 3752 3751
f 3720 3721 3753
f 3720 3753 3752
f 3721 3722 3754
f 3721 3754 3753
f 3722 3691 3723
f 3722 3723 3754
f 3753 3754 3723
f 3723 3724 3725
f 3725 3726 3727
f 3727 3728 3729
f 3730 3731 3732
f 3734 3735 3736
f 3737 3738 3739
f 3739 3740 3741
f 3741 3742 3743
f 3744 3745 3746
f 3746 3747 3748
f 3748 3749 3750
f 3751 3752 3753
f 3753 3723 3725
f 3725 3727 3729
f 3730 3732 3733
f 3734 3736 3737
f 3737 3739 3741
f 3741 3743 3744
f 3744 3746 3748
f 3751 3753 3725
f 3725 3729 3730
f 3733 3734 3737
f 3737 3741 3744
f 3744 3748 3750
f 3750 3751 3725
f 3725 3730 3733
f 3733 3737 3744
f 3744 3750 3725
f 3725 3733 3744
o b379165974_unknown
v -437.99 0.00 -275.90
v -442.41 0.00 -277.00
v -442.12 0.00 -278.22
v -452.50 0.00 -281.64
v -453.75 0.00 -277.22
v -457.70 0.00 -278.33
v -459.33 0.00 -272.25
v -454.91 0.00 -271.14
v -455.58 0.00 -268.49
v -445.01 0.00 -265.17
v -444.43 0.00 -267.50
v -440.58 0.00 -266.39
v -439.14 0.00 -271.59
v -437.99 18.50 -275.90
v -442.41 18.50 -277.00
v -442.12 18.50 -278.22
v -452.50 18.50 -281.64
v -453.75 18.50 -277.22
v -457.70 18.50 -278.33
v -459.33 18.50 -272.25
v -454.91 18.50 -271.14
v -455.58 18.50 -268.49
v -445.01 18.50 -265.17
v -444.43 18.50 -267.50
v -440.58 18.50 -266.39
v -439.14 18.50 -271.59
f 3755 3756 3769
f 3755 3769 3768
f 3756 3757 3770
f 3756 3770 3769
f 3757 3758 3771
f 3757 3771 3770
f 3758 3759 3772
f 3758 3772 3771
f 3759 3760 3773
f 3759 3773 3772
f 3760 3761 3774
f 3760 3774 3773
f 3761 3762 3775
f 3761 3775 3774
f 3762 3763 3776
f 3762 3776 3775
f 3763 3764 3777
f 3763 3777 3776
f 3764 3765 3778
f 3764 3778 3777
f 3765 3766 3779
f 3765 3779 3778
f 3766 3767 3780
f 3766 3780 3779
f 3767 3755 3768
f 3767 3768 3780
f 3779 3780 3768
f 3769 3770 3771
f 3772 3773 3774
f 3775 3776 3777
f 3778 3779 3768
f 3769 3771 3772
f 3772 3774 3775
f 3775 3777 3778
f 3778 3768 3769
f 3769 3772 3775
f 3775 3778 3769
o b379165985_unknown
v -435.34 0.00 -287.74
v -455.24 0.00 -293.93
v -457.84 0.00 -285.52
v -438.03 0.00 -279.22
v -436.59 0.00 -283.76
v -435.34 19.60 -287.74
v -455.24 19.60 -293.93
v -457.84 19.60 -285.52
v -438.03 19.60 -279.22
v -436.59 19.60 -283.76
f 3781 3782 3787
f 3781 3787 3786
f 3782 3783 3788
f 3782 3788 3787
f 3783 3784 3789
f 3783 3789 3788
f 3784 3785 3790
f 3784 3790 3789
f 3785 3781 3786
f 3785 3786 3790
f 3789 3790 3786
f 3786 3787 3788
f 3788 3789 3786
o b379165989_unknown
v -390.28 0.00 -315.80
v -390.42 0.00 -315.38
v -393.13 0.00 -316.33
v -392.22 0.00 -318.87
v -395.63 0.00 -320.07
v -396.55 0.00 -317.47
v -403.47 0.00 -319.89
v -409.03 0.00 -304.23
v -403.36 0.00 -302.25
v -402.30 0.00 -305.22
v -397.07 0.00 -303.39
v -396.91 0.00 -303.83
v -394.40 0.00 -302.96
v -392.68 0.00 -307.79
v -390.78 0.00 -307.12
v -390.24 0.00 -308.63
v -385.52 0.00 -306.98
v -383.26 0.00 -313.35
v -390.28 13.50 -315.80
v -390.42 13.50 -315.38
v -393.13 13.50 -316.33
v -392.22 13.50 -318.87
v -395.63 13.50 -320.07
v -396.55 13.50 -317.47
v -403.47 13.50 -319.89
v -409.03 13.50 -304.23
v -403.36 13.50 -302.25
v -402.30 13.50 -305.22
v -397.07 13.50 -303.39
v -396.91 13.50 -303.83
v -394.40 13.50 -302.96
v -392.68 13.50 -307.79
v -390.78 13.50 -307.12
v -390.24 13.50 -308.63
v -385.52 13.50 -306.98
v -383.26 13.50 -313.35
f 3791 3792 3810
f 3791 3810 3809
f 3792 3793 3811
f 3792 3811 3810
f 3793 3794 3812
f 3793 3812 3811
f 3794 3795 3813
f 3794 3813 3812
f 3795 3796 3814
f 3795 3814 3813
f 3796 3797 3815
f 3796 3815 3814
f 3797 3798 3816
f 3797 3816 3815
f 3798 3799 3817
f 3798 3817 3816
f 3799 3800 3818
f 3799 3818 3817
f 3800 3801 3819
f 3800 3819 3818
f 3801 3802 3820
f 3801 3820 3819
f 3802 3803 3821
f 3802 3821 3820
f 3803 3804 3822
f 3803 3822 3821
f 3804 3805 3823
f 3804 3823 3822
f 3805 3806 3824
f 3805 3824 3823
f 3806 3807 3825
f 3806 3825 3824
f 3807 3808 3826
f 3807 3826 3825
f 3808 3791 3809
f 3808 3809 3826
f 3825 3826 3809
f 3811 3812 3813
f 3814 3815 3816
f 3816 3817 3818
f 3818 3819 3820
f 3820 3821 3822
f 3822 3823 3824
f 3824 3825 3809
f 3811 3813 3814
f 3814 3816 3818
f 3818 3820 3822
f 3822 3824 3809
f 3810 3811 3814
f 3814 3818 3822
f 3822 3809 3810
f 3810 3814 3822
o b379165992_office
v -351.79 0.00 -318.91
v -354.20 0.00 -311.50
v -357.56 0.00 -312.61
v -361.89 0.00 -299.34
v -352.08 0.00 -296.14
v -350.35 0.00 -301.33
v -348.33 0.00 -300.67
v -347.66 0.00 -298.90
v -342.37 0.00 -297.13
v -341.70 0.00 -299.12
v -329.39 0.00 -295.14
v -324.78 0.00 -309.40
v -336.89 0.00 -313.38
v -336.70 0.00 -313.93
v -349.68 0.00 -318.24
v -351.79 10.70 -318.91
v -354.20 10.70 -311.50
v -357.56 10.70 -312.61
v -361.89 10.70 -299.34
v -352.08 10.70 -296.14
v -350.35 10.70 -301.33
v -348.33 10.70 -300.67
v -347.66 10.70 -298.90
v -342.37 10.70 -297.13
v -341.70 10.70 -299.12
v -329.39 10.70 -295.14
v -324.78 10.70 -309.40
v -336.89 10.70 -313.38
v -336.70 10.70 -313.93
v -349.68 10.70 -318.24
f 3827 3828 3843
f 3827 3843 3842
f 3828 3829 3844
f 3828 3844 3843
f 3829 3830 3845
f 3829 3845 3844
f 3830 3831 3846
f 3830 3846 3845
f 3831 3832 3847
f 3831 3847 3846
f 3832 3833 3848
f 3832 3848 3847
f 3833 3834 3849
f 3833 3849 3848
f 3834 3835 3850
f 3834 3850 3849
f 3835 3836 3851
f 3835 3851 3850
f 3836 3837 3852
f 3836 3852 3851
f 3837 3838 3853
f 3837 3853 3852
f 3838 3839 3854
f 3838 3854 3853
f 3839 3840 3855
f 3839 3855 3854
f 3840 3841 3856
f 3840 3856 3855
f 3841 3827 3842
f 3841 3842 3856
f 3855 3856 3842
f 3843 3844 3845
f 3845 3846 3847
f 3848 3849 3850
f 3851 3852 3853
f 3854 3855 3842
f 3843 3845 3847
f 3848 3850 3851
f 3851 3853 3854
f 3854 3842 3843
f 3843 3847 3848
f 3848 3851 3854
f 3854 3843 3848
o b379166029_unknown
v -471.69 0.00 -437.96
v -457.55 0.00 -433.43
v -454.76 0.00 -442.27
v -468.80 0.00 -446.80
v -470.72 0.00 -441.05
v -471.69 5.90 -437.96
v -457.55 5.90 -433.43
v -454.76 5.90 -442.27
v -468.80 5.90 -446.80
v -470.72 5.90 -441.05
f 3857 3858 3863
f 3857 3863 3862
f 3858 3859 3864
f 3858 3864 3863
f 3859 3860 3865
f 3859 3865 3864
f 3860 3861 3866
f 3860 3866 3865
f 3861 3857 3862
f 3861 3862 3866
f 3865 3866 3862
f 3862 3863 3864
f 3864 3865 3862
o b379166048_unknown
v -195.94 0.00 -381.36
v -195.65 0.00 -382.36
v -201.13 0.00 -384.13
v -201.42 0.00 -383.57
v -201.90 0.00 -383.68
v -203.54 0.00 -378.71
v -203.15 0.00 -378.60
v -203.54 0.00 -377.38
v -205.36 0.00 -377.94
v -207.00 0.00 -372.96
v -209.60 0.00 -373.85
v -212.77 0.00 -364.23
v -206.90 0.00 -362.24
v -204.60 0.00 -369.09
v -201.13 0.00 -367.99
v -201.42 0.00 -366.88
v -197.00 0.00 -365.45
v -196.90 0.00 -366.00
v -192.96 0.00 -364.67
v -192.58 0.00 -365.56
v -191.81 0.00 -365.33
v -190.17 0.00 -370.31
v -190.85 0.00 -370.53
v -189.98 0.00 -373.18
v -189.60 0.00 -373.07
v -187.77 0.00 -378.60
v -195.37 0.00 -381.14
v -195.94 13.70 -381.36
v -195.65 13.70 -382.36
v -201.13 13.70 -384.13
v -201.42 13.70 -383.57
v -201.90 13.70 -383.68
v -203.54 13.70 -378.71
v -203.15 13.70 -378.60
v -203.54 13.70 -377.38
v -205.36 13.70 -377.94
v -207.00 13.70 -372.96
v -209.60 13.70 -373.85
v -212.77 13.70 -364.23
v -206.90 13.70 -362.24
v -204.60 13.70 -369.09
v -201.13 13.70 -367.99
v -201.42 13.70 -366.88
v -197.00 13.70 -365.45
v -196.90 13.70 -366.00
v -192.96 13.70 -364.67
v -192.58 13.70 -365.56
v -191.81 13.70 -365.33
v -190.17 13.70 -370.31
v -190.85 13.70 -370.53
v -189.98 13.70 -373.18
v -189.60 13.70 -373.07
v -187.77 13.70 -378.60
v -195.37 13.70 -381.14
f 3867 3868 3895
f 3867 3895 3894
f 3868 3869 3896
f 3868 3896 3895
f 3869 3870 3897
f 3869 3897 3896
f 3870 3871 3898
f 3870 3898 3897
f 3871 3872 3899
f 3871 3899 3898
f 3872 3873 3900
f 3872 3900 3899
f 3873 3874 3901
f 3873 3901 3900
f 3874 3875 3902
f 3874 3902 3901
f 3875 3876 3903
f 3875 3903 3902
f 3876 3877 3904
f 3876 3904 3903
f 3877 3878 3905
f 3877 3905 3904
f 3878 3879 3906
f 3878 3906 3905
f 3879 3880 3907
f 3879 3907 3906
f 3880 3881 3908
f 3880 3908 3907
f 3881 3882 3909
f 3881 3909 3908
f 3882 3883 3910
f 3882 3910 3909
f 3883 3884 3911
f 3883 3911 3910
f 3884 3885 3912
f 3884 3912 3911
f 3885 3886 3913
f 3885 3913 3912
f 3886 3887 3914
f 3886 3914 3913
f 3887 3888 3915
f 3887 3915 3914
f 3888 3889 3916
f 3888 3916 3915
f 3889 3890 3917
f 3889 3917 3916
f 3890 3891 3918
f 3890 3918 3917
f 3891 3892 3919
f 3891 3919 3918
f 3892 3893 3920
f 3892 3920 3919
f 3893 3867 3894
f 3893 3894 3920
f 3894 3895 3896
f 3897 3898 3899
f 3901 3902 3903
f 3903 3904 3905
f 3905 3906 3907
f 3908 3909 3910
f 3911 3912 3913
f 3913 3914 3915
f 3917 3918 3919
f 3894 3896 3897
f 3897 3899 3900
f 3901 3903 3905
f 3908 3910 3911
f 3911 3913 3915
f 3917 3919 3920
f 3894 3897 3900
f 3901 3905 3907
f 3908 3911 3915
f 3916 3917 3920
f 3920 3894 3900
f 3900 3901 3907
f 3907 3908 3915
f 3916 3920 3900
f 3907 3915 3916
f 3916 3900 3907
o b379166062_unknown
v -133.16 0.00 -434.75
v -134.68 0.00 -430.04
v -145.08 0.00 -397.72
v -104.89 0.00 -384.79
v -92.97 0.00 -421.82
v -133.16 29.40 -434.75
v -134.68 29.40 -430.04
v -145.08 29.40 -397.72
v -104.89 29.40 -384.79
v -92.97 29.40 -421.82
f 3921 3922 3927
f 3921 3927 3926
f 3922 3923 3928
f 3922 3928 3927
f 3923 3924 3929
f 3923 3929 3928
f 3924 3925 3930
f 3924 3930 3929
f 3925 3921 3926
f 3925 3926 3930
f 3929 3930 3926
f 3926 3927 3928
f 3928 3929 3926
o b379166081_civic
v 331.63 0.00 253.34
v 322.59 0.00 250.24
v 321.92 0.00 252.12
v 321.54 0.00 252.01
v 320.19 0.00 255.99
v 318.75 0.00 255.55
v 316.92 0.00 260.96
v 323.36 0.00 263.17
v 324.90 0.00 258.53
v 329.32 0.00 260.08
v 331.63 6.20 253.34
v 322.59 6.20 250.24
v 321.92 6.20 252.12
v 321.54 6.20 252.01
v 320.19 6.20 255.99
v 318.75 6.20 255.55
v 316.92 6.20 260.96
v 323.36 6.20 263.17
v 324.90 6.20 258.53
v 329.32 6.20 260.08
f 3931 3932 3942
f 3931 3942 3941
f 3932 3933 3943
f 3932 3943 3942
f 3933 3934 3944
f 3933 3944 3943
f 3934 3935 3945
f 3934 3945 3944
f 3935 3936 3946
f 3935 3946 3945
f 3936 3937 3947
f 3936 3947 3946
f 3937 3938 3948
f 3937 3948 3947
f 3938 3939 3949
f 3938 3949 3948
f 3939 3940 3950
f 3939 3950 3949
f 3940 3931 3941
f 3940 3941 3950
f 3949 3950 3941
f 3941 3942 3943
f 3943 3944 3945
f 3945 3946 3947
f 3947 3948 3949
f 3949 3941 3943
f 3945 3947 3949
f 3949 3943 3945
o b379166095_unknown
v 438.52 0.00 -151.22
v 439.28 0.00 -151.00
v 437.27 0.00 -144.59
v 480.82 0.00 -130.88
v 491.88 0.00 -165.70
v 451.59 0.00 -178.41
v 452.17 0.00 -180.29
v 443.61 0.00 -182.94
v 440.63 0.00 -173.44
v 445.15 0.00 -172.00
v 438.71 0.00 -151.77
v 438.52 19.50 -151.22
v 439.28 19.50 -151.00
v 437.27 19.50 -144.59
v 480.82 19.50 -130.88
v 491.88 19.50 -165.70
v 451.59 19.50 -178.41
v 452.17 19.50 -180.29
v 443.61 19.50 -182.94
v 440.63 19.50 -173.44
v 445.15 19.50 -172.00
v 438.71 19.50 -151.77
f 3951 3952 3963
f 3951 3963 3962
f 3952 3953 3964
f 3952 3964 3963
f 3953 3954 3965
f 3953 3965 3964
f 3954 3955 3966
f 3954 3966 3965
f 3955 3956 3967
f 3955 3967 3966
f 3956 3957 3968
f 3956 3968 3967
f 3957 3958 3969
f 3957 3969 3968
f 3958 3959 3970
f 3958 3970 3969
f 3959 3960 3971
f 3959 3971 3970
f 3960 3961 3972
f 3960 3972 3971
f 3961 3951 3962
f 3961 3962 3972
f 3972 3962 3963
f 3963 3964 3965
f 3965 3966 3967
f 3967 3968 3969
f 3969 3970 3971
f 3971 3972 3963
f 3963 3965 3967
f 3967 3969 3971
f 3971 3963 3967
o b379166100_unknown
v -218.25 0.00 -390.43
v -224.88 0.00 -392.64
v -229.50 0.00 -378.71
v -228.15 0.00 -378.27
v -230.46 0.00 -371.30
v -223.54 0.00 -368.98
v -221.13 0.00 -376.17
v -215.27 0.00 -374.29
v -211.90 0.00 -384.35
v -212.58 0.00 -384.57
v -211.71 0.00 -387.11
v -218.54 0.00 -389.43
v -218.25 8.10 -390.43
v -224.88 8.10 -392.64
v -229.50 8.10 -378.71
v -228.15 8.10 -378.27
v -230.46 8.10 -371.30
v -223.54 8.10 -368.98
v -221.13 8.10 -376.17
v -215.27 8.10 -374.29
v -211.90 8.10 -384.35
v -212.58 8.10 -384.57
v -211.71 8.10 -387.11
v -218.54 8.10 -389.43
f 3973 3974 3986
f 3973 3986 3985
f 3974 3975 3987
f 3974 3987 3986
f 3975 3976 3988
f 3975 3988 3987
f 3976 3977 3989
f 3976 3989 3988
f 3977 3978 3990
f 3977 3990 3989
f 3978 3979 3991
f 3978 3991 3990
f 3979 3980 3992
f 3979 3992 3991
f 3980 3981 3993
f 3980 3993 3992
f 3981 3982 3994
f 3981 3994 3993
f 3982 3983 3995
f 3982 3995 3994
f 3983 3984 3996
f 3983 3996 3995
f 3984 3973 3985
f 3984 3985 3996
f 3996 3985 3986
f 3986 3987 3988
f 3988 3989 3990
f 3991 3992 3993
f 3994 3995 3996
f 3996 3986 3988
f 3988 3990 3991
f 3991 3993 3994
f 3994 3996 3988
f 3988 3991 3994
o b379166118_unknown
v -421.79 0.00 -374.07
v -422.75 0.00 -371.52
v -413.23 0.00 -368.10
v -411.31 0.00 -373.29
v -409.67 0.00 -372.74
v -407.08 0.00 -379.93
v -417.84 0.00 -383.91
v -418.52 0.00 -381.92
v -422.75 0.00 -383.46
v -421.98 0.00 -385.45
v -425.82 0.00 -386.78
v -426.50 0.00 -384.79
v -426.98 0.00 -384.90
v -429.09 0.00 -378.93
v -427.94 0.00 -378.49
v -428.71 0.00 -376.50
v -426.79 0.00 -375.84
v -421.79 14.50 -374.07
v -422.75 14.50 -371.52
v -413.23 14.50 -368.10
v -411.31 14.50 -373.29
v -409.67 14.50 -372.74
v -407.08 14.50 -379.93
v -417.84 14.50 -383.91
v -418.52 14.50 -381.92
v -422.75 14.50 -383.46
v -421.98 14.50 -385.45
v -425.82 14.50 -386.78
v -426.50 14.50 -384.79
v -426.98 14.50 -384.90
v -429.09 14.50 -378.93
v -427.94 14.50 -378.49
v -428.71 14.50 -376.50
v -426.79 14.50 -375.84
f 3997 3998 4015
f 3997 4015 4014
f 3998 3999 4016
f 3998 4016 4015
f 3999 4000 4017
f 3999 4017 4016
f 4000 4001 4018
f 4000 4018 4017
f 4001 4002 4019
f 4001 4019 4018
f 4002 4003 4020
f 4002 4020 4019
f 4003 4004 4021
f 4003 4021 4020
f 4004 4005 4022
f 4004 4022 4021
f 4005 4006 4023
f 4005 4023 4022
f 4006 4007 4024
f 4006 4024 4023
f 4007 4008 4025
f 4007 4025 4024
f 4008 4009 4026
f 4008 4026 4025
f 4009 4010 4027
f 4009 4027 4026
f 4010 4011 4028
f 4010 4028 4027
f 4011 4012 4029
f 4011 4029 4028
f 4012 4013 4030
f 4012 4030 4029
f 4013 3997 4014
f 4013 4014 4030
f 4014 4015 4016
f 4017 4018 4019
f 4019 4020 4021
f 4022 4023 4024
f 4025 4026 4027
f 4028 4029 4030
f 4014 4016 4017
f 4017 4019 4021
f 4022 4024 4025
f 4025 4027 4028
f 4028 4030 4014
f 4014 4017 4021
f 4021 4022 4025
f 4025 4028 4014
f 4014 4021 4025
o b379166122_unknown
v 215.54 0.00 -369.02
v 187.34 0.00 -378.19
v 187.44 0.00 -378.53
v 182.17 0.00 -380.25
v 182.46 0.00 -381.13
v 179.53 0.00 -382.08
v 179.32 0.00 -381.45
v 169.39 0.00 -384.68
v 166.04 0.00 -374.54
v 165.10 0.00 -374.85
v 163.82 0.00 -370.99
v 171.73 0.00 -368.42
v 167.87 0.00 -356.70
v 177.60 0.00 -353.54
v 207.24 0.00 -343.89
v 215.54 32.30 -369.02
v 187.34 32.30 -378.19
v 187.44 32.30 -378.53
v 182.17 32.30 -380.25
v 182.46 32.30 -381.13
v 179.53 32.30 -382.08
v 179.32 32.30 -381.45
v 169.39 32.30 -384.68
v 166.04 32.30 -374.54
v 165.10 32.30 -374.85
v 163.82 32.30 -370.99
v 171.73 32.30 -368.42
v 167.87 32.30 -356.70
v 177.60 32.30 -353.54
v 207.24 32.30 -343.89
f 4031 4032 4047
f 4031 4047 4046
f 4032 4033 4048
f 4032 4048 4047
f 4033 4034 4049
f 4033 4049 4048
f 4034 4035 4050
f 4034 4050 4049
f 4035 4036 4051
f 4035 4051 4050
f 4036 4037 4052
f 4036 4052 4051
f 4037 4038 4053
f 4037 4053 4052
f 4038 4039 4054
f 4038 4054 4053
f 4039 4040 4055
f 4039 4055 4054
f 4040 4041 4056
f 4040 4056 4055
f 4041 4042 4057
f 4041 4057 4056
f 4042 4043 4058
f 4042 4058 4057
f 4043 4044 4059
f 4043 4059 4058
f 4044 4045 4060
f 4044 4060 4059
f 4045 4031 4046
f 4045 4046 4060
f 4059 4060 4046
f 4047 4048 4049
f 4049 4050 4051
f 4052 4053 4054
f 4054 4055 4056
f 4057 4058 4059
f 4059 4046 4047
f 4049 4051 4052
f 4052 4054 4056
f 4057 4059 4047
f 4049 4052 4056
f 4056 4057 4047
f 4047 4049 4056
o b379166123_unknown
v 507.27 0.00 -1.60
v 467.29 0.00 -14.48
v 466.47 0.00 -11.98
v 465.36 0.00 -12.34
v 457.89 0.00 10.53
v 459.29 0.00 10.99
v 454.89 0.00 24.47
v 467.71 0.00 28.61
v 468.34 0.00 26.70
v 477.17 0.00 29.55
v 476.74 0.00 30.88
v 490.56 0.00 35.34
v 490.99 0.00 34.02
v 495.19 0.00 35.37
v 507.27 17.30 -1.60
v 467.29 17.30 -14.48
v 466.47 17.30 -11.98
v 465.36 17.30 -12.34
v 457.89 17.30 10.53
v 459.29 17.30 10.99
v 454.89 17.30 24.47
v 467.71 17.30 28.61
v 468.34 17.30 26.70
v 477.17 17.30 29.55
v 476.74 17.30 30.88
v 490.56 17.30 35.34
v 490.99 17.30 34.02
v 495.19 17.30 35.37
f 4061 4062 4076
f 4061 4076 4075
f 4062 4063 4077
f 4062 4077 4076
f 4063 4064 4078
f 4063 4078 4077
f 4064 4065 4079
f 4064 4079 4078
f 4065 4066 4080
f 4065 4080 4079
f 4066 4067 4081
f 4066 4081 4080
f 4067 4068 4082
f 4067 4082 4081
f 4068 4069 4083
f 4068 4083 4082
f 4069 4070 4084
f 4069 4084 4083
f 4070 4071 4085
f 4070 4085 4084
f 4071 4072 4086
f 4071 4086 4085
f 4072 4073 4087
f 4072 4087 4086
f 4073 4074 4088
f 4073 4088 4087
f 4074 4061 4075
f 4074 4075 4088
f 4087 4088 4075
f 4075 4076 4077
f 4077 4078 4079
f 4080 4081 4082
f 4084 4085 4086
f 4087 4075 4077
f 4077 4079 4080
f 4080 4082 4083
f 4084 4086 4087
f 4087 4077 4080
f 4080 4083 4084
f 4084 4087 4080
o b379166126_retail
v 454.07 0.00 456.55
v 455.20 0.00 452.47
v 454.34 0.00 452.24
v 459.03 0.00 435.18
v 440.75 0.00 430.14
v 439.01 0.00 436.52
v 436.71 0.00 435.83
v 434.57 0.00 443.42
v 435.25 0.00 443.54
v 431.27 0.00 457.74
v 429.35 0.00 457.16
v 427.22 0.00 464.75
v 426.45 0.00 464.52
v 425.32 0.00 468.59
v 443.29 0.00 474.27
v 445.67 0.00 465.88
v 447.98 0.00 466.50
v 450.70 0.00 465.14
v 452.20 0.00 465.58
v 455.03 0.00 456.89
v 454.07 11.50 456.55
v 455.20 11.50 452.47
v 454.34 11.50 452.24
v 459.03 11.50 435.18
v 440.75 11.50 430.14
v 439.01 11.50 436.52
v 436.71 11.50 435.83
v 434.57 11.50 443.42
v 435.25 11.50 443.54
v 431.27 11.50 457.74
v 429.35 11.50 457.16
v 427.22 11.50 464.75
v 426.45 11.50 464.52
v 425.32 11.50 468.59
v 443.29 11.50 474.27
v 445.67 11.50 465.88
v 447.98 11.50 466.50
v 450.70 11.50 465.14
v 452.20 11.50 465.58
v 455.03 11.50 456.89
f 4089 4090 4110
f 4089 4110 4109
f 4090 4091 4111
f 4090 4111 4110
f 4091 4092 4112
f 4091 4112 4111
f 4092 4093 4113
f 4092 4113 4112
f 4093 4094 4114
f 4093 4114 4113
f 4094 4095 4115
f 4094 4115 4114
f 4095 4096 4116
f 4095 4116 4115
f 4096 4097 4117
f 4096 4117 4116
f 4097 4098 4118
f 4097 4118 4117
f 4098 4099 4119
f 4098 4119 4118
f 4099 4100 4120
f 4099 4120 4119
f 4100 4101 4121
f 4100 4121 4120
f 4101 4102 4122
f 4101 4122 4121
f 4102 4103 4123
f 4102 4123 4122
f 4103 4104 4124
f 4103 4124 4123
f 4104 4105 4125
f 4104 4125 4124
f 4105 4106 4126
f 4105 4126 4125
f 4106 4107 4127
f 4106 4127 4126
f 4107 4108 4128
f 4107 4128 4127
f 4108 4089 4109
f 4108 4109 4128
f 4127 4128 4109
f 4109 4110 4111
f 4111 4112 4113
f 4114 4115 4116
f 4118 4119 4120
f 4120 4121 4122
f 4122 4123 4124
f 4124 4125 4126
f 4126 4127 4109
f 4109 4111 4113
f 4114 4116 4117
f 4118 4120 4122
f 4122 4124 4126
f 4126 4109 4113
f 4114 4117 4118
f 4118 4122 4126
f 4126 4113 4114
f 4114 4118 4126
o b379166131_unknown
v 401.98 0.00 192.31
v 401.75 0.00 193.01
v 400.01 0.00 192.44
v 394.98 0.00 207.58
v 395.55 0.00 207.82
v 414.98 0.00 214.19
v 420.27 0.00 198.30
v 401.98 12.60 192.31
v 401.75 12.60 193.01
v 400.01 12.60 192.44
v 394.98 12.60 207.58
v 395.55 12.60 207.82
v 414.98 12.60 214.19
v 420.27 12.60 198.30
f 4129 4130 4137
f 4129 4137 4136
f 4130 4131 4138
f 4130 4138 4137
f 4131 4132 4139
f 4131 4139 4138
f 4132 4133 4140
f 4132 4140 4139
f 4133 4134 4141
f 4133 4141 4140
f 4134 4135 4142
f 4134 4142 4141
f 4135 4129 4136
f 4135 4136 4142
f 4141 4142 4136
f 4137 4138 4139
f 4139 4140 4141
f 4141 4136 4137
f 4137 4139 4141
o b379166134_unknown
v -399.67 0.00 -327.53
v -398.33 0.00 -327.09
v -399.19 0.00 -324.66
v -391.40 0.00 -321.89
v -390.35 0.00 -324.88
v -390.92 0.00 -325.10
v -389.39 0.00 -329.30
v -373.62 0.00 -323.77
v -370.83 0.00 -331.73
v -378.14 0.00 -334.27
v -378.23 0.00 -334.05
v -379.10 0.00 -334.27
v -379.00 0.00 -334.72
v -383.42 0.00 -336.26
v -383.62 0.00 -335.71
v -386.21 0.00 -336.59
v -386.02 0.00 -337.26
v -387.56 0.00 -337.81
v -387.85 0.00 -337.04
v -390.64 0.00 -338.03
v -390.44 0.00 -338.69
v -393.33 0.00 -339.80
v -393.62 0.00 -339.03
v -395.15 0.00 -339.47
v -395.63 0.00 -338.14
v -396.21 0.00 -338.36
v -396.79 0.00 -336.93
v -396.02 0.00 -336.70
v -396.69 0.00 -334.83
v -397.46 0.00 -335.05
v -398.04 0.00 -333.39
v -397.56 0.00 -333.28
v -398.13 0.00 -331.62
v -398.71 0.00 -331.84
v -399.29 0.00 -329.96
v -398.90 0.00 -329.85
v -399.10 0.00 -329.41
v -399.67 14.30 -327.53
v -398.33 14.30 -327.09
v -399.19 14.30 -324.66
v -391.40 14.30 -321.89
v -390.35 14.30 -324.88
v -390.92 14.30 -325.10
v -389.39 14.30 -329.30
v -373.62 14.30 -323.77
v -370.83 14.30 -331.73
v -378.14 14.30 -334.27
v -378.23 14.30 -334.05
v -379.10 14.30 -334.27
v -379.00 14.30 -334.72
v -383.42 14.30 -336.26
v -383.62 14.30 -335.71
v -386.21 14.30 -336.59
v -386.02 14.30 -337.26
v -387.56 14.30 -337.81
v -387.85 14.30 -337.04
v -390.64 14.30 -338.03
v -390.44 14.30 -338.69
v -393.33 14.30 -339.80
v -393.62 14.30 -339.03
v -395.15 14.30 -339.47
v -395.63 14.30 -338.14
v -396.21 14.30 -338.36
v -396.79 14.30 -336.93
v -396.02 14.30 -336.70
v -396.69 14.30 -334.83
v -397.46 14.30 -335.05
v -398.04 14.30 -333.39
v -397.56 14.30 -333.28
v -398.13 14.30 -331.62
v -398.71 14.30 -331.84
v -399.29 14.30 -329.96
v -398.90 14.30 -329.85
v -399.10 14.30 -329.41
f 4143 4144 4181
f 4143 4181 4180
f 4144 4145 4182
f 4144 4182 4181
f 4145 4146 4183
f 4145 4183 4182
f 4146 4147 4184
f 4146 4184 4183
f 4147 4148 4185
f 4147 4185 4184
f 4148 4149 4186
f 4148 4186 4185
f 4149 4150 4187
f 4149 4187 4186
f 4150 4151 4188
f 4150 4188 4187
f 4151 4152 4189
f 4151 4189 4188
f 4152 4153 4190
f 4152 4190 4189
f 4153 4154 4191
f 4153 4191 4190
f 4154 4155 4192
f 4154 4192 4191
f 4155 4156 4193
f 4155 4193 4192
f 4156 4157 4194
f 4156 4194 4193
f 4157 4158 4195
f 4157 4195 4194
f 4158 4159 4196
f 4158 4196 4195
f 4159 4160 4197
f 4159 4197 4196
f 4160 4161 4198
f 4160 4198 4197
f 4161 4162 4199
f 4161 4199 4198
f 4162 4163 4200
f 4162 4200 4199
f 4163 4164 4201
f 4163 4201 4200
f 4164 4165 4202
f 4164 4202 4201
f 4165 4166 4203
f 4165 4203 4202
f 4166 4167 4204
f 4166 4204 4203
f 4167 4168 4205
f 4167 4205 4204
f 4168 4169 4206
f 4168 4206 4205
f 4169 4170 4207
f 4169 4207 4206
f 4170 4171 4208
f 4170 4208 4207
f 4171 4172 4209
f 4171 4209 4208
f 4172 4173 4210
f 4172 4210 4209
f 4173 4174 4211
f 4173 4211 4210
f 4174 4175 4212
f 4174 4212 4211
f 4175 4176 4213
f 4175 4213 4212
f 4176 4177 4214
f 4176 4214 4213
f 4177 4178 4215
f 4177 4215 4214
f 4178 4179 4216
f 4178 4216 4215
f 4179 4143 4180
f 4179 4180 4216
f 4215 4216 4180
f 4181 4182 4183
f 4183 4184 4185
f 4186 4187 4188
f 4188 4189 4190
f 4191 4192 4193
f 4195 4196 4197
f 4199 4200 4201
f 4202 4203 4204
f 4204 4205 4206
f 4208 4209 4210
f 4212 4213 4214
f 4215 4180 4181
f 4181 4183 4185
f 4186 4188 4190
f 4191 4193 4194
f 4195 4197 4198
f 4199 4201 4202
f 4202 4204 4206
f 4208 4210 4211
f 4212 4214 4215
f 4215 4181 4185
f 4186 4190 4191
f 4194 4195 4198
f 4198 4199 4202
f 4202 4206 4207
f 4208 4211 4212
f 4212 4215 4185
f 4186 4191 4194
f 4198 4202 4207
f 4208 4212 4185
f 4186 4194 4198
f 4198 4207 4208
f 4208 4185 4186
f 4186 4198 4208
o b379166139_unknown
v 165.18 0.00 -370.31
v 163.06 0.00 -364.23
v 168.54 0.00 -362.46
v 170.56 0.00 -368.54
v 165.18 10.20 -370.31
v 163.06 10.20 -364.23
v 168.54 10.20 -362.46
v 170.56 10.20 -368.54
f 4217 4218 4222
f 4217 4222 4221
f 4218 4219 4223
f 4218 4223 4222
f 4219 4220 4224
f 4219 4224 4223
f 4220 4217 4221
f 4220 4221 4224
f 4223 4224 4221
f 4221 4222 4223
o b379166156_unknown
v 373.04 0.00 49.96
v 371.31 0.00 55.38
v 375.64 0.00 56.82
v 377.37 0.00 51.40
v 373.04 4.90 49.96
v 371.31 4.90 55.38
v 375.64 4.90 56.82
v 377.37 4.90 51.40
f 4225 4226 4230
f 4225 4230 4229
f 4226 4227 4231
f 4226 4231 4230
f 4227 4228 4232
f 4227 4232 4231
f 4228 4225 4229
f 4228 4229 4232
f 4231 4232 4229
f 4229 4230 4231
o b379166187_unknown
v 387.56 0.00 59.69
v 385.54 0.00 65.55
v 391.02 0.00 67.43
v 393.04 0.00 61.46
v 387.56 11.90 59.69
v 385.54 11.90 65.55
v 391.02 11.90 67.43
v 393.04 11.90 61.46
f 4233 4234 4238
f 4233 4238 4237
f 4234 4235 4239
f 4234 4239 4238
f 4235 4236 4240
f 4235 4240 4239
f 4236 4233 4237
f 4236 4237 4240
f 4239 4240 4237
f 4237 4238 4239
o b379166196_unknown
v 402.36 0.00 53.94
v 400.63 0.00 59.58
v 407.85 0.00 61.79
v 409.58 0.00 56.15
v 402.36 3.10 53.94
v 400.63 3.10 59.58
v 407.85 3.10 61.79
v 409.58 3.10 56.15
f 4241 4242 4246
f 4241 4246 4245
f 4242 4243 4247
f 4242 4247 4246
f 4243 4244 4248
f 4243 4248 4247
f 4244 4241 4245
f 4244 4245 4248
f 4247 4248 4245
f 4245 4246 4247
o b379166200_unknown
v -522.06 0.00 303.32
v -528.60 0.00 323.99
v -519.47 0.00 326.87
v -512.93 0.00 306.20
v -522.06 10.70 303.32
v -528.60 10.70 323.99
v -519.47 10.70 326.87
v -512.93 10.70 306.20
f 4249 4250 4254
f 4249 4254 4253
f 4250 4251 4255
f 4250 4255 4254
f 4251 4252 4256
f 4251 4256 4255
f 4252 4249 4253
f 4252 4253 4256
f 4255 4256 4253
f 4253 4254 4255
o b379166215_unknown
v 360.16 0.00 38.91
v 356.50 0.00 50.63
v 361.12 0.00 52.06
v 364.77 0.00 40.35
v 360.45 0.00 38.91
v 360.16 4.70 38.91
v 356.50 4.70 50.63
v 361.12 4.70 52.06
v 364.77 4.70 40.35
v 360.45 4.70 38.91
f 4257 4258 4263
f 4257 4263 4262
f 4258 4259 4264
f 4258 4264 4263
f 4259 4260 4265
f 4259 4265 4264
f 4260 4261 4266
f 4260 4266 4265
f 4261 4257 4262
f 4261 4262 4266
f 4265 4266 4262
f 4262 4263 4264
f 4264 4265 4262
o b379166225_unknown
v -227.77 0.00 -364.89
v -229.21 0.00 -360.36
v -222.77 0.00 -358.37
v -221.32 0.00 -362.90
v -227.38 0.00 -364.78
v -227.77 11.70 -364.89
v -229.21 11.70 -360.36
v -222.77 11.70 -358.37
v -221.32 11.70 -362.90
v -227.38 11.70 -364.78
f 4267 4268 4273
f 4267 4273 4272
f 4268 4269 4274
f 4268 4274 4273
f 4269 4270 4275
f 4269 4275 4274
f 4270 4271 4276
f 4270 4276 4275
f 4271 4267 4272
f 4271 4272 4276
f 4275 4276 4272
f 4272 4273 4274
f 4274 4275 4272
o b379166230_unknown
v -171.52 0.00 -447.91
v -183.83 0.00 -410.77
v -169.41 0.00 -406.23
v -157.20 0.00 -443.27
v -161.23 0.00 -444.59
v -171.52 11.50 -447.91
v -183.83 11.50 -410.77
v -169.41 11.50 -406.23
v -157.20 11.50 -443.27
v -161.23 11.50 -444.59
f 4277 4278 4283
f 4277 4283 4282
f 4278 4279 4284
f 4278 4284 4283
f 4279 4280 4285
f 4279 4285 4284
f 4280 4281 4286
f 4280 4286 4285
f 4281 4277 4282
f 4281 4282 4286
f 4285 4286 4282
f 4282 4283 4284
f 4284 4285 4282
o b379166236_unknown
v -487.07 0.00 -369.76
v -494.18 0.00 -371.97
v -496.01 0.00 -365.89
v -488.99 0.00 -363.68
v -487.36 0.00 -368.76
v -487.07 5.30 -369.76
v -494.18 5.30 -371.97
v -496.01 5.30 -365.89
v -488.99 5.30 -363.68
v -487.36 5.30 -368.76
f 4287 4288 4293
f 4287 4293 4292
f 4288 4289 4294
f 4288 4294 4293
f 4289 4290 4295
f 4289 4295 4294
f 4290 4291 4296
f 4290 4296 4295
f 4291 4287 4292
f 4291 4292 4296
f 4295 4296 4292
f 4292 4293 4294
f 4294 4295 4292
o b379166244_unknown
v -218.63 0.00 -362.24
v -220.56 0.00 -356.38
v -209.21 0.00 -352.73
v -207.38 0.00 -358.59
v -213.92 0.00 -360.69
v -218.63 7.00 -362.24
v -220.56 7.00 -356.38
v -209.21 7.00 -352.73
v -207.38 7.00 -358.59
v -213.92 7.00 -360.69
f 4297 4298 4303
f 4297 4303 4302
f 4298 4299 4304
f 4298 4304 4303
f 4299 4300 4305
f 4299 4305 4304
f 4300 4301 4306
f 4300 4306 4305
f 4301 4297 4302
f 4301 4302 4306
f 4306 4302 4303
f 4303 4304 4305
f 4305 4306 4303
o b379166251_unknown
v -453.84 0.00 -388.66
v -455.76 0.00 -382.36
v -446.05 0.00 -379.37
v -444.13 0.00 -385.67
v -444.71 0.00 -385.78
v -453.84 10.10 -388.66
v -455.76 10.10 -382.36
v -446.05 10.10 -379.37
v -444.13 10.10 -385.67
v -444.71 10.10 -385.78
f 4307 4308 4313
f 4307 4313 4312
f 4308 4309 4314
f 4308 4314 4313
f 4309 4310 4315
f 4309 4315 4314
f 4310 4311 4316
f 4310 4316 4315
f 4311 4307 4312
f 4311 4312 4316
f 4316 4312 4313
f 4313 4314 4315
f 4315 4316 4313
o b379166271_unknown
v -20.67 0.00 -91.31
v -16.83 0.00 -103.24
v -64.03 0.00 -118.17
v -67.78 0.00 -106.23
v -21.54 0.00 -91.53
v -20.67 18.00 -91.31
v -16.83 18.00 -103.24
v -64.03 18.00 -118.17
v -67.78 18.00 -106.23
v -21.54 18.00 -91.53
f 4317 4318 4323
f 4317 4323 4322
f 4318 4319 4324
f 4318 4324 4323
f 4319 4320 4325
f 4319 4325 4324
f 4320 4321 4326
f 4320 4326 4325
f 4321 4317 4322
f 4321 4322 4326
f 4325 4326 4322
f 4322 4323 4324
f 4324 4325 4322
o b379166273_unknown
v -442.94 0.00 -322.45
v -446.01 0.00 -311.72
v -429.77 0.00 -306.53
v -426.79 0.00 -316.59
v -439.57 0.00 -321.23
v -442.94 12.10 -322.45
v -446.01 12.10 -311.72
v -429.77 12.10 -306.53
v -426.79 12.10 -316.59
v -439.57 12.10 -321.23
f 4327 4328 4333
f 4327 4333 4332
f 4328 4329 4334
f 4328 4334 4333
f 4329 4330 4335
f 4329 4335 4334
f 4330 4331 4336
f 4330 4336 4335
f 4331 4327 4332
f 4331 4332 4336
f 4335 4336 4332
f 4332 4333 4334
f 4334 4335 4332
o b379166276_unknown
v 424.19 0.00 -224.40
v 422.27 0.00 -223.51
v 421.11 0.00 -219.97
v 422.56 0.00 -216.88
v 425.44 0.00 -216.22
v 427.84 0.00 -217.32
v 424.19 24.00 -224.40
v 422.27 24.00 -223.51
v 421.11 24.00 -219.97
v 422.56 24.00 -216.88
v 425.44 24.00 -216.22
v 427.84 24.00 -217.32
f 4337 4338 4344
f 4337 4344 4343
f 4338 4339 4345
f 4338 4345 4344
f 4339 4340 4346
f 4339 4346 4345
f 4340 4341 4347
f 4340 4347 4346
f 4341 4342 4348
f 4341 4348 4347
f 4342 4337 4343
f 4342 4343 4348
f 4347 4348 4343
f 4343 4344 4345
f 4345 4346 4347
f 4347 4343 4345
o b379166282_unknown
v 326.41 0.00 -365.11
v 325.83 0.00 -367.66
v 329.10 0.00 -368.32
v 328.62 0.00 -370.53
v 320.45 0.00 -368.76
v 321.60 0.00 -364.01
v 326.41 9.70 -365.11
v 325.83 9.70 -367.66
v 329.10 9.70 -368.32
v 328.62 9.70 -370.53
v 320.45 9.70 -368.76
v 321.60 9.70 -364.01
f 4349 4350 4356
f 4349 4356 4355
f 4350 4351 4357
f 4350 4357 4356
f 4351 4352 4358
f 4351 4358 4357
f 4352 4353 4359
f 4352 4359 4358
f 4353 4354 4360
f 4353 4360 4359
f 4354 4349 4355
f 4354 4355 4360
f 4359 4360 4355
f 4356 4357 4358
f 4359 4355 4356
f 4356 4358 4359
o b379166283_unknown
v -356.02 0.00 -327.31
v -365.83 0.00 -330.63
v -368.43 0.00 -322.89
v -364.00 0.00 -321.45
v -364.87 0.00 -319.02
v -359.48 0.00 -317.14
v -356.02 6.60 -327.31
v -365.83 6.60 -330.63
v -368.43 6.60 -322.89
v -364.00 6.60 -321.45
v -364.87 6.60 -319.02
v -359.48 6.60 -317.14
f 4361 4362 4368
f 4361 4368 4367
f 4362 4363 4369
f 4362 4369 4368
f 4363 4364 4370
f 4363 4370 4369
f 4364 4365 4371
f 4364 4371 4370
f 4365 4366 4372
f 4365 4372 4371
f 4366 4361 4367
f 4366 4367 4372
f 4371 4372 4367
f 4367 4368 4369
f 4370 4371 4367
f 4367 4369 4370
o b379166287_unknown
v 502.16 0.00 -276.79
v 499.47 0.00 -277.57
v 491.39 0.00 -273.48
v 490.53 0.00 -270.93
v 495.14 0.00 -269.50
v 501.11 0.00 -272.48
v 502.16 4.90 -276.79
v 499.47 4.90 -277.57
v 491.39 4.90 -273.48
v 490.53 4.90 -270.93
v 495.14 4.90 -269.50
v 501.11 4.90 -272.48
f 4373 4374 4380
f 4373 4380 4379
f 4374 4375 4381
f 4374 4381 4380
f 4375 4376 4382
f 4375 4382 4381
f 4376 4377 4383
f 4376 4383 4382
f 4377 4378 4384
f 4377 4384 4383
f 4378 4373 4379
f 4378 4379 4384
f 4383 4384 4379
f 4379 4380 4381
f 4381 4382 4383
f 4383 4379 4381
o b379166297_unknown
v 478.13 0.00 442.82
v 467.07 0.00 439.73
v 464.96 0.00 447.13
v 475.15 0.00 450.01
v 475.43 0.00 448.90
v 476.30 0.00 449.12
v 478.03 0.00 443.15
v 478.13 8.80 442.82
v 467.07 8.80 439.73
v 464.96 8.80 447.13
v 475.15 8.80 450.01
v 475.43 8.80 448.90
v 476.30 8.80 449.12
v 478.03 8.80 443.15
f 4385 4386 4393
f 4385 4393 4392
f 4386 4387 4394
f 4386 4394 4393
f 4387 4388 4395
f 4387 4395 4394
f 4388 4389 4396
f 4388 4396 4395
f 4389 4390 4397
f 4389 4397 4396
f 4390 4391 4398
f 4390 4398 4397
f 4391 4385 4392
f 4391 4392 4398
f 4398 4392 4393
f 4393 4394 4395
f 4396 4397 4398
f 4393 4395 4396
f 4396 4398 4393
o b379166300_unknown
v 422.84 0.00 -364.67
v 419.77 0.00 -355.39
v 431.11 0.00 -351.63
v 434.09 0.00 -353.40
v 434.67 0.00 -354.39
v 436.59 0.00 -360.14
v 425.44 0.00 -363.79
v 422.84 11.40 -364.67
v 419.77 11.40 -355.39
v 431.11 11.40 -351.63
v 434.09 11.40 -353.40
v 434.67 11.40 -354.39
v 436.59 11.40 -360.14
v 425.44 11.40 -363.79
f 4399 4400 4407
f 4399 4407 4406
f 4400 4401 4408
f 4400 4408 4407
f 4401 4402 4409
f 4401 4409 4408
f 4402 4403 4410
f 4402 4410 4409
f 4403 4404 4411
f 4403 4411 4410
f 4404 4405 4412
f 4404 4412 4411
f 4405 4399 4406
f 4405 4406 4412
f 4412 4406 4407
f 4407 4408 4409
f 4409 4410 4411
f 4411 4412 4407
f 4407 4409 4411
o b379166308_unknown
v -535.72 0.00 -243.30
v -537.54 0.00 -243.85
v -539.08 0.00 -238.99
v -537.35 0.00 -238.43
v -537.35 0.00 -238.21
v -524.18 0.00 -234.01
v -522.45 0.00 -239.32
v -535.62 0.00 -243.63
v -535.72 8.40 -243.30
v -537.54 8.40 -243.85
v -539.08 8.40 -238.99
v -537.35 8.40 -238.43
v -537.35 8.40 -238.21
v -524.18 8.40 -234.01
v -522.45 8.40 -239.32
v -535.62 8.40 -243.63
f 4413 4414 4422
f 4413 4422 4421
f 4414 4415 4423
f 4414 4423 4422
f 4415 4416 4424
f 4415 4424 4423
f 4416 4417 4425
f 4416 4425 4424
f 4417 4418 4426
f 4417 4426 4425
f 4418 4419 4427
f 4418 4427 4426
f 4419 4420 4428
f 4419 4428 4427
f 4420 4413 4421
f 4420 4421 4428
f 4427 4428 4421
f 4421 4422 4423
f 4424 4425 4426
f 4426 4427 4421
f 4421 4423 4424
f 4424 4426 4421
o b448210521_residential
v 194.74 0.00 125.29
v 182.51 0.00 163.27
v 222.31 0.00 175.10
v 234.99 0.00 137.66
v 194.74 57.60 125.29
v 182.51 57.60 163.27
v 222.31 57.60 175.10
v 234.99 57.60 137.66
f 4429 4430 4434
f 4429 4434 4433
f 4430 4431 4435
f 4430 4435 4434
f 4431 4432 4436
f 4431 4436 4435
f 4432 4429 4433
f 4432 4433 4436
f 4435 4436 4433
f 4433 4434 4435
o b516267897_unknown
v -487.86 0.00 -396.19
v -457.03 0.00 -386.18
v -450.92 0.00 -404.76
v -403.13 0.00 -389.27
v -397.38 0.00 -406.40
v -420.40 0.00 -414.03
v -447.79 0.00 -422.40
v -459.84 0.00 -426.40
v -476.14 0.00 -431.82
v -487.86 70.40 -396.19
v -457.03 70.40 -386.18
v -450.92 70.40 -404.76
v -403.13 70.40 -389.27
v -397.38 70.40 -406.40
v -420.40 70.40 -414.03
v -447.79 70.40 -422.40
v -459.84 70.40 -426.40
v -476.14 70.40 -431.82
f 4437 4438 4447
f 4437 4447 4446
f 4438 4439 4448
f 4438 4448 4447
f 4439 4440 4449
f 4439 4449 4448
f 4440 4441 4450
f 4440 4450 4449
f 4441 4442 4451
f 4441 4451 4450
f 4442 4443 4452
f 4442 4452 4451
f 4443 4444 4453
f 4443 4453 4452
f 4444 4445 4454
f 4444 4454 4453
f 4445 4437 4446
f 4445 4446 4454
f 4453 4454 4446
f 4446 4447 4448
f 4448 4449 4450
f 4450 4451 4452
f 4452 4453 4446
f 4448 4450 4452
f 4452 4446 4448
o b516276237_residential
v -386.18 0.00 53.62
v -404.38 0.00 47.78
v -407.33 0.00 56.78
v -412.73 0.00 73.33
v -416.04 0.00 83.47
v -397.84 0.00 89.33
v -386.18 5.40 53.62
v -404.38 5.40 47.78
v -407.33 5.40 56.78
v -412.73 5.40 73.33
v -416.04 5.40 83.47
v -397.84 5.40 89.33
f 4455 4456 4462
f 4455 4462 4461
f 4456 4457 4463
f 4456 4463 4462
f 4457 4458 4464
f 4457 4464 4463
f 4458 4459 4465
f 4458 4465 4464
f 4459 4460 4466
f 4459 4466 4465
f 4460 4455 4461
f 4460 4461 4466
f 4465 4466 4461
f 4461 4462 4463
f 4464 4465 4461
f 4461 4463 4464
o b516278443_unknown
v -259.78 0.00 45.66
v -272.14 0.00 82.89
v -221.20 0.00 99.57
v -208.84 0.00 62.33
v -259.78 57.60 45.66
v -272.14 57.60 82.89
v -221.20 57.60 99.57
v -208.84 57.60 62.33
f 4467 4468 4472
f 4467 4472 4471
f 4468 4469 4473
f 4468 4473 4472
f 4469 4470 4474
f 4469 4474 4473
f 4470 4467 4471
f 4470 4471 4474
f 4473 4474 4471
f 4471 4472 4473
o b516278491_office
v -122.80 0.00 -204.03
v -200.40 0.00 -229.50
v -210.28 0.00 -199.82
v -198.11 0.00 -195.83
v -200.05 0.00 -190.00
v -134.62 0.00 -168.52
v -122.80 60.80 -204.03
v -200.40 60.80 -229.50
v -210.28 60.80 -199.82
v -198.11 60.80 -195.83
v -200.05 60.80 -190.00
v -134.62 60.80 -168.52
f 4475 4476 4482
f 4475 4482 4481
f 4476 4477 4483
f 4476 4483 4482
f 4477 4478 4484
f 4477 4484 4483
f 4478 4479 4485
f 4478 4485 4484
f 4479 4480 4486
f 4479 4486 4485
f 4480 4475 4481
f 4480 4481 4486
f 4485 4486 4481
f 4481 4482 4483
f 4484 4485 4481
f 4481 4483 4484
o b516282869_office
v 105.16 0.00 -361.40
v 149.89 0.00 -347.52
v 161.52 0.00 -384.58
v 158.28 0.00 -385.63
v 158.98 0.00 -387.75
v 118.09 0.00 -400.97
v 105.16 48.00 -361.40
v 149.89 48.00 -347.52
v 161.52 48.00 -384.58
v 158.28 48.00 -385.63
v 158.98 48.00 -387.75
v 118.09 48.00 -400.97
f 4487 4488 4494
f 4487 4494 4493
f 4488 4489 4495
f 4488 4495 4494
f 4489 4490 4496
f 4489 4496 4495
f 4490 4491 4497
f 4490 4497 4496
f 4491 4492 4498
f 4491 4498 4497
f 4492 4487 4493
f 4492 4493 4498
f 4497 4498 4493
f 4493 4494 4495
f 4496 4497 4493
f 4493 4495 4496
o b516282872_unknown
v 22.85 0.00 -229.51
v 31.78 0.00 -257.83
v -14.64 0.00 -272.25
v -19.25 0.00 -257.62
v -5.48 0.00 -253.35
v -9.79 0.00 -239.65
v 22.85 7.60 -229.51
v 31.78 7.60 -257.83
v -14.64 7.60 -272.25
v -19.25 7.60 -257.62
v -5.48 7.60 -253.35
v -9.79 7.60 -239.65
f 4499 4500 4506
f 4499 4506 4505
f 4500 4501 4507
f 4500 4507 4506
f 4501 4502 4508
f 4501 4508 4507
f 4502 4503 4509
f 4502 4509 4508
f 4503 4504 4510
f 4503 4510 4509
f 4504 4499 4505
f 4504 4505 4510
f 4509 4510 4505
f 4505 4506 4507
f 4507 4508 4509
f 4509 4505 4507
o b516282875_unknown
v -15.62 0.00 -442.96
v -24.32 0.00 -416.61
v 18.77 0.00 -402.95
v 26.96 0.00 -429.97
v -15.62 25.60 -442.96
v -24.32 25.60 -416.61
v 18.77 25.60 -402.95
v 26.96 25.60 -429.97
f 4511 4512 4516
f 4511 4516 4515
f 4512 4513 4517
f 4512 4517 4516
f 4513 4514 4518
f 4513 4518 4517
f 4514 4511 4515
f 4514 4515 4518
f 4517 4518 4515
f 4515 4516 4517
o b516282876_unknown
v 177.60 0.00 -353.54
v 171.94 0.00 -336.20
v 201.52 0.00 -326.68
v 207.24 0.00 -343.89
v 177.60 4.90 -353.54
v 171.94 4.90 -336.20
v 201.52 4.90 -326.68
v 207.24 4.90 -343.89
f 4519 4520 4524
f 4519 4524 4523
f 4520 4521 4525
f 4520 4525 4524
f 4521 4522 4526
f 4521 4526 4525
f 4522 4519 4523
f 4522 4523 4526
f 4525 4526 4523
f 4523 4524 4525
o b516285432_residential
v 510.96 0.00 -148.36
v 502.61 0.00 -123.83
v 525.87 0.00 -116.01
v 531.07 0.00 -131.30
v 558.96 0.00 -121.94
v 561.39 0.00 -129.11
v 576.32 0.00 -124.09
v 571.03 0.00 -108.57
v 580.77 0.00 -105.30
v 591.80 0.00 -137.67
v 582.03 0.00 -140.95
v 529.27 0.00 -158.66
v 524.24 0.00 -143.89
v 510.96 16.00 -148.36
v 502.61 16.00 -123.83
v 525.87 16.00 -116.01
v 531.07 16.00 -131.30
v 558.96 16.00 -121.94
v 561.39 16.00 -129.11
v 576.32 16.00 -124.09
v 571.03 16.00 -108.57
v 580.77 16.00 -105.30
v 591.80 16.00 -137.67
v 582.03 16.00 -140.95
v 529.27 16.00 -158.66
v 524.24 16.00 -143.89
f 4527 4528 4541
f 4527 4541 4540
f 4528 4529 4542
f 4528 4542 4541
f 4529 4530 4543
f 4529 4543 4542
f 4530 4531 4544
f 4530 4544 4543
f 4531 4532 4545
f 4531 4545 4544
f 4532 4533 4546
f 4532 4546 4545
f 4533 4534 4547
f 4533 4547 4546
f 4534 4535 4548
f 4534 4548 4547
f 4535 4536 4549
f 4535 4549 4548
f 4536 4537 4550
f 4536 4550 4549
f 4537 4538 4551
f 4537 4551 4550
f 4538 4539 4552
f 4538 4552 4551
f 4539 4527 4540
f 4539 4540 4552
f 4552 4540 4541
f 4541 4542 4543
f 4543 4544 4545
f 4546 4547 4548
f 4548 4549 4550
f 4550 4551 4552
f 4552 4541 4543
f 4546 4548 4550
f 4550 4552 4543
f 4545 4546 4550
f 4550 4543 4545
o b516285435_residential
v 534.96 0.00 -222.55
v 522.48 0.00 -185.12
v 560.33 0.00 -172.67
v 572.81 0.00 -210.10
v 534.96 28.80 -222.55
v 522.48 28.80 -185.12
v 560.33 28.80 -172.67
v 572.81 28.80 -210.10
f 4553 4554 4558
f 4553 4558 4557
f 4554 4555 4559
f 4554 4559 4558
f 4555 4556 4560
f 4555 4560 4559
f 4556 4553 4557
f 4556 4557 4560
f 4559 4560 4557
f 4557 4558 4559
o b516285440_unknown
v 392.57 0.00 -426.84
v 382.02 0.00 -391.28
v 443.91 0.00 -373.18
v 454.46 0.00 -408.73
v 392.57 5.90 -426.84
v 382.02 5.90 -391.28
v 443.91 5.90 -373.18
v 454.46 5.90 -408.73
f 4561 4562 4566
f 4561 4566 4565
f 4562 4563 4567
f 4562 4567 4566
f 4563 4564 4568
f 4563 4568 4567
f 4564 4561 4565
f 4564 4565 4568
f 4567 4568 4565
f 4565 4566 4567
o b516285444_education
v 272.77 0.00 -318.28
v 285.80 0.00 -314.15
v 290.16 0.00 -327.71
v 281.76 0.00 -330.36
v 277.13 0.00 -331.83
v 272.77 16.60 -318.28
v 285.80 16.60 -314.15
v 290.16 16.60 -327.71
v 281.76 16.60 -330.36
v 277.13 16.60 -331.83
f 4569 4570 4575
f 4569 4575 4574
f 4570 4571 4576
f 4570 4576 4575
f 4571 4572 4577
f 4571 4577 4576
f 4572 4573 4578
f 4572 4578 4577
f 4573 4569 4574
f 4573 4574 4578
f 4577 4578 4574
f 4574 4575 4576
f 4576 4577 4574
o b516285445_education
v 268.25 0.00 -341.39
v 283.68 0.00 -336.48
v 292.39 0.00 -333.72
v 291.40 0.00 -330.68
v 294.13 0.00 -329.81
v 288.90 0.00 -313.59
v 300.84 0.00 -309.79
v 302.42 0.00 -314.71
v 305.60 0.00 -313.70
v 309.43 0.00 -325.60
v 313.30 0.00 -324.36
v 314.28 0.00 -327.39
v 317.22 0.00 -336.53
v 295.66 0.00 -343.38
v 271.39 0.00 -351.10
v 268.25 16.50 -341.39
v 283.68 16.50 -336.48
v 292.39 16.50 -333.72
v 291.40 16.50 -330.68
v 294.13 16.50 -329.81
v 288.90 16.50 -313.59
v 300.84 16.50 -309.79
v 302.42 16.50 -314.71
v 305.60 16.50 -313.70
v 309.43 16.50 -325.60
v 313.30 16.50 -324.36
v 314.28 16.50 -327.39
v 317.22 16.50 -336.53
v 295.66 16.50 -343.38
v 271.39 16.50 -351.10
f 4579 4580 4595
f 4579 4595 4594
f 4580 4581 4596
f 4580 4596 4595
f 4581 4582 4597
f 4581 4597 4596
f 4582 4583 4598
f 4582 4598 4597
f 4583 4584 4599
f 4583 4599 4598
f 4584 4585 4600
f 4584 4600 4599
f 4585 4586 4601
f 4585 4601 4600
f 4586 4587 4602
f 4586 4602 4601
f 4587 4588 4603
f 4587 4603 4602
f 4588 4589 4604
f 4588 4604 4603
f 4589 4590 4605
f 4589 4605 4604
f 4590 4591 4606
f 4590 4606 4605
f 4591 4592 4607
f 4591 4607 4606
f 4592 4593 4608
f 4592 4608 4607
f 4593 4579 4594
f 4593 4594 4608
f 4607 4608 4594
f 4594 4595 4596
f 4596 4597 4598
f 4598 4599 4600
f 4601 4602 4603
f 4603 4604 4605
f 4605 4606 4607
f 4607 4594 4596
f 4598 4600 4601
f 4603 4605 4607
f 4607 4596 4598
f 4598 4601 4603
f 4603 4607 4598
o b516285449_unknown
v 399.37 0.00 -233.45
v 421.60 0.00 -302.49
v 354.53 0.00 -323.79
v 352.82 0.00 -318.48
v 346.99 0.00 -320.32
v 346.08 0.00 -317.52
v 344.58 0.00 -312.84
v 394.12 0.00 -297.12
v 376.00 0.00 -240.87
v 399.37 4.10 -233.45
v 421.60 4.10 -302.49
v 354.53 4.10 -323.79
v 352.82 4.10 -318.48
v 346.99 4.10 -320.32
v 346.08 4.10 -317.52
v 344.58 4.10 -312.84
v 394.12 4.10 -297.12
v 376.00 4.10 -240.87
f 4609 4610 4619
f 4609 4619 4618
f 4610 4611 4620
f 4610 4620 4619
f 4611 4612 4621
f 4611 4621 4620
f 4612 4613 4622
f 4612 4622 4621
f 4613 4614 4623
f 4613 4623 4622
f 4614 4615 4624
f 4614 4624 4623
f 4615 4616 4625
f 4615 4625 4624
f 4616 4617 4626
f 4616 4626 4625
f 4617 4609 4618
f 4617 4618 4626
f 4625 4626 4618
f 4619 4620 4621
f 4621 4622 4623
f 4623 4624 4625
f 4625 4618 4619
f 4619 4621 4623
f 4623 4625 4619
o b516286382_unknown
v -50.31 0.00 -182.86
v -57.11 0.00 -184.97
v -77.92 0.00 -191.46
v -89.40 0.00 -155.11
v -61.80 0.00 -146.51
v -50.31 48.00 -182.86
v -57.11 48.00 -184.97
v -77.92 48.00 -191.46
v -89.40 48.00 -155.11
v -61.80 48.00 -146.51
f 4627 4628 4633
f 4627 4633 4632
f 4628 4629 4634
f 4628 4634 4633
f 4629 4630 4635
f 4629 4635 4634
f 4630 4631 4636
f 4630 4636 4635
f 4631 4627 4632
f 4631 4632 4636
f 4635 4636 4632
f 4633 4634 4635
f 4635 4632 4633
o b516286383_education
v -97.13 0.00 -15.13
v -104.02 0.00 5.78
v -111.82 0.00 29.46
v -65.30 0.00 44.38
v -57.58 0.00 20.95
v -50.68 0.00 -0.00
v -97.13 10.20 -15.13
v -104.02 10.20 5.78
v -111.82 10.20 29.46
v -65.30 10.20 44.38
v -57.58 10.20 20.95
v -50.68 10.20 -0.00
f 4637 4638 4644
f 4637 4644 4643
f 4638 4639 4645
f 4638 4645 4644
f 4639 4640 4646
f 4639 4646 4645
f 4640 4641 4647
f 4640 4647 4646
f 4641 4642 4648
f 4641 4648 4647
f 4642 4637 4643
f 4642 4643 4648
f 4647 4648 4643
f 4643 4644 4645
f 4645 4646 4647
f 4647 4643 4645
o b516286384_unknown
v -120.26 0.00 -22.94
v -119.96 0.00 -23.85
v -149.14 0.00 -33.33
v -163.48 0.00 10.26
v -164.32 0.00 12.79
v -144.08 0.00 19.36
v -142.80 0.00 15.46
v -133.87 0.00 18.37
v -120.26 10.50 -22.94
v -119.96 10.50 -23.85
v -149.14 10.50 -33.33
v -163.48 10.50 10.26
v -164.32 10.50 12.79
v -144.08 10.50 19.36
v -142.80 10.50 15.46
v -133.87 10.50 18.37
f 4649 4650 4658
f 4649 4658 4657
f 4650 4651 4659
f 4650 4659 4658
f 4651 4652 4660
f 4651 4660 4659
f 4652 4653 4661
f 4652 4661 4660
f 4653 4654 4662
f 4653 4662 4661
f 4654 4655 4663
f 4654 4663 4662
f 4655 4656 4664
f 4655 4664 4663
f 4656 4649 4657
f 4656 4657 4664
f 4663 4664 4657
f 4657 4658 4659
f 4660 4661 4662
f 4663 4657 4659
f 4659 4660 4662
f 4662 4663 4659
o b516286385_hardware
v 14.50 0.00 -4.32
v 16.89 0.00 -3.55
v 23.99 0.00 -1.29
v 38.03 0.00 3.18
v 46.57 0.00 -23.25
v 35.81 0.00 -26.65
v 27.81 0.00 -29.19
v 26.78 0.00 -26.01
v 23.81 0.00 -26.96
v 22.70 0.00 -23.53
v -2.01 0.00 -31.39
v -6.23 0.00 -18.65
v -7.27 0.00 -15.49
v -7.23 0.00 -13.70
v -6.53 0.00 -12.07
v -5.73 0.00 -11.14
v -4.60 0.00 -10.40
v 14.50 28.80 -4.32
v 16.89 28.80 -3.55
v 23.99 28.80 -1.29
v 38.03 28.80 3.18
v 46.57 28.80 -23.25
v 35.81 28.80 -26.65
v 27.81 28.80 -29.19
v 26.78 28.80 -26.01
v 23.81 28.80 -26.96
v 22.70 28.80 -23.53
v -2.01 28.80 -31.39
v -6.23 28.80 -18.65
v -7.27 28.80 -15.49
v -7.23 28.80 -13.70
v -6.53 28.80 -12.07
v -5.73 28.80 -11.14
v -4.60 28.80 -10.40
f 4665 4666 4683
f 4665 4683 4682
f 4666 4667 4684
f 4666 4684 4683
f 4667 4668 4685
f 4667 4685 4684
f 4668 4669 4686
f 4668 4686 4685
f 4669 4670 4687
f 4669 4687 4686
f 4670 4671 4688
f 4670 4688 4687
f 4671 4672 4689
f 4671 4689 4688
f 4672 4673 4690
f 4672 4690 4689
f 4673 4674 4691
f 4673 4691 4690
f 4674 4675 4692
f 4674 4692 4691
f 4675 4676 4693
f 4675 4693 4692
f 4676 4677 4694
f 4676 4694 4693
f 4677 4678 4695
f 4677 4695 4694
f 4678 4679 4696
f 4678 4696 4695
f 4679 4680 4697
f 4679 4697 4696
f 4680 4681 4698
f 4680 4698 4697
f 4681 4665 4682
f 4681 4682 4698
f 4697 4698 4682
f 4682 4683 4684
f 4684 4685 4686
f 4687 4688 4689
f 4689 4690 4691
f 4691 4692 4693
f 4693 4694 4695
f 4695 4696 4697
f 4697 4682 4684
f 4684 4686 4687
f 4687 4689 4691
f 4691 4693 4695
f 4695 4697 4684
f 4684 4687 4691
f 4691 4695 4684
o b516286386_unknown
v 1.33 0.00 -161.22
v 5.16 0.00 -172.95
v -41.21 0.00 -187.91
v -45.45 0.00 -174.98
v 1.33 4.80 -161.22
v 5.16 4.80 -172.95
v -41.21 4.80 -187.91
v -45.45 4.80 -174.98
f 4699 4700 4704
f 4699 4704 4703
f 4700 4701 4705
f 4700 4705 4704
f 4701 4702 4706
f 4701 4706 4705
f 4702 4699 4703
f 4702 4703 4706
f 4705 4706 4703
f 4703 4704 4705
o b516286387_retail
v 22.70 0.00 -23.53
v 23.81 0.00 -26.96
v 26.78 0.00 -26.01
v 27.81 0.00 -29.19
v 0.12 0.00 -38.00
v -0.95 0.00 -34.70
v -2.01 0.00 -31.39
v 22.70 6.40 -23.53
v 23.81 6.40 -26.96
v 26.78 6.40 -26.01
v 27.81 6.40 -29.19
v 0.12 6.40 -38.00
v -0.95 6.40 -34.70
v -2.01 6.40 -31.39
f 4707 4708 4715
f 4707 4715 4714
f 4708 4709 4716
f 4708 4716 4715
f 4709 4710 4717
f 4709 4717 4716
f 4710 4711 4718
f 4710 4718 4717
f 4711 4712 4719
f 4711 4719 4718
f 4712 4713 4720
f 4712 4720 4719
f 4713 4707 4714
f 4713 4714 4720
f 4719 4720 4714
f 4715 4716 4717
f 4717 4718 4719
f 4719 4714 4715
f 4715 4717 4719
o b516286388_unknown
v -36.31 0.00 -164.72
v -37.49 0.00 -161.15
v -39.06 0.00 -161.65
v -40.53 0.00 -157.17
v -43.65 0.00 -158.17
v -45.48 0.00 -152.61
v -52.19 0.00 -154.79
v -56.54 0.00 -141.56
v -10.05 0.00 -126.46
v -6.07 0.00 -138.52
v -5.68 0.00 -139.69
v 1.33 0.00 -161.22
v -45.45 0.00 -174.98
v -47.61 0.00 -168.36
v -36.31 5.40 -164.72
v -37.49 5.40 -161.15
v -39.06 5.40 -161.65
v -40.53 5.40 -157.17
v -43.65 5.40 -158.17
v -45.48 5.40 -152.61
v -52.19 5.40 -154.79
v -56.54 5.40 -141.56
v -10.05 5.40 -126.46
v -6.07 5.40 -138.52
v -5.68 5.40 -139.69
v 1.33 5.40 -161.22
v -45.45 5.40 -174.98
v -47.61 5.40 -168.36
f 4721 4722 4736
f 4721 4736 4735
f 4722 4723 4737
f 4722 4737 4736
f 4723 4724 4738
f 4723 4738 4737
f 4724 4725 4739
f 4724 4739 4738
f 4725 4726 4740
f 4725 4740 4739
f 4726 4727 4741
f 4726 4741 4740
f 4727 4728 4742
f 4727 4742 4741
f 4728 4729 4743
f 4728 4743 4742
f 4729 4730 4744
f 4729 4744 4743
f 4730 4731 4745
f 4730 4745 4744
f 4731 4732 4746
f 4731 4746 4745
f 4732 4733 4747
f 4732 4747 4746
f 4733 4734 4748
f 4733 4748 4747
f 4734 4721 4735
f 4734 4735 4748
f 4747 4748 4735
f 4736 4737 4738
f 4738 4739 4740
f 4740 4741 4742
f 4742 4743 4744
f 4744 4745 4746
f 4746 4747 4735
f 4738 4740 4742
f 4742 4744 4746
f 4746 4735 4736
f 4738 4742 4746
f 4746 4736 4738
o b516289338_unknown
v 185.99 0.00 -36.21
v 180.21 0.00 -18.19
v 174.60 0.00 -0.66
v 206.95 0.00 9.56
v 218.35 0.00 -25.98
v 185.99 7.60 -36.21
v 180.21 7.60 -18.19
v 174.60 7.60 -0.66
v 206.95 7.60 9.56
v 218.35 7.60 -25.98
f 4749 4750 4755
f 4749 4755 4754
f 4750 4751 4756
f 4750 4756 4755
f 4751 4752 4757
f 4751 4757 4756
f 4752 4753 4758
f 4752 4758 4757
f 4753 4749 4754
f 4753 4754 4758
f 4757 4758 4754
f 4754 4755 4756
f 4756 4757 4754
o b584933755_hardware
v 225.16 0.00 -222.66
v 221.91 0.00 -213.30
v 233.36 0.00 -209.74
v 236.17 0.00 -219.32
v 225.16 7.20 -222.66
v 221.91 7.20 -213.30
v 233.36 7.20 -209.74
v 236.17 7.20 -219.32
f 4759 4760 4764
f 4759 4764 4763
f 4760 4761 4765
f 4760 4765 4764
f 4761 4762 4766
f 4761 4766 4765
f 4762 4759 4763
f 4762 4763 4766
f 4765 4766 4763
f 4763 4764 4765
o b724582090_retail
v -486.91 0.00 -19.81
v -488.53 0.00 -20.30
v -490.09 0.00 -15.48
v -488.58 0.00 -15.01
v -476.49 0.00 -10.98
v -474.89 0.00 -16.03
v -486.91 3.20 -19.81
v -488.53 3.20 -20.30
v -490.09 3.20 -15.48
v -488.58 3.20 -15.01
v -476.49 3.20 -10.98
v -474.89 3.20 -16.03
f 4767 4768 4774
f 4767 4774 4773
f 4768 4769 4775
f 4768 4775 4774
f 4769 4770 4776
f 4769 4776 4775
f 4770 4771 4777
f 4770 4777 4776
f 4771 4772 4778
f 4771 4778 4777
f 4772 4767 4773
f 4772 4773 4778
f 4777 4778 4773
f 4773 4774 4775
f 4776 4777 4773
f 4773 4775 4776
o b772280775_unknown
v -15.60 0.00 422.21
v -20.60 0.00 437.43
v 7.86 0.00 446.55
v 14.81 0.00 425.21
v 3.55 0.00 421.51
v 1.50 0.00 427.75
v -15.60 9.90 422.21
v -20.60 9.90 437.43
v 7.86 9.90 446.55
v 14.81 9.90 425.21
v 3.55 9.90 421.51
v 1.50 9.90 427.75
f 4779 4780 4786
f 4779 4786 4785
f 4780 4781 4787
f 4780 4787 4786
f 4781 4782 4788
f 4781 4788 4787
f 4782 4783 4789
f 4782 4789 4788
f 4783 4784 4790
f 4783 4790 4789
f 4784 4779 4785
f 4784 4785 4790
f 4790 4785 4786
f 4786 4787 4788
f 4788 4789 4790
f 4790 4786 4788
o b772281126_unknown
v -143.54 0.00 450.63
v -147.52 0.00 425.32
v -149.68 0.00 424.09
v -154.48 0.00 439.36
v -148.67 0.00 449.88
v -143.54 9.90 450.63
v -147.52 9.90 425.32
v -149.68 9.90 424.09
v -154.48 9.90 439.36
v -148.67 9.90 449.88
f 4791 4792 4797
f 4791 4797 4796
f 4792 4793 4798
f 4792 4798 4797
f 4793 4794 4799
f 4793 4799 4798
f 4794 4795 4800
f 4794 4800 4799
f 4795 4791 4796
f 4795 4796 4800
f 4799 4800 4796
f 4796 4797 4798
f 4798 4799 4796
o b785725910_unknown
v 100.29 0.00 232.80
v 90.82 0.00 229.86
v 85.65 0.00 245.66
v 126.06 0.00 258.81
v 130.31 0.00 245.47
v 99.43 0.00 235.49
v 100.29 9.60 232.80
v 90.82 9.60 229.86
v 85.65 9.60 245.66
v 126.06 9.60 258.81
v 130.31 9.60 245.47
v 99.43 9.60 235.49
f 4801 4802 4808
f 4801 4808 4807
f 4802 4803 4809
f 4802 4809 4808
f 4803 4804 4810
f 4803 4810 4809
f 4804 4805 4811
f 4804 4811 4810
f 4805 4806 4812
f 4805 4812 4811
f 4806 4801 4807
f 4806 4807 4812
f 4812 4807 4808
f 4808 4809 4810
f 4810 4811 4812
f 4812 4808 4810
o b850669088_residential
v -361.89 0.00 53.68
v -322.56 0.00 66.37
v -310.56 0.00 29.70
v -338.14 0.00 20.79
v -349.89 0.00 17.00
v -361.89 157.30 53.68
v -322.56 157.30 66.37
v -310.56 157.30 29.70
v -338.14 157.30 20.79
v -349.89 157.30 17.00
f 4813 4814 4819
f 4813 4819 4818
f 4814 4815 4820
f 4814 4820 4819
f 4815 4816 4821
f 4815 4821 4820
f 4816 4817 4822
f 4816 4822 4821
f 4817 4813 4818
f 4817 4818 4822
f 4821 4822 4818
f 4818 4819 4820
f 4820 4821 4818
o b903084328_residential
v -397.84 0.00 89.33
v -388.83 0.00 92.40
v -381.98 0.00 94.70
v -377.37 0.00 96.27
v -375.20 0.00 97.00
v -360.86 0.00 101.86
v -357.67 0.00 102.95
v -349.50 0.00 105.71
v -345.18 0.00 107.16
v -336.58 0.00 109.97
v -328.28 0.00 84.32
v -324.59 0.00 72.96
v -386.18 0.00 53.62
v -397.84 76.80 89.33
v -388.83 76.80 92.40
v -381.98 76.80 94.70
v -377.37 76.80 96.27
v -375.20 76.80 97.00
v -360.86 76.80 101.86
v -357.67 76.80 102.95
v -349.50 76.80 105.71
v -345.18 76.80 107.16
v -336.58 76.80 109.97
v -328.28 76.80 84.32
v -324.59 76.80 72.96
v -386.18 76.80 53.62
f 4823 4824 4837
f 4823 4837 4836
f 4824 4825 4838
f 4824 4838 4837
f 4825 4826 4839
f 4825 4839 4838
f 4826 4827 4840
f 4826 4840 4839
f 4827 4828 4841
f 4827 4841 4840
f 4828 4829 4842
f 4828 4842 4841
f 4829 4830 4843
f 4829 4843 4842
f 4830 4831 4844
f 4830 4844 4843
f 4831 4832 4845
f 4831 4845 4844
f 4832 4833 4846
f 4832 4846 4845
f 4833 4834 4847
f 4833 4847 4846
f 4834 4835 4848
f 4834 4848 4847
f 4835 4823 4836
f 4835 4836 4848
f 4847 4848 4836
f 4836 4837 4838
f 4838 4839 4840
f 4841 4842 4843
f 4843 4844 4845
f 4846 4847 4836
f 4838 4840 4841
f 4841 4843 4845
f 4845 4846 4836
f 4838 4841 4845
f 4845 4836 4838
o b903084330_unknown
v 57.21 0.00 -420.46
v 35.33 0.00 -427.44
v 33.21 0.00 -420.91
v 38.92 0.00 -419.08
v 55.24 0.00 -413.77
v 57.21 8.60 -420.46
v 35.33 8.60 -427.44
v 33.21 8.60 -420.91
v 38.92 8.60 -419.08
v 55.24 8.60 -413.77
f 4849 4850 4855
f 4849 4855 4854
f 4850 4851 4856
f 4850 4856 4855
f 4851 4852 4857
f 4851 4857 4856
f 4852 4853 4858
f 4852 4858 4857
f 4853 4849 4854
f 4853 4854 4858
f 4857 4858 4854
f 4854 4855 4856
f 4856 4857 4854
o b923358549_residential
v 162.20 0.00 225.50
v 150.50 0.00 261.26
v 169.85 0.00 267.41
v 171.65 0.00 265.10
v 175.39 0.00 263.05
v 179.26 0.00 261.52
v 179.39 0.00 260.23
v 188.03 0.00 262.92
v 196.40 0.00 238.34
v 196.91 0.00 237.05
v 192.29 0.00 235.76
v 191.90 0.00 236.74
v 170.80 0.00 230.01
v 171.32 0.00 228.43
v 162.20 10.80 225.50
v 150.50 10.80 261.26
v 169.85 10.80 267.41
v 171.65 10.80 265.10
v 175.39 10.80 263.05
v 179.26 10.80 261.52
v 179.39 10.80 260.23
v 188.03 10.80 262.92
v 196.40 10.80 238.34
v 196.91 10.80 237.05
v 192.29 10.80 235.76
v 191.90 10.80 236.74
v 170.80 10.80 230.01
v 171.32 10.80 228.43
f 4859 4860 4874
f 4859 4874 4873
f 4860 4861 4875
f 4860 4875 4874
f 4861 4862 4876
f 4861 4876 4875
f 4862 4863 4877
f 4862 4877 4876
f 4863 4864 4878
f 4863 4878 4877
f 4864 4865 4879
f 4864 4879 4878
f 4865 4866 4880
f 4865 4880 4879
f 4866 4867 4881
f 4866 4881 4880
f 4867 4868 4882
f 4867 4882 4881
f 4868 4869 4883
f 4868 4883 4882
f 4869 4870 4884
f 4869 4884 4883
f 4870 4871 4885
f 4870 4885 4884
f 4871 4872 4886
f 4871 4886 4885
f 4872 4859 4873
f 4872 4873 4886
f 4885 4886 4873
f 4873 4874 4875
f 4877 4878 4879
f 4879 4880 4881
f 4881 4882 4883
f 4885 4873 4875
f 4876 4877 4879
f 4881 4883 4884
f 4884 4885 4875
f 4876 4879 4881
f 4884 4875 4876
f 4876 4881 4884
o b923358550_residential
v 230.19 0.00 286.86
v 242.34 0.00 251.45
v 231.71 0.00 247.95
v 231.35 0.00 249.22
v 196.40 0.00 238.34
v 188.03 0.00 262.92
v 189.83 0.00 265.74
v 191.77 0.00 267.78
v 193.57 0.00 270.60
v 193.83 0.00 272.39
v 194.09 0.00 275.34
v 195.76 0.00 274.57
v 196.80 0.00 276.49
v 196.28 0.00 278.67
v 211.88 0.00 283.67
v 212.65 0.00 281.49
v 230.19 38.40 286.86
v 242.34 38.40 251.45
v 231.71 38.40 247.95
v 231.35 38.40 249.22
v 196.40 38.40 238.34
v 188.03 38.40 262.92
v 189.83 38.40 265.74
v 191.77 38.40 267.78
v 193.57 38.40 270.60
v 193.83 38.40 272.39
v 194.09 38.40 275.34
v 195.76 38.40 274.57
v 196.80 38.40 276.49
v 196.28 38.40 278.67
v 211.88 38.40 283.67
v 212.65 38.40 281.49
f 4887 4888 4904
f 4887 4904 4903
f 4888 4889 4905
f 4888 4905 4904
f 4889 4890 4906
f 4889 4906 4905
f 4890 4891 4907
f 4890 4907 4906
f 4891 4892 4908
f 4891 4908 4907
f 4892 4893 4909
f 4892 4909 4908
f 4893 4894 4910
f 4893 4910 4909
f 4894 4895 4911
f 4894 4911 4910
f 4895 4896 4912
f 4895 4912 4911
f 4896 4897 4913
f 4896 4913 4912
f 4897 4898 4914
f 4897 4914 4913
f 4898 4899 4915
f 4898 4915 4914
f 4899 4900 4916
f 4899 4916 4915
f 4900 4901 4917
f 4900 4917 4916
f 4901 4902 4918
f 4901 4918 4917
f 4902 4887 4903
f 4902 4903 4918
f 4918 4903 4904
f 4904 4905 4906
f 4906 4907 4908
f 4908 4909 4910
f 4912 4913 4914
f 4915 4916 4917
f 4918 4904 4906
f 4906 4908 4910
f 4911 4912 4914
f 4914 4915 4917
f 4918 4906 4910
f 4911 4914 4917
f 4917 4918 4910
f 4910 4911 4917
o b927242882_residential
v 91.76 0.00 92.90
v 90.61 0.00 96.46
v 83.41 0.00 118.65
v 80.22 0.00 128.47
v 129.42 0.00 144.20
v 141.32 0.00 148.01
v 158.46 0.00 153.48
v 162.53 0.00 140.92
v 169.98 0.00 117.91
v 152.82 0.00 112.43
v 91.76 8.90 92.90
v 90.61 8.90 96.46
v 83.41 8.90 118.65
v 80.22 8.90 128.47
v 129.42 8.90 144.20
v 141.32 8.90 148.01
v 158.46 8.90 153.48
v 162.53 8.90 140.92
v 169.98 8.90 117.91
v 152.82 8.90 112.43
f 4919 4920 4930
f 4919 4930 4929
f 4920 4921 4931
f 4920 4931 4930
f 4921 4922 4932
f 4921 4932 4931
f 4922 4923 4933
f 4922 4933 4932
f 4923 4924 4934
f 4923 4934 4933
f 4924 4925 4935
f 4924 4935 4934
f 4925 4926 4936
f 4925 4936 4935
f 4926 4927 4937
f 4926 4937 4936
f 4927 4928 4938
f 4927 4938 4937
f 4928 4919 4929
f 4928 4929 4938
f 4938 4929 4930
f 4931 4932 4933
f 4933 4934 4935
f 4935 4936 4937
f 4937 4938 4930
f 4930 4931 4933
f 4933 4935 4937
f 4937 4930 4933
o b929863362_civic
v -51.50 0.00 114.84
v -53.49 0.00 121.10
v -55.48 0.00 127.36
v -43.07 0.00 131.28
v -9.06 0.00 141.99
v -5.06 0.00 129.38
v -13.37 0.00 126.77
v -23.01 0.00 123.76
v -34.76 0.00 120.08
v -43.50 0.00 117.35
v -51.50 14.10 114.84
v -53.49 14.10 121.10
v -55.48 14.10 127.36
v -43.07 14.10 131.28
v -9.06 14.10 141.99
v -5.06 14.10 129.38
v -13.37 14.10 126.77
v -23.01 14.10 123.76
v -34.76 14.10 120.08
v -43.50 14.10 117.35
f 4939 4940 4950
f 4939 4950 4949
f 4940 4941 4951
f 4940 4951 4950
f 4941 4942 4952
f 4941 4952 4951
f 4942 4943 4953
f 4942 4953 4952
f 4943 4944 4954
f 4943 4954 4953
f 4944 4945 4955
f 4944 4955 4954
f 4945 4946 4956
f 4945 4956 4955
f 4946 4947 4957
f 4946 4957 4956
f 4947 4948 4958
f 4947 4958 4957
f 4948 4939 4949
f 4948 4949 4958
f 4958 4949 4950
f 4950 4951 4952
f 4952 4953 4954
f 4954 4955 4956
f 4956 4957 4958
f 4958 4950 4952
f 4952 4954 4956
f 4956 4958 4952
o b929864020_civic
v -52.19 0.00 -154.79
v -56.54 0.00 -141.56
v -10.05 0.00 -126.46
v -6.07 0.00 -138.52
v -5.68 0.00 -139.69
v -45.48 0.00 -152.61
v -52.19 17.90 -154.79
v -56.54 17.90 -141.56
v -10.05 17.90 -126.46
v -6.07 17.90 -138.52
v -5.68 17.90 -139.69
v -45.48 17.90 -152.61
f 4959 4960 4966
f 4959 4966 4965
f 4960 4961 4967
f 4960 4967 4966
f 4961 4962 4968
f 4961 4968 4967
f 4962 4963 4969
f 4962 4969 4968
f 4963 4964 4970
f 4963 4970 4969
f 4964 4959 4965
f 4964 4965 4970
f 4970 4965 4966
f 4966 4967 4968
f 4968 4969 4970
f 4970 4966 4968
o b929865592_unknown
v 189.42 0.00 231.11
v 202.65 0.00 235.30
v 214.45 0.00 198.71
v 201.28 0.00 194.54
v 189.42 5.60 231.11
v 202.65 5.60 235.30
v 214.45 5.60 198.71
v 201.28 5.60 194.54
f 4971 4972 4976
f 4971 4976 4975
f 4972 4973 4977
f 4972 4977 4976
f 4973 4974 4978
f 4973 4978 4977
f 4974 4971 4975
f 4974 4975 4978
f 4977 4978 4975
f 4975 4976 4977
o b929944788_civic
v -482.14 0.00 289.06
v -431.18 0.00 305.55
v -429.64 0.00 300.35
v -419.44 0.00 267.61
v -470.17 0.00 252.05
v -482.14 18.90 289.06
v -431.18 18.90 305.55
v -429.64 18.90 300.35
v -419.44 18.90 267.61
v -470.17 18.90 252.05
f 4979 4980 4985
f 4979 4985 4984
f 4980 4981 4986
f 4980 4986 4985
f 4981 4982 4987
f 4981 4987 4986
f 4982 4983 4988
f 4982 4988 4987
f 4983 4979 4984
f 4983 4984 4988
f 4987 4988 4984
f 4984 4985 4986
f 4986 4987 4984
o b957405851_office
v -198.48 0.00 116.93
v -205.95 0.00 139.73
v -209.35 0.00 150.14
v -162.98 0.00 165.10
v -152.11 0.00 131.90
v -198.48 110.60 116.93
v -205.95 110.60 139.73
v -209.35 110.60 150.14
v -162.98 110.60 165.10
v -152.11 110.60 131.90
f 4989 4990 4995
f 4989 4995 4994
f 4990 4991 4996
f 4990 4996 4995
f 4991 4992 4997
f 4991 4997 4996
f 4992 4993 4998
f 4992 4998 4997
f 4993 4989 4994
f 4993 4994 4998
f 4997 4998 4994
f 4994 4995 4996
f 4996 4997 4994
o b957405852_office
v -311.87 0.00 202.93
v -320.07 0.00 227.37
v -274.21 0.00 242.52
v -273.33 0.00 240.00
v -272.45 0.00 237.47
v -268.80 0.00 238.71
v -265.15 0.00 239.94
v -257.64 0.00 217.53
v -255.31 0.00 210.59
v -308.49 0.00 193.00
v -311.87 135.90 202.93
v -320.07 135.90 227.37
v -274.21 135.90 242.52
v -273.33 135.90 240.00
v -272.45 135.90 237.47
v -268.80 135.90 238.71
v -265.15 135.90 239.94
v -257.64 135.90 217.53
v -255.31 135.90 210.59
v -308.49 135.90 193.00
f 4999 5000 5010
f 4999 5010 5009
f 5000 5001 5011
f 5000 5011 5010
f 5001 5002 5012
f 5001 5012 5011
f 5002 5003 5013
f 5002 5013 5012
f 5003 5004 5014
f 5003 5014 5013
f 5004 5005 5015
f 5004 5015 5014
f 5005 5006 5016
f 5005 5016 5015
f 5006 5007 5017
f 5006 5017 5016
f 5007 5008 5018
f 5007 5018 5017
f 5008 4999 5009
f 5008 5009 5018
f 5017 5018 5009
f 5009 5010 5011
f 5011 5012 5013
f 5013 5014 5015
f 5016 5017 5009
f 5009 5011 5013
f 5013 5015 5016
f 5016 5009 5013
o b957405853_office
v -188.90 0.00 -159.33
v -189.19 0.00 -158.57
v -194.20 0.00 -143.98
v -195.14 0.00 -124.22
v -186.59 0.00 -116.74
v -187.74 0.00 -113.15
v -188.84 0.00 -109.78
v -198.87 0.00 -79.15
v -199.55 0.00 -77.05
v -165.20 0.00 -66.14
v -139.59 0.00 -143.06
v -188.90 165.00 -159.33
v -189.19 165.00 -158.57
v -194.20 165.00 -143.98
v -195.14 165.00 -124.22
v -186.59 165.00 -116.74
v -187.74 165.00 -113.15
v -188.84 165.00 -109.78
v -198.87 165.00 -79.15
v -199.55 165.00 -77.05
v -165.20 165.00 -66.14
v -139.59 165.00 -143.06
f 5019 5020 5031
f 5019 5031 5030
f 5020 5021 5032
f 5020 5032 5031
f 5021 5022 5033
f 5021 5033 5032
f 5022 5023 5034
f 5022 5034 5033
f 5023 5024 5035
f 5023 5035 5034
f 5024 5025 5036
f 5024 5036 5035
f 5025 5026 5037
f 5025 5037 5036
f 5026 5027 5038
f 5026 5038 5037
f 5027 5028 5039
f 5027 5039 5038
f 5028 5029 5040
f 5028 5040 5039
f 5029 5019 5030
f 5029 5030 5040
f 5039 5040 5030
f 5030 5031 5032
f 5032 5033 5034
f 5036 5037 5038
f 5039 5030 5032
f 5036 5038 5039
f 5039 5032 5034
f 5035 5036 5039
f 5039 5034 5035
o b967757079_residential
v 202.65 0.00 235.30
v 243.04 0.00 248.14
v 254.85 0.00 211.55
v 214.45 0.00 198.71
v 202.65 41.60 235.30
v 243.04 41.60 248.14
v 254.85 41.60 211.55
v 214.45 41.60 198.71
f 5041 5042 5046
f 5041 5046 5045
f 5042 5043 5047
f 5042 5047 5046
f 5043 5044 5048
f 5043 5048 5047
f 5044 5041 5045
f 5044 5045 5048
f 5047 5048 5045
f 5045 5046 5047
o b967757080_unknown
v 201.28 0.00 194.54
v 187.08 0.00 190.00
v 186.89 0.00 190.58
v 175.30 0.00 186.93
v 164.29 0.00 221.36
v 176.56 0.00 225.24
v 176.07 0.00 226.78
v 189.42 0.00 231.11
v 201.28 10.80 194.54
v 187.08 10.80 190.00
v 186.89 10.80 190.58
v 175.30 10.80 186.93
v 164.29 10.80 221.36
v 176.56 10.80 225.24
v 176.07 10.80 226.78
v 189.42 10.80 231.11
f 5049 5050 5058
f 5049 5058 5057
f 5050 5051 5059
f 5050 5059 5058
f 5051 5052 5060
f 5051 5060 5059
f 5052 5053 5061
f 5052 5061 5060
f 5053 5054 5062
f 5053 5062 5061
f 5054 5055 5063
f 5054 5063 5062
f 5055 5056 5064
f 5055 5064 5063
f 5056 5049 5057
f 5056 5057 5064
f 5063 5064 5057
f 5057 5058 5059
f 5059 5060 5061
f 5062 5063 5057
f 5057 5059 5061
f 5061 5062 5057
o b972346283_unknown
v -476.49 0.00 -10.98
v -474.00 0.00 -10.20
v -472.40 0.00 -15.25
v -474.89 0.00 -16.03
v -476.49 4.80 -10.98
v -474.00 4.80 -10.20
v -472.40 4.80 -15.25
v -474.89 4.80 -16.03
f 5065 5066 5070
f 5065 5070 5069
f 5066 5067 5071
f 5066 5071 5070
f 5067 5068 5072
f 5067 5072 5071
f 5068 5065 5069
f 5068 5069 5072
f 5071 5072 5069
f 5069 5070 5071
o b972654803_unknown
v -426.46 0.00 -234.16
v -445.56 0.00 -175.39
v -451.57 0.00 -156.90
v -445.72 0.00 -155.12
v -372.43 0.00 -131.54
v -357.31 0.00 -178.06
v -354.19 0.00 -187.69
v -378.36 0.00 -195.43
v -371.50 0.00 -216.54
v -426.46 211.20 -234.16
v -445.56 211.20 -175.39
v -451.57 211.20 -156.90
v -445.72 211.20 -155.12
v -372.43 211.20 -131.54
v -357.31 211.20 -178.06
v -354.19 211.20 -187.69
v -378.36 211.20 -195.43
v -371.50 211.20 -216.54
f 5073 5074 5083
f 5073 5083 5082
f 5074 5075 5084
f 5074 5084 5083
f 5075 5076 5085
f 5075 5085 5084
f 5076 5077 5086
f 5076 5086 5085
f 5077 5078 5087
f 5077 5087 5086
f 5078 5079 5088
f 5078 5088 5087
f 5079 5080 5089
f 5079 5089 5088
f 5080 5081 5090
f 5080 5090 5089
f 5081 5073 5082
f 5081 5082 5090
f 5089 5090 5082
f 5083 5084 5085
f 5085 5086 5087
f 5087 5088 5089
f 5089 5082 5083
f 5083 5085 5087
f 5087 5089 5083
o b1008727466_unknown
v 405.15 0.00 360.05
v 406.65 0.00 365.90
v 414.77 0.00 368.83
v 421.83 0.00 366.58
v 412.24 0.00 360.60
v 405.15 9.10 360.05
v 406.65 9.10 365.90
v 414.77 9.10 368.83
v 421.83 9.10 366.58
v 412.24 9.10 360.60
f 5091 5092 5097
f 5091 5097 5096
f 5092 5093 5098
f 5092 5098 5097
f 5093 5094 5099
f 5093 5099 5098
f 5094 5095 5100
f 5094 5100 5099
f 5095 5091 5096
f 5095 5096 5100
f 5099 5100 5096
f 5096 5097 5098
f 5098 5099 5096
o b1008727467_unknown
v 406.65 0.00 365.90
v 405.15 0.00 360.05
v 404.99 0.00 359.35
v 396.46 0.00 356.94
v 394.74 0.00 357.54
v 387.77 0.00 359.98
v 399.34 0.00 365.24
v 406.65 11.70 365.90
v 405.15 11.70 360.05
v 404.99 11.70 359.35
v 396.46 11.70 356.94
v 394.74 11.70 357.54
v 387.77 11.70 359.98
v 399.34 11.70 365.24
f 5101 5102 5109
f 5101 5109 5108
f 5102 5103 5110
f 5102 5110 5109
f 5103 5104 5111
f 5103 5111 5110
f 5104 5105 5112
f 5104 5112 5111
f 5105 5106 5113
f 5105 5113 5112
f 5106 5107 5114
f 5106 5114 5113
f 5107 5101 5108
f 5107 5108 5114
f 5113 5114 5108
f 5109 5110 5111
f 5111 5112 5113
f 5113 5108 5109
f 5109 5111 5113
o b1008727468_unknown
v 394.74 0.00 357.54
v 386.95 0.00 352.49
v 379.25 0.00 351.87
v 380.97 0.00 357.74
v 387.77 0.00 359.98
v 394.74 6.20 357.54
v 386.95 6.20 352.49
v 379.25 6.20 351.87
v 380.97 6.20 357.74
v 387.77 6.20 359.98
f 5115 5116 5121
f 5115 5121 5120
f 5116 5117 5122
f 5116 5122 5121
f 5117 5118 5123
f 5117 5123 5122
f 5118 5119 5124
f 5118 5124 5123
f 5119 5115 5120
f 5119 5120 5124
f 5123 5124 5120
f 5120 5121 5122
f 5122 5123 5120
o b1008727469_unknown
v 364.31 0.00 351.87
v 373.93 0.00 357.07
v 380.62 0.00 356.98
v 379.25 0.00 351.87
v 379.06 0.00 351.02
v 370.78 0.00 348.91
v 370.35 0.00 349.10
v 364.31 5.90 351.87
v 373.93 5.90 357.07
v 380.62 5.90 356.98
v 379.25 5.90 351.87
v 379.06 5.90 351.02
v 370.78 5.90 348.91
v 370.35 5.90 349.10
f 5125 5126 5133
f 5125 5133 5132
f 5126 5127 5134
f 5126 5134 5133
f 5127 5128 5135
f 5127 5135 5134
f 5128 5129 5136
f 5128 5136 5135
f 5129 5130 5137
f 5129 5137 5136
f 5130 5131 5138
f 5130 5138 5137
f 5131 5125 5132
f 5131 5132 5138
f 5137 5138 5132
f 5132 5133 5134
f 5135 5136 5137
f 5137 5132 5134
f 5134 5135 5137
o b1008727470_unknown
v 370.35 0.00 349.10
v 359.52 0.00 343.64
v 350.61 0.00 346.02
v 355.77 0.00 350.23
v 364.31 0.00 351.87
v 370.35 10.30 349.10
v 359.52 10.30 343.64
v 350.61 10.30 346.02
v 355.77 10.30 350.23
v 364.31 10.30 351.87
f 5139 5140 5145
f 5139 5145 5144
f 5140 5141 5146
f 5140 5146 5145
f 5141 5142 5147
f 5141 5147 5146
f 5142 5143 5148
f 5142 5148 5147
f 5143 5139 5144
f 5143 5144 5148
f 5147 5148 5144
f 5144 5145 5146
f 5146 5147 5144
o b1020753276_unknown
v -311.87 0.00 202.93
v -308.49 0.00 193.00
v -308.17 0.00 192.09
v -333.94 0.00 183.43
v -337.63 0.00 194.26
v -311.87 9.10 202.93
v -308.49 9.10 193.00
v -308.17 9.10 192.09
v -333.94 9.10 183.43
v -337.63 9.10 194.26
f 5149 5150 5155
f 5149 5155 5154
f 5150 5151 5156
f 5150 5156 5155
f 5151 5152 5157
f 5151 5157 5156
f 5152 5153 5158
f 5152 5158 5157
f 5153 5149 5154
f 5153 5154 5158
f 5157 5158 5154
f 5155 5156 5157
f 5157 5154 5155
o b1020753278_unknown
v -216.65 0.00 246.42
v -220.82 0.00 259.25
v -202.30 0.00 265.16
v -198.13 0.00 252.33
v -216.65 7.40 246.42
v -220.82 7.40 259.25
v -202.30 7.40 265.16
v -198.13 7.40 252.33
f 5159 5160 5164
f 5159 5164 5163
f 5160 5161 5165
f 5160 5165 5164
f 5161 5162 5166
f 5161 5166 5165
f 5162 5159 5163
f 5162 5163 5166
f 5165 5166 5163
f 5163 5164 5165
o b1020754973_retail
v -72.03 0.00 64.44
v -69.88 0.00 57.80
v -83.83 0.00 53.36
v -84.15 0.00 54.34
v -116.31 0.00 44.09
v -118.13 0.00 49.77
v -72.03 6.40 64.44
v -69.88 6.40 57.80
v -83.83 6.40 53.36
v -84.15 6.40 54.34
v -116.31 6.40 44.09
v -118.13 6.40 49.77
f 5167 5168 5174
f 5167 5174 5173
f 5168 5169 5175
f 5168 5175 5174
f 5169 5170 5176
f 5169 5176 5175
f 5170 5171 5177
f 5170 5177 5176
f 5171 5172 5178
f 5171 5178 5177
f 5172 5167 5173
f 5172 5173 5178
f 5177 5178 5173
f 5173 5174 5175
f 5176 5177 5173
f 5173 5175 5176
o b1020754974_retail
v -84.15 0.00 54.34
v -83.83 0.00 53.36
v -69.88 0.00 57.80
v -65.30 0.00 44.38
v -111.82 0.00 29.46
v -116.31 0.00 44.09
v -84.15 6.40 54.34
v -83.83 6.40 53.36
v -69.88 6.40 57.80
v -65.30 6.40 44.38
v -111.82 6.40 29.46
v -116.31 6.40 44.09
f 5179 5180 5186
f 5179 5186 5185
f 5180 5181 5187
f 5180 5187 5186
f 5181 5182 5188
f 5181 5188 5187
f 5182 5183 5189
f 5182 5189 5188
f 5183 5184 5190
f 5183 5190 5189
f 5184 5179 5185
f 5184 5185 5190
f 5189 5190 5185
f 5186 5187 5188
f 5189 5185 5186
f 5186 5188 5189
o b1020754975_retail
v -111.82 0.00 29.46
v -116.31 0.00 44.09
v -84.15 0.00 54.34
v -83.83 0.00 53.36
v -69.88 0.00 57.80
v -65.30 0.00 44.38
v -111.82 11.50 29.46
v -116.31 11.50 44.09
v -84.15 11.50 54.34
v -83.83 11.50 53.36
v -69.88 11.50 57.80
v -65.30 11.50 44.38
f 5191 5192 5198
f 5191 5198 5197
f 5192 5193 5199
f 5192 5199 5198
f 5193 5194 5200
f 5193 5200 5199
f 5194 5195 5201
f 5194 5201 5200
f 5195 5196 5202
f 5195 5202 5201
f 5196 5191 5197
f 5196 5197 5202
f 5201 5202 5197
f 5197 5198 5199
f 5200 5201 5197
f 5197 5199 5200
o b1020754976_unknown
v -111.82 0.00 29.46
v -65.30 0.00 44.38
v -57.58 0.00 20.95
v -104.02 0.00 5.78
v -111.82 9.70 29.46
v -65.30 9.70 44.38
v -57.58 9.70 20.95
v -104.02 9.70 5.78
f 5203 5204 5208
f 5203 5208 5207
f 5204 5205 5209
f 5204 5209 5208
f 5205 5206 5210
f 5205 5210 5209
f 5206 5203 5207
f 5206 5207 5210
f 5209 5210 5207
f 5207 5208 5209
o b1020979628_retail
v -268.88 0.00 176.13
v -257.52 0.00 179.86
v -251.83 0.00 162.75
v -263.23 0.00 159.03
v -268.88 6.30 176.13
v -257.52 6.30 179.86
v -251.83 6.30 162.75
v -263.23 6.30 159.03
f 5211 5212 5216
f 5211 5216 5215
f 5212 5213 5217
f 5212 5217 5216
f 5213 5214 5218
f 5213 5218 5217
f 5214 5211 5215
f 5214 5215 5218
f 5217 5218 5215
f 5215 5216 5217
o b1020979629_unknown
v -268.88 0.00 176.13
v -272.35 0.00 186.64
v -261.88 0.00 190.10
v -248.81 0.00 194.38
v -245.31 0.00 183.86
v -257.52 0.00 179.86
v -268.88 5.80 176.13
v -272.35 5.80 186.64
v -261.88 5.80 190.10
v -248.81 5.80 194.38
v -245.31 5.80 183.86
v -257.52 5.80 179.86
f 5219 5220 5226
f 5219 5226 5225
f 5220 5221 5227
f 5220 5227 5226
f 5221 5222 5228
f 5221 5228 5227
f 5222 5223 5229
f 5222 5229 5228
f 5223 5224 5230
f 5223 5230 5229
f 5224 5219 5225
f 5224 5225 5230
f 5230 5225 5226
f 5226 5227 5228
f 5228 5229 5230
f 5230 5226 5228
o b1020979630_unknown
v -261.88 0.00 190.10
v -264.73 0.00 198.70
v -251.68 0.00 202.98
v -248.81 0.00 194.38
v -261.88 8.00 190.10
v -264.73 8.00 198.70
v -251.68 8.00 202.98
v -248.81 8.00 194.38
f 5231 5232 5236
f 5231 5236 5235
f 5232 5233 5237
f 5232 5237 5236
f 5233 5234 5238
f 5233 5238 5237
f 5234 5231 5235
f 5234 5235 5238
f 5237 5238 5235
f 5235 5236 5237
o b1021003040_unknown
v 80.22 0.00 128.47
v 129.42 0.00 144.20
v 141.32 0.00 148.01
v 158.46 0.00 153.48
v 162.53 0.00 140.92
v 169.98 0.00 117.91
v 152.82 0.00 112.43
v 151.69 0.00 115.81
v 145.21 0.00 135.20
v 144.40 0.00 138.06
v 132.65 0.00 134.31
v 83.41 0.00 118.65
v 80.22 8.20 128.47
v 129.42 8.20 144.20
v 141.32 8.20 148.01
v 158.46 8.20 153.48
v 162.53 8.20 140.92
v 169.98 8.20 117.91
v 152.82 8.20 112.43
v 151.69 8.20 115.81
v 145.21 8.20 135.20
v 144.40 8.20 138.06
v 132.65 8.20 134.31
v 83.41 8.20 118.65
f 5239 5240 5252
f 5239 5252 5251
f 5240 5241 5253
f 5240 5253 5252
f 5241 5242 5254
f 5241 5254 5253
f 5242 5243 5255
f 5242 5255 5254
f 5243 5244 5256
f 5243 5256 5255
f 5244 5245 5257
f 5244 5257 5256
f 5245 5246 5258
f 5245 5258 5257
f 5246 5247 5259
f 5246 5259 5258
f 5247 5248 5260
f 5247 5260 5259
f 5248 5249 5261
f 5248 5261 5260
f 5249 5250 5262
f 5249 5262 5261
f 5250 5239 5251
f 5250 5251 5262
f 5261 5262 5251
f 5252 5253 5254
f 5254 5255 5256
f 5256 5257 5258
f 5258 5259 5260
f 5260 5261 5251
f 5251 5252 5254
f 5254 5256 5258
f 5260 5251 5254
f 5254 5258 5260
o b1021167043_retail
v -148.00 0.00 239.50
v -149.88 0.00 245.21
v -132.63 0.00 250.83
v -130.75 0.00 245.12
v -148.00 13.00 239.50
v -149.88 13.00 245.21
v -132.63 13.00 250.83
v -130.75 13.00 245.12
f 5263 5264 5268
f 5263 5268 5267
f 5264 5265 5269
f 5264 5269 5268
f 5265 5266 5270
f 5265 5270 5269
f 5266 5263 5267
f 5266 5267 5270
f 5269 5270 5267
f 5267 5268 5269
o b1021167044_unknown
v -128.47 0.00 238.21
v -126.67 0.00 232.76
v -149.75 0.00 225.18
v -151.56 0.00 230.67
v -128.47 6.60 238.21
v -126.67 6.60 232.76
v -149.75 6.60 225.18
v -151.56 6.60 230.67
f 5271 5272 5276
f 5271 5276 5275
f 5272 5273 5277
f 5272 5277 5276
f 5273 5274 5278
f 5273 5278 5277
f 5274 5271 5275
f 5274 5275 5278
f 5277 5278 5275
f 5275 5276 5277
o b1021167045_office
v -124.26 0.00 225.60
v -122.04 0.00 219.19
v -167.98 0.00 204.28
v -170.20 0.00 210.48
v -124.26 27.70 225.60
v -122.04 27.70 219.19
v -167.98 27.70 204.28
v -170.20 27.70 210.48
f 5279 5280 5284
f 5279 5284 5283
f 5280 5281 5285
f 5280 5285 5284
f 5281 5282 5286
f 5281 5286 5285
f 5282 5279 5283
f 5282 5283 5286
f 5285 5286 5283
f 5283 5284 5285
o b1022725553_unknown
v -189.19 0.00 -158.57
v -191.87 0.00 -159.50
v -196.85 0.00 -144.86
v -194.20 0.00 -143.98
v -189.19 9.20 -158.57
v -191.87 9.20 -159.50
v -196.85 9.20 -144.86
v -194.20 9.20 -143.98
f 5287 5288 5292
f 5287 5292 5291
f 5288 5289 5293
f 5288 5293 5292
f 5289 5290 5294
f 5289 5294 5293
f 5290 5287 5291
f 5290 5291 5294
f 5293 5294 5291
f 5291 5292 5293
o b1025013853_residential
v -115.62 0.00 -135.75
v -124.14 0.00 -109.39
v -98.10 0.00 -101.09
v -93.97 0.00 -113.86
v -86.04 0.00 -111.34
v -81.65 0.00 -124.93
v -115.62 62.20 -135.75
v -124.14 62.20 -109.39
v -98.10 62.20 -101.09
v -93.97 62.20 -113.86
v -86.04 62.20 -111.34
v -81.65 62.20 -124.93
f 5295 5296 5302
f 5295 5302 5301
f 5296 5297 5303
f 5296 5303 5302
f 5297 5298 5304
f 5297 5304 5303
f 5298 5299 5305
f 5298 5305 5304
f 5299 5300 5306
f 5299 5306 5305
f 5300 5295 5301
f 5300 5301 5306
f 5305 5306 5301
f 5301 5302 5303
f 5304 5305 5301
f 5301 5303 5304
o b1029943785_food
v -171.45 0.00 34.49
v -175.61 0.00 47.33
v -144.28 0.00 57.70
v -140.00 0.00 44.47
v -171.45 8.30 34.49
v -175.61 8.30 47.33
v -144.28 8.30 57.70
v -140.00 8.30 44.47
f 5307 5308 5312
f 5307 5312 5311
f 5308 5309 5313
f 5308 5313 5312
f 5309 5310 5314
f 5309 5314 5313
f 5310 5307 5311
f 5310 5311 5314
f 5313 5314 5311
f 5311 5312 5313
o b1029943786_food
v 16.61 0.00 322.31
v 13.40 0.00 332.07
v 13.18 0.00 333.10
v 13.30 0.00 334.10
v 13.78 0.00 334.78
v 14.68 0.00 335.31
v 68.63 0.00 352.82
v 88.27 0.00 358.86
v 92.21 0.00 360.07
v 95.58 0.00 347.90
v 102.83 0.00 325.93
v 98.72 0.00 324.60
v 99.25 0.00 322.99
v 80.88 0.00 317.03
v 80.15 0.00 319.26
v 50.19 0.00 309.55
v 50.95 0.00 307.23
v 29.20 0.00 300.18
v 28.65 0.00 301.86
v 23.85 0.00 300.30
v 16.61 16.00 322.31
v 13.40 16.00 332.07
v 13.18 16.00 333.10
v 13.30 16.00 334.10
v 13.78 16.00 334.78
v 14.68 16.00 335.31
v 68.63 16.00 352.82
v 88.27 16.00 358.86
v 92.21 16.00 360.07
v 95.58 16.00 347.90
v 102.83 16.00 325.93
v 98.72 16.00 324.60
v 99.25 16.00 322.99
v 80.88 16.00 317.03
v 80.15 16.00 319.26
v 50.19 16.00 309.55
v 50.95 16.00 307.23
v 29.20 16.00 300.18
v 28.65 16.00 301.86
v 23.85 16.00 300.30
f 5315 5316 5336
f 5315 5336 5335
f 5316 5317 5337
f 5316 5337 5336
f 5317 5318 5338
f 5317 5338 5337
f 5318 5319 5339
f 5318 5339 5338
f 5319 5320 5340
f 5319 5340 5339
f 5320 5321 5341
f 5320 5341 5340
f 5321 5322 5342
f 5321 5342 5341
f 5322 5323 5343
f 5322 5343 5342
f 5323 5324 5344
f 5323 5344 5343
f 5324 5325 5345
f 5324 5345 5344
f 5325 5326 5346
f 5325 5346 5345
f 5326 5327 5347
f 5326 5347 5346
f 5327 5328 5348
f 5327 5348 5347
f 5328 5329 5349
f 5328 5349 5348
f 5329 5330 5350
f 5329 5350 5349
f 5330 5331 5351
f 5330 5351 5350
f 5331 5332 5352
f 5331 5352 5351
f 5332 5333 5353
f 5332 5353 5352
f 5333 5334 5354
f 5333 5354 5353
f 5334 5315 5335
f 5334 5335 5354
f 5353 5354 5335
f 5335 5336 5337
f 5337 5338 5339
f 5339 5340 5341
f 5341 5342 5343
f 5344 5345 5346
f 5346 5347 5348
f 5350 5351 5352
f 5353 5335 5337
f 5337 5339 5341
f 5341 5343 5344
f 5344 5346 5348
f 5350 5352 5353
f 5353 5337 5341
f 5344 5348 5349
f 5350 5353 5341
f 5341 5344 5349
f 5349 5350 5341
o b1032979883_unknown
v 3.55 0.00 421.51
v 14.81 0.00 425.21
v 19.55 0.00 410.88
v -8.82 0.00 401.65
v -13.56 0.00 415.97
v 3.55 10.80 421.51
v 14.81 10.80 425.21
v 19.55 10.80 410.88
v -8.82 10.80 401.65
v -13.56 10.80 415.97
f 5355 5356 5361
f 5355 5361 5360
f 5356 5357 5362
f 5356 5362 5361
f 5357 5358 5363
f 5357 5363 5362
f 5358 5359 5364
f 5358 5364 5363
f 5359 5355 5360
f 5359 5360 5364
f 5363 5364 5360
f 5360 5361 5362
f 5362 5363 5360
o b1033405011_education
v 277.13 0.00 -331.83
v 272.77 0.00 -318.28
v 272.44 0.00 -317.21
v 270.61 0.00 -311.30
v 299.86 0.00 -302.25
v 305.86 0.00 -300.39
v 313.30 0.00 -324.36
v 314.28 0.00 -327.39
v 317.22 0.00 -336.53
v 295.66 0.00 -343.38
v 292.39 0.00 -333.72
v 283.68 0.00 -336.48
v 281.76 0.00 -330.36
v 277.13 14.30 -331.83
v 272.77 14.30 -318.28
v 272.44 14.30 -317.21
v 270.61 14.30 -311.30
v 299.86 14.30 -302.25
v 305.86 14.30 -300.39
v 313.30 14.30 -324.36
v 314.28 14.30 -327.39
v 317.22 14.30 -336.53
v 295.66 14.30 -343.38
v 292.39 14.30 -333.72
v 283.68 14.30 -336.48
v 281.76 14.30 -330.36
f 5365 5366 5379
f 5365 5379 5378
f 5366 5367 5380
f 5366 5380 5379
f 5367 5368 5381
f 5367 5381 5380
f 5368 5369 5382
f 5368 5382 5381
f 5369 5370 5383
f 5369 5383 5382
f 5370 5371 5384
f 5370 5384 5383
f 5371 5372 5385
f 5371 5385 5384
f 5372 5373 5386
f 5372 5386 5385
f 5373 5374 5387
f 5373 5387 5386
f 5374 5375 5388
f 5374 5388 5387
f 5375 5376 5389
f 5375 5389 5388
f 5376 5377 5390
f 5376 5390 5389
f 5377 5365 5378
f 5377 5378 5390
f 5390 5378 5379
f 5380 5381 5382
f 5382 5383 5384
f 5384 5385 5386
f 5386 5387 5388
f 5388 5389 5390
f 5390 5379 5380
f 5380 5382 5384
f 5384 5386 5388
f 5388 5390 5380
f 5380 5384 5388
o b1034698229_unknown
v -119.58 0.00 411.13
v -120.53 0.00 413.94
v -121.27 0.00 416.17
v -77.69 0.00 430.51
v -76.79 0.00 427.79
v -76.02 0.00 425.48
v -119.58 7.80 411.13
v -120.53 7.80 413.94
v -121.27 7.80 416.17
v -77.69 7.80 430.51
v -76.79 7.80 427.79
v -76.02 7.80 425.48
f 5391 5392 5398
f 5391 5398 5397
f 5392 5393 5399
f 5392 5399 5398
f 5393 5394 5400
f 5393 5400 5399
f 5394 5395 5401
f 5394 5401 5400
f 5395 5396 5402
f 5395 5402 5401
f 5396 5391 5397
f 5396 5397 5402
f 5401 5402 5397
f 5397 5398 5399
f 5399 5400 5401
f 5401 5397 5399
o b1039387743_unknown
v -487.81 0.00 317.08
v -491.61 0.00 351.72
v -466.15 0.00 359.92
v -442.77 0.00 327.00
v -486.42 0.00 313.76
v -487.81 9.40 317.08
v -491.61 9.40 351.72
v -466.15 9.40 359.92
v -442.77 9.40 327.00
v -486.42 9.40 313.76
f 5403 5404 5409
f 5403 5409 5408
f 5404 5405 5410
f 5404 5410 5409
f 5405 5406 5411
f 5405 5411 5410
f 5406 5407 5412
f 5406 5412 5411
f 5407 5403 5408
f 5407 5408 5412
f 5411 5412 5408
f 5408 5409 5410
f 5410 5411 5408
o b1039387744_unknown
v -449.45 0.00 361.69
v -436.06 0.00 314.24
v -466.15 0.00 359.92
v -449.45 8.90 361.69
v -436.06 8.90 314.24
v -466.15 8.90 359.92
f 5413 5414 5417
f 5413 5417 5416
f 5414 5415 5418
f 5414 5418 5417
f 5415 5413 5416
f 5415 5416 5418
f 5417 5418 5416
o b1039387745_unknown
v -442.09 0.00 329.19
v -452.52 0.00 361.75
v -444.51 0.00 363.31
v -417.96 0.00 368.46
v -411.80 0.00 347.59
v -415.91 0.00 344.98
v -442.09 5.50 329.19
v -452.52 5.50 361.75
v -444.51 5.50 363.31
v -417.96 5.50 368.46
v -411.80 5.50 347.59
v -415.91 5.50 344.98
f 5419 5420 5426
f 5419 5426 5425
f 5420 5421 5427
f 5420 5427 5426
f 5421 5422 5428
f 5421 5428 5427
f 5422 5423 5429
f 5422 5429 5428
f 5423 5424 5430
f 5423 5430 5429
f 5424 5419 5425
f 5424 5425 5430
f 5429 5430 5425
f 5425 5426 5427
f 5427 5428 5429
f 5429 5425 5427
o b1039387746_unknown
v -457.26 0.00 375.89
v -462.20 0.00 374.23
v -467.61 0.00 372.41
v -469.11 0.00 371.91
v -470.14 0.00 371.56
v -472.08 0.00 370.91
v -479.17 0.00 380.57
v -457.26 7.20 375.89
v -462.20 7.20 374.23
v -467.61 7.20 372.41
v -469.11 7.20 371.91
v -470.14 7.20 371.56
v -472.08 7.20 370.91
v -479.17 7.20 380.57
f 5431 5432 5439
f 5431 5439 5438
f 5432 5433 5440
f 5432 5440 5439
f 5433 5434 5441
f 5433 5441 5440
f 5434 5435 5442
f 5434 5442 5441
f 5435 5436 5443
f 5435 5443 5442
f 5436 5437 5444
f 5436 5444 5443
f 5437 5431 5438
f 5437 5438 5444
f 5444 5438 5439
f 5439 5440 5441
f 5441 5442 5443
f 5444 5439 5441
f 5441 5443 5444
o b1039387747_unknown
v -470.14 0.00 371.56
v -469.11 0.00 371.91
v -467.61 0.00 372.41
v -462.20 0.00 374.23
v -457.26 0.00 375.89
v -455.50 0.00 370.50
v -455.02 0.00 369.08
v -467.89 0.00 364.76
v -472.08 0.00 370.91
v -470.14 5.50 371.56
v -469.11 5.50 371.91
v -467.61 5.50 372.41
v -462.20 5.50 374.23
v -457.26 5.50 375.89
v -455.50 5.50 370.50
v -455.02 5.50 369.08
v -467.89 5.50 364.76
v -472.08 5.50 370.91
f 5445 5446 5455
f 5445 5455 5454
f 5446 5447 5456
f 5446 5456 5455
f 5447 5448 5457
f 5447 5457 5456
f 5448 5449 5458
f 5448 5458 5457
f 5449 5450 5459
f 5449 5459 5458
f 5450 5451 5460
f 5450 5460 5459
f 5451 5452 5461
f 5451 5461 5460
f 5452 5453 5462
f 5452 5462 5461
f 5453 5445 5454
f 5453 5454 5462
f 5461 5462 5454
f 5454 5455 5456
f 5456 5457 5458
f 5459 5460 5461
f 5461 5454 5456
f 5456 5458 5459
f 5459 5461 5456
o b1039387750_unknown
v -440.75 0.00 375.38
v -442.23 0.00 377.63
v -444.05 0.00 380.38
v -438.78 0.00 381.76
v -437.12 0.00 376.41
v -440.75 7.00 375.38
v -442.23 7.00 377.63
v -444.05 7.00 380.38
v -438.78 7.00 381.76
v -437.12 7.00 376.41
f 5463 5464 5469
f 5463 5469 5468
f 5464 5465 5470
f 5464 5470 5469
f 5465 5466 5471
f 5465 5471 5470
f 5466 5467 5472
f 5466 5472 5471
f 5467 5463 5468
f 5467 5468 5472
f 5471 5472 5468
f 5469 5470 5471
f 5471 5468 5469
o b1039387756_unknown
v -492.67 0.00 355.71
v -495.64 0.00 355.18
v -497.49 0.00 362.73
v -493.56 0.00 363.72
v -492.67 4.80 355.71
v -495.64 4.80 355.18
v -497.49 4.80 362.73
v -493.56 4.80 363.72
f 5473 5474 5478
f 5473 5478 5477
f 5474 5475 5479
f 5474 5479 5478
f 5475 5476 5480
f 5475 5480 5479
f 5476 5473 5477
f 5476 5477 5480
f 5479 5480 5477
f 5477 5478 5479
o b1039387757_unknown
v -489.06 0.00 323.08
v -495.09 0.00 348.07
v -491.98 0.00 349.47
v -491.29 0.00 342.93
v -489.06 10.20 323.08
v -495.09 10.20 348.07
v -491.98 10.20 349.47
v -491.29 10.20 342.93
f 5481 5482 5486
f 5481 5486 5485
f 5482 5483 5487
f 5482 5487 5486
f 5483 5484 5488
f 5483 5488 5487
f 5484 5481 5485
f 5484 5485 5488
f 5488 5485 5486
f 5486 5487 5488
o b1039387764_unknown
v -452.52 0.00 361.75
v -455.02 0.00 369.08
v -455.50 0.00 370.50
v -450.99 0.00 371.80
v -452.86 0.00 377.36
v -457.26 0.00 375.89
v -462.63 0.00 391.76
v -454.92 0.00 394.34
v -449.54 0.00 378.47
v -444.51 0.00 363.31
v -452.52 10.20 361.75
v -455.02 10.20 369.08
v -455.50 10.20 370.50
v -450.99 10.20 371.80
v -452.86 10.20 377.36
v -457.26 10.20 375.89
v -462.63 10.20 391.76
v -454.92 10.20 394.34
v -449.54 10.20 378.47
v -444.51 10.20 363.31
f 5489 5490 5500
f 5489 5500 5499
f 5490 5491 5501
f 5490 5501 5500
f 5491 5492 5502
f 5491 5502 5501
f 5492 5493 5503
f 5492 5503 5502
f 5493 5494 5504
f 5493 5504 5503
f 5494 5495 5505
f 5494 5505 5504
f 5495 5496 5506
f 5495 5506 5505
f 5496 5497 5507
f 5496 5507 5506
f 5497 5498 5508
f 5497 5508 5507
f 5498 5489 5499
f 5498 5499 5508
f 5507 5508 5499
f 5499 5500 5501
f 5503 5504 5505
f 5505 5506 5507
f 5499 5501 5502
f 5503 5505 5507
f 5507 5499 5502
f 5502 5503 5507
o b1044315938_unknown
v -466.52 0.00 402.95
v -468.24 0.00 408.20
v -460.16 0.00 410.82
v -458.44 0.00 405.57
v -466.52 7.60 402.95
v -468.24 7.60 408.20
v -460.16 7.60 410.82
v -458.44 7.60 405.57
f 5509 5510 5514
f 5509 5514 5513
f 5510 5511 5515
f 5510 5515 5514
f 5511 5512 5516
f 5511 5516 5515
f 5512 5509 5513
f 5512 5513 5516
f 5515 5516 5513
f 5513 5514 5515
o b1051117928_civic
v -369.16 0.00 51.18
v -361.89 0.00 53.68
v -349.89 0.00 17.00
v -357.10 0.00 14.57
v -369.16 6.40 51.18
v -361.89 6.40 53.68
v -349.89 6.40 17.00
v -357.10 6.40 14.57
f 5517 5518 5522
f 5517 5522 5521
f 5518 5519 5523
f 5518 5523 5522
f 5519 5520 5524
f 5519 5524 5523
f 5520 5517 5521
f 5520 5521 5524
f 5523 5524 5521
f 5521 5522 5523
o b1107133923_unknown
v -98.20 0.00 435.80
v -97.46 0.00 433.53
v -110.65 0.00 429.35
v -111.38 0.00 431.63
v -98.20 9.00 435.80
v -97.46 9.00 433.53
v -110.65 9.00 429.35
v -111.38 9.00 431.63
f 5525 5526 5530
f 5525 5530 5529
f 5526 5527 5531
f 5526 5531 5530
f 5527 5528 5532
f 5527 5532 5531
f 5528 5525 5529
f 5528 5529 5532
f 5531 5532 5529
f 5529 5530 5531
o b1107133924_unknown
v 207.27 0.00 416.92
v 208.50 0.00 417.30
v 211.89 0.00 406.42
v 210.66 0.00 406.05
v 207.27 9.60 416.92
v 208.50 9.60 417.30
v 211.89 9.60 406.42
v 210.66 9.60 406.05
f 5533 5534 5538
f 5533 5538 5537
f 5534 5535 5539
f 5534 5539 5538
f 5535 5536 5540
f 5535 5540 5539
f 5536 5533 5537
f 5536 5537 5540
f 5539 5540 5537
f 5537 5538 5539
o b1120921408_office
v -535.09 0.00 98.81
v -536.32 0.00 102.64
v -540.30 0.00 114.77
v -540.78 0.00 116.45
v -542.26 0.00 120.65
v -545.97 0.00 131.77
v -547.57 0.00 136.70
v -548.08 0.00 138.27
v -548.50 0.00 139.70
v -552.50 0.00 152.67
v -550.20 0.00 153.39
v -547.94 0.00 154.09
v -546.19 0.00 154.63
v -544.42 0.00 155.22
v -532.54 0.00 159.28
v -519.59 0.00 163.41
v -516.10 0.00 164.56
v -512.99 0.00 165.58
v -509.61 0.00 166.58
v -505.38 0.00 167.94
v -501.69 0.00 169.14
v -498.46 0.00 170.30
v -493.92 0.00 171.77
v -477.37 0.00 177.16
v -474.16 0.00 178.20
v -470.10 0.00 165.84
v -464.05 0.00 147.41
v -463.63 0.00 146.05
v -462.87 0.00 143.92
v -462.42 0.00 142.43
v -461.97 0.00 141.07
v -461.15 0.00 138.36
v -456.21 0.00 123.82
v -460.49 0.00 122.50
v -459.09 0.00 117.84
v -464.74 0.00 115.36
v -476.21 0.00 110.33
v -476.94 0.00 112.92
v -477.90 0.00 112.60
v -484.45 0.00 110.36
v -486.73 0.00 109.59
v -485.75 0.00 106.81
v -506.69 0.00 103.49
v -505.89 0.00 100.90
v -507.56 0.00 100.50
v -513.31 0.00 99.26
v -526.95 0.00 96.32
v -528.44 0.00 96.00
v -529.73 0.00 100.12
v -535.09 216.00 98.81
v -536.32 216.00 102.64
v -540.30 216.00 114.77
v -540.78 216.00 116.45
v -542.26 216.00 120.65
v -545.97 216.00 131.77
v -547.57 216.00 136.70
v -548.08 216.00 138.27
v -548.50 216.00 139.70
v -552.50 216.00 152.67
v -550.20 216.00 153.39
v -547.94 216.00 154.09
v -546.19 216.00 154.63
v -544.42 216.00 155.22
v -532.54 216.00 159.28
v -519.59 216.00 163.41
v -516.10 216.00 164.56
v -512.99 216.00 165.58
v -509.61 216.00 166.58
v -505.38 216.00 167.94
v -501.69 216.00 169.14
v -498.46 216.00 170.30
v -493.92 216.00 171.77
v -477.37 216.00 177.16
v -474.16 216.00 178.20
v -470.10 216.00 165.84
v -464.05 216.00 147.41
v -463.63 216.00 146.05
v -462.87 216.00 143.92
v -462.42 216.00 142.43
v -461.97 216.00 141.07
v -461.15 216.00 138.36
v -456.21 216.00 123.82
v -460.49 216.00 122.50
v -459.09 216.00 117.84
v -464.74 216.00 115.36
v -476.21 216.00 110.33
v -476.94 216.00 112.92
v -477.90 216.00 112.60
v -484.45 216.00 110.36
v -486.73 216.00 109.59
v -485.75 216.00 106.81
v -506.69 216.00 103.49
v -505.89 216.00 100.90
v -507.56 216.00 100.50
v -513.31 216.00 99.26
v -526.95 216.00 96.32
v -528.44 216.00 96.00
v -529.73 216.00 100.12
f 5541 5542 5591
f 5541 5591 5590
f 5542 5543 5592
f 5542 5592 5591
f 5543 5544 5593
f 5543 5593 5592
f 5544 5545 5594
f 5544 5594 5593
f 5545 5546 5595
f 5545 5595 5594
f 5546 5547 5596
f 5546 5596 5595
f 5547 5548 5597
f 5547 5597 5596
f 5548 5549 5598
f 5548 5598 5597
f 5549 5550 5599
f 5549 5599 5598
f 5550 5551 5600
f 5550 5600 5599
f 5551 5552 5601
f 5551 5601 5600
f 5552 5553 5602
f 5552 5602 5601
f 5553 5554 5603
f 5553 5603 5602
f 5554 5555 5604
f 5554 5604 5603
f 5555 5556 5605
f 5555 5605 5604
f 5556 5557 5606
f 5556 5606 5605
f 5557 5558 5607
f 5557 5607 5606
f 5558 5559 5608
f 5558 5608 5607
f 5559 5560 5609
f 5559 5609 5608
f 5560 5561 5610
f 5560 5610 5609
f 5561 5562 5611
f 5561 5611 5610
f 5562 5563 5612
f 5562 5612 5611
f 5563 5564 5613
f 5563 5613 5612
f 5564 5565 5614
f 5564 5614 5613
f 5565 5566 5615
f 5565 5615 5614
f 5566 5567 5616
f 5566 5616 5615
f 5567 5568 5617
f 5567 5617 5616
f 5568 5569 5618
f 5568 5618 5617
f 5569 5570 5619
f 5569 5619 5618
f 5570 5571 5620
f 5570 5620 5619
f 5571 5572 5621
f 5571 5621 5620
f 5572 5573 5622
f 5572 5622 5621
f 5573 5574 5623
f 5573 5623 5622
f 5574 5575 5624
f 5574 5624 5623
f 5575 5576 5625
f 5575 5625 5624
f 5576 5577 5626
f 5576 5626 5625
f 5577 5578 5627
f 5577 5627 5626
f 5578 5579 5628
f 5578 5628 5627
f 5579 5580 5629
f 5579 5629 5628
f 5580 5581 5630
f 5580 5630 5629
f 5581 5582 5631
f 5581 5631 5630
f 5582 5583 5632
f 5582 5632 5631
f 5583 5584 5633
f 5583 5633 5632
f 5584 5585 5634
f 5584 5634 5633
f 5585 5586 5635
f 5585 5635 5634
f 5586 5587 5636
f 5586 5636 5635
f 5587 5588 5637
f 5587 5637 5636
f 5588 5589 5638
f 5588 5638 5637
f 5589 5541 5590
f 5589 5590 5638
f 5638 5590 5591
f 5591 5592 5593
f 5593 5594 5595
f 5596 5597 5598
f 5598 5599 5600
f 5600 5601 5602
f 5603 5604 5605
f 5605 5606 5607
f 5610 5611 5612
f 5612 5613 5614
f 5614 5615 5616
f 5617 5618 5619
f 5619 5620 5621
f 5621 5622 5623
f 5623 5624 5625
f 5625 5626 5627
f 5628 5629 5630
f 5630 5631 5632
f 5632 5633 5634
f 5634 5635 5636
f 5636 5637 5638
f 5638 5591 5593
f 5593 5595 5596
f 5596 5598 5600
f 5602 5603 5605
f 5605 5607 5608
f 5610 5612 5614
f 5614 5616 5617
f 5617 5619 5621
f 5621 5623 5625
f 5628 5630 5632
f 5632 5634 5636
f 5636 5638 5593
f 5593 5596 5600
f 5602 5605 5608
f 5610 5614 5617
f 5617 5621 5625
f 5627 5628 5632
f 5632 5636 5593
f 5593 5600 5602
f 5602 5608 5609
f 5609 5610 5617
f 5617 5625 5627
f 5627 5632 5593
f 5593 5602 5609
f 5609 5617 5627
f 5627 5593 5609
o b1134169120_unknown
v 395.55 0.00 207.82
v 392.31 0.00 217.55
v 397.63 0.00 219.30
v 409.35 0.00 223.14
v 412.50 0.00 224.18
v 413.75 0.00 220.43
v 415.74 0.00 214.44
v 414.98 0.00 214.19
v 395.55 11.10 207.82
v 392.31 11.10 217.55
v 397.63 11.10 219.30
v 409.35 11.10 223.14
v 412.50 11.10 224.18
v 413.75 11.10 220.43
v 415.74 11.10 214.44
v 414.98 11.10 214.19
f 5639 5640 5648
f 5639 5648 5647
f 5640 5641 5649
f 5640 5649 5648
f 5641 5642 5650
f 5641 5650 5649
f 5642 5643 5651
f 5642 5651 5650
f 5643 5644 5652
f 5643 5652 5651
f 5644 5645 5653
f 5644 5653 5652
f 5645 5646 5654
f 5645 5654 5653
f 5646 5639 5647
f 5646 5647 5654
f 5653 5654 5647
f 5647 5648 5649
f 5650 5651 5652
f 5652 5653 5647
f 5647 5649 5650
f 5650 5652 5647
o b1134169121_retail
v 397.63 0.00 219.30
v 394.04 0.00 230.11
v 405.75 0.00 233.95
v 409.35 0.00 223.14
v 397.63 10.70 219.30
v 394.04 10.70 230.11
v 405.75 10.70 233.95
v 409.35 10.70 223.14
f 5655 5656 5660
f 5655 5660 5659
f 5656 5657 5661
f 5656 5661 5660
f 5657 5658 5662
f 5657 5662 5661
f 5658 5655 5659
f 5658 5659 5662
f 5661 5662 5659
f 5659 5660 5661
o b1134169122_unknown
v 413.75 0.00 220.43
v 423.13 0.00 223.41
v 428.23 0.00 207.56
v 438.47 0.00 210.81
v 440.50 0.00 204.51
v 420.98 0.00 198.31
v 415.74 0.00 214.44
v 413.75 5.00 220.43
v 423.13 5.00 223.41
v 428.23 5.00 207.56
v 438.47 5.00 210.81
v 440.50 5.00 204.51
v 420.98 5.00 198.31
v 415.74 5.00 214.44
f 5663 5664 5671
f 5663 5671 5670
f 5664 5665 5672
f 5664 5672 5671
f 5665 5666 5673
f 5665 5673 5672
f 5666 5667 5674
f 5666 5674 5673
f 5667 5668 5675
f 5667 5675 5674
f 5668 5669 5676
f 5668 5676 5675
f 5669 5663 5670
f 5669 5670 5676
f 5676 5670 5671
f 5672 5673 5674
f 5675 5676 5671
f 5672 5674 5675
f 5675 5671 5672
o b1134169124_retail
v 412.93 0.00 223.63
v 408.95 0.00 235.31
v 413.95 0.00 236.99
v 415.62 0.00 232.10
v 427.05 0.00 235.95
v 429.37 0.00 229.16
v 412.93 12.80 223.63
v 408.95 12.80 235.31
v 413.95 12.80 236.99
v 415.62 12.80 232.10
v 427.05 12.80 235.95
v 429.37 12.80 229.16
f 5677 5678 5684
f 5677 5684 5683
f 5678 5679 5685
f 5678 5685 5684
f 5679 5680 5686
f 5679 5686 5685
f 5680 5681 5687
f 5680 5687 5686
f 5681 5682 5688
f 5681 5688 5687
f 5682 5677 5683
f 5682 5683 5688
f 5687 5688 5683
f 5683 5684 5685
f 5686 5687 5683
f 5683 5685 5686
o b1135532954_unknown
v -274.62 0.00 128.83
v -266.07 0.00 131.58
v -254.26 0.00 95.27
v -262.81 0.00 92.53
v -274.62 4.70 128.83
v -266.07 4.70 131.58
v -254.26 4.70 95.27
v -262.81 4.70 92.53
f 5689 5690 5694
f 5689 5694 5693
f 5690 5691 5695
f 5690 5695 5694
f 5691 5692 5696
f 5691 5696 5695
f 5692 5689 5693
f 5692 5693 5696
f 5695 5696 5693
f 5693 5694 5695
o b1213502014_food
v 27.81 0.00 -29.19
v 35.81 0.00 -26.65
v 38.14 0.00 -33.85
v 2.44 0.00 -45.23
v 1.28 0.00 -41.62
v 0.12 0.00 -38.00
v 27.81 5.90 -29.19
v 35.81 5.90 -26.65
v 38.14 5.90 -33.85
v 2.44 5.90 -45.23
v 1.28 5.90 -41.62
v 0.12 5.90 -38.00
f 5697 5698 5704
f 5697 5704 5703
f 5698 5699 5705
f 5698 5705 5704
f 5699 5700 5706
f 5699 5706 5705
f 5700 5701 5707
f 5700 5707 5706
f 5701 5702 5708
f 5701 5708 5707
f 5702 5697 5703
f 5702 5703 5708
f 5707 5708 5703
f 5703 5704 5705
f 5705 5706 5707
f 5707 5703 5705
o b1213502015_retail
v 38.14 0.00 -33.85
v 47.54 0.00 -30.83
v 49.82 0.00 -37.83
v 41.18 0.00 -40.60
v 4.68 0.00 -52.30
v 4.18 0.00 -50.70
v 2.44 0.00 -45.23
v 38.14 6.40 -33.85
v 47.54 6.40 -30.83
v 49.82 6.40 -37.83
v 41.18 6.40 -40.60
v 4.68 6.40 -52.30
v 4.18 6.40 -50.70
v 2.44 6.40 -45.23
f 5709 5710 5717
f 5709 5717 5716
f 5710 5711 5718
f 5710 5718 5717
f 5711 5712 5719
f 5711 5719 5718
f 5712 5713 5720
f 5712 5720 5719
f 5713 5714 5721
f 5713 5721 5720
f 5714 5715 5722
f 5714 5722 5721
f 5715 5709 5716
f 5715 5716 5722
f 5721 5722 5716
f 5716 5717 5718
f 5718 5719 5720
f 5720 5721 5716
f 5716 5718 5720
o b1213502016_food
v 41.18 0.00 -40.60
v 43.18 0.00 -46.76
v 42.32 0.00 -47.03
v 6.63 0.00 -58.46
v 5.11 0.00 -53.63
v 4.68 0.00 -52.30
v 41.18 6.70 -40.60
v 43.18 6.70 -46.76
v 42.32 6.70 -47.03
v 6.63 6.70 -58.46
v 5.11 6.70 -53.63
v 4.68 6.70 -52.30
f 5723 5724 5730
f 5723 5730 5729
f 5724 5725 5731
f 5724 5731 5730
f 5725 5726 5732
f 5725 5732 5731
f 5726 5727 5733
f 5726 5733 5732
f 5727 5728 5734
f 5727 5734 5733
f 5728 5723 5729
f 5728 5729 5734
f 5733 5734 5729
f 5729 5730 5731
f 5731 5732 5733
f 5733 5729 5731
o b1213502017_retail
v 42.32 0.00 -47.03
v 44.54 0.00 -53.93
v 8.82 0.00 -65.25
v 7.73 0.00 -61.86
v 6.63 0.00 -58.46
v 42.32 5.50 -47.03
v 44.54 5.50 -53.93
v 8.82 5.50 -65.25
v 7.73 5.50 -61.86
v 6.63 5.50 -58.46
f 5735 5736 5741
f 5735 5741 5740
f 5736 5737 5742
f 5736 5742 5741
f 5737 5738 5743
f 5737 5743 5742
f 5738 5739 5744
f 5738 5744 5743
f 5739 5735 5740
f 5739 5740 5744
f 5743 5744 5740
f 5740 5741 5742
f 5742 5743 5740
o b1213502018_civic
v 10.91 0.00 -71.36
v 9.18 0.00 -66.32
v 8.82 0.00 -65.25
v 44.54 0.00 -53.93
v 53.21 0.00 -51.31
v 55.17 0.00 -57.69
v 19.29 0.00 -68.83
v 10.91 9.30 -71.36
v 9.18 9.30 -66.32
v 8.82 9.30 -65.25
v 44.54 9.30 -53.93
v 53.21 9.30 -51.31
v 55.17 9.30 -57.69
v 19.29 9.30 -68.83
f 5745 5746 5753
f 5745 5753 5752
f 5746 5747 5754
f 5746 5754 5753
f 5747 5748 5755
f 5747 5755 5754
f 5748 5749 5756
f 5748 5756 5755
f 5749 5750 5757
f 5749 5757 5756
f 5750 5751 5758
f 5750 5758 5757
f 5751 5745 5752
f 5751 5752 5758
f 5757 5758 5752
f 5752 5753 5754
f 5754 5755 5756
f 5756 5757 5752
f 5752 5754 5756
o b1239928162_unknown
v -117.97 0.00 327.81
v -118.73 0.00 330.26
v -121.71 0.00 339.95
v -122.50 0.00 342.53
v -99.17 0.00 349.59
v -94.64 0.00 334.88
v -117.97 11.10 327.81
v -118.73 11.10 330.26
v -121.71 11.10 339.95
v -122.50 11.10 342.53
v -99.17 11.10 349.59
v -94.64 11.10 334.88
f 5759 5760 5766
f 5759 5766 5765
f 5760 5761 5767
f 5760 5767 5766
f 5761 5762 5768
f 5761 5768 5767
f 5762 5763 5769
f 5762 5769 5768
f 5763 5764 5770
f 5763 5770 5769
f 5764 5759 5765
f 5764 5765 5770
f 5769 5770 5765
f 5765 5766 5767
f 5767 5768 5769
f 5769 5765 5767
o b1239928163_civic
v -94.64 0.00 334.88
v -90.35 0.00 336.17
v -88.10 0.00 328.80
v -113.38 0.00 321.21
v -114.84 0.00 321.84
v -116.28 0.00 322.46
v -117.37 0.00 325.93
v -117.97 0.00 327.81
v -94.64 13.10 334.88
v -90.35 13.10 336.17
v -88.10 13.10 328.80
v -113.38 13.10 321.21
v -114.84 13.10 321.84
v -116.28 13.10 322.46
v -117.37 13.10 325.93
v -117.97 13.10 327.81
f 5771 5772 5780
f 5771 5780 5779
f 5772 5773 5781
f 5772 5781 5780
f 5773 5774 5782
f 5773 5782 5781
f 5774 5775 5783
f 5774 5783 5782
f 5775 5776 5784
f 5775 5784 5783
f 5776 5777 5785
f 5776 5785 5784
f 5777 5778 5786
f 5777 5786 5785
f 5778 5771 5779
f 5778 5779 5786
f 5785 5786 5779
f 5779 5780 5781
f 5781 5782 5783
f 5783 5784 5785
f 5785 5779 5781
f 5781 5783 5785
o b1243589069_unknown
v -523.71 0.00 -201.54
v -539.88 0.00 -206.65
v -541.32 0.00 -202.19
v -541.80 0.00 -200.70
v -543.08 0.00 -196.69
v -541.75 0.00 -196.29
v -537.85 0.00 -195.07
v -533.70 0.00 -193.73
v -532.72 0.00 -193.42
v -526.95 0.00 -191.57
v -523.71 6.70 -201.54
v -539.88 6.70 -206.65
v -541.32 6.70 -202.19
v -541.80 6.70 -200.70
v -543.08 6.70 -196.69
v -541.75 6.70 -196.29
v -537.85 6.70 -195.07
v -533.70 6.70 -193.73
v -532.72 6.70 -193.42
v -526.95 6.70 -191.57
f 5787 5788 5798
f 5787 5798 5797
f 5788 5789 5799
f 5788 5799 5798
f 5789 5790 5800
f 5789 5800 5799
f 5790 5791 5801
f 5790 5801 5800
f 5791 5792 5802
f 5791 5802 5801
f 5792 5793 5803
f 5792 5803 5802
f 5793 5794 5804
f 5793 5804 5803
f 5794 5795 5805
f 5794 5805 5804
f 5795 5796 5806
f 5795 5806 5805
f 5796 5787 5797
f 5796 5797 5806
f 5805 5806 5797
f 5797 5798 5799
f 5799 5800 5801
f 5803 5804 5805
f 5805 5797 5799
f 5799 5801 5802
f 5803 5805 5799
f 5799 5802 5803
o b1243589070_unknown
v -533.70 0.00 -193.73
v -536.61 0.00 -184.78
v -535.71 0.00 -184.49
v -529.87 0.00 -182.61
v -526.95 0.00 -191.57
v -532.72 0.00 -193.42
v -533.70 4.90 -193.73
v -536.61 4.90 -184.78
v -535.71 4.90 -184.49
v -529.87 4.90 -182.61
v -526.95 4.90 -191.57
v -532.72 4.90 -193.42
f 5807 5808 5814
f 5807 5814 5813
f 5808 5809 5815
f 5808 5815 5814
f 5809 5810 5816
f 5809 5816 5815
f 5810 5811 5817
f 5810 5817 5816
f 5811 5812 5818
f 5811 5818 5817
f 5812 5807 5813
f 5812 5813 5818
f 5817 5818 5813
f 5813 5814 5815
f 5815 5816 5817
f 5817 5813 5815
o b1243589077_unknown
v -485.91 0.00 -182.40
v -488.36 0.00 -183.20
v -491.30 0.00 -174.27
v -488.39 0.00 -173.32
v -485.47 0.00 -172.38
v -483.23 0.00 -179.21
v -486.60 0.00 -180.29
v -485.91 9.20 -182.40
v -488.36 9.20 -183.20
v -491.30 9.20 -174.27
v -488.39 9.20 -173.32
v -485.47 9.20 -172.38
v -483.23 9.20 -179.21
v -486.60 9.20 -180.29
f 5819 5820 5827
f 5819 5827 5826
f 5820 5821 5828
f 5820 5828 5827
f 5821 5822 5829
f 5821 5829 5828
f 5822 5823 5830
f 5822 5830 5829
f 5823 5824 5831
f 5823 5831 5830
f 5824 5825 5832
f 5824 5832 5831
f 5825 5819 5826
f 5825 5826 5832
f 5832 5826 5827
f 5827 5828 5829
f 5829 5830 5831
f 5832 5827 5829
f 5829 5831 5832
o b1311610010_unknown
v 140.69 0.00 -319.05
v 142.84 0.00 -325.99
v 98.21 0.00 -340.12
v 95.98 0.00 -333.09
v 140.69 8.90 -319.05
v 142.84 8.90 -325.99
v 98.21 8.90 -340.12
v 95.98 8.90 -333.09
f 5833 5834 5838
f 5833 5838 5837
f 5834 5835 5839
f 5834 5839 5838
f 5835 5836 5840
f 5835 5840 5839
f 5836 5833 5837
f 5836 5837 5840
f 5839 5840 5837
f 5837 5838 5839
o b1311610011_unknown
v 142.84 0.00 -325.99
v 144.89 0.00 -332.89
v 100.44 0.00 -347.25
v 98.21 0.00 -340.12
v 142.84 6.30 -325.99
v 144.89 6.30 -332.89
v 100.44 6.30 -347.25
v 98.21 6.30 -340.12
f 5841 5842 5846
f 5841 5846 5845
f 5842 5843 5847
f 5842 5847 5846
f 5843 5844 5848
f 5843 5848 5847
f 5844 5841 5845
f 5844 5845 5848
f 5847 5848 5845
f 5845 5846 5847
o b1311610012_unknown
v 144.89 0.00 -332.89
v 147.37 0.00 -339.89
v 102.72 0.00 -353.95
v 100.44 0.00 -347.25
v 144.89 5.80 -332.89
v 147.37 5.80 -339.89
v 102.72 5.80 -353.95
v 100.44 5.80 -347.25
f 5849 5850 5854
f 5849 5854 5853
f 5850 5851 5855
f 5850 5855 5854
f 5851 5852 5856
f 5851 5856 5855
f 5852 5849 5853
f 5852 5853 5856
f 5855 5856 5853
f 5853 5854 5855
o b1315783494_unknown
v -340.66 0.00 197.73
v -339.30 0.00 193.61
v -341.31 0.00 192.96
v -342.67 0.00 197.09
v -340.66 5.00 197.73
v -339.30 5.00 193.61
v -341.31 5.00 192.96
v -342.67 5.00 197.09
f 5857 5858 5862
f 5857 5862 5861
f 5858 5859 5863
f 5858 5863 5862
f 5859 5860 5864
f 5859 5864 5863
f 5860 5857 5861
f 5860 5861 5864
f 5863 5864 5861
f 5861 5862 5863
o b1350740813_unknown
v -461.15 0.00 138.36
v -461.97 0.00 141.07
v -462.42 0.00 142.43
v -462.87 0.00 143.92
v -463.63 0.00 146.05
v -464.05 0.00 147.41
v -470.10 0.00 165.84
v -474.16 0.00 178.20
v -477.37 0.00 177.16
v -493.92 0.00 171.77
v -498.46 0.00 170.30
v -501.69 0.00 169.14
v -505.38 0.00 167.94
v -509.61 0.00 166.58
v -512.99 0.00 165.58
v -516.10 0.00 164.56
v -516.58 0.00 165.98
v -516.98 0.00 167.20
v -472.39 0.00 181.69
v -453.58 0.00 124.67
v -454.38 0.00 124.40
v -456.21 0.00 123.82
v -461.15 6.70 138.36
v -461.97 6.70 141.07
v -462.42 6.70 142.43
v -462.87 6.70 143.92
v -463.63 6.70 146.05
v -464.05 6.70 147.41
v -470.10 6.70 165.84
v -474.16 6.70 178.20
v -477.37 6.70 177.16
v -493.92 6.70 171.77
v -498.46 6.70 170.30
v -501.69 6.70 169.14
v -505.38 6.70 167.94
v -509.61 6.70 166.58
v -512.99 6.70 165.58
v -516.10 6.70 164.56
v -516.58 6.70 165.98
v -516.98 6.70 167.20
v -472.39 6.70 181.69
v -453.58 6.70 124.67
v -454.38 6.70 124.40
v -456.21 6.70 123.82
f 5865 5866 5888
f 5865 5888 5887
f 5866 5867 5889
f 5866 5889 5888
f 5867 5868 5890
f 5867 5890 5889
f 5868 5869 5891
f 5868 5891 5890
f 5869 5870 5892
f 5869 5892 5891
f 5870 5871 5893
f 5870 5893 5892
f 5871 5872 5894
f 5871 5894 5893
f 5872 5873 5895
f 5872 5895 5894
f 5873 5874 5896
f 5873 5896 5895
f 5874 5875 5897
f 5874 5897 5896
f 5875 5876 5898
f 5875 5898 5897
f 5876 5877 5899
f 5876 5899 5898
f 5877 5878 5900
f 5877 5900 5899
f 5878 5879 5901
f 5878 5901 5900
f 5879 5880 5902
f 5879 5902 5901
f 5880 5881 5903
f 5880 5903 5902
f 5881 5882 5904
f 5881 5904 5903
f 5882 5883 5905
f 5882 5905 5904
f 5883 5884 5906
f 5883 5906 5905
f 5884 5885 5907
f 5884 5907 5906
f 5885 5886 5908
f 5885 5908 5907
f 5886 5865 5887
f 5886 5887 5908
f 5907 5908 5887
f 5888 5889 5890
f 5890 5891 5892
f 5895 5896 5897
f 5897 5898 5899
f 5899 5900 5901
f 5901 5902 5903
f 5903 5904 5905
f 5905 5906 5907
f 5907 5887 5888
f 5890 5892 5893
f 5897 5899 5901
f 5901 5903 5905
f 5905 5907 5888
f 5890 5893 5894
f 5895 5897 5901
f 5905 5888 5890
f 5895 5901 5905
f 5905 5890 5894
f 5894 5895 5905
o b1350740814_unknown
v -456.21 0.00 123.82
v -454.15 0.00 116.64
v -480.13 0.00 105.73
v -480.95 0.00 108.53
v -481.81 0.00 111.26
v -481.46 0.00 111.38
v -480.27 0.00 111.79
v -477.90 0.00 112.60
v -476.94 0.00 112.92
v -476.21 0.00 110.33
v -464.74 0.00 115.36
v -459.09 0.00 117.84
v -460.49 0.00 122.50
v -456.21 10.60 123.82
v -454.15 10.60 116.64
v -480.13 10.60 105.73
v -480.95 10.60 108.53
v -481.81 10.60 111.26
v -481.46 10.60 111.38
v -480.27 10.60 111.79
v -477.90 10.60 112.60
v -476.94 10.60 112.92
v -476.21 10.60 110.33
v -464.74 10.60 115.36
v -459.09 10.60 117.84
v -460.49 10.60 122.50
f 5909 5910 5923
f 5909 5923 5922
f 5910 5911 5924
f 5910 5924 5923
f 5911 5912 5925
f 5911 5925 5924
f 5912 5913 5926
f 5912 5926 5925
f 5913 5914 5927
f 5913 5927 5926
f 5914 5915 5928
f 5914 5928 5927
f 5915 5916 5929
f 5915 5929 5928
f 5916 5917 5930
f 5916 5930 5929
f 5917 5918 5931
f 5917 5931 5930
f 5918 5919 5932
f 5918 5932 5931
f 5919 5920 5933
f 5919 5933 5932
f 5920 5921 5934
f 5920 5934 5933
f 5921 5909 5922
f 5921 5922 5934
f 5933 5934 5922
f 5923 5924 5925
f 5925 5926 5927
f 5927 5928 5929
f 5929 5930 5931
f 5933 5922 5923
f 5925 5927 5929
f 5932 5933 5923
f 5925 5929 5931
f 5931 5932 5923
f 5923 5925 5931
o b1350740815_unknown
v -480.27 0.00 111.79
v -478.34 0.00 105.52
v -490.72 0.00 100.51
v -506.29 0.00 96.32
v -507.56 0.00 100.50
v -505.89 0.00 100.90
v -506.69 0.00 103.49
v -485.75 0.00 106.81
v -486.73 0.00 109.59
v -485.88 0.00 109.88
v -484.45 0.00 110.36
v -481.81 0.00 111.26
v -481.46 0.00 111.38
v -480.27 7.70 111.79
v -478.34 7.70 105.52
v -490.72 7.70 100.51
v -506.29 7.70 96.32
v -507.56 7.70 100.50
v -505.89 7.70 100.90
v -506.69 7.70 103.49
v -485.75 7.70 106.81
v -486.73 7.70 109.59
v -485.88 7.70 109.88
v -484.45 7.70 110.36
v -481.81 7.70 111.26
v -481.46 7.70 111.38
f 5935 5936 5949
f 5935 5949 5948
f 5936 5937 5950
f 5936 5950 5949
f 5937 5938 5951
f 5937 5951 5950
f 5938 5939 5952
f 5938 5952 5951
f 5939 5940 5953
f 5939 5953 5952
f 5940 5941 5954
f 5940 5954 5953
f 5941 5942 5955
f 5941 5955 5954
f 5942 5943 5956
f 5942 5956 5955
f 5943 5944 5957
f 5943 5957 5956
f 5944 5945 5958
f 5944 5958 5957
f 5945 5946 5959
f 5945 5959 5958
f 5946 5947 5960
f 5946 5960 5959
f 5947 5935 5948
f 5947 5948 5960
f 5960 5948 5949
f 5949 5950 5951
f 5951 5952 5953
f 5953 5954 5955
f 5955 5956 5957
f 5959 5960 5949
f 5949 5951 5953
f 5955 5957 5958
f 5958 5959 5949
f 5949 5953 5955
f 5955 5958 5949
o b1350740816_unknown
v -526.19 0.00 93.23
v -526.95 0.00 96.32
v -513.31 0.00 99.26
v -507.56 0.00 100.50
v -505.89 0.00 100.90
v -505.20 0.00 98.18
v -526.19 5.00 93.23
v -526.95 5.00 96.32
v -513.31 5.00 99.26
v -507.56 5.00 100.50
v -505.89 5.00 100.90
v -505.20 5.00 98.18
f 5961 5962 5968
f 5961 5968 5967
f 5962 5963 5969
f 5962 5969 5968
f 5963 5964 5970
f 5963 5970 5969
f 5964 5965 5971
f 5964 5971 5970
f 5965 5966 5972
f 5965 5972 5971
f 5966 5961 5967
f 5966 5967 5972
f 5971 5972 5967
f 5967 5968 5969
f 5970 5971 5967
f 5967 5969 5970
o b1352736089_unknown
v -375.20 0.00 97.00
v -376.13 0.00 99.85
v -361.74 0.00 104.41
v -360.86 0.00 101.86
v -375.20 7.70 97.00
v -376.13 7.70 99.85
v -361.74 7.70 104.41
v -360.86 7.70 101.86
f 5973 5974 5978
f 5973 5978 5977
f 5974 5975 5979
f 5974 5979 5978
f 5975 5976 5980
f 5975 5980 5979
f 5976 5973 5977
f 5976 5977 5980
f 5979 5980 5977
f 5977 5978 5979
o b1444415151_office
v 267.26 0.00 -350.00
v 257.19 0.00 -353.06
v 250.00 0.00 -329.75
v 260.08 0.00 -326.69
v 267.26 7.00 -350.00
v 257.19 7.00 -353.06
v 250.00 7.00 -329.75
v 260.08 7.00 -326.69
f 5981 5982 5986
f 5981 5986 5985
f 5982 5983 5987
f 5982 5987 5986
f 5983 5984 5988
f 5983 5988 5987
f 5984 5981 5985
f 5984 5985 5988
f 5987 5988 5985
f 5985 5986 5987
o b1507317989_unknown
v -306.43 0.00 97.77
v -308.63 0.00 104.56
v -295.38 0.00 108.71
v -291.05 0.00 95.27
v -304.23 0.00 90.99
v -306.43 5.30 97.77
v -308.63 5.30 104.56
v -295.38 5.30 108.71
v -291.05 5.30 95.27
v -304.23 5.30 90.99
f 5989 5990 5995
f 5989 5995 5994
f 5990 5991 5996
f 5990 5996 5995
f 5991 5992 5997
f 5991 5997 5996
f 5992 5993 5998
f 5992 5998 5997
f 5993 5989 5994
f 5993 5994 5998
f 5997 5998 5994
f 5994 5995 5996
f 5996 5997 5994
o b1507317990_unknown
v -300.58 0.00 79.74
v -304.23 0.00 90.99
v -291.05 0.00 95.27
v -288.42 0.00 87.17
v -294.37 0.00 85.33
v -293.32 0.00 82.00
v -300.58 9.40 79.74
v -304.23 9.40 90.99
v -291.05 9.40 95.27
v -288.42 9.40 87.17
v -294.37 9.40 85.33
v -293.32 9.40 82.00
f 5999 6000 6006
f 5999 6006 6005
f 6000 6001 6007
f 6000 6007 6006
f 6001 6002 6008
f 6001 6008 6007
f 6002 6003 6009
f 6002 6009 6008
f 6003 6004 6010
f 6003 6010 6009
f 6004 5999 6005
f 6004 6005 6010
f 6009 6010 6005
f 6005 6006 6007
f 6007 6008 6009
f 6009 6005 6007
o b1507538789_office
v 28.65 0.00 163.48
v 35.76 0.00 141.51
v 32.68 0.00 140.53
v 23.69 0.00 137.67
v 16.21 0.00 160.71
v 25.31 0.00 163.62
v 24.31 0.00 166.74
v 27.29 0.00 167.69
v 28.65 15.90 163.48
v 35.76 15.90 141.51
v 32.68 15.90 140.53
v 23.69 15.90 137.67
v 16.21 15.90 160.71
v 25.31 15.90 163.62
v 24.31 15.90 166.74
v 27.29 15.90 167.69
f 6011 6012 6020
f 6011 6020 6019
f 6012 6013 6021
f 6012 6021 6020
f 6013 6014 6022
f 6013 6022 6021
f 6014 6015 6023
f 6014 6023 6022
f 6015 6016 6024
f 6015 6024 6023
f 6016 6017 6025
f 6016 6025 6024
f 6017 6018 6026
f 6017 6026 6025
f 6018 6011 6019
f 6018 6019 6026
f 6025 6026 6019
f 6019 6020 6021
f 6021 6022 6023
f 6024 6025 6019
f 6019 6021 6023
f 6023 6024 6019
o b1507538790_unknown
v 12.76 0.00 134.16
v 1.77 0.00 130.65
v -6.46 0.00 156.01
v 15.46 0.00 163.01
v 16.21 0.00 160.71
v 23.69 0.00 137.67
v 12.76 4.20 134.16
v 1.77 4.20 130.65
v -6.46 4.20 156.01
v 15.46 4.20 163.01
v 16.21 4.20 160.71
v 23.69 4.20 137.67
f 6027 6028 6034
f 6027 6034 6033
f 6028 6029 6035
f 6028 6035 6034
f 6029 6030 6036
f 6029 6036 6035
f 6030 6031 6037
f 6030 6037 6036
f 6031 6032 6038
f 6031 6038 6037
f 6032 6027 6033
f 6032 6033 6038
f 6037 6038 6033
f 6033 6034 6035
f 6035 6036 6037
f 6037 6033 6035
o b1507538791_unknown
v 28.65 0.00 163.48
v 27.29 0.00 167.69
v 39.16 0.00 171.30
v 39.80 0.00 169.26
v 40.46 0.00 167.21
v 28.65 10.30 163.48
v 27.29 10.30 167.69
v 39.16 10.30 171.30
v 39.80 10.30 169.26
v 40.46 10.30 167.21
f 6039 6040 6045
f 6039 6045 6044
f 6040 6041 6046
f 6040 6046 6045
f 6041 6042 6047
f 6041 6047 6046
f 6042 6043 6048
f 6042 6048 6047
f 6043 6039 6044
f 6043 6044 6048
f 6047 6048 6044
f 6044 6045 6046
f 6046 6047 6044
o b1507549539_unknown
v -61.70 0.00 146.99
v -64.37 0.00 155.39
v -62.57 0.00 155.93
v -52.19 0.00 159.04
v -49.59 0.00 150.94
v -61.70 6.80 146.99
v -64.37 6.80 155.39
v -62.57 6.80 155.93
v -52.19 6.80 159.04
v -49.59 6.80 150.94
f 6049 6050 6055
f 6049 6055 6054
f 6050 6051 6056
f 6050 6056 6055
f 6051 6052 6057
f 6051 6057 6056
f 6052 6053 6058
f 6052 6058 6057
f 6053 6049 6054
f 6053 6054 6058
f 6057 6058 6054
f 6054 6055 6056
f 6056 6057 6054
o b1525848110_unknown
v -476.94 0.00 112.92
v -479.67 0.00 122.56
v -477.15 0.00 123.33
v -481.15 0.00 134.90
v -461.97 0.00 141.07
v -461.15 0.00 138.36
v -456.21 0.00 123.82
v -460.49 0.00 122.50
v -459.09 0.00 117.84
v -464.74 0.00 115.36
v -476.21 0.00 110.33
v -476.94 10.30 112.92
v -479.67 10.30 122.56
v -477.15 10.30 123.33
v -481.15 10.30 134.90
v -461.97 10.30 141.07
v -461.15 10.30 138.36
v -456.21 10.30 123.82
v -460.49 10.30 122.50
v -459.09 10.30 117.84
v -464.74 10.30 115.36
v -476.21 10.30 110.33
f 6059 6060 6071
f 6059 6071 6070
f 6060 6061 6072
f 6060 6072 6071
f 6061 6062 6073
f 6061 6073 6072
f 6062 6063 6074
f 6062 6074 6073
f 6063 6064 6075
f 6063 6075 6074
f 6064 6065 6076
f 6064 6076 6075
f 6065 6066 6077
f 6065 6077 6076
f 6066 6067 6078
f 6066 6078 6077
f 6067 6068 6079
f 6067 6079 6078
f 6068 6069 6080
f 6068 6080 6079
f 6069 6059 6070
f 6069 6070 6080
f 6079 6080 6070
f 6070 6071 6072
f 6072 6073 6074
f 6075 6076 6077
f 6077 6078 6079
f 6079 6070 6072
f 6072 6074 6075
f 6075 6077 6079
f 6079 6072 6075
o b1525848111_food
v -473.98 0.00 141.26
v -477.88 0.00 153.47
v -487.39 0.00 150.51
v -493.92 0.00 171.77
v -477.37 0.00 177.16
v -474.16 0.00 178.20
v -470.10 0.00 165.84
v -464.05 0.00 147.41
v -471.44 0.00 145.08
v -470.67 0.00 142.33
v -473.98 9.10 141.26
v -477.88 9.10 153.47
v -487.39 9.10 150.51
v -493.92 9.10 171.77
v -477.37 9.10 177.16
v -474.16 9.10 178.20
v -470.10 9.10 165.84
v -464.05 9.10 147.41
v -471.44 9.10 145.08
v -470.67 9.10 142.33
f 6081 6082 6092
f 6081 6092 6091
f 6082 6083 6093
f 6082 6093 6092
f 6083 6084 6094
f 6083 6094 6093
f 6084 6085 6095
f 6084 6095 6094
f 6085 6086 6096
f 6085 6096 6095
f 6086 6087 6097
f 6086 6097 6096
f 6087 6088 6098
f 6087 6098 6097
f 6088 6089 6099
f 6088 6099 6098
f 6089 6090 6100
f 6089 6100 6099
f 6090 6081 6091
f 6090 6091 6100
f 6099 6100 6091
f 6092 6093 6094
f 6094 6095 6096
f 6096 6097 6098
f 6099 6091 6092
f 6092 6094 6096
f 6096 6098 6099
f 6099 6092 6096
o r15377309_secondary
v 35.57 0.05 -207.76
v 38.01 0.05 -215.38
v 19.37 0.05 -212.96
v 21.81 0.05 -220.58
v -31.83 0.05 -229.37
v -29.39 0.05 -236.99
v -64.15 0.05 -239.75
v -61.71 0.05 -247.37
f 6101 6102 6104
f 6101 6104 6103
o r15381973_residential
v -165.54 0.05 409.65
v -163.68 0.05 403.95
v -180.95 0.05 404.66
v -179.11 0.05 398.94
v -230.65 0.05 388.71
v -228.81 0.05 382.99
v -281.98 0.05 372.15
v -280.14 0.05 366.43
v -292.17 0.05 368.97
v -290.37 0.05 363.25
v -303.63 0.05 365.30
v -301.79 0.05 359.58
v -384.21 0.05 339.44
v -382.37 0.05 333.72
v -397.98 0.05 335.02
v -396.14 0.05 329.30
v -407.06 0.05 332.11
v -405.22 0.05 326.39
v -488.50 0.05 305.96
v -486.66 0.05 300.24
v -499.02 0.05 302.60
v -497.20 0.05 296.88
f 6109 6110 6112
f 6109 6112 6111
f 6113 6114 6116
f 6113 6116 6115
f 6117 6118 6120
f 6117 6120 6119
f 6121 6122 6124
f 6121 6124 6123
o r15382769_residential
v -97.60 0.05 201.50
v -95.76 0.05 195.78
v -113.27 0.05 196.47
v -111.45 0.05 190.75
v -163.72 0.05 180.36
v -161.86 0.05 174.66
v -215.12 0.05 163.46
v -213.28 0.05 157.74
v -224.42 0.05 160.81
v -222.66 0.05 155.07
v -236.65 0.05 156.89
v -234.81 0.05 151.17
v -318.81 0.05 130.52
v -316.97 0.05 124.80
v -322.66 0.05 129.28
v -320.82 0.05 123.56
v -330.24 0.05 126.85
v -328.40 0.05 121.13
f 6131 6132 6134
f 6131 6134 6133
f 6135 6136 6138
f 6135 6138 6137
f 6139 6140 6142
f 6139 6142 6141
o r15382778_residential
v 340.80 0.05 317.51
v 346.48 0.05 319.43
v 342.91 0.05 311.27
v 348.55 0.05 313.31
v 345.38 0.05 304.79
v 351.08 0.05 306.69
v 360.82 0.05 257.61
v 366.52 0.05 259.47
f 6149 6150 6152
f 6149 6152 6151
o r15383474_residential
v 70.85 0.05 -317.26
v 69.13 0.05 -311.52
v 85.81 0.05 -312.76
v 84.01 0.05 -307.04
v 137.06 0.05 -296.53
v 135.24 0.05 -290.81
v 146.91 0.05 -293.34
v 145.07 0.05 -287.64
v 162.42 0.05 -288.32
v 160.58 0.05 -282.62
v 187.14 0.05 -280.33
v 185.32 0.05 -274.61
v 197.46 0.05 -277.22
v 195.76 0.05 -271.46
v 210.00 0.05 -273.60
v 208.30 0.05 -267.84
v 216.21 0.05 -271.66
v 214.41 0.05 -265.94
v 249.15 0.05 -261.32
v 247.35 0.05 -255.60
v 292.13 0.05 -247.85
v 290.33 0.05 -242.13
v 302.88 0.05 -244.52
v 301.10 0.05 -238.78
f 6157 6158 6160
f 6157 6160 6159
f 6161 6162 6164
f 6161 6164 6163
f 6165 6166 6168
f 6165 6168 6167
f 6169 6170 6172
f 6169 6172 6171
f 6173 6174 6176
f 6173 6176 6175
o r15384832_residential
v 101.86 0.05 -417.32
v 103.70 0.05 -423.04
v 87.41 0.05 -421.97
v 89.15 0.05 -427.71
v 55.13 0.05 -431.54
v 56.83 0.05 -437.30
v 36.14 0.05 -437.19
v 37.88 0.05 -442.93
v 33.69 0.05 -438.07
v 35.47 0.05 -443.79
v -14.20 0.05 -452.84
v -12.42 0.05 -458.58
v -23.98 0.05 -455.97
v -22.16 0.05 -461.69
f 6181 6182 6184
f 6181 6184 6183
f 6185 6186 6188
f 6185 6188 6187
o r15388175_secondary
v -61.80 0.05 91.42
v -64.26 0.05 99.04
v -45.71 0.05 96.64
v -48.15 0.05 104.26
v 5.64 0.05 113.06
v 3.20 0.05 120.68
o r15398167_residential
v -163.71 0.05 403.94
v -165.51 0.05 409.66
v -147.60 0.05 408.99
v -149.42 0.05 414.71
v -125.92 0.05 415.97
v -127.76 0.05 421.69
v -94.22 0.05 426.17
v -96.06 0.05 431.89
v -86.25 0.05 428.72
v -88.07 0.05 434.44
f 6201 6202 6204
f 6201 6204 6203
o r15404286_secondary
v 5.01 0.05 -113.95
v 2.57 0.05 -106.33
v 20.05 0.05 -109.13
v 17.61 0.05 -101.51
v 72.29 0.05 -92.36
v 69.85 0.05 -84.74
v 121.85 0.05 -76.46
v 119.37 0.05 -68.86
v 132.27 0.05 -72.79
v 129.61 0.05 -65.25
f 6211 6212 6214
f 6211 6214 6213
o r27401240_residential
v -435.55 0.05 -248.42
v -437.33 0.05 -242.70
v -342.79 0.05 -219.50
v -344.33 0.05 -213.70
v -330.54 0.05 -220.35
v -330.20 0.05 -214.35
o r27401241_residential
v -398.00 0.05 -352.82
v -403.76 0.05 -354.52
v -400.91 0.05 -343.03
v -406.67 0.05 -344.73
v -412.66 0.05 -303.40
v -418.40 0.05 -305.16
v -425.04 0.05 -264.82
v -430.76 0.05 -266.66
v -425.45 0.05 -263.98
v -431.45 0.05 -264.06
v -425.16 0.05 -261.60
v -430.78 0.05 -259.48
v -423.57 0.05 -259.37
v -428.55 0.05 -256.03
f 6227 6228 6230
f 6227 6230 6229
f 6231 6232 6234
f 6231 6234 6233
o r27401243_residential
v -403.74 0.05 -354.58
v -398.02 0.05 -352.76
v -400.35 0.05 -365.18
v -394.63 0.05 -363.34
v -387.03 0.05 -406.73
v -381.29 0.05 -404.97
v -374.08 0.05 -450.99
v -368.32 0.05 -449.29
v -371.73 0.05 -458.83
v -366.01 0.05 -457.03
v -369.41 0.05 -465.75
v -363.73 0.05 -463.85
v -363.31 0.05 -483.95
v -357.63 0.05 -482.05
v -354.41 0.05 -510.54
v -348.73 0.05 -508.64
v -349.49 0.05 -525.27
v -343.79 0.05 -523.37
v -346.68 0.05 -533.69
v -340.98 0.05 -531.79
v -340.56 0.05 -551.95
v -334.88 0.05 -550.05
v -337.13 0.05 -562.17
v -331.45 0.05 -560.25
f 6241 6242 6244
f 6241 6244 6243
f 6245 6246 6248
f 6245 6248 6247
f 6249 6250 6252
f 6249 6252 6251
f 6253 6254 6256
f 6253 6256 6255
f 6257 6258 6260
f 6257 6260 6259
o r27401253_residential
v -437.75 0.05 -242.86
v -435.13 0.05 -248.26
v -478.15 0.05 -262.48
v -475.89 0.05 -268.04
v -528.90 0.05 -279.79
v -526.96 0.05 -285.47
v -539.00 0.05 -283.23
v -537.06 0.05 -288.91
f 6265 6266 6268
f 6265 6268 6267
o r30148684_residential
v 203.91 0.05 412.69
v 205.79 0.05 406.99
v 197.84 0.05 410.68
v 199.72 0.05 404.98
v 195.37 0.05 409.85
v 197.15 0.05 404.13
v 191.72 0.05 408.77
v 193.54 0.05 403.05
v 144.56 0.05 393.62
v 146.40 0.05 387.90
v 109.86 0.05 382.51
v 111.70 0.05 376.79
v 99.90 0.05 379.20
v 101.86 0.05 373.54
v 88.08 0.05 374.93
v 89.92 0.05 369.23
v 7.29 0.05 349.24
v 9.11 0.05 343.52
v -2.23 0.05 346.02
v -0.31 0.05 340.34
f 6273 6274 6276
f 6273 6276 6275
f 6277 6278 6280
f 6277 6280 6279
f 6281 6282 6284
f 6281 6284 6283
f 6285 6286 6288
f 6285 6288 6287
o r30148740_secondary
v 234.87 0.05 305.01
v 242.47 0.05 307.47
v 238.23 0.05 294.64
v 245.83 0.05 297.12
v 246.85 0.05 268.17
v 254.45 0.05 270.65
v 251.54 0.05 253.76
v 259.16 0.05 256.18
v 252.59 0.05 250.16
v 260.19 0.05 252.64
v 264.86 0.05 212.97
v 272.46 0.05 215.47
v 268.51 0.05 201.60
v 276.13 0.05 204.04
f 6293 6294 6296
f 6293 6296 6295
f 6297 6298 6300
f 6297 6300 6299
o r30148949_cycleway
v 322.65 0.05 339.80
v 322.15 0.05 341.22
v 327.43 0.05 341.49
v 326.85 0.05 342.87
v 332.02 0.05 343.68
v 331.56 0.05 345.10
v 364.58 0.05 353.63
v 364.12 0.05 355.05
v 367.68 0.05 355.07
v 366.90 0.05 356.35
v 369.65 0.05 356.75
v 368.67 0.05 357.89
v 372.11 0.05 358.83
v 371.23 0.05 360.03
v 374.89 0.05 360.61
v 374.17 0.05 361.93
v 377.24 0.05 361.66
v 376.78 0.05 363.08
v 432.68 0.05 379.60
v 432.22 0.05 381.02
v 440.47 0.05 382.12
v 440.01 0.05 383.54
v 450.64 0.05 385.36
v 450.20 0.05 386.80
v 453.59 0.05 386.17
v 453.17 0.05 387.61
v 518.29 0.05 404.94
v 517.87 0.05 406.38
v 521.90 0.05 406.57
v 521.22 0.05 407.91
v 525.18 0.05 408.45
v 524.48 0.05 409.77
v 529.00 0.05 410.32
v 528.46 0.05 411.72
v 534.63 0.05 412.16
v 534.17 0.05 413.58
f 6307 6308 6310
f 6307 6310 6309
f 6311 6312 6314
f 6311 6314 6313
f 6315 6316 6318
f 6315 6318 6317
f 6319 6320 6322
f 6319 6322 6321
f 6323 6324 6326
f 6323 6326 6325
f 6327 6328 6330
f 6327 6330 6329
f 6331 6332 6334
f 6331 6334 6333
f 6335 6336 6338
f 6335 6338 6337
o r30511389_residential
v -131.03 0.05 304.35
v -129.21 0.05 298.63
v -147.12 0.05 299.22
v -145.30 0.05 293.50
v -189.22 0.05 285.77
v -187.40 0.05 280.05
v -197.17 0.05 283.22
v -195.35 0.05 277.50
v -247.61 0.05 267.13
v -245.79 0.05 261.41
v -257.96 0.05 263.81
v -256.14 0.05 258.09
v -269.55 0.05 260.11
v -267.73 0.05 254.39
v -351.10 0.05 234.08
v -349.28 0.05 228.36
v -363.79 0.05 230.02
v -361.97 0.05 224.30
f 6343 6344 6346
f 6343 6346 6345
f 6347 6348 6350
f 6347 6350 6349
f 6351 6352 6354
f 6351 6354 6353
o r30602326_secondary
v 201.06 0.05 408.57
v 208.64 0.05 411.11
v 204.71 0.05 397.68
v 212.31 0.05 400.18
v 217.93 0.05 357.08
v 225.53 0.05 359.56
v 231.10 0.05 316.58
v 238.70 0.05 319.06
v 232.73 0.05 311.60
v 240.33 0.05 314.08
f 6361 6362 6364
f 6361 6364 6363
o r30756754_primary
v -67.79 0.05 93.69
v -58.27 0.05 96.77
v -65.04 0.05 85.22
v -55.54 0.05 88.32
v -56.45 0.05 58.84
v -46.95 0.05 61.94
v -50.78 0.05 41.44
v -41.28 0.05 44.54
f 6371 6372 6374
f 6371 6374 6373
o r32065533_secondary
v 133.93 0.05 615.23
v 141.55 0.05 617.69
v 138.06 0.05 602.46
v 145.66 0.05 604.94
v 150.99 0.05 562.79
v 158.59 0.05 565.27
v 163.96 0.05 523.35
v 171.56 0.05 525.83
v 167.14 0.05 513.19
v 174.76 0.05 515.63
v 169.86 0.05 504.85
v 177.46 0.05 507.33
v 180.64 0.05 471.66
v 188.24 0.05 474.14
v 184.35 0.05 460.25
v 191.97 0.05 462.67
v 197.82 0.05 417.71
v 205.44 0.05 420.17
v 201.08 0.05 408.51
v 208.62 0.05 411.17
f 6379 6380 6382
f 6379 6382 6381
f 6383 6384 6386
f 6383 6386 6385
f 6387 6388 6390
f 6387 6390 6389
f 6391 6392 6394
f 6391 6394 6393
o r37020142_secondary
v -364.84 0.05 -111.36
v -362.40 0.05 -118.98
v -376.16 0.05 -114.97
v -373.72 0.05 -122.59
v -446.98 0.05 -137.71
v -444.54 0.05 -145.33
v -469.18 0.05 -144.84
v -466.74 0.05 -152.46
f 6399 6400 6402
f 6399 6402 6401
o r37749547_secondary
v 373.72 0.05 574.14
v 381.32 0.05 576.64
v 374.56 0.05 571.59
v 382.16 0.05 574.07
v 375.94 0.05 567.33
v 383.54 0.05 569.81
v 391.72 0.05 518.80
v 399.32 0.05 521.28
v 392.11 0.05 517.59
v 399.71 0.05 520.07
v 402.56 0.05 485.43
v 410.16 0.05 487.91
v 405.86 0.05 475.30
v 413.46 0.05 477.78
v 409.32 0.05 464.65
v 416.92 0.05 467.13
v 422.93 0.05 422.79
v 430.53 0.05 425.27
v 426.76 0.05 411.00
v 434.36 0.05 413.46
f 6407 6408 6410
f 6407 6410 6409
f 6411 6412 6414
f 6411 6414 6413
f 6415 6416 6418
f 6415 6418 6417
f 6419 6420 6422
f 6419 6422 6421
o r37749556_secondary
v 635.81 0.05 211.55
v 638.29 0.05 203.95
v 616.81 0.05 205.35
v 619.27 0.05 197.73
v 608.21 0.05 202.67
v 610.67 0.05 195.05
v 519.32 0.05 173.89
v 521.78 0.05 166.27
v 509.18 0.05 170.71
v 511.58 0.05 163.07
f 6427 6428 6430
f 6427 6430 6429
o r37749560_secondary
v 266.88 0.05 -133.55
v 269.26 0.05 -141.19
v 255.95 0.05 -136.95
v 258.39 0.05 -144.57
v 224.30 0.05 -147.20
v 226.76 0.05 -154.82
v 208.35 0.05 -152.28
v 210.79 0.05 -159.90
v 172.78 0.05 -163.74
v 175.20 0.05 -171.36
v 162.29 0.05 -166.94
v 164.73 0.05 -174.56
v 152.26 0.05 -170.31
v 154.72 0.05 -177.93
v 100.64 0.05 -186.88
v 103.08 0.05 -194.50
v 81.32 0.05 -193.08
v 83.76 0.05 -200.70
f 6437 6438 6440
f 6437 6440 6439
f 6441 6442 6444
f 6441 6444 6443
f 6445 6446 6448
f 6445 6448 6447
o r37782961_service
v -241.10 0.05 211.93
v -239.88 0.05 208.13
v -252.31 0.05 208.34
v -251.09 0.05 204.54
v -334.64 0.05 182.03
v -333.42 0.05 178.21
v -346.92 0.05 178.11
v -345.70 0.05 174.29
f 6455 6456 6458
f 6455 6458 6457
o r37782962_service
v -207.63 0.05 109.07
v -206.41 0.05 105.27
v -218.62 0.05 105.54
v -217.40 0.05 101.74
v -302.04 0.05 78.77
v -300.82 0.05 74.97
v -313.42 0.05 75.12
v -312.20 0.05 71.32
v -322.86 0.05 72.09
v -321.64 0.05 68.29
v -406.43 0.05 45.29
v -405.21 0.05 41.49
v -414.94 0.05 42.56
v -413.72 0.05 38.76
f 6463 6464 6466
f 6463 6466 6465
f 6467 6468 6470
f 6467 6470 6469
o r37782963_service
v -280.13 0.05 -27.16
v -278.91 0.05 -30.96
v -288.48 0.05 -29.84
v -287.26 0.05 -33.64
v -371.94 0.05 -56.62
v -370.72 0.05 -60.42
v -381.65 0.05 -59.74
v -380.43 0.05 -63.54
f 6477 6478 6480
f 6477 6480 6479
o r37782965_service
v -211.57 0.05 -238.07
v -212.71 0.05 -234.23
v -200.29 0.05 -234.74
v -201.43 0.05 -230.90
v -116.41 0.05 -210.00
v -117.55 0.05 -206.16
v -104.97 0.05 -206.63
v -106.11 0.05 -202.79
f 6485 6486 6488
f 6485 6488 6487
o r37782966_service
v -73.51 0.05 -303.15
v -72.27 0.05 -306.95
v -85.47 0.05 -307.02
v -84.23 0.05 -310.82
v -168.24 0.05 -333.77
v -167.02 0.05 -337.57
v -179.19 0.05 -337.30
v -178.01 0.05 -341.12
v -189.64 0.05 -340.37
v -188.44 0.05 -344.19
v -256.27 0.05 -361.61
v -255.05 0.05 -365.43
v -272.35 0.05 -366.75
v -270.97 0.05 -370.51
v -280.87 0.05 -370.67
v -279.19 0.05 -374.31
f 6493 6494 6496
f 6493 6496 6495
f 6497 6498 6500
f 6497 6500 6499
f 6501 6502 6504
f 6501 6504 6503
o r37782967_service
v -40.50 0.05 -405.48
v -39.22 0.05 -409.28
v -51.68 0.05 -409.26
v -50.46 0.05 -413.06
v -62.15 0.05 -412.47
v -60.97 0.05 -416.29
v -84.13 0.05 -419.20
v -82.95 0.05 -423.02
v -135.18 0.05 -434.84
v -134.00 0.05 -438.66
v -146.11 0.05 -438.19
v -144.91 0.05 -442.01
v -156.13 0.05 -441.38
v -154.95 0.05 -445.20
v -187.32 0.05 -450.81
v -186.16 0.05 -454.63
v -207.92 0.05 -457.03
v -206.76 0.05 -460.85
v -227.84 0.05 -463.05
v -226.68 0.05 -466.87
v -240.03 0.05 -466.74
v -238.87 0.05 -470.56
v -248.36 0.05 -469.23
v -247.22 0.05 -473.07
f 6509 6510 6512
f 6509 6512 6511
f 6513 6514 6516
f 6513 6516 6515
f 6517 6518 6520
f 6517 6520 6519
f 6521 6522 6524
f 6521 6524 6523
f 6525 6526 6528
f 6525 6528 6527
o r37782971_service
v -623.47 0.05 -371.68
v -624.71 0.05 -367.88
v -614.12 0.05 -368.64
v -615.34 0.05 -364.84
v -571.34 0.05 -354.93
v -572.56 0.05 -351.13
v -552.86 0.05 -349.01
v -554.10 0.05 -345.21
v -527.67 0.05 -340.65
v -528.69 0.05 -336.79
v -520.89 0.05 -340.47
v -521.03 0.05 -336.47
f 6533 6534 6536
f 6533 6536 6535
f 6537 6538 6540
f 6537 6540 6539
o r37782972_service
v -589.96 0.05 -475.08
v -591.18 0.05 -471.28
v -580.50 0.05 -472.05
v -581.78 0.05 -468.25
v -549.74 0.05 -461.54
v -551.04 0.05 -457.76
v -545.56 0.05 -460.12
v -546.86 0.05 -456.34
v -499.02 0.05 -444.18
v -500.32 0.05 -440.40
v -488.22 0.05 -440.49
v -489.50 0.05 -436.69
v -477.88 0.05 -437.10
v -479.12 0.05 -433.30
v -393.04 0.05 -409.23
v -394.22 0.05 -405.41
v -383.85 0.05 -407.83
v -384.47 0.05 -403.87
f 6545 6546 6548
f 6545 6548 6547
f 6549 6550 6552
f 6549 6552 6551
f 6553 6554 6556
f 6553 6556 6555
o r37783068_service
v -28.72 0.05 -232.51
v -32.50 0.05 -233.85
v -31.65 0.05 -224.26
v -35.43 0.05 -225.54
v -35.11 0.05 -213.76
v -38.91 0.05 -215.02
v -41.49 0.05 -194.37
v -45.29 0.05 -195.63
v -59.12 0.05 -140.84
v -62.92 0.05 -142.10
v -62.43 0.05 -131.16
v -66.21 0.05 -132.46
f 6563 6564 6566
f 6563 6566 6565
f 6567 6568 6570
f 6567 6570 6569
o r37783070_service
v -32.50 0.05 -233.84
v -28.72 0.05 -232.52
v -28.56 0.05 -245.03
v -24.78 0.05 -243.75
v -13.98 0.05 -288.59
v -10.18 0.05 -287.31
o r37783071_service
v 351.72 0.05 -394.34
v 352.90 0.05 -398.16
v 339.98 0.05 -397.98
v 341.16 0.05 -401.80
v 297.55 0.05 -411.13
v 298.73 0.05 -414.95
v 255.29 0.05 -424.23
v 256.47 0.05 -428.05
v 245.90 0.05 -427.11
v 247.08 0.05 -430.93
f 6581 6582 6584
f 6581 6584 6583
o r37783101_service
v -16.95 0.05 391.36
v -18.21 0.05 395.16
v -8.34 0.05 394.21
v -9.60 0.05 398.01
v 74.88 0.05 421.79
v 73.62 0.05 425.59
v 85.05 0.05 425.16
v 83.79 0.05 428.96
v 94.29 0.05 428.24
v 93.03 0.05 432.04
v 125.99 0.05 438.72
v 124.73 0.05 442.52
v 129.01 0.05 439.72
v 127.75 0.05 443.52
v 178.77 0.05 456.23
v 177.51 0.05 460.03
v 182.73 0.05 457.55
v 181.47 0.05 461.35
v 184.24 0.05 458.05
v 182.98 0.05 461.85
v 188.79 0.05 459.56
v 187.53 0.05 463.36
f 6591 6592 6594
f 6591 6594 6593
f 6595 6596 6598
f 6595 6598 6597
f 6599 6600 6602
f 6599 6602 6601
f 6603 6604 6606
f 6603 6606 6605
o r37783102_service
v 16.17 0.05 289.54
v 14.97 0.05 293.36
v 24.48 0.05 292.14
v 23.24 0.05 295.94
v 107.56 0.05 319.43
v 106.32 0.05 323.23
v 118.27 0.05 322.94
v 117.03 0.05 326.74
f 6613 6614 6616
f 6613 6616 6615
o r37783103_service
v 49.51 0.05 187.02
v 48.31 0.05 190.84
v 58.45 0.05 189.83
v 57.25 0.05 193.65
v 141.11 0.05 215.75
v 139.91 0.05 219.57
v 152.05 0.05 219.18
v 150.83 0.05 223.00
v 161.36 0.05 222.22
v 160.10 0.05 226.02
v 196.93 0.05 234.00
v 195.69 0.05 237.80
v 241.56 0.05 248.37
v 240.34 0.05 252.17
v 247.78 0.05 250.40
v 246.54 0.05 254.20
v 255.97 0.05 253.07
v 254.73 0.05 256.87
f 6621 6622 6624
f 6621 6624 6623
f 6625 6626 6628
f 6625 6628 6627
f 6629 6630 6632
f 6629 6632 6631
o r37783104_service
v 82.80 0.05 84.66
v 81.62 0.05 88.48
v 91.24 0.05 87.27
v 90.06 0.05 91.09
v 174.84 0.05 113.14
v 173.66 0.05 116.96
v 185.46 0.05 116.43
v 184.28 0.05 120.25
f 6639 6640 6642
f 6639 6642 6641
o r37783105_service
v 218.76 0.05 14.12
v 217.56 0.05 17.94
v 227.87 0.05 16.98
v 226.67 0.05 20.80
v 312.34 0.05 43.59
v 311.14 0.05 47.41
v 319.18 0.05 45.75
v 317.98 0.05 49.57
v 330.05 0.05 49.12
v 328.85 0.05 52.94
v 414.66 0.05 75.82
v 413.46 0.05 79.64
v 424.48 0.05 78.92
v 423.28 0.05 82.74
v 434.53 0.05 82.08
v 433.33 0.05 85.90
v 519.42 0.05 108.83
v 518.22 0.05 112.65
v 528.35 0.05 111.64
v 527.15 0.05 115.46
v 538.43 0.05 114.81
v 537.23 0.05 118.63
v 621.58 0.05 140.72
v 620.38 0.05 144.54
v 627.00 0.05 142.57
v 625.72 0.05 146.35
f 6647 6648 6650
f 6647 6650 6649
f 6651 6652 6654
f 6651 6654 6653
f 6655 6656 6658
f 6655 6658 6657
f 6659 6660 6662
f 6659 6662 6661
f 6663 6664 6666
f 6663 6666 6665
o r37783107_service
v 560.37 0.05 13.34
v 561.57 0.05 9.52
v 550.22 0.05 10.15
v 551.42 0.05 6.33
v 466.85 0.05 -16.11
v 468.05 0.05 -19.93
v 456.51 0.05 -19.36
v 457.71 0.05 -23.18
f 6673 6674 6676
f 6673 6676 6675
o r37783108_service
v 180.83 0.05 -224.39
v 179.59 0.05 -220.59
v 190.88 0.05 -221.14
v 189.68 0.05 -217.32
v 273.65 0.05 -195.27
v 272.45 0.05 -191.45
v 285.67 0.05 -191.51
v 284.47 0.05 -187.69
f 6681 6682 6684
f 6681 6684 6683
o r37783109_service
v 384.41 0.05 -160.03
v 383.21 0.05 -156.21
v 398.07 0.05 -155.76
v 396.87 0.05 -151.94
v 405.85 0.05 -153.24
v 404.63 0.05 -149.44
v 449.90 0.05 -139.08
v 448.68 0.05 -135.28
v 480.97 0.05 -129.10
v 479.75 0.05 -125.30
v 491.13 0.05 -125.84
v 489.91 0.05 -122.04
v 500.97 0.05 -122.69
v 499.75 0.05 -118.89
v 585.06 0.05 -95.70
v 583.84 0.05 -91.90
v 594.81 0.05 -92.58
v 593.59 0.05 -88.78
f 6689 6690 6692
f 6689 6692 6691
f 6693 6694 6696
f 6693 6696 6695
f 6697 6698 6700
f 6697 6700 6699
o r37783110_service
v 317.70 0.05 -289.77
v 318.88 0.05 -293.59
v 305.72 0.05 -293.48
v 306.94 0.05 -297.28
v 230.42 0.05 -317.89
v 231.66 0.05 -321.69
v 222.87 0.05 -320.34
v 224.09 0.05 -324.16
v 217.64 0.05 -321.97
v 218.84 0.05 -325.79
v 211.71 0.05 -323.83
v 212.91 0.05 -327.65
f 6707 6708 6710
f 6707 6710 6709
f 6711 6712 6714
f 6711 6714 6713
o r40526566_residential
v -504.40 0.05 -46.40
v -498.70 0.05 -44.54
v -501.08 0.05 -56.58
v -495.38 0.05 -54.72
v -500.01 0.05 -59.85
v -494.31 0.05 -57.99
v -493.83 0.05 -78.85
v -488.13 0.05 -76.99
v -491.11 0.05 -87.22
v -485.41 0.05 -85.36
v -488.35 0.05 -95.71
v -482.65 0.05 -93.85
v -475.29 0.05 -135.86
v -469.59 0.05 -134.00
v -474.04 0.05 -139.71
v -468.34 0.05 -137.85
v -470.81 0.05 -149.58
v -465.11 0.05 -147.72
f 6719 6720 6722
f 6719 6722 6721
f 6723 6724 6726
f 6723 6726 6725
f 6727 6728 6730
f 6727 6730 6729
o r41287628_residential
v -298.34 0.05 -315.94
v -296.42 0.05 -321.62
v -309.65 0.05 -319.76
v -307.73 0.05 -325.44
v -394.41 0.05 -348.32
v -392.49 0.05 -354.00
v -401.81 0.05 -350.82
v -399.95 0.05 -356.52
v -412.41 0.05 -354.21
v -410.57 0.05 -359.93
v -495.42 0.05 -380.80
v -493.58 0.05 -386.52
v -506.75 0.05 -384.44
v -504.83 0.05 -390.12
v -514.46 0.05 -387.21
v -512.58 0.05 -392.91
v -549.49 0.05 -398.59
v -547.63 0.05 -404.29
v -553.65 0.05 -399.96
v -551.77 0.05 -405.66
v -562.80 0.05 -402.99
v -560.92 0.05 -408.69
v -580.61 0.05 -408.88
v -578.73 0.05 -414.58
f 6737 6738 6740
f 6737 6740 6739
f 6741 6742 6744
f 6741 6744 6743
f 6745 6746 6748
f 6745 6748 6747
f 6749 6750 6752
f 6749 6752 6751
f 6753 6754 6756
f 6753 6756 6755
o r41287629_residential
v -264.06 0.05 -421.16
v -262.20 0.05 -426.86
v -275.72 0.05 -424.97
v -273.88 0.05 -430.69
v -360.47 0.05 -452.09
v -358.65 0.05 -457.81
v -369.78 0.05 -455.07
v -367.96 0.05 -460.79
f 6761 6762 6764
f 6761 6764 6763
o r129170700_residential
v -95.76 0.05 195.78
v -97.60 0.05 201.50
v -80.82 0.05 200.57
v -82.66 0.05 206.29
v -27.76 0.05 217.61
v -29.60 0.05 223.31
v 20.74 0.05 233.39
v 18.90 0.05 239.11
v 33.16 0.05 237.15
v 31.42 0.05 242.89
v 42.12 0.05 239.86
v 40.32 0.05 245.58
v 43.44 0.05 240.39
v 41.60 0.05 246.11
v 88.78 0.05 254.84
v 86.96 0.05 260.56
v 124.96 0.05 266.38
v 123.10 0.05 272.08
v 135.56 0.05 270.01
v 133.62 0.05 275.69
f 6769 6770 6772
f 6769 6772 6771
f 6773 6774 6776
f 6773 6776 6775
f 6777 6778 6780
f 6777 6780 6779
f 6781 6782 6784
f 6781 6784 6783
o r130624540_primary
v -358.87 0.05 -113.62
v -368.37 0.05 -116.72
v -362.20 0.05 -103.39
v -371.70 0.05 -106.49
v -365.96 0.05 -91.83
v -375.46 0.05 -94.93
v -372.49 0.05 -71.75
v -381.99 0.05 -74.85
f 6789 6790 6792
f 6789 6792 6791
o r130624544_primary
v -300.42 0.05 19.03
v -290.92 0.05 22.13
v -297.16 0.05 9.01
v -287.66 0.05 12.11
v -284.27 0.05 -30.61
v -274.77 0.05 -27.51
v -271.22 0.05 -70.47
v -261.72 0.05 -67.37
v -270.40 0.05 -73.13
v -260.88 0.05 -70.09
v -266.86 0.05 -84.14
v -257.34 0.05 -81.08
f 6797 6798 6800
f 6797 6800 6799
f 6801 6802 6804
f 6801 6804 6803
o r130624549_secondary
v -188.67 0.05 50.72
v -191.11 0.05 58.34
v -179.54 0.05 53.65
v -181.98 0.05 61.27
v -127.36 0.05 70.38
v -129.80 0.05 78.00
v -77.36 0.05 86.43
v -79.80 0.05 94.05
v -61.81 0.05 91.42
v -64.25 0.05 99.04
f 6809 6810 6812
f 6809 6812 6811
o r134786109_cycleway
v 535.11 0.05 413.10
v 533.69 0.05 412.64
v 531.07 0.05 425.51
v 529.65 0.05 425.05
v 507.49 0.05 497.98
v 506.07 0.05 497.52
v 507.40 0.05 498.23
v 505.98 0.05 497.77
v 507.03 0.05 499.38
v 505.61 0.05 498.92
f 6819 6820 6822
f 6819 6822 6821
o r134807231_pedestrian
v -526.37 0.05 72.24
v -525.95 0.05 68.26
v -527.36 0.05 72.07
v -527.96 0.05 68.11
v -528.86 0.05 72.48
v -531.08 0.05 69.16
v -528.66 0.05 72.68
v -532.44 0.05 71.36
v -533.46 0.05 86.95
v -537.24 0.05 85.67
v -537.17 0.05 97.70
v -541.13 0.05 97.18
v -536.24 0.05 96.30
v -537.52 0.05 100.10
v -534.57 0.05 96.88
v -535.61 0.05 100.74
v -530.51 0.05 98.28
v -528.95 0.05 101.96
v -528.41 0.05 94.00
v -528.47 0.05 98.00
v -507.14 0.05 98.55
v -507.98 0.05 102.45
v -503.97 0.05 100.34
v -507.81 0.05 101.46
v -506.13 0.05 101.57
v -507.25 0.05 105.41
v -485.17 0.05 104.90
v -486.33 0.05 108.72
v -484.73 0.05 109.67
v -488.73 0.05 109.51
v -485.24 0.05 107.99
v -486.52 0.05 111.77
v -483.81 0.05 108.47
v -485.09 0.05 112.25
v -481.16 0.05 109.37
v -482.46 0.05 113.15
v -480.81 0.05 109.49
v -482.11 0.05 113.27
v -479.62 0.05 109.90
v -480.92 0.05 113.68
v -477.26 0.05 110.71
v -478.54 0.05 114.49
v -478.54 0.05 111.73
v -475.34 0.05 114.11
v -475.68 0.05 108.40
v -476.74 0.05 112.26
v -457.87 0.05 116.26
v -460.31 0.05 119.42
v -458.69 0.05 121.63
v -462.29 0.05 123.37
v -455.62 0.05 121.91
v -456.80 0.05 125.73
v -453.71 0.05 122.52
v -455.05 0.05 126.28
v -453.45 0.05 124.62
v -449.81 0.05 126.28
v -445.53 0.05 100.21
v -441.71 0.05 101.43
v -445.46 0.05 100.49
v -441.58 0.05 99.49
v -446.03 0.05 99.08
v -442.69 0.05 96.86
v -446.06 0.05 99.03
v -444.76 0.05 95.25
v -502.63 0.05 80.10
v -501.37 0.05 76.30
v -526.79 0.05 72.15
v -525.53 0.05 68.35
f 6829 6830 6832
f 6829 6832 6831
f 6833 6834 6836
f 6833 6836 6835
f 6837 6838 6840
f 6837 6840 6839
f 6841 6842 6844
f 6841 6844 6843
f 6845 6846 6848
f 6845 6848 6847
f 6849 6850 6852
f 6849 6852 6851
f 6853 6854 6856
f 6853 6856 6855
f 6857 6858 6860
f 6857 6860 6859
f 6861 6862 6864
f 6861 6864 6863
f 6865 6866 6868
f 6865 6868 6867
f 6869 6870 6872
f 6869 6872 6871
f 6873 6874 6876
f 6873 6876 6875
f 6877 6878 6880
f 6877 6880 6879
f 6881 6882 6884
f 6881 6884 6883
f 6885 6886 6888
f 6885 6888 6887
f 6889 6890 6892
f 6889 6892 6891
o r141161580_primary
v -367.64 0.05 225.62
v -358.12 0.05 228.70
v -365.93 0.05 220.34
v -356.41 0.05 223.42
v -364.14 0.05 214.85
v -354.64 0.05 217.95
v -355.07 0.05 186.99
v -345.57 0.05 190.09
v -351.07 0.05 174.65
v -341.55 0.05 177.75
v -346.29 0.05 159.98
v -336.79 0.05 163.08
f 6897 6898 6900
f 6897 6900 6899
f 6901 6902 6904
f 6901 6904 6903
o r141161581_primary
v -525.13 0.05 399.35
v -533.07 0.05 405.43
v -512.85 0.05 415.41
v -521.23 0.05 420.87
v -508.11 0.05 425.54
v -517.07 0.05 430.00
v -502.43 0.05 436.30
v -511.37 0.05 440.76
v -497.43 0.05 447.13
v -507.01 0.05 449.99
v -495.26 0.05 460.22
v -505.14 0.05 461.82
f 6909 6910 6912
f 6909 6912 6911
f 6913 6914 6916
f 6913 6916 6915
o r143948165_secondary
v 374.17 0.05 231.44
v 371.83 0.05 239.10
v 385.86 0.05 235.02
v 383.44 0.05 242.64
v 430.86 0.05 249.49
v 428.42 0.05 257.11
o r143948185_residential
v 370.21 0.05 234.18
v 375.79 0.05 236.36
v 373.90 0.05 224.74
v 379.58 0.05 226.70
v 381.77 0.05 200.57
v 387.47 0.05 202.43
v 387.01 0.05 184.48
v 392.71 0.05 186.34
v 400.70 0.05 142.25
v 406.40 0.05 144.11
v 404.13 0.05 131.83
v 409.83 0.05 133.71
f 6927 6928 6930
f 6927 6930 6929
f 6931 6932 6934
f 6931 6934 6933
o r143948186_residential
v 437.60 0.05 29.01
v 443.28 0.05 30.91
v 440.57 0.05 20.13
v 446.27 0.05 21.99
v 454.26 0.05 -22.19
v 459.96 0.05 -20.35
o r143978649_primary
v -527.57 0.05 397.63
v -530.63 0.05 407.15
v -429.82 0.05 429.04
v -432.88 0.05 438.56
o r143978650_primary
v -169.38 0.05 405.30
v -159.84 0.05 408.30
v -166.69 0.05 396.74
v -157.19 0.05 399.86
v -138.56 0.05 311.19
v -129.06 0.05 314.31
v -136.82 0.05 305.85
v -127.32 0.05 308.97
v -134.87 0.05 299.93
v -125.37 0.05 303.05
f 6949 6950 6952
f 6949 6952 6951
o r144469638_secondary
v -30.67 0.05 -4.15
v -28.25 0.05 -11.77
v -47.23 0.05 -9.42
v -44.79 0.05 -17.04
v -97.48 0.05 -25.53
v -95.06 0.05 -33.15
v -115.32 0.05 -31.06
v -112.94 0.05 -38.70
f 6959 6960 6962
f 6959 6962 6961
o r144897554_primary
v -427.10 0.05 431.17
v -435.60 0.05 436.43
v -422.21 0.05 439.17
v -429.93 0.05 445.53
v -422.33 0.05 438.23
v -425.15 0.05 447.83
v -382.07 0.05 450.07
v -383.93 0.05 459.89
v -372.32 0.05 448.01
v -370.58 0.05 457.85
f 6967 6968 6970
f 6967 6970 6969
o r149706995_residential
v -424.32 0.05 -260.14
v -427.80 0.05 -255.26
v -420.49 0.05 -257.28
v -422.59 0.05 -251.66
v -342.41 0.05 -229.64
v -344.47 0.05 -224.00
v -338.99 0.05 -227.43
v -342.51 0.05 -222.57
v -328.59 0.05 -219.76
v -332.15 0.05 -214.94
f 6977 6978 6980
f 6977 6980 6979
o r153128279_primary
v -479.18 0.05 447.88
v -473.10 0.05 455.82
v -476.38 0.05 445.74
v -470.70 0.05 453.98
v -473.43 0.05 443.94
v -468.51 0.05 452.64
v -469.93 0.05 442.08
v -465.21 0.05 450.90
v -466.17 0.05 440.06
v -461.97 0.05 449.14
v -460.97 0.05 437.95
v -457.57 0.05 447.35
v -448.48 0.05 433.66
v -445.46 0.05 443.20
v -432.77 0.05 429.01
v -429.93 0.05 438.59
f 6987 6988 6990
f 6987 6990 6989
f 6991 6992 6994
f 6991 6994 6993
f 6995 6996 6998
f 6995 6998 6997
o r153128297_primary
v -374.54 0.05 456.86
v -368.36 0.05 449.00
v -381.75 0.05 451.10
v -377.03 0.05 442.28
v -389.79 0.05 448.67
v -386.79 0.05 439.13
v -417.51 0.05 439.97
v -414.51 0.05 430.43
v -422.89 0.05 438.15
v -421.99 0.05 428.19
v -431.00 0.05 438.79
v -431.70 0.05 428.81
f 7003 7004 7006
f 7003 7006 7005
f 7007 7008 7010
f 7007 7010 7009
o r172814612_residential
v 402.08 0.05 -213.45
v 400.32 0.05 -207.71
v 414.99 0.05 -209.48
v 413.19 0.05 -203.76
v 426.78 0.05 -205.70
v 424.94 0.05 -199.98
v 497.45 0.05 -183.03
v 495.61 0.05 -177.31
v 508.57 0.05 -179.46
v 506.73 0.05 -173.74
f 7015 7016 7018
f 7015 7018 7017
o r201680466_secondary
v 413.62 0.05 -429.99
v 416.08 0.05 -437.61
v 407.82 0.05 -431.86
v 410.26 0.05 -439.48
v 385.12 0.05 -439.13
v 387.56 0.05 -446.75
v 377.10 0.05 -441.70
v 379.54 0.05 -449.32
v 368.05 0.05 -444.61
v 370.51 0.05 -452.23
f 7025 7026 7028
f 7025 7028 7027
o r201680470_primary
v -325.61 0.05 -215.82
v -335.13 0.05 -218.88
v -328.82 0.05 -205.85
v -338.32 0.05 -208.95
v -337.86 0.05 -178.19
v -347.36 0.05 -181.31
v -356.03 0.05 -123.22
v -365.53 0.05 -126.32
v -358.83 0.05 -113.75
v -368.41 0.05 -116.59
f 7035 7036 7038
f 7035 7038 7037
o r201680483_secondary
v 271.87 0.05 -136.11
v 264.27 0.05 -138.63
v 269.04 0.05 -127.57
v 261.44 0.05 -130.05
v 255.18 0.05 -84.80
v 247.56 0.05 -87.26
v 242.50 0.05 -45.58
v 234.90 0.05 -48.06
v 238.85 0.05 -34.67
v 231.27 0.05 -37.21
f 7045 7046 7048
f 7045 7048 7047
o r201680484_secondary
v -121.85 0.05 -154.65
v -124.29 0.05 -147.03
v -112.70 0.05 -151.71
v -115.14 0.05 -144.09
v -112.32 0.05 -151.59
v -114.78 0.05 -143.97
v -71.97 0.05 -138.60
v -74.43 0.05 -131.00
v -63.08 0.05 -135.61
v -65.56 0.05 -128.01
v -48.96 0.05 -131.12
v -51.38 0.05 -123.50
v -11.44 0.05 -119.21
v -13.86 0.05 -111.59
v 5.01 0.05 -113.95
v 2.57 0.05 -106.33
f 7055 7056 7058
f 7055 7058 7057
f 7059 7060 7062
f 7059 7062 7061
f 7063 7064 7066
f 7063 7066 7065
o r204964668_residential
v 243.65 0.05 -430.00
v 249.33 0.05 -428.04
v 257.88 0.05 -471.14
v 263.56 0.05 -469.18
v 262.01 0.05 -483.04
v 267.67 0.05 -481.08
o r204964687_primary
v -134.88 0.05 299.97
v -125.36 0.05 303.01
v -133.38 0.05 295.26
v -123.86 0.05 298.34
v -131.75 0.05 290.28
v -122.25 0.05 293.38
v -125.98 0.05 272.54
v -116.48 0.05 275.64
v -105.37 0.05 209.19
v -95.87 0.05 212.29
v -101.43 0.05 197.09
v -91.93 0.05 200.19
f 7077 7078 7080
f 7077 7080 7079
f 7081 7082 7084
f 7081 7084 7083
o r204964690_residential
v 228.81 0.05 -376.51
v 230.79 0.05 -382.17
v 220.65 0.05 -379.37
v 222.49 0.05 -385.09
v 168.87 0.05 -395.85
v 170.69 0.05 -401.57
v 118.39 0.05 -412.03
v 120.23 0.05 -417.75
v 101.87 0.05 -417.32
v 103.69 0.05 -423.04
f 7089 7090 7092
f 7089 7092 7091
o r204964694_secondary
v 470.53 0.05 -419.91
v 468.25 0.05 -412.25
v 480.61 0.05 -416.91
v 478.23 0.05 -409.27
v 494.54 0.05 -412.43
v 492.10 0.05 -404.81
o r204974723_secondary
v -186.09 0.05 55.77
v -193.69 0.05 53.29
v -189.76 0.05 67.04
v -197.36 0.05 64.56
v -203.22 0.05 108.41
v -210.82 0.05 105.93
v -206.48 0.05 118.27
v -214.08 0.05 115.75
v -216.77 0.05 149.17
v -224.39 0.05 146.71
v -219.73 0.05 159.14
v -227.35 0.05 156.74
v -223.59 0.05 170.74
v -231.19 0.05 168.26
v -233.24 0.05 200.64
v -240.86 0.05 198.18
v -235.09 0.05 206.45
v -242.71 0.05 203.99
v -236.69 0.05 211.27
v -244.29 0.05 208.79
v -240.49 0.05 222.96
v -248.09 0.05 220.48
v -249.90 0.05 251.87
v -257.50 0.05 249.39
v -251.64 0.05 257.21
v -259.24 0.05 254.73
v -253.25 0.05 262.19
v -260.85 0.05 259.71
v -255.13 0.05 267.95
v -262.73 0.05 265.47
v -256.97 0.05 273.64
v -264.57 0.05 271.16
v -264.22 0.05 295.91
v -271.82 0.05 293.43
v -284.79 0.05 359.06
v -292.39 0.05 356.58
v -287.47 0.05 367.34
v -295.07 0.05 364.88
v -290.44 0.05 376.48
v -298.04 0.05 374.00
v -297.63 0.05 398.58
v -305.23 0.05 396.10
v -299.96 0.05 405.74
v -307.56 0.05 403.26
v -300.94 0.05 408.73
v -308.54 0.05 406.25
v -316.54 0.05 456.79
v -324.14 0.05 454.31
v -320.65 0.05 469.32
v -328.25 0.05 466.82
f 7105 7106 7108
f 7105 7108 7107
f 7109 7110 7112
f 7109 7112 7111
f 7113 7114 7116
f 7113 7116 7115
f 7117 7118 7120
f 7117 7120 7119
f 7121 7122 7124
f 7121 7124 7123
f 7125 7126 7128
f 7125 7128 7127
f 7129 7130 7132
f 7129 7132 7131
f 7133 7134 7136
f 7133 7136 7135
f 7137 7138 7140
f 7137 7140 7139
f 7141 7142 7144
f 7141 7144 7143
f 7145 7146 7148
f 7145 7148 7147
o r204974728_primary
v 74.74 0.05 -312.83
v 65.24 0.05 -315.95
v 71.77 0.05 -303.77
v 62.25 0.05 -306.81
v 45.15 0.05 -220.09
v 35.63 0.05 -223.15
v 41.50 0.05 -209.88
v 32.08 0.05 -213.26
f 7155 7156 7158
f 7155 7158 7157
o r204974761_primary
v -200.61 0.05 -287.76
v -191.11 0.05 -284.66
v -196.83 0.05 -299.36
v -187.33 0.05 -296.26
v -196.52 0.05 -300.31
v -187.02 0.05 -297.21
v -186.54 0.05 -330.97
v -177.04 0.05 -327.87
v -185.02 0.05 -335.64
v -175.52 0.05 -332.54
v -183.35 0.05 -340.76
v -173.85 0.05 -337.66
f 7163 7164 7166
f 7163 7166 7165
f 7167 7168 7170
f 7167 7170 7169
o r204974764_primary
v -166.36 0.05 -393.01
v -156.86 0.05 -389.87
v -163.08 0.05 -402.94
v -153.58 0.05 -399.80
v -152.35 0.05 -435.34
v -142.85 0.05 -432.20
v -150.26 0.05 -441.67
v -140.76 0.05 -438.53
v -135.65 0.05 -485.81
v -126.15 0.05 -482.67
v -132.80 0.05 -494.41
v -123.30 0.05 -491.27
f 7175 7176 7178
f 7175 7178 7177
f 7179 7180 7182
f 7179 7182 7181
o r204974799_secondary
v -91.33 0.05 -248.47
v -88.79 0.05 -256.05
v -102.74 0.05 -252.30
v -100.28 0.05 -259.92
v -141.00 0.05 -264.46
v -138.58 0.05 -272.08
v -169.74 0.05 -273.62
v -167.36 0.05 -281.26
v -184.93 0.05 -278.09
v -182.67 0.05 -285.77
v -186.05 0.05 -278.43
v -183.37 0.05 -285.97
v -197.21 0.05 -282.45
v -194.51 0.05 -289.97
f 7187 7188 7190
f 7187 7190 7189
f 7191 7192 7194
f 7191 7194 7193
o r204974801_secondary
v -197.08 0.05 -282.40
v -194.64 0.05 -290.02
v -207.37 0.05 -285.71
v -204.93 0.05 -293.33
v -241.96 0.05 -296.80
v -239.52 0.05 -304.42
v -258.19 0.05 -302.01
v -255.75 0.05 -309.63
v -288.11 0.05 -311.60
v -285.67 0.05 -319.22
v -298.60 0.05 -314.97
v -296.16 0.05 -322.59
f 7201 7202 7204
f 7201 7204 7203
f 7205 7206 7208
f 7205 7208 7207
o r204981553_secondary
v 169.51 0.05 165.65
v 166.97 0.05 173.23
v 179.06 0.05 168.84
v 176.62 0.05 176.46
v 260.91 0.05 194.95
v 258.47 0.05 202.57
v 273.55 0.05 199.01
v 271.09 0.05 206.63
v 282.15 0.05 201.81
v 279.71 0.05 209.43
v 331.88 0.05 217.73
v 329.44 0.05 225.35
f 7213 7214 7216
f 7213 7216 7215
f 7217 7218 7220
f 7217 7220 7219
o r204981554_secondary
v 301.80 0.05 102.81
v 304.32 0.05 95.21
v 292.57 0.05 99.76
v 295.03 0.05 92.14
v 213.67 0.05 74.24
v 216.13 0.05 66.62
v 210.90 0.05 73.45
v 213.34 0.05 65.83
v 200.61 0.05 70.05
v 203.03 0.05 62.43
v 189.72 0.05 66.72
v 192.08 0.05 59.08
v 188.82 0.05 66.43
v 191.28 0.05 58.81
v 107.25 0.05 40.12
v 109.71 0.05 32.50
v 97.98 0.05 37.15
v 100.42 0.05 29.53
f 7225 7226 7228
f 7225 7228 7227
f 7229 7230 7232
f 7229 7232 7231
f 7233 7234 7236
f 7233 7236 7235
o r204981568_secondary
v 138.40 0.05 274.07
v 130.78 0.05 271.63
v 135.16 0.05 284.20
v 127.56 0.05 281.72
v 121.45 0.05 326.08
v 113.85 0.05 323.60
o r204981569_secondary
v 380.01 0.05 -159.38
v 387.61 0.05 -156.86
v 393.50 0.05 -199.88
v 401.10 0.05 -197.36
v 397.37 0.05 -211.75
v 405.03 0.05 -209.41
v 400.32 0.05 -222.18
v 407.92 0.05 -219.70
v 427.45 0.05 -303.84
v 435.01 0.05 -301.26
v 432.13 0.05 -315.23
v 439.53 0.05 -312.17
f 7249 7250 7252
f 7249 7252 7251
f 7253 7254 7256
f 7253 7256 7255
o r204989730_residential
v 334.83 0.05 -342.61
v 336.73 0.05 -348.29
v 323.21 0.05 -346.50
v 325.07 0.05 -352.20
v 301.60 0.05 -353.39
v 303.42 0.05 -359.11
v 241.02 0.05 -372.71
v 242.84 0.05 -378.43
v 228.91 0.05 -376.48
v 230.69 0.05 -382.20
f 7261 7262 7264
f 7261 7264 7263
o r204998668_residential
v 63.08 0.05 135.70
v 68.80 0.05 137.52
v 66.20 0.05 125.86
v 71.90 0.05 127.72
v 79.36 0.05 85.64
v 85.06 0.05 87.50
v 88.30 0.05 58.16
v 94.00 0.05 60.02
f 7271 7272 7274
f 7271 7274 7273
o r204998669_residential
v 128.07 0.05 -69.89
v 133.81 0.05 -68.15
v 131.25 0.05 -80.38
v 136.97 0.05 -78.56
v 141.35 0.05 -111.69
v 147.07 0.05 -109.85
v 157.86 0.05 -162.86
v 163.58 0.05 -161.02
v 160.67 0.05 -171.72
v 166.35 0.05 -169.78
v 164.38 0.05 -182.02
v 170.08 0.05 -180.18
v 177.35 0.05 -223.40
v 183.07 0.05 -221.58
v 190.65 0.05 -264.86
v 196.37 0.05 -263.06
v 193.73 0.05 -275.17
v 199.49 0.05 -273.51
v 196.94 0.05 -286.82
v 202.68 0.05 -285.06
v 209.45 0.05 -326.65
v 215.17 0.05 -324.83
v 222.60 0.05 -367.89
v 228.30 0.05 -366.03
v 226.97 0.05 -380.33
v 232.63 0.05 -378.35
f 7279 7280 7282
f 7279 7282 7281
f 7283 7284 7286
f 7283 7286 7285
f 7287 7288 7290
f 7287 7290 7289
f 7291 7292 7294
f 7291 7294 7293
f 7295 7296 7298
f 7295 7298 7297
o r204998675_secondary
v 103.43 0.05 144.45
v 100.99 0.05 152.07
v 159.54 0.05 162.44
v 157.10 0.05 170.06
v 169.46 0.05 165.63
v 167.02 0.05 173.25
o r204998678_secondary
v 132.13 0.05 -72.84
v 129.75 0.05 -65.20
v 144.16 0.05 -69.08
v 141.76 0.05 -61.44
v 168.31 0.05 -61.46
v 165.91 0.05 -53.84
v 185.04 0.05 -56.18
v 182.64 0.05 -48.56
f 7311 7312 7314
f 7311 7314 7313
o r204999701_primary
v -101.43 0.05 197.09
v -91.93 0.05 200.19
v -98.62 0.05 188.46
v -89.12 0.05 191.56
v -92.15 0.05 168.56
v -82.65 0.05 171.66
v -71.46 0.05 104.93
v -61.96 0.05 108.03
v -67.78 0.05 93.68
v -58.28 0.05 96.78
f 7319 7320 7322
f 7319 7322 7321
o r204999702_pedestrian
v 336.40 0.05 334.93
v 334.84 0.05 331.25
v 331.77 0.05 336.88
v 330.77 0.05 333.00
v 326.96 0.05 337.28
v 327.28 0.05 333.30
v 323.76 0.05 336.29
v 325.02 0.05 332.49
v 310.15 0.05 331.81
v 311.41 0.05 328.01
v 284.78 0.05 323.46
v 286.04 0.05 319.66
v 255.57 0.05 313.82
v 256.81 0.05 310.02
v 245.73 0.05 310.67
v 246.95 0.05 306.87
v 244.16 0.05 310.15
v 245.42 0.05 306.35
v 240.31 0.05 308.88
v 241.55 0.05 305.08
v 238.05 0.05 308.14
v 239.29 0.05 304.34
f 7329 7330 7332
f 7329 7332 7331
f 7333 7334 7336
f 7333 7336 7335
f 7337 7338 7340
f 7337 7340 7339
f 7341 7342 7344
f 7341 7344 7343
o r204999703_unclassified
v 568.83 0.05 409.89
v 570.35 0.05 405.13
v 548.14 0.05 403.32
v 549.66 0.05 398.56
v 543.86 0.05 401.97
v 545.38 0.05 397.21
v 538.27 0.05 400.18
v 539.77 0.05 395.42
v 454.72 0.05 373.89
v 456.22 0.05 369.11
v 444.26 0.05 370.70
v 445.72 0.05 365.92
f 7351 7352 7354
f 7351 7354 7353
f 7355 7356 7358
f 7355 7358 7357
o r204999708_secondary
v 441.11 0.05 367.36
v 448.87 0.05 369.26
v 441.57 0.05 365.50
v 449.23 0.05 367.78
v 443.05 0.05 360.83
v 450.65 0.05 363.31
v 452.12 0.05 333.08
v 459.72 0.05 335.56
f 7363 7364 7366
f 7363 7366 7365
o r206109247_footway
v -413.95 0.05 430.66
v -415.39 0.05 430.26
v -415.29 0.05 435.40
v -416.73 0.05 435.00
v -415.98 0.05 437.84
v -417.42 0.05 437.44
o r206109251_footway
v -467.19 0.05 440.94
v -466.67 0.05 439.54
v -469.79 0.05 439.96
v -469.49 0.05 438.50
v -470.50 0.05 440.07
v -471.22 0.05 438.75
v -480.00 0.05 445.69
v -480.68 0.05 444.35
v -482.19 0.05 445.94
v -481.97 0.05 444.46
v -484.40 0.05 445.07
v -483.50 0.05 443.87
v -502.42 0.05 431.13
v -501.58 0.05 429.89
v -506.54 0.05 430.06
v -506.16 0.05 428.62
f 7377 7378 7380
f 7377 7380 7379
f 7381 7382 7384
f 7381 7384 7383
f 7385 7386 7388
f 7385 7388 7387
o r206109256_footway
v -603.50 0.05 396.30
v -604.02 0.05 397.70
v -597.89 0.05 398.41
v -598.55 0.05 399.75
v -588.84 0.05 403.57
v -589.56 0.05 404.89
v -583.90 0.05 406.00
v -584.46 0.05 407.40
v -564.33 0.05 413.27
v -564.83 0.05 414.69
v -549.04 0.05 418.19
v -549.50 0.05 419.61
v -534.99 0.05 422.70
v -535.47 0.05 424.12
v -527.72 0.05 425.28
v -528.32 0.05 426.66
v -523.44 0.05 427.70
v -524.18 0.05 429.00
f 7393 7394 7396
f 7393 7396 7395
f 7397 7398 7400
f 7397 7400 7399
f 7401 7402 7404
f 7401 7404 7403
o r206109261_cycleway
v -511.06 0.05 457.82
v -509.56 0.05 457.82
v -510.79 0.05 456.33
v -509.83 0.05 455.17
v -515.09 0.05 454.83
v -514.03 0.05 453.77
v -514.90 0.05 451.85
v -513.40 0.05 451.85
v -515.25 0.05 450.05
v -513.87 0.05 449.45
v -517.82 0.05 445.31
v -516.52 0.05 444.55
v -523.97 0.05 435.29
v -522.75 0.05 434.41
v -526.21 0.05 433.62
v -525.45 0.05 432.32
v -530.29 0.05 431.67
v -529.81 0.05 430.25
v -579.85 0.05 415.48
v -579.39 0.05 414.04
v -583.44 0.05 414.91
v -583.38 0.05 413.41
v -588.14 0.05 415.11
v -588.34 0.05 413.63
v -592.83 0.05 416.20
v -593.29 0.05 414.78
v -598.53 0.05 418.41
v -599.15 0.05 417.05
v -602.91 0.05 420.77
v -603.81 0.05 419.57
v -607.29 0.05 425.07
v -608.33 0.05 423.99
f 7411 7412 7414
f 7411 7414 7413
f 7415 7416 7418
f 7415 7418 7417
f 7419 7420 7422
f 7419 7422 7421
f 7423 7424 7426
f 7423 7426 7425
f 7427 7428 7430
f 7427 7430 7429
f 7431 7432 7434
f 7431 7434 7433
f 7435 7436 7438
f 7435 7438 7437
o r207517639_secondary
v 185.06 0.05 -56.18
v 182.62 0.05 -48.56
v 215.56 0.05 -46.40
v 213.12 0.05 -38.78
o r207517640_secondary
v 215.56 0.05 -46.40
v 213.12 0.05 -38.78
v 221.25 0.05 -44.58
v 218.81 0.05 -36.96
v 223.41 0.05 -43.88
v 220.97 0.05 -36.26
v 236.28 0.05 -39.75
v 233.84 0.05 -32.13
f 7447 7448 7450
f 7447 7450 7449
o r207519203_residential
v -160.68 0.05 -394.29
v -162.54 0.05 -388.59
v -149.20 0.05 -390.57
v -151.04 0.05 -384.85
v -81.74 0.05 -368.97
v -83.58 0.05 -363.25
v -66.93 0.05 -364.22
v -68.77 0.05 -358.50
v -54.90 0.05 -360.36
v -56.74 0.05 -354.64
f 7455 7456 7458
f 7455 7458 7457
o r207524116_residential
v 88.30 0.05 58.16
v 94.00 0.05 60.02
v 92.77 0.05 44.48
v 98.49 0.05 46.28
v 96.32 0.05 32.49
v 102.08 0.05 34.19
o r240456359_service
v -186.41 0.05 283.55
v -190.21 0.05 282.27
v -188.38 0.05 289.38
v -192.16 0.05 288.10
v -189.75 0.05 293.36
v -193.53 0.05 292.04
v -193.85 0.05 305.12
v -197.63 0.05 303.80
f 7471 7472 7474
f 7471 7474 7473
o r240456360_service
v -244.93 0.05 301.82
v -241.09 0.05 302.92
v -241.50 0.05 289.76
v -237.66 0.05 290.86
o r240456362_service
v -47.17 0.05 271.24
v -43.37 0.05 272.46
v -34.09 0.05 230.73
v -30.29 0.05 231.95
v -30.58 0.05 219.85
v -26.78 0.05 221.07
o r240456363_service
v -205.11 0.05 314.51
v -208.93 0.05 313.31
v -225.27 0.05 378.39
v -229.09 0.05 377.19
v -227.83 0.05 386.46
v -231.63 0.05 385.24
v -230.60 0.05 395.04
v -234.40 0.05 393.80
v -257.29 0.05 477.56
v -261.09 0.05 476.32
v -260.85 0.05 488.57
v -264.65 0.05 487.35
f 7489 7490 7492
f 7489 7492 7491
f 7493 7494 7496
f 7493 7496 7495
o r240456364_service
v -267.45 0.05 292.75
v -268.59 0.05 296.59
v -258.69 0.05 295.33
v -259.83 0.05 299.17
v -255.03 0.05 296.42
v -256.23 0.05 300.24
v -242.40 0.05 300.47
v -243.62 0.05 304.27
v -206.40 0.05 312.01
v -207.64 0.05 315.81
v -162.92 0.05 326.49
v -164.18 0.05 330.29
f 7501 7502 7504
f 7501 7504 7503
f 7505 7506 7508
f 7505 7508 7507
o r240456365_service
v -251.70 0.05 284.65
v -252.84 0.05 288.49
v -238.98 0.05 288.40
v -240.18 0.05 292.22
v -195.13 0.05 302.56
v -196.35 0.05 306.36
v -155.36 0.05 315.16
v -156.56 0.05 318.98
f 7513 7514 7516
f 7513 7516 7515
o r240456366_service
v -30.59 0.05 219.86
v -26.77 0.05 221.06
v -27.60 0.05 210.39
v -23.78 0.05 211.59
v -27.11 0.05 208.83
v -23.29 0.05 210.03
o r258828955_secondary
v -349.82 0.05 -0.99
v -352.26 0.05 6.63
v -303.58 0.05 13.87
v -306.02 0.05 21.49
v -294.46 0.05 16.77
v -296.88 0.05 24.39
o r258828956_primary
v -392.45 0.05 -10.41
v -401.95 0.05 -13.55
v -396.10 0.05 0.60
v -405.60 0.05 -2.52
v -403.28 0.05 22.63
v -412.80 0.05 19.55
v -409.57 0.05 42.20
v -419.09 0.05 39.12
v -413.68 0.05 54.83
v -423.18 0.05 51.73
v -421.45 0.05 78.72
v -430.97 0.05 75.64
v -422.57 0.05 82.23
v -432.11 0.05 79.21
v -426.43 0.05 94.40
v -435.97 0.05 91.38
f 7533 7534 7536
f 7533 7536 7535
f 7537 7538 7540
f 7537 7540 7539
f 7541 7542 7544
f 7541 7544 7543
o r258828959_footway
v -528.45 0.05 -4.90
v -528.85 0.05 -3.46
v -521.81 0.05 -3.02
v -522.23 0.05 -1.58
v -512.85 0.05 -0.31
v -513.29 0.05 1.13
v -511.57 0.05 0.05
v -511.99 0.05 1.49
v -502.18 0.05 2.75
v -502.60 0.05 4.19
v -497.90 0.05 4.08
v -498.38 0.05 5.50
v -493.90 0.05 5.53
v -494.58 0.05 6.87
v -489.50 0.05 8.43
v -490.50 0.05 9.55
v -487.93 0.05 10.81
v -489.21 0.05 11.59
v -486.11 0.05 13.99
v -487.45 0.05 14.67
v -484.06 0.05 18.32
v -485.46 0.05 18.86
v -483.02 0.05 22.05
v -484.50 0.05 22.33
v -482.70 0.05 25.56
v -484.20 0.05 25.60
v -482.81 0.05 29.35
v -484.31 0.05 29.21
v -483.44 0.05 33.09
v -484.88 0.05 32.69
v -485.37 0.05 38.61
v -486.77 0.05 38.09
v -487.97 0.05 45.41
v -489.33 0.05 44.79
v -490.08 0.05 49.16
v -491.32 0.05 48.30
v -492.13 0.05 51.42
v -493.11 0.05 50.28
v -496.53 0.05 54.73
v -497.41 0.05 53.51
v -502.87 0.05 59.16
v -503.73 0.05 57.94
f 7549 7550 7552
f 7549 7552 7551
f 7553 7554 7556
f 7553 7556 7555
f 7557 7558 7560
f 7557 7560 7559
f 7561 7562 7564
f 7561 7564 7563
f 7565 7566 7568
f 7565 7568 7567
f 7569 7570 7572
f 7569 7572 7571
f 7573 7574 7576
f 7573 7576 7575
f 7577 7578 7580
f 7577 7580 7579
f 7581 7582 7584
f 7581 7584 7583
o r263361802_residential
v 135.50 0.05 269.99
v 133.68 0.05 275.71
v 144.89 0.05 272.99
v 143.07 0.05 278.71
v 145.57 0.05 273.21
v 143.77 0.05 278.93
v 166.87 0.05 279.90
v 165.03 0.05 285.62
v 189.29 0.05 287.26
v 187.45 0.05 292.96
v 227.09 0.05 299.39
v 225.25 0.05 305.11
v 239.58 0.05 303.38
v 237.76 0.05 309.10
f 7591 7592 7594
f 7591 7594 7593
f 7595 7596 7598
f 7595 7598 7597
o r275398021_residential
v -2.30 0.05 346.00
v -0.24 0.05 340.36
v -14.34 0.05 341.59
v -12.48 0.05 335.89
v -114.73 0.05 309.40
v -112.91 0.05 303.68
v -131.01 0.05 304.36
v -129.23 0.05 298.62
f 7605 7606 7608
f 7605 7608 7607
o r311608419_primary
v -508.29 0.05 345.29
v -517.81 0.05 342.23
v -523.00 0.05 391.01
v -532.64 0.05 388.37
v -524.13 0.05 402.89
v -534.07 0.05 401.89
o r311608420_residential
v -464.67 0.05 197.81
v -462.83 0.05 192.09
v -476.56 0.05 193.98
v -474.72 0.05 188.26
v -503.34 0.05 185.35
v -501.50 0.05 179.63
v -558.64 0.05 167.53
v -556.80 0.05 161.81
v -569.81 0.05 163.93
v -567.97 0.05 158.21
f 7619 7620 7622
f 7619 7622 7621
o r314612912_residential
v -52.97 0.05 -356.57
v -58.67 0.05 -358.43
v -56.68 0.05 -345.17
v -62.38 0.05 -347.03
v -63.28 0.05 -324.90
v -68.98 0.05 -326.76
v -70.04 0.05 -304.12
v -75.74 0.05 -305.98
v -83.41 0.05 -263.04
v -89.11 0.05 -264.90
v -87.21 0.05 -251.33
v -92.91 0.05 -253.19
f 7629 7630 7632
f 7629 7632 7631
f 7633 7634 7636
f 7633 7636 7635
o r315821983_secondary
v 478.52 0.05 264.78
v 476.08 0.05 272.40
v 489.45 0.05 268.28
v 486.99 0.05 275.90
v 505.34 0.05 273.44
v 502.88 0.05 281.06
v 571.14 0.05 294.76
v 568.68 0.05 302.38
v 575.65 0.05 296.22
v 573.19 0.05 303.84
f 7641 7642 7644
f 7641 7644 7643
o r315821985_secondary
v 473.49 0.05 267.36
v 481.11 0.05 269.82
v 476.62 0.05 257.71
v 484.22 0.05 260.19
v 490.10 0.05 216.34
v 497.70 0.05 218.82
v 494.73 0.05 202.13
v 502.33 0.05 204.61
v 503.37 0.05 175.55
v 510.97 0.05 178.03
v 506.58 0.05 165.66
v 514.18 0.05 168.12
f 7651 7652 7654
f 7651 7654 7653
f 7655 7656 7658
f 7655 7658 7657
o r315904408_secondary
v 509.13 0.05 170.69
v 511.63 0.05 163.09
v 497.65 0.05 166.90
v 500.15 0.05 159.30
v 416.43 0.05 140.11
v 418.93 0.05 132.51
v 416.02 0.05 139.97
v 418.54 0.05 132.37
v 405.73 0.05 136.57
v 408.23 0.05 128.97
f 7663 7664 7666
f 7663 7666 7665
o r315904413_secondary
v 506.58 0.05 165.65
v 514.18 0.05 168.13
v 510.04 0.05 155.02
v 517.64 0.05 157.50
v 523.95 0.05 112.31
v 531.55 0.05 114.79
v 524.49 0.05 110.65
v 532.09 0.05 113.13
f 7673 7674 7676
f 7673 7676 7675
o r321870323_primary
v -334.08 0.05 122.45
v -324.56 0.05 125.53
v -330.54 0.05 111.55
v -321.02 0.05 114.61
v -322.35 0.05 86.02
v -312.85 0.05 89.12
v -317.55 0.05 71.64
v -308.07 0.05 74.80
f 7681 7682 7684
f 7681 7684 7683
o r321870324_residential
v -534.54 0.05 55.67
v -536.44 0.05 61.37
v -523.95 0.05 59.20
v -525.89 0.05 64.88
v -442.18 0.05 87.05
v -444.12 0.05 92.73
o r327170764_service
v 147.37 0.05 391.42
v 143.59 0.05 390.10
v 145.50 0.05 396.80
v 141.72 0.05 395.46
v 144.04 0.05 400.85
v 140.24 0.05 399.59
v 130.28 0.05 442.25
v 126.48 0.05 440.99
f 7695 7696 7698
f 7695 7698 7697
o r327170767_service
v 127.24 0.05 441.31
v 123.48 0.05 439.93
v 124.10 0.05 449.75
v 120.50 0.05 448.01
v 121.30 0.05 452.31
v 119.94 0.05 448.55
v 117.72 0.05 452.24
v 118.86 0.05 448.40
v 89.17 0.05 443.17
v 90.39 0.05 439.35
v 80.12 0.05 440.29
v 81.34 0.05 436.47
f 7703 7704 7706
f 7703 7706 7705
f 7707 7708 7710
f 7707 7710 7709
o r327172652_residential
v -523.82 0.05 -339.36
v -518.10 0.05 -337.58
v -510.83 0.05 -381.16
v -505.11 0.05 -379.38
v -508.65 0.05 -388.17
v -502.93 0.05 -386.39
o r327172653_unclassified
v -508.16 0.05 -388.06
v -503.42 0.05 -386.50
v -505.06 0.05 -397.45
v -500.32 0.05 -395.89
v -491.23 0.05 -439.38
v -486.49 0.05 -437.80
v -477.19 0.05 -481.54
v -472.45 0.05 -479.96
v -473.84 0.05 -491.61
v -469.08 0.05 -490.07
v -471.28 0.05 -499.83
v -466.50 0.05 -498.33
v -457.38 0.05 -544.21
v -452.62 0.05 -542.69
v -443.73 0.05 -585.75
v -438.97 0.05 -584.19
v -440.62 0.05 -595.23
v -435.86 0.05 -593.67
v -438.13 0.05 -602.91
v -433.37 0.05 -601.37
v -409.90 0.05 -690.41
v -405.14 0.05 -688.87
v -407.62 0.05 -697.23
v -402.88 0.05 -695.67
v -404.91 0.05 -705.49
v -400.17 0.05 -703.93
v -386.78 0.05 -760.63
v -382.02 0.05 -759.09
v -369.57 0.05 -814.16
v -364.81 0.05 -812.62
v -368.02 0.05 -818.99
v -363.26 0.05 -817.45
v -364.33 0.05 -830.41
v -359.59 0.05 -828.83
v -361.08 0.05 -839.87
v -356.36 0.05 -838.25
v -349.91 0.05 -872.27
v -345.19 0.05 -870.65
v -343.20 0.05 -891.77
v -338.44 0.05 -890.25
v -327.18 0.05 -943.49
v -322.40 0.05 -942.01
v -324.38 0.05 -952.50
v -319.62 0.05 -950.98
v -320.84 0.05 -963.23
v -316.10 0.05 -961.67
v -307.27 0.05 -1004.40
v -302.51 0.05 -1002.90
v -294.35 0.05 -1047.21
v -289.57 0.05 -1045.77
v -291.02 0.05 -1058.28
v -286.24 0.05 -1056.80
v -287.94 0.05 -1067.85
v -283.18 0.05 -1066.33
v -274.44 0.05 -1109.91
v -269.68 0.05 -1108.39
v -269.88 0.05 -1124.19
v -265.12 0.05 -1122.67
v -261.38 0.05 -1150.78
v -256.62 0.05 -1149.26
v -259.19 0.05 -1157.67
v -254.43 0.05 -1156.13
v -255.18 0.05 -1169.92
v -250.42 0.05 -1168.36
f 7721 7722 7724
f 7721 7724 7723
f 7725 7726 7728
f 7725 7728 7727
f 7729 7730 7732
f 7729 7732 7731
f 7733 7734 7736
f 7733 7736 7735
f 7737 7738 7740
f 7737 7740 7739
f 7741 7742 7744
f 7741 7744 7743
f 7745 7746 7748
f 7745 7748 7747
f 7749 7750 7752
f 7749 7752 7751
f 7753 7754 7756
f 7753 7756 7755
f 7757 7758 7760
f 7757 7760 7759
f 7761 7762 7764
f 7761 7764 7763
f 7765 7766 7768
f 7765 7768 7767
f 7769 7770 7772
f 7769 7772 7771
f 7773 7774 7776
f 7773 7776 7775
f 7777 7778 7780
f 7777 7780 7779
o r328078178_residential
v 96.31 0.05 32.52
v 102.09 0.05 34.16
v 98.91 0.05 23.38
v 104.65 0.05 25.12
v 111.56 0.05 -17.57
v 117.30 0.05 -15.79
v 124.41 0.05 -58.98
v 130.13 0.05 -57.18
v 128.10 0.05 -69.97
v 133.78 0.05 -68.07
f 7785 7786 7788
f 7785 7788 7787
o r328078179_residential
v 508.57 0.05 -179.46
v 506.73 0.05 -173.74
v 517.72 0.05 -176.52
v 515.88 0.05 -170.80
v 602.22 0.05 -149.41
v 600.38 0.05 -143.69
v 612.25 0.05 -146.20
v 610.43 0.05 -140.48
f 7795 7796 7798
f 7795 7798 7797
o r328078187_residential
v 504.80 0.05 -177.53
v 510.50 0.05 -175.67
v 507.81 0.05 -186.79
v 513.51 0.05 -184.93
v 534.77 0.05 -269.65
v 540.47 0.05 -267.79
v 538.30 0.05 -280.50
v 544.00 0.05 -278.64
f 7803 7804 7806
f 7803 7806 7805
o r328078201_service
v -313.37 0.05 -269.58
v -312.15 0.05 -273.40
v -324.62 0.05 -273.17
v -323.40 0.05 -276.99
v -410.36 0.05 -300.53
v -409.14 0.05 -304.35
v -416.14 0.05 -302.37
v -414.92 0.05 -306.19
f 7811 7812 7814
f 7811 7814 7813
o r402455033_footway
v 484.08 0.05 283.38
v 485.54 0.05 283.76
v 484.92 0.05 280.14
v 486.38 0.05 280.52
o r402455035_footway
v 284.52 0.05 196.27
v 283.08 0.05 195.89
v 283.74 0.05 199.21
v 282.30 0.05 198.83
o r402455037_footway
v 368.75 0.05 222.60
v 368.33 0.05 224.04
v 376.95 0.05 225.00
v 376.53 0.05 226.44
v 386.79 0.05 227.88
v 386.37 0.05 229.32
o r402455038_footway
v 394.00 0.05 136.52
v 395.44 0.05 136.92
v 396.06 0.05 129.22
v 397.50 0.05 129.66
v 398.34 0.05 122.70
v 399.76 0.05 123.20
o r402455039_footway
v 436.78 0.05 358.33
v 436.42 0.05 359.79
v 438.90 0.05 358.86
v 438.48 0.05 360.30
v 440.29 0.05 359.34
v 439.81 0.05 360.76
o r402455041_footway
v 432.80 0.05 382.74
v 432.30 0.05 384.16
v 434.96 0.05 383.49
v 434.46 0.05 384.91
o r402455044_footway
v 162.10 0.05 157.94
v 160.68 0.05 157.44
v 159.03 0.05 166.50
v 157.61 0.05 166.00
v 155.38 0.05 176.68
v 153.96 0.05 176.18
o r402455047_footway
v 427.85 0.05 36.39
v 427.41 0.05 37.83
v 437.40 0.05 39.25
v 436.96 0.05 40.69
v 446.76 0.05 42.20
v 446.30 0.05 43.64
o r402455049_footway
v 254.81 0.05 -133.43
v 254.29 0.05 -132.03
v 265.50 0.05 -129.51
v 264.98 0.05 -128.11
v 274.71 0.05 -126.21
v 274.21 0.05 -124.79
o r402455054_footway
v 492.86 0.05 -169.18
v 494.32 0.05 -168.80
v 495.82 0.05 -180.41
v 497.24 0.05 -179.93
v 499.56 0.05 -189.46
v 500.94 0.05 -188.88
o r402455055_footway
v 493.83 0.05 -169.70
v 493.35 0.05 -168.28
v 504.25 0.05 -166.21
v 503.83 0.05 -164.77
v 513.39 0.05 -163.93
v 513.03 0.05 -162.47
o r402455060_footway
v 456.56 0.05 -412.98
v 457.98 0.05 -412.52
v 458.77 0.05 -419.75
v 460.17 0.05 -419.23
v 462.51 0.05 -429.21
v 463.91 0.05 -428.65
o r402455082_footway
v 222.64 0.05 -391.30
v 221.64 0.05 -390.18
v 223.93 0.05 -390.16
v 222.93 0.05 -389.04
o r402455083_footway
v 320.74 0.05 -341.73
v 322.16 0.05 -341.25
v 323.43 0.05 -349.59
v 324.85 0.05 -349.11
v 326.34 0.05 -358.06
v 327.76 0.05 -357.58
o r402455084_footway
v 82.12 0.05 -300.60
v 82.40 0.05 -302.08
v 75.84 0.05 -301.76
v 76.12 0.05 -303.24
o r402455085_footway
v 54.59 0.05 -216.83
v 53.09 0.05 -216.91
v 54.47 0.05 -214.39
v 52.97 0.05 -214.47
o r402455087_footway
v 286.40 0.05 -234.72
v 287.80 0.05 -234.16
v 287.20 0.05 -236.73
v 288.60 0.05 -236.17
o r402455088_footway
v 287.60 0.05 -235.00
v 286.60 0.05 -233.88
v 288.31 0.05 -234.36
v 287.31 0.05 -233.24
o r402455089_footway
v 156.95 0.05 -185.92
v 156.41 0.05 -184.52
v 158.05 0.05 -185.50
v 157.51 0.05 -184.10
v 159.17 0.05 -185.07
v 158.63 0.05 -183.67
o r402455090_footway
v 143.49 0.05 -78.04
v 144.11 0.05 -76.68
v 145.12 0.05 -78.78
v 145.74 0.05 -77.42
o r402455091_footway
v 143.64 0.05 -76.63
v 143.96 0.05 -78.09
v 133.94 0.05 -78.74
v 134.28 0.05 -80.20
v 124.28 0.05 -81.04
v 124.62 0.05 -82.50
o r402455092_footway
v -9.12 0.05 -124.87
v -10.58 0.05 -125.23
v -9.86 0.05 -121.83
v -11.32 0.05 -122.19
o r402455093_footway
v -9.59 0.05 -125.75
v -10.11 0.05 -124.35
v -3.47 0.05 -123.49
v -3.99 0.05 -122.09
o r402455094_footway
v -50.08 0.05 -2.03
v -48.62 0.05 -1.67
v -49.32 0.05 -5.12
v -47.86 0.05 -4.76
o r402455095_footway
v -37.80 0.05 -21.13
v -38.32 0.05 -19.71
v -26.50 0.05 -17.04
v -27.02 0.05 -15.62
v -17.44 0.05 -13.76
v -17.96 0.05 -12.34
o r402455096_footway
v 83.44 0.05 37.88
v 84.88 0.05 38.34
v 86.21 0.05 29.14
v 87.63 0.05 29.62
v 88.22 0.05 23.71
v 89.62 0.05 24.23
o r402455097_footway
v -82.97 0.05 100.97
v -81.61 0.05 101.61
v -81.64 0.05 98.18
v -80.28 0.05 98.82
o r402455098_footway
v -69.61 0.05 82.79
v -70.09 0.05 84.21
v -60.05 0.05 86.06
v -60.53 0.05 87.48
v -49.55 0.05 89.66
v -50.03 0.05 91.08
o r402455100_footway
v -105.17 0.05 185.10
v -106.05 0.05 186.30
v -103.09 0.05 186.63
v -103.97 0.05 187.83
o r402455101_footway
v 55.15 0.05 125.52
v 56.45 0.05 126.26
v 55.87 0.05 124.24
v 57.17 0.05 124.98
o r402455104_footway
v 11.15 0.05 340.16
v 9.73 0.05 339.66
v 10.63 0.05 341.66
v 9.21 0.05 341.16
v 8.91 0.05 346.62
v 7.49 0.05 346.14
v 7.08 0.05 352.07
v 5.66 0.05 351.59
v 6.68 0.05 353.25
v 5.26 0.05 352.77
f 7969 7970 7972
f 7969 7972 7971
o r402455105_footway
v -260.41 0.05 247.72
v -260.87 0.05 249.16
v -253.47 0.05 249.91
v -253.93 0.05 251.35
v -247.76 0.05 251.71
v -248.22 0.05 253.15
o r402455107_footway
v -305.19 0.05 367.70
v -303.77 0.05 368.16
v -303.42 0.05 362.21
v -302.00 0.05 362.67
v -302.08 0.05 358.01
v -300.66 0.05 358.47
o r402455108_footway
v -178.06 0.05 398.15
v -179.48 0.05 397.69
v -179.32 0.05 402.03
v -180.74 0.05 401.57
v -180.80 0.05 406.59
v -182.22 0.05 406.13
o r402455109_footway
v -40.24 0.05 436.45
v -40.72 0.05 437.87
v -32.77 0.05 438.94
v -33.25 0.05 440.36
v -26.89 0.05 440.90
v -27.37 0.05 442.32
o r415136348_footway
v -471.27 0.05 -161.66
v -471.73 0.05 -160.24
v -464.47 0.05 -159.43
v -464.93 0.05 -158.01
v -460.98 0.05 -158.30
v -461.44 0.05 -156.88
o r422088229_secondary
v 405.74 0.05 136.57
v 408.22 0.05 128.97
v 395.54 0.05 133.24
v 398.02 0.05 125.64
v 313.17 0.05 106.41
v 315.65 0.05 98.81
v 301.85 0.05 102.82
v 304.27 0.05 95.20
f 8009 8010 8012
f 8009 8012 8011
o r422088238_secondary
v 441.75 0.05 26.18
v 439.13 0.05 33.74
v 451.78 0.05 29.65
v 449.34 0.05 37.27
v 531.66 0.05 55.03
v 529.24 0.05 62.65
v 535.72 0.05 56.31
v 533.28 0.05 63.93
v 545.36 0.05 59.41
v 542.90 0.05 67.03
f 8017 8018 8020
f 8017 8020 8019
o r422088248_residential
v 404.12 0.05 131.85
v 409.84 0.05 133.69
v 407.60 0.05 121.07
v 413.30 0.05 122.93
v 421.03 0.05 79.90
v 426.73 0.05 81.76
v 434.33 0.05 39.04
v 440.03 0.05 40.90
v 437.59 0.05 29.03
v 443.29 0.05 30.89
f 8027 8028 8030
f 8027 8030 8029
o r436610717_secondary
v 524.49 0.05 110.65
v 532.09 0.05 113.13
v 536.88 0.05 72.60
v 544.48 0.05 75.08
v 540.33 0.05 61.98
v 547.93 0.05 64.46
o r436610720_secondary
v 426.76 0.05 410.97
v 434.36 0.05 413.49
v 433.33 0.05 391.21
v 440.93 0.05 393.73
v 435.66 0.05 384.20
v 443.28 0.05 386.66
v 436.42 0.05 381.65
v 444.06 0.05 384.01
v 437.72 0.05 377.53
v 445.32 0.05 380.01
v 440.34 0.05 369.60
v 447.94 0.05 372.12
v 441.20 0.05 367.05
v 448.78 0.05 369.57
f 8043 8044 8046
f 8043 8046 8045
f 8047 8048 8050
f 8047 8050 8049
o r436611272_secondary
v 468.09 0.05 -412.30
v 470.69 0.05 -419.86
v 458.23 0.05 -415.69
v 460.71 0.05 -423.29
v 413.63 0.05 -429.99
v 416.07 0.05 -437.61
o r436612058_secondary
v 314.91 0.05 -118.14
v 317.35 0.05 -125.76
v 286.28 0.05 -127.32
v 288.72 0.05 -134.94
v 276.47 0.05 -130.47
v 278.91 0.05 -138.09
v 266.85 0.05 -133.56
v 269.29 0.05 -141.18
f 8063 8064 8066
f 8063 8066 8065
o r436612059_secondary
v 81.31 0.05 -193.08
v 83.77 0.05 -200.70
v 64.63 0.05 -198.45
v 67.07 0.05 -206.07
v 49.53 0.05 -203.30
v 51.97 0.05 -210.92
v 35.57 0.05 -207.76
v 38.01 0.05 -215.38
f 8071 8072 8074
f 8071 8074 8073
o r436612060_secondary
v 575.91 0.05 -34.40
v 578.35 0.05 -42.02
v 565.58 0.05 -37.71
v 568.02 0.05 -45.33
v 523.29 0.05 -51.28
v 525.73 0.05 -58.90
v 482.29 0.05 -64.44
v 484.73 0.05 -72.06
v 472.21 0.05 -67.67
v 474.67 0.05 -75.29
v 461.99 0.05 -70.98
v 464.43 0.05 -78.60
v 428.14 0.05 -81.81
v 430.58 0.05 -89.43
v 401.37 0.05 -90.45
v 403.81 0.05 -98.07
v 383.52 0.05 -96.14
v 385.94 0.05 -103.76
v 378.93 0.05 -97.60
v 381.41 0.05 -105.20
v 365.50 0.05 -102.02
v 368.00 0.05 -109.62
f 8079 8080 8082
f 8079 8082 8081
f 8083 8084 8086
f 8083 8086 8085
f 8087 8088 8090
f 8087 8090 8089
f 8091 8092 8094
f 8091 8094 8093
o r436613327_secondary
v 331.88 0.05 217.73
v 329.44 0.05 225.35
v 365.30 0.05 228.47
v 362.84 0.05 236.07
v 374.27 0.05 231.48
v 371.73 0.05 239.06
o r436613328_secondary
v 430.84 0.05 249.48
v 428.44 0.05 257.12
v 468.36 0.05 261.25
v 465.92 0.05 268.87
v 478.61 0.05 264.81
v 475.99 0.05 272.37
o r436613537_secondary
v -395.98 0.05 -15.79
v -398.42 0.05 -8.17
v -385.82 0.05 -12.53
v -388.26 0.05 -4.91
v -349.82 0.05 -0.99
v -352.26 0.05 6.63
o r436615692_primary
v -458.96 0.05 196.37
v -468.54 0.05 193.53
v -460.61 0.05 201.97
v -470.15 0.05 198.95
v -462.37 0.05 207.16
v -471.87 0.05 204.00
v -472.19 0.05 236.83
v -481.69 0.05 233.71
v -474.03 0.05 242.72
v -483.53 0.05 239.58
v -490.61 0.05 292.52
v -500.11 0.05 289.38
v -493.34 0.05 301.23
v -502.88 0.05 298.25
f 8119 8120 8122
f 8119 8122 8121
f 8123 8124 8126
f 8123 8126 8125
o r436616716_secondary
v 452.12 0.05 333.08
v 459.72 0.05 335.56
v 469.41 0.05 279.91
v 477.01 0.05 282.39
v 473.50 0.05 267.35
v 481.10 0.05 269.83
o r436617513_secondary
v 220.59 0.05 21.50
v 212.99 0.05 19.02
v 208.77 0.05 57.73
v 201.17 0.05 55.25
v 205.63 0.05 67.47
v 198.01 0.05 65.01
o r436617515_secondary
v 153.64 0.05 227.25
v 146.04 0.05 224.75
v 150.72 0.05 236.13
v 143.12 0.05 233.63
v 141.29 0.05 264.77
v 133.69 0.05 262.29
v 138.41 0.05 274.04
v 130.77 0.05 271.66
f 8145 8146 8148
f 8145 8148 8147
o r436617517_secondary
v 172.05 0.05 170.64
v 164.43 0.05 168.24
v 168.52 0.05 181.87
v 160.90 0.05 179.41
v 163.87 0.05 196.03
v 156.27 0.05 193.53
v 155.24 0.05 222.34
v 147.64 0.05 219.84
v 153.64 0.05 227.24
v 146.04 0.05 224.76
f 8153 8154 8156
f 8153 8156 8155
o r436617518_secondary
v 205.63 0.05 67.45
v 198.01 0.05 65.03
v 201.76 0.05 79.61
v 194.16 0.05 77.13
v 188.67 0.05 119.58
v 181.07 0.05 117.10
o r436617519_secondary
v 285.99 0.05 -179.51
v 278.37 0.05 -181.97
v 275.64 0.05 -147.57
v 268.04 0.05 -150.05
v 271.87 0.05 -136.12
v 264.27 0.05 -138.62
o r436617520_secondary
v 87.16 0.05 431.57
v 79.56 0.05 429.09
v 84.53 0.05 439.61
v 76.93 0.05 437.15
v 73.38 0.05 474.05
v 65.78 0.05 471.57
v 70.67 0.05 482.27
v 63.07 0.05 479.75
f 8175 8176 8178
f 8175 8178 8177
o r436617521_secondary
v 352.83 0.05 -384.94
v 345.23 0.05 -387.42
v 342.41 0.05 -353.04
v 334.81 0.05 -355.52
v 339.59 0.05 -344.23
v 331.97 0.05 -346.67
o r436617522_secondary
v 373.08 0.05 -447.18
v 365.48 0.05 -449.66
v 369.22 0.05 -435.30
v 361.62 0.05 -437.78
v 356.11 0.05 -395.01
v 348.51 0.05 -397.49
o r436617523_secondary
v 339.58 0.05 -344.21
v 331.98 0.05 -346.69
v 335.80 0.05 -332.57
v 328.20 0.05 -335.05
v 332.39 0.05 -322.11
v 324.79 0.05 -324.59
v 322.10 0.05 -290.45
v 314.48 0.05 -292.91
v 309.64 0.05 -251.94
v 302.04 0.05 -254.42
v 305.79 0.05 -240.40
v 298.19 0.05 -242.90
v 301.95 0.05 -228.50
v 294.35 0.05 -230.98
v 288.87 0.05 -188.36
v 281.27 0.05 -190.84
v 285.98 0.05 -179.50
v 278.38 0.05 -181.98
f 8195 8196 8198
f 8195 8198 8197
f 8199 8200 8202
f 8199 8202 8201
f 8203 8204 8206
f 8203 8206 8205
o r436625345_primary
v -310.75 0.05 -261.51
v -320.25 0.05 -264.61
v -322.42 0.05 -225.73
v -331.92 0.05 -228.83
v -325.61 0.05 -215.82
v -335.13 0.05 -218.88
o r436742886_primary
v -385.98 0.05 -30.31
v -395.50 0.05 -33.39
v -389.16 0.05 -20.49
v -398.68 0.05 -23.59
v -392.45 0.05 -10.43
v -401.95 0.05 -13.53
o r516278447_footway
v -267.89 0.05 -17.21
v -267.39 0.05 -18.63
v -269.93 0.05 -17.92
v -269.45 0.05 -19.34
v -289.96 0.05 -24.78
v -289.48 0.05 -26.20
v -291.79 0.05 -25.42
v -291.29 0.05 -26.84
f 8225 8226 8228
f 8225 8228 8227
o r521992471_footway
v -490.60 0.05 8.54
v -489.40 0.05 9.44
v -486.87 0.05 3.62
v -485.73 0.05 4.60
v -483.74 0.05 0.60
v -482.84 0.05 1.80
v -480.09 0.05 -1.46
v -479.51 0.05 -0.08
v -477.82 0.05 -1.92
v -477.54 0.05 -0.44
v -473.46 0.05 -2.77
v -473.34 0.05 -1.27
v -465.78 0.05 -2.91
v -465.90 0.05 -1.41
v -457.95 0.05 -1.55
v -458.25 0.05 -0.07
v -456.80 0.05 -1.12
v -457.32 0.05 0.28
v -450.70 0.05 1.18
v -451.38 0.05 2.52
v -444.33 0.05 5.35
v -445.31 0.05 6.49
v -440.83 0.05 9.58
v -442.03 0.05 10.48
v -438.34 0.05 13.43
v -439.62 0.05 14.21
v -435.50 0.05 18.33
v -436.92 0.05 18.81
v -434.89 0.05 23.70
v -436.39 0.05 23.86
v -434.73 0.05 25.66
v -436.23 0.05 25.74
v -434.45 0.05 31.25
v -435.95 0.05 31.23
v -434.92 0.05 35.27
v -436.38 0.05 34.95
v -436.15 0.05 39.25
v -437.55 0.05 38.69
v -437.34 0.05 41.24
v -438.62 0.05 40.48
v -439.33 0.05 44.59
v -440.57 0.05 43.75
v -443.41 0.05 50.35
v -444.57 0.05 49.41
v -446.72 0.05 53.59
v -447.56 0.05 52.35
v -455.92 0.05 58.96
v -456.56 0.05 57.60
v -462.13 0.05 60.85
v -462.37 0.05 59.37
v -468.30 0.05 61.03
v -468.18 0.05 59.53
v -474.61 0.05 59.78
v -474.17 0.05 58.34
v -479.78 0.05 57.53
v -479.06 0.05 56.21
v -483.98 0.05 54.57
v -483.04 0.05 53.41
v -486.44 0.05 52.09
v -485.24 0.05 51.19
v -488.01 0.05 49.21
v -486.63 0.05 48.61
v -489.36 0.05 45.35
v -487.94 0.05 44.85
f 8233 8234 8236
f 8233 8236 8235
f 8237 8238 8240
f 8237 8240 8239
f 8241 8242 8244
f 8241 8244 8243
f 8245 8246 8248
f 8245 8248 8247
f 8249 8250 8252
f 8249 8252 8251
f 8253 8254 8256
f 8253 8256 8255
f 8257 8258 8260
f 8257 8260 8259
f 8261 8262 8264
f 8261 8264 8263
f 8265 8266 8268
f 8265 8268 8267
f 8269 8270 8272
f 8269 8272 8271
f 8273 8274 8276
f 8273 8276 8275
f 8277 8278 8280
f 8277 8280 8279
f 8281 8282 8284
f 8281 8284 8283
f 8285 8286 8288
f 8285 8288 8287
f 8289 8290 8292
f 8289 8292 8291
o r521992476_footway
v -409.99 0.05 -0.58
v -410.45 0.05 -2.00
v -421.06 0.05 3.00
v -421.58 0.05 1.60
v -429.12 0.05 6.56
v -429.56 0.05 5.12
v -434.61 0.05 7.09
v -434.69 0.05 5.59
v -440.60 0.05 7.22
v -440.54 0.05 5.72
v -444.92 0.05 6.66
v -444.72 0.05 5.18
f 8297 8298 8300
f 8297 8300 8299
f 8301 8302 8304
f 8301 8304 8303
o r521992478_footway
v -428.66 0.05 6.16
v -430.02 0.05 5.52
v -430.98 0.05 11.11
v -432.32 0.05 10.43
v -433.36 0.05 15.31
v -434.66 0.05 14.55
v -435.57 0.05 18.96
v -436.85 0.05 18.18
f 8309 8310 8312
f 8309 8312 8311
o r521992480_footway
v -438.35 0.05 79.39
v -437.29 0.05 78.33
v -442.63 0.05 75.15
v -441.41 0.05 74.27
v -445.89 0.05 68.87
v -444.51 0.05 68.31
v -447.52 0.05 63.20
v -446.04 0.05 63.02
v -447.89 0.05 53.00
v -446.39 0.05 52.94
f 8317 8318 8320
f 8317 8320 8319
o r532632625_residential
v -540.88 0.05 -287.00
v -535.18 0.05 -285.14
v -538.67 0.05 -293.81
v -532.97 0.05 -291.95
v -523.81 0.05 -339.40
v -518.11 0.05 -337.54
o r576636149_service
v -557.30 0.05 -226.39
v -558.80 0.05 -222.69
v -546.59 0.05 -222.06
v -548.11 0.05 -218.36
v -538.51 0.05 -218.72
v -540.03 0.05 -215.02
v -536.20 0.05 -217.77
v -537.74 0.05 -214.07
v -531.19 0.05 -215.67
v -532.39 0.05 -211.85
v -473.52 0.05 -198.07
v -474.68 0.05 -194.25
v -462.42 0.05 -194.65
v -463.60 0.05 -190.83
v -453.89 0.05 -192.01
v -455.07 0.05 -188.19
f 8333 8334 8336
f 8333 8336 8335
f 8337 8338 8340
f 8337 8340 8339
f 8341 8342 8344
f 8341 8344 8343
o r606513542_footway
v 596.37 0.05 -135.15
v 596.99 0.05 -136.51
v 582.22 0.05 -141.46
v 582.72 0.05 -142.88
v 516.88 0.05 -162.89
v 517.32 0.05 -164.33
v 514.89 0.05 -161.81
v 514.29 0.05 -163.19
f 8349 8350 8352
f 8349 8352 8351
o r606513543_footway
v 500.32 0.05 -118.05
v 498.90 0.05 -118.51
v 487.60 0.05 -79.08
v 486.18 0.05 -79.54
o r606513544_footway
v 486.95 0.05 -80.06
v 486.83 0.05 -78.56
v 488.44 0.05 -79.92
v 488.02 0.05 -78.48
v 496.05 0.05 -77.37
v 495.57 0.05 -75.95
v 500.17 0.05 -75.93
v 499.71 0.05 -74.51
v 518.70 0.05 -69.95
v 518.22 0.05 -68.53
v 524.93 0.05 -67.73
v 524.47 0.05 -66.31
v 544.07 0.05 -61.80
v 543.63 0.05 -60.36
v 552.20 0.05 -59.23
v 551.78 0.05 -57.79
v 569.36 0.05 -54.48
v 568.96 0.05 -53.04
v 570.68 0.05 -54.20
v 570.36 0.05 -52.74
f 8361 8362 8364
f 8361 8364 8363
f 8365 8366 8368
f 8365 8368 8367
f 8369 8370 8372
f 8369 8372 8371
f 8373 8374 8376
f 8373 8376 8375
o r609437649_footway
v 669.07 0.05 -363.48
v 668.41 0.05 -364.82
v 666.40 0.05 -362.32
v 666.64 0.05 -363.80
v 656.87 0.05 -365.27
v 657.31 0.05 -366.71
v 652.01 0.05 -366.78
v 652.41 0.05 -368.22
v 647.92 0.05 -367.80
v 648.30 0.05 -369.24
v 645.78 0.05 -368.45
v 646.22 0.05 -369.89
v 643.80 0.05 -369.07
v 644.24 0.05 -370.51
v 618.67 0.05 -376.63
v 619.11 0.05 -378.07
v 614.25 0.05 -378.22
v 614.71 0.05 -379.64
v 583.49 0.05 -388.15
v 583.95 0.05 -389.57
v 578.58 0.05 -389.64
v 579.02 0.05 -391.08
v 568.30 0.05 -392.83
v 568.76 0.05 -394.25
v 557.61 0.05 -396.29
v 558.07 0.05 -397.71
v 544.90 0.05 -400.40
v 545.36 0.05 -401.82
v 520.00 0.05 -408.44
v 520.46 0.05 -409.86
v 517.01 0.05 -409.51
v 517.53 0.05 -410.93
v 514.36 0.05 -410.48
v 514.84 0.05 -411.90
v 505.55 0.05 -413.33
v 506.03 0.05 -414.75
v 499.29 0.05 -415.54
v 499.75 0.05 -416.98
v 481.05 0.05 -421.05
v 481.49 0.05 -422.49
f 8381 8382 8384
f 8381 8384 8383
f 8385 8386 8388
f 8385 8388 8387
f 8389 8390 8392
f 8389 8392 8391
f 8393 8394 8396
f 8393 8396 8395
f 8397 8398 8400
f 8397 8400 8399
f 8401 8402 8404
f 8401 8404 8403
f 8405 8406 8408
f 8405 8408 8407
f 8409 8410 8412
f 8409 8412 8411
f 8413 8414 8416
f 8413 8416 8415
o r609437650_footway
v 480.54 0.05 -421.58
v 482.00 0.05 -421.96
v 479.87 0.05 -424.60
v 481.31 0.05 -424.18
v 493.94 0.05 -467.79
v 495.36 0.05 -467.33
v 495.19 0.05 -471.37
v 496.61 0.05 -470.89
v 507.21 0.05 -507.08
v 508.63 0.05 -506.58
v 514.48 0.05 -526.83
v 515.94 0.05 -526.47
v 512.77 0.05 -526.69
v 513.25 0.05 -528.11
f 8421 8422 8424
f 8421 8424 8423
f 8425 8426 8428
f 8425 8428 8427
o r609453858_footway
v 499.78 0.05 -531.78
v 498.38 0.05 -532.30
v 482.17 0.05 -483.54
v 480.75 0.05 -484.06
v 479.40 0.05 -475.59
v 477.98 0.05 -476.07
v 463.92 0.05 -428.69
v 462.50 0.05 -429.17
f 8435 8436 8438
f 8435 8438 8437
o r609453859_footway
v 463.00 0.05 -428.21
v 463.42 0.05 -429.65
v 416.59 0.05 -441.95
v 417.03 0.05 -443.39
v 413.75 0.05 -442.99
v 414.23 0.05 -444.41
v 394.06 0.05 -449.51
v 394.54 0.05 -450.93
v 388.95 0.05 -451.51
v 389.49 0.05 -452.91
v 385.59 0.05 -452.82
v 386.15 0.05 -454.22
v 381.03 0.05 -454.64
v 381.73 0.05 -455.96
v 380.04 0.05 -455.87
v 381.24 0.05 -456.75
f 8443 8444 8446
f 8443 8446 8445
f 8447 8448 8450
f 8447 8450 8449
f 8451 8452 8454
f 8451 8454 8453
o r609480441_footway
v 450.29 0.05 -319.54
v 449.83 0.05 -318.12
v 534.57 0.05 -292.31
v 534.11 0.05 -290.89
v 537.87 0.05 -291.71
v 537.47 0.05 -290.27
v 545.91 0.05 -289.14
v 545.39 0.05 -287.74
v 547.41 0.05 -288.18
v 546.95 0.05 -286.76
v 594.80 0.05 -273.09
v 594.34 0.05 -271.67
v 634.34 0.05 -260.22
v 633.90 0.05 -258.78
v 634.52 0.05 -260.49
v 635.38 0.05 -259.25
v 636.52 0.05 -262.06
v 637.44 0.05 -260.88
f 8459 8460 8462
f 8459 8462 8461
f 8463 8464 8466
f 8463 8466 8465
f 8467 8468 8470
f 8467 8470 8469
o r609480442_footway
v 482.00 0.05 -421.61
v 480.54 0.05 -421.93
v 480.15 0.05 -412.93
v 478.69 0.05 -413.25
v 478.04 0.05 -403.31
v 476.58 0.05 -403.63
o r609480443_footway
v 463.48 0.05 -429.63
v 462.94 0.05 -428.23
v 472.22 0.05 -426.26
v 471.66 0.05 -424.86
v 481.55 0.05 -422.46
v 480.99 0.05 -421.08
o r609480444_footway
v 477.14 0.05 -402.74
v 477.48 0.05 -404.20
v 466.46 0.05 -405.24
v 466.86 0.05 -406.68
v 457.67 0.05 -408.20
v 458.15 0.05 -409.62
o r609480445_footway
v 458.01 0.05 -412.64
v 456.53 0.05 -412.86
v 457.43 0.05 -408.67
v 455.95 0.05 -408.89
o r609480446_footway
v 456.61 0.05 -409.53
v 456.77 0.05 -408.03
v 457.83 0.05 -409.66
v 457.99 0.05 -408.16
o r609480447_footway
v 464.16 0.05 -365.24
v 465.58 0.05 -364.76
v 476.55 0.05 -402.61
v 477.97 0.05 -402.13
o r609480448_footway
v 477.51 0.05 -403.08
v 477.01 0.05 -401.66
v 490.12 0.05 -398.70
v 489.62 0.05 -397.28
v 538.37 0.05 -381.97
v 537.91 0.05 -380.55
v 601.64 0.05 -362.42
v 601.18 0.05 -361.00
v 662.87 0.05 -342.50
v 662.41 0.05 -341.08
f 8507 8508 8510
f 8507 8510 8509
o r615325680_footway
v 432.94 0.05 429.61
v 431.52 0.05 429.15
v 421.11 0.05 466.47
v 419.69 0.05 466.01
o r615327441_footway
v 540.31 0.05 393.86
v 540.75 0.05 392.42
v 480.84 0.05 375.87
v 481.28 0.05 374.43
v 457.04 0.05 368.02
v 457.52 0.05 366.60
v 456.45 0.05 367.79
v 457.01 0.05 366.39
f 8521 8522 8524
f 8521 8524 8523
o r615327442_footway
v 455.46 0.05 368.87
v 456.90 0.05 369.27
v 456.01 0.05 366.87
v 457.45 0.05 367.31
v 456.56 0.05 365.17
v 458.00 0.05 365.63
v 462.82 0.05 345.27
v 464.24 0.05 345.73
v 480.59 0.05 290.70
v 482.01 0.05 291.18
v 484.13 0.05 283.25
v 485.49 0.05 283.89
f 8529 8530 8532
f 8529 8532 8531
f 8533 8534 8536
f 8533 8536 8535
o r615332781_footway
v 435.88 0.05 358.84
v 437.32 0.05 359.28
v 448.35 0.05 319.08
v 449.77 0.05 319.54
v 462.43 0.05 278.03
v 463.85 0.05 278.51
o r615332782_footway
v 463.86 0.05 275.92
v 464.30 0.05 274.48
v 461.89 0.05 275.31
v 462.33 0.05 273.87
o r615332783_footway
v 379.96 0.05 248.68
v 378.52 0.05 248.22
v 379.49 0.05 250.14
v 378.07 0.05 249.68
v 353.59 0.05 330.07
v 352.17 0.05 329.61
v 352.33 0.05 331.37
v 351.83 0.05 332.79
v 436.83 0.05 358.35
v 436.37 0.05 359.77
f 8551 8552 8554
f 8551 8554 8553
o r615332784_footway
v 331.28 0.05 324.72
v 332.72 0.05 325.14
v 331.81 0.05 322.93
v 333.25 0.05 323.37
v 342.30 0.05 289.36
v 343.72 0.05 289.82
v 347.15 0.05 274.57
v 348.57 0.05 275.03
v 347.64 0.05 273.07
v 349.00 0.05 273.69
v 348.46 0.05 271.74
v 349.60 0.05 272.72
v 349.64 0.05 270.73
v 350.64 0.05 271.83
v 350.21 0.05 270.26
v 351.61 0.05 270.78
v 354.78 0.05 256.82
v 356.20 0.05 257.30
v 358.98 0.05 244.03
v 360.40 0.05 244.49
f 8561 8562 8564
f 8561 8564 8563
f 8565 8566 8568
f 8565 8568 8567
f 8569 8570 8572
f 8569 8572 8571
f 8573 8574 8576
f 8573 8576 8575
o r615332785_footway
v 359.97 0.05 243.57
v 359.41 0.05 244.95
v 361.47 0.05 244.18
v 360.91 0.05 245.56
o r615332786_footway
v 359.45 0.05 244.97
v 359.93 0.05 243.55
v 309.17 0.05 228.06
v 309.65 0.05 226.64
v 291.77 0.05 222.52
v 292.25 0.05 221.10
v 277.43 0.05 217.51
v 277.93 0.05 216.09
f 8585 8586 8588
f 8585 8588 8587
o r615332788_footway
v 251.58 0.05 298.27
v 251.20 0.05 296.81
v 246.27 0.05 299.67
v 245.89 0.05 298.21
o r615332789_footway
v 252.11 0.05 297.74
v 250.67 0.05 297.34
v 251.19 0.05 298.48
v 250.67 0.05 299.88
v 288.72 0.05 310.70
v 288.26 0.05 312.12
v 294.96 0.05 312.64
v 294.52 0.05 314.08
v 314.27 0.05 318.63
v 313.83 0.05 320.07
v 332.22 0.05 324.21
v 331.78 0.05 325.65
f 8597 8598 8600
f 8597 8600 8599
f 8601 8602 8604
f 8601 8604 8603
o r615335000_footway
v 572.66 0.05 288.40
v 572.08 0.05 287.02
v 571.74 0.05 288.77
v 571.50 0.05 287.29
v 570.16 0.05 288.74
v 570.62 0.05 287.32
v 493.21 0.05 263.84
v 493.67 0.05 262.42
v 492.05 0.05 263.23
v 492.91 0.05 262.01
v 491.52 0.05 262.64
v 492.74 0.05 261.76
v 491.24 0.05 262.18
v 492.52 0.05 261.40
f 8609 8610 8612
f 8609 8612 8611
f 8613 8614 8616
f 8613 8616 8615
o r615335001_footway
v 491.19 0.05 262.09
v 492.57 0.05 261.49
v 490.80 0.05 261.13
v 492.28 0.05 260.91
v 490.90 0.05 259.77
v 492.32 0.05 260.23
v 499.33 0.05 234.25
v 500.75 0.05 234.71
v 499.96 0.05 232.05
v 501.40 0.05 232.47
v 503.55 0.05 219.69
v 504.99 0.05 220.11
v 506.13 0.05 210.88
v 507.57 0.05 211.30
v 507.28 0.05 206.88
v 508.72 0.05 207.30
v 508.51 0.05 202.59
v 509.93 0.05 203.07
v 516.43 0.05 180.04
v 517.85 0.05 180.54
f 8623 8624 8626
f 8623 8626 8625
f 8627 8628 8630
f 8627 8630 8629
f 8631 8632 8634
f 8631 8634 8633
f 8635 8636 8638
f 8635 8638 8637
o r615335005_footway
v 517.34 0.05 179.57
v 516.94 0.05 181.01
v 519.70 0.05 180.22
v 519.22 0.05 181.64
v 570.87 0.05 197.25
v 570.39 0.05 198.67
v 578.67 0.05 199.83
v 578.19 0.05 201.25
v 582.11 0.05 200.96
v 581.63 0.05 202.38
v 595.55 0.05 205.40
v 595.07 0.05 206.82
v 599.56 0.05 206.73
v 599.08 0.05 208.15
f 8643 8644 8646
f 8643 8646 8645
f 8647 8648 8650
f 8647 8650 8649
o r615337503_footway
v 551.13 0.05 77.44
v 549.71 0.05 76.98
v 538.83 0.05 116.01
v 537.41 0.05 115.55
v 538.55 0.05 116.94
v 537.11 0.05 116.50
v 537.28 0.05 121.15
v 535.86 0.05 120.67
v 524.49 0.05 159.46
v 523.07 0.05 158.98
f 8657 8658 8660
f 8657 8660 8659
o r615337505_footway
v 523.55 0.05 159.93
v 524.01 0.05 158.51
v 520.34 0.05 158.90
v 520.80 0.05 157.48
o r615337506_footway
v 524.52 0.05 159.37
v 523.04 0.05 159.07
v 523.93 0.05 162.31
v 522.45 0.05 162.01
o r615337507_footway
v 524.02 0.05 158.51
v 523.54 0.05 159.93
v 561.15 0.05 170.93
v 560.69 0.05 172.35
v 567.28 0.05 172.76
v 566.82 0.05 174.18
v 606.09 0.05 185.40
v 605.63 0.05 186.82
f 8675 8676 8678
f 8675 8678 8677
o r615350004_footway
v 385.62 0.05 229.11
v 387.04 0.05 229.59
v 385.87 0.05 228.36
v 387.29 0.05 228.84
o r615350006_footway
v 413.77 0.05 145.43
v 413.39 0.05 146.89
v 414.38 0.05 145.59
v 414.00 0.05 147.05
o r615350007_footway
v 498.61 0.05 174.56
v 499.19 0.05 173.18
v 495.49 0.05 173.03
v 496.85 0.05 172.41
v 496.33 0.05 169.55
v 497.77 0.05 169.97
o r615350009_footway
v 499.61 0.05 174.11
v 498.19 0.05 173.63
v 491.56 0.05 198.29
v 490.10 0.05 197.93
v 493.50 0.05 198.75
v 492.02 0.05 198.45
v 489.00 0.05 211.09
v 487.62 0.05 210.49
v 486.22 0.05 215.41
v 484.96 0.05 214.59
v 484.87 0.05 217.50
v 483.53 0.05 216.82
v 481.29 0.05 225.23
v 479.95 0.05 224.57
v 479.81 0.05 227.85
v 478.43 0.05 227.25
v 477.88 0.05 233.12
v 476.46 0.05 232.62
v 472.10 0.05 249.38
v 470.64 0.05 249.02
v 472.08 0.05 256.33
v 470.58 0.05 256.33
f 8697 8698 8700
f 8697 8700 8699
f 8701 8702 8704
f 8701 8704 8703
f 8705 8706 8708
f 8705 8708 8707
f 8709 8710 8712
f 8709 8712 8711
o r615354493_footway
v 501.49 0.05 151.72
v 502.03 0.05 153.12
v 503.71 0.05 151.04
v 504.97 0.05 151.84
v 506.31 0.05 143.87
v 507.73 0.05 144.39
v 510.11 0.05 133.32
v 511.53 0.05 133.84
v 517.01 0.05 114.31
v 518.43 0.05 114.81
v 518.10 0.05 110.53
v 519.54 0.05 110.95
v 518.46 0.05 109.30
v 519.88 0.05 109.76
v 519.19 0.05 107.10
v 520.63 0.05 107.54
v 530.29 0.05 70.28
v 531.73 0.05 70.72
f 8719 8720 8722
f 8719 8722 8721
f 8723 8724 8726
f 8723 8726 8725
f 8727 8728 8730
f 8727 8730 8729
o r615354494_footway
v 530.78 0.05 71.21
v 531.24 0.05 69.79
v 446.30 0.05 43.63
v 446.76 0.05 42.21
o r615354495_footway
v 447.24 0.05 43.15
v 445.82 0.05 42.69
v 446.96 0.05 44.03
v 445.54 0.05 43.57
o r615354496_footway
v 421.61 0.05 125.00
v 421.13 0.05 126.42
v 477.98 0.05 143.69
v 477.50 0.05 145.11
v 482.20 0.05 145.10
v 481.72 0.05 146.52
v 502.00 0.05 151.71
v 501.52 0.05 153.13
f 8745 8746 8748
f 8745 8748 8747
o r615358743_footway
v -153.10 0.05 420.45
v -154.54 0.05 420.01
v -158.38 0.05 437.87
v -159.78 0.05 437.31
v -160.34 0.05 438.71
v -161.76 0.05 438.23
v -179.61 0.05 499.46
v -181.03 0.05 499.00
v -180.15 0.05 501.10
v -181.65 0.05 500.94
v -179.96 0.05 501.47
v -181.22 0.05 502.27
v -179.48 0.05 501.97
v -180.36 0.05 503.17
v -178.80 0.05 502.30
v -179.28 0.05 503.72
v -168.32 0.05 505.64
v -168.78 0.05 507.06
f 8753 8754 8756
f 8753 8756 8755
f 8757 8758 8760
f 8757 8760 8759
f 8761 8762 8764
f 8761 8764 8763
o r615359889_footway
v -146.54 0.05 405.09
v -145.32 0.05 404.23
v -148.04 0.05 402.48
v -146.60 0.05 402.90
v -130.36 0.05 347.86
v -128.96 0.05 348.38
v -127.57 0.05 346.20
v -126.17 0.05 346.76
v -117.85 0.05 316.16
v -116.43 0.05 316.62
f 8771 8772 8774
f 8771 8774 8773
o r615359892_footway
v -17.37 0.05 348.67
v -15.93 0.05 349.11
v -16.56 0.05 346.07
v -15.12 0.05 346.51
o r615359894_footway
v -15.97 0.05 348.57
v -17.33 0.05 349.21
v -14.66 0.05 351.73
v -16.12 0.05 351.35
v -24.32 0.05 381.48
v -25.74 0.05 381.02
v -41.62 0.05 434.79
v -43.04 0.05 434.31
v -43.17 0.05 436.60
v -44.29 0.05 435.60
f 8785 8786 8788
f 8785 8788 8787
o r615359896_footway
v -77.02 0.05 428.51
v -76.56 0.05 427.07
v -120.76 0.05 414.66
v -120.30 0.05 413.22
o r615362644_footway
v -308.91 0.05 461.92
v -308.43 0.05 460.50
v -310.64 0.05 461.32
v -309.82 0.05 460.06
v -312.15 0.05 459.72
v -310.79 0.05 459.08
v -312.34 0.05 457.49
v -310.90 0.05 457.93
v -297.94 0.05 413.74
v -296.52 0.05 414.20
f 8799 8800 8802
f 8799 8802 8801
o r615362645_footway
v -206.68 0.05 402.04
v -207.14 0.05 403.46
v -182.60 0.05 409.87
v -183.10 0.05 411.29
v -179.75 0.05 411.43
v -180.47 0.05 412.75
o r615362646_footway
v -179.40 0.05 412.32
v -180.82 0.05 411.86
v -205.47 0.05 491.83
v -206.89 0.05 491.37
o r615367183_footway
v -331.45 0.05 452.79
v -330.03 0.05 453.25
v -316.03 0.05 405.87
v -314.61 0.05 406.33
o r615367184_footway
v -304.87 0.05 372.33
v -303.43 0.05 371.95
v -305.00 0.05 371.65
v -303.80 0.05 370.75
v -305.59 0.05 371.25
v -305.13 0.05 369.83
v -387.01 0.05 344.75
v -386.55 0.05 343.33
f 8823 8824 8826
f 8823 8826 8825
o r615367185_footway
v -396.17 0.05 371.98
v -397.59 0.05 371.52
v -413.80 0.05 426.43
v -415.24 0.05 425.99
v -413.06 0.05 426.66
v -414.14 0.05 427.70
o r615367186_footway
v -413.36 0.05 426.47
v -413.84 0.05 427.89
v -385.53 0.05 435.89
v -385.89 0.05 437.35
v -380.29 0.05 434.50
v -380.57 0.05 435.98
v -363.85 0.05 440.05
v -364.49 0.05 441.41
v -360.44 0.05 443.96
v -361.00 0.05 445.34
v -332.77 0.05 452.76
v -333.17 0.05 454.20
v -330.89 0.05 452.29
v -330.59 0.05 453.75
f 8837 8838 8840
f 8837 8840 8839
f 8841 8842 8844
f 8841 8844 8843
o r615367187_footway
v -175.75 0.05 394.08
v -174.33 0.05 394.56
v -157.66 0.05 339.39
v -156.22 0.05 339.79
v -159.52 0.05 336.26
v -158.02 0.05 336.38
v -156.65 0.05 327.39
v -155.31 0.05 328.05
v -154.86 0.05 326.73
v -153.48 0.05 327.29
v -148.69 0.05 307.84
v -147.27 0.05 308.30
f 8851 8852 8854
f 8851 8854 8853
f 8855 8856 8858
f 8855 8858 8857
o r615367188_footway
v -145.34 0.05 309.76
v -144.86 0.05 308.34
v -148.39 0.05 308.70
v -147.57 0.05 307.44
v -149.57 0.05 306.99
v -149.07 0.05 305.57
v -191.87 0.05 293.41
v -191.41 0.05 291.99
v -250.04 0.05 274.74
v -249.58 0.05 273.32
f 8863 8864 8866
f 8863 8866 8865
o r615367189_footway
v -249.44 0.05 274.68
v -250.18 0.05 273.38
v -251.55 0.05 275.68
v -252.93 0.05 275.12
v -258.55 0.05 297.48
v -259.97 0.05 297.02
v -278.95 0.05 360.86
v -280.37 0.05 360.40
f 8873 8874 8876
f 8873 8876 8875
o r615367190_footway
v -223.95 0.05 378.39
v -224.41 0.05 379.81
v -177.32 0.05 393.57
v -177.76 0.05 395.01
v -175.03 0.05 393.57
v -175.05 0.05 395.07
o r615368204_footway
v -382.02 0.05 326.74
v -383.18 0.05 327.70
v -379.89 0.05 329.48
v -380.47 0.05 330.86
v -360.21 0.05 335.79
v -360.55 0.05 337.25
v -357.27 0.05 334.65
v -357.69 0.05 336.09
v -299.63 0.05 353.54
v -300.09 0.05 354.96
v -298.30 0.05 353.97
v -298.76 0.05 355.39
f 8887 8888 8890
f 8887 8890 8889
f 8891 8892 8894
f 8891 8894 8893
o r615368205_footway
v -299.24 0.05 354.45
v -297.82 0.05 354.91
v -271.39 0.05 268.70
v -269.97 0.05 269.16
o r615368206_footway
v -271.30 0.05 269.35
v -270.06 0.05 268.51
v -272.22 0.05 267.69
v -271.74 0.05 266.27
v -353.50 0.05 241.52
v -353.04 0.05 240.10
o r615368207_footway
v -352.71 0.05 241.31
v -353.83 0.05 240.31
v -353.90 0.05 242.55
v -355.32 0.05 242.05
v -363.35 0.05 271.22
v -364.79 0.05 270.82
v -362.57 0.05 273.31
v -364.01 0.05 273.75
f 8909 8910 8912
f 8909 8912 8911
o r615368883_footway
v 162.51 0.05 502.52
v 163.93 0.05 503.00
v 176.18 0.05 461.89
v 177.60 0.05 462.37
v 177.42 0.05 457.90
v 178.86 0.05 458.36
v 178.57 0.05 454.33
v 179.99 0.05 454.81
v 191.48 0.05 416.57
v 192.90 0.05 417.05
v 191.61 0.05 416.22
v 193.01 0.05 416.74
f 8917 8918 8920
f 8917 8920 8919
f 8921 8922 8924
f 8921 8924 8923
o r615368885_footway
v 192.08 0.05 417.19
v 192.54 0.05 415.77
v 189.23 0.05 416.27
v 189.69 0.05 414.85
v 141.91 0.05 400.93
v 142.37 0.05 399.51
v 107.36 0.05 390.11
v 107.80 0.05 388.67
f 8929 8930 8932
f 8929 8932 8931
o r615368887_footway
v 108.29 0.05 389.63
v 106.87 0.05 389.15
v 95.12 0.05 428.06
v 93.70 0.05 427.58
v 94.37 0.05 430.38
v 92.95 0.05 429.90
v 92.68 0.05 435.21
v 91.26 0.05 434.71
v 90.51 0.05 441.42
v 89.05 0.05 441.10
v 90.29 0.05 446.13
v 88.85 0.05 445.73
v 80.67 0.05 476.36
v 79.25 0.05 475.90
f 8937 8938 8940
f 8937 8940 8939
f 8941 8942 8944
f 8941 8944 8943
o r615369677_footway
v 198.23 0.05 396.20
v 197.95 0.05 394.72
v 195.39 0.05 396.66
v 195.83 0.05 395.22
v 116.73 0.05 370.94
v 117.21 0.05 369.52
v 113.85 0.05 368.79
v 113.27 0.05 367.41
v 114.00 0.05 371.82
v 112.50 0.05 371.70
f 8951 8952 8954
f 8951 8954 8953
o r615369686_footway
v 209.93 0.05 358.90
v 208.49 0.05 358.46
v 198.81 0.05 395.68
v 197.37 0.05 395.24
o r615374329_footway
v 283.08 0.05 195.86
v 284.52 0.05 196.30
v 294.81 0.05 157.12
v 296.25 0.05 157.56
v 295.58 0.05 155.16
v 296.98 0.05 155.72
v 297.08 0.05 151.41
v 298.50 0.05 151.89
v 309.73 0.05 113.08
v 311.15 0.05 113.54
f 8965 8966 8968
f 8965 8968 8967
o r615374330_footway
v 311.00 0.05 111.70
v 310.50 0.05 113.12
v 312.13 0.05 112.10
v 311.63 0.05 113.52
o r615374331_footway
v 395.44 0.05 136.92
v 394.00 0.05 136.52
v 394.47 0.05 140.39
v 393.03 0.05 139.99
o r615374332_footway
v 366.65 0.05 223.11
v 366.55 0.05 221.61
v 365.73 0.05 223.12
v 366.17 0.05 221.68
v 287.74 0.05 198.59
v 288.20 0.05 197.17
v 283.50 0.05 196.77
v 284.10 0.05 195.39
f 8983 8984 8986
f 8983 8986 8985
o r615374333_footway
v 427.86 0.05 37.82
v 427.40 0.05 36.40
v 426.38 0.05 38.27
v 425.56 0.05 37.01
v 426.70 0.05 38.38
v 425.24 0.05 38.04
v 426.02 0.05 40.68
v 424.58 0.05 40.24
v 415.19 0.05 76.17
v 413.75 0.05 75.73
v 414.79 0.05 77.90
v 413.33 0.05 77.56
v 414.02 0.05 81.15
v 412.60 0.05 80.69
v 401.02 0.05 120.14
v 399.60 0.05 119.66
v 400.90 0.05 120.48
v 399.52 0.05 119.90
v 399.74 0.05 123.24
v 398.36 0.05 122.66
f 8991 8992 8994
f 8991 8994 8993
f 8995 8996 8998
f 8995 8998 8997
f 8999 9000 9002
f 8999 9002 9001
f 9003 9004 9006
f 9003 9006 9005
o r615374334_footway
v 403.74 0.05 120.64
v 403.62 0.05 119.14
v 400.25 0.05 120.94
v 400.17 0.05 119.44
v 399.71 0.05 120.81
v 400.19 0.05 119.39
v 317.75 0.05 93.56
v 318.23 0.05 92.14
v 317.58 0.05 93.50
v 318.06 0.05 92.08
v 314.30 0.05 92.37
v 314.78 0.05 90.95
f 9011 9012 9014
f 9011 9014 9013
f 9015 9016 9018
f 9015 9018 9017
o r615374335_footway
v 315.93 0.05 96.25
v 317.35 0.05 96.71
v 317.11 0.05 92.56
v 318.53 0.05 93.02
v 321.82 0.05 77.90
v 323.24 0.05 78.36
v 322.77 0.05 74.92
v 324.23 0.05 75.24
v 322.76 0.05 74.08
v 324.18 0.05 73.58
v 322.43 0.05 73.87
v 323.27 0.05 72.63
v 321.95 0.05 73.70
v 322.75 0.05 72.42
v 320.97 0.05 72.84
v 322.29 0.05 72.14
v 320.85 0.05 71.39
v 322.29 0.05 71.81
v 326.37 0.05 53.88
v 327.77 0.05 54.42
v 328.85 0.05 50.58
v 330.05 0.05 51.48
v 330.59 0.05 48.30
v 331.99 0.05 48.86
v 336.71 0.05 30.58
v 338.13 0.05 31.06
v 338.49 0.05 25.31
v 339.91 0.05 25.79
v 339.87 0.05 21.18
v 341.29 0.05 21.68
v 341.16 0.05 17.85
v 342.58 0.05 18.37
v 343.32 0.05 11.65
v 344.74 0.05 12.13
v 343.77 0.05 10.20
v 345.21 0.05 10.64
f 9023 9024 9026
f 9023 9026 9025
f 9027 9028 9030
f 9027 9030 9029
f 9031 9032 9034
f 9031 9034 9033
f 9035 9036 9038
f 9035 9038 9037
f 9039 9040 9042
f 9039 9042 9041
f 9043 9044 9046
f 9043 9046 9045
f 9047 9048 9050
f 9047 9050 9049
f 9051 9052 9054
f 9051 9054 9053
o r615374336_footway
v 343.01 0.05 9.54
v 342.89 0.05 11.04
v 344.70 0.05 9.70
v 344.28 0.05 11.14
v 359.01 0.05 14.25
v 358.55 0.05 15.67
v 362.07 0.05 15.24
v 361.61 0.05 16.66
v 396.50 0.05 26.28
v 396.04 0.05 27.70
v 403.52 0.05 28.68
v 403.04 0.05 30.10
v 418.15 0.05 33.68
v 417.67 0.05 35.10
v 423.23 0.05 35.41
v 422.73 0.05 36.83
v 425.40 0.05 36.20
v 424.86 0.05 37.60
v 426.15 0.05 36.59
v 425.15 0.05 37.71
v 426.60 0.05 37.23
v 425.34 0.05 38.05
f 9059 9060 9062
f 9059 9062 9061
f 9063 9064 9066
f 9063 9066 9065
f 9067 9068 9070
f 9067 9070 9069
f 9071 9072 9074
f 9071 9074 9073
o r615374859_footway
v 350.47 0.05 -7.66
v 351.47 0.05 -8.78
v 349.56 0.05 -9.04
v 351.00 0.05 -8.62
v 362.07 0.05 -49.20
v 363.51 0.05 -48.74
v 362.85 0.05 -51.02
v 364.23 0.05 -50.44
v 364.51 0.05 -54.91
v 365.89 0.05 -54.33
v 364.57 0.05 -55.05
v 365.97 0.05 -54.53
v 366.11 0.05 -59.33
v 367.53 0.05 -58.83
v 367.34 0.05 -62.91
v 368.76 0.05 -62.43
v 377.49 0.05 -92.64
v 378.91 0.05 -92.16
f 9081 9082 9084
f 9081 9084 9083
f 9085 9086 9088
f 9085 9088 9087
f 9089 9090 9092
f 9089 9092 9091
o r615374860_footway
v 378.45 0.05 -93.11
v 377.95 0.05 -91.69
v 385.00 0.05 -90.77
v 384.50 0.05 -89.35
o r615374861_footway
v 461.44 0.05 -65.80
v 460.02 0.05 -66.28
v 449.06 0.05 -29.00
v 447.62 0.05 -29.44
v 448.88 0.05 -24.15
v 447.38 0.05 -24.25
v 448.41 0.05 -19.16
v 446.97 0.05 -19.58
v 436.66 0.05 17.72
v 435.24 0.05 17.26
f 9103 9104 9106
f 9103 9106 9105
o r615374862_footway
v 436.60 0.05 17.87
v 435.30 0.05 17.11
v 436.04 0.05 18.71
v 435.14 0.05 17.51
v 434.94 0.05 19.15
v 434.44 0.05 17.73
v 434.25 0.05 19.33
v 434.25 0.05 17.83
v 433.44 0.05 19.15
v 433.94 0.05 17.73
v 423.78 0.05 15.70
v 424.28 0.05 14.28
v 421.29 0.05 14.88
v 421.75 0.05 13.46
v 419.33 0.05 14.24
v 419.79 0.05 12.82
v 412.98 0.05 12.14
v 413.44 0.05 10.72
v 411.07 0.05 11.58
v 411.51 0.05 10.14
v 409.31 0.05 11.04
v 409.73 0.05 9.60
v 400.28 0.05 8.41
v 400.74 0.05 6.97
v 387.03 0.05 3.99
v 387.49 0.05 2.57
v 384.53 0.05 3.25
v 384.95 0.05 1.81
v 380.18 0.05 1.96
v 380.64 0.05 0.54
v 357.36 0.05 -5.42
v 357.82 0.05 -6.84
v 354.49 0.05 -6.32
v 354.95 0.05 -7.76
v 350.74 0.05 -7.50
v 351.20 0.05 -8.94
f 9113 9114 9116
f 9113 9116 9115
f 9117 9118 9120
f 9117 9120 9119
f 9121 9122 9124
f 9121 9124 9123
f 9125 9126 9128
f 9125 9128 9127
f 9129 9130 9132
f 9129 9132 9131
f 9133 9134 9136
f 9133 9136 9135
f 9137 9138 9140
f 9137 9140 9139
f 9141 9142 9144
f 9141 9144 9143
o r615380774_footway
v 481.22 0.05 -59.53
v 480.84 0.05 -58.07
v 483.26 0.05 -59.00
v 482.80 0.05 -57.58
v 535.93 0.05 -41.96
v 535.47 0.05 -40.54
v 539.88 0.05 -41.02
v 539.52 0.05 -39.56
v 544.18 0.05 -39.87
v 543.84 0.05 -38.41
v 549.13 0.05 -38.83
v 548.71 0.05 -37.39
v 564.38 0.05 -34.01
v 563.92 0.05 -32.57
f 9149 9150 9152
f 9149 9152 9151
f 9153 9154 9156
f 9153 9156 9155
o r615380776_footway
v 537.19 0.05 50.84
v 538.37 0.05 49.92
v 536.37 0.05 49.59
v 536.83 0.05 48.17
v 500.76 0.05 39.43
v 501.18 0.05 37.99
v 453.92 0.05 25.53
v 454.36 0.05 24.09
v 451.89 0.05 24.07
v 452.79 0.05 22.87
f 9163 9164 9166
f 9163 9166 9165
o r615380777_footway
v 451.63 0.05 23.22
v 453.05 0.05 23.72
v 465.44 0.05 -15.99
v 466.84 0.05 -15.47
v 466.75 0.05 -18.29
v 468.15 0.05 -17.75
v 470.58 0.05 -29.40
v 472.00 0.05 -28.92
v 480.32 0.05 -59.03
v 481.74 0.05 -58.57
f 9173 9174 9176
f 9173 9176 9175
o r615382609_footway
v 466.30 0.05 -84.99
v 466.74 0.05 -86.43
v 434.58 0.05 -94.72
v 435.02 0.05 -96.16
o r615382612_footway
v 409.95 0.05 -195.83
v 410.27 0.05 -194.37
v 411.02 0.05 -196.06
v 411.28 0.05 -194.58
v 411.77 0.05 -196.14
v 411.75 0.05 -194.64
v 413.66 0.05 -196.02
v 413.28 0.05 -194.56
v 420.29 0.05 -193.97
v 419.85 0.05 -192.53
v 422.79 0.05 -193.18
v 422.35 0.05 -191.74
v 427.27 0.05 -191.78
v 426.81 0.05 -190.36
v 478.94 0.05 -175.20
v 478.48 0.05 -173.78
v 486.39 0.05 -172.64
v 485.91 0.05 -171.22
v 492.42 0.05 -170.67
v 491.86 0.05 -169.27
v 494.01 0.05 -169.61
v 493.17 0.05 -168.37
f 9187 9188 9190
f 9187 9190 9189
f 9191 9192 9194
f 9191 9194 9193
f 9195 9196 9198
f 9195 9198 9197
f 9199 9200 9202
f 9199 9202 9201
o r615382614_footway
v 479.88 0.05 -124.28
v 478.46 0.05 -124.74
v 467.23 0.05 -85.48
v 465.81 0.05 -85.94
o r615386243_footway
v 526.90 0.05 -271.55
v 527.38 0.05 -272.97
v 494.15 0.05 -282.44
v 494.61 0.05 -283.86
v 487.25 0.05 -284.55
v 487.71 0.05 -285.97
v 482.08 0.05 -286.34
v 482.56 0.05 -287.76
v 476.41 0.05 -288.20
v 476.89 0.05 -289.62
v 445.99 0.05 -298.36
v 446.45 0.05 -299.78
v 445.20 0.05 -298.45
v 445.24 0.05 -299.95
v 445.14 0.05 -298.41
v 444.58 0.05 -299.81
v 444.32 0.05 -298.03
v 443.68 0.05 -299.39
f 9213 9214 9216
f 9213 9216 9215
f 9217 9218 9220
f 9217 9220 9219
f 9221 9222 9224
f 9221 9224 9223
o r615386244_footway
v 444.50 0.05 -298.15
v 443.50 0.05 -299.27
v 444.11 0.05 -297.82
v 442.91 0.05 -298.72
v 443.95 0.05 -297.48
v 442.53 0.05 -297.94
v 428.75 0.05 -250.92
v 427.33 0.05 -251.38
v 424.34 0.05 -236.94
v 422.90 0.05 -237.38
v 422.51 0.05 -230.91
v 421.07 0.05 -231.33
v 418.34 0.05 -216.86
v 416.90 0.05 -217.28
v 418.20 0.05 -216.09
v 416.72 0.05 -216.37
f 9231 9232 9234
f 9231 9234 9233
f 9235 9236 9238
f 9235 9238 9237
f 9239 9240 9242
f 9239 9242 9241
o r615386245_footway
v 417.70 0.05 -216.94
v 417.22 0.05 -215.52
v 496.95 0.05 -190.24
v 496.47 0.05 -188.82
v 498.31 0.05 -190.02
v 498.15 0.05 -188.52
v 500.29 0.05 -189.92
v 500.21 0.05 -188.42
f 9247 9248 9250
f 9247 9250 9249
o r615386246_footway
v 499.58 0.05 -189.51
v 500.92 0.05 -188.83
v 500.33 0.05 -190.99
v 501.67 0.05 -190.31
v 501.03 0.05 -192.35
v 502.45 0.05 -191.89
v 526.43 0.05 -272.49
v 527.85 0.05 -272.03
f 9255 9256 9258
f 9255 9258 9257
o r615386247_footway
v 146.94 0.05 265.27
v 146.46 0.05 266.69
v 148.26 0.05 265.71
v 147.80 0.05 267.13
v 169.53 0.05 272.64
v 169.07 0.05 274.06
v 191.38 0.05 279.75
v 190.90 0.05 281.17
v 229.08 0.05 292.67
v 228.60 0.05 294.09
f 9263 9264 9266
f 9263 9266 9265
o r615386248_footway
v 229.03 0.05 292.66
v 228.65 0.05 294.10
v 232.09 0.05 293.53
v 232.31 0.05 295.01
v 232.01 0.05 292.55
v 233.43 0.05 293.07
v 245.47 0.05 255.43
v 246.89 0.05 255.93
v 246.44 0.05 252.09
v 247.88 0.05 252.51
v 247.21 0.05 249.44
v 248.63 0.05 249.90
v 259.21 0.05 212.49
v 260.63 0.05 212.95
v 259.40 0.05 211.41
v 260.88 0.05 211.69
f 9273 9274 9276
f 9273 9276 9275
f 9277 9278 9280
f 9277 9280 9279
f 9281 9282 9284
f 9281 9284 9283
o r615386249_footway
v 259.10 0.05 210.34
v 260.28 0.05 209.40
v 258.41 0.05 209.37
v 259.15 0.05 208.07
v 255.93 0.05 208.60
v 256.39 0.05 207.18
o r615386250_footway
v 173.68 0.05 184.26
v 175.18 0.05 184.34
v 173.72 0.05 183.52
v 175.22 0.05 183.60
o r615386251_footway
v 174.86 0.05 184.92
v 174.00 0.05 183.68
v 174.14 0.05 185.29
v 172.78 0.05 184.65
v 171.48 0.05 192.39
v 170.06 0.05 191.89
v 169.44 0.05 198.61
v 168.00 0.05 198.17
v 168.09 0.05 203.30
v 166.65 0.05 202.86
v 162.13 0.05 222.36
v 160.69 0.05 221.90
v 161.44 0.05 224.36
v 160.02 0.05 223.88
v 160.95 0.05 225.83
v 159.53 0.05 225.35
v 159.24 0.05 230.87
v 157.82 0.05 230.39
v 151.64 0.05 253.27
v 150.22 0.05 252.79
v 147.54 0.05 265.80
v 146.12 0.05 265.34
v 147.41 0.05 266.21
v 145.99 0.05 265.75
f 9299 9300 9302
f 9299 9302 9301
f 9303 9304 9306
f 9303 9306 9305
f 9307 9308 9310
f 9307 9310 9309
f 9311 9312 9314
f 9311 9314 9313
f 9315 9316 9318
f 9315 9318 9317
o r615386253_footway
v 58.67 0.05 469.30
v 60.09 0.05 469.76
v 73.54 0.05 423.46
v 74.96 0.05 423.92
v 86.47 0.05 383.58
v 87.89 0.05 384.04
o r615386254_footway
v 86.94 0.05 384.52
v 87.42 0.05 383.10
v 85.10 0.05 383.89
v 85.58 0.05 382.47
v 57.26 0.05 374.37
v 57.76 0.05 372.95
v 51.16 0.05 371.94
v 51.62 0.05 370.52
v 6.94 0.05 358.12
v 7.38 0.05 356.68
v 3.62 0.05 357.70
v 3.82 0.05 356.22
v 1.74 0.05 357.45
v 1.94 0.05 355.97
f 9329 9330 9332
f 9329 9332 9331
f 9333 9334 9336
f 9333 9336 9335
o r615386255_footway
v 5.89 0.05 355.45
v 4.73 0.05 354.51
v 4.43 0.05 357.21
v 3.01 0.05 356.71
v -8.26 0.05 396.34
v -9.68 0.05 395.88
v -23.32 0.05 442.81
v -24.74 0.05 442.35
f 9343 9344 9346
f 9343 9346 9345
o r615386899_footway
v 9.73 0.05 339.66
v 11.15 0.05 340.16
v 10.74 0.05 336.74
v 12.16 0.05 337.24
o r615386902_footway
v 39.49 0.05 253.98
v 38.61 0.05 252.78
v 36.42 0.05 256.08
v 35.02 0.05 255.56
v 24.58 0.05 294.27
v 23.14 0.05 293.81
v 11.25 0.05 335.77
v 9.81 0.05 335.35
v 12.08 0.05 336.58
v 10.82 0.05 337.40
f 9355 9356 9358
f 9355 9358 9357
o r615387508_footway
v -112.60 0.05 300.70
v -111.18 0.05 301.16
v -111.56 0.05 297.42
v -110.14 0.05 297.88
o r615387509_footway
v -77.07 0.05 216.00
v -77.53 0.05 217.42
v -31.96 0.05 230.63
v -32.42 0.05 232.05
v 16.41 0.05 246.30
v 15.95 0.05 247.72
o r615387510_footway
v 16.90 0.05 247.22
v 15.46 0.05 246.80
v 16.00 0.05 250.28
v 14.56 0.05 249.84
v 12.37 0.05 262.14
v 10.93 0.05 261.70
v 10.63 0.05 267.97
v 9.19 0.05 267.53
v 4.31 0.05 288.66
v 2.89 0.05 288.20
v 0.90 0.05 297.60
v -0.54 0.05 297.18
v -7.62 0.05 329.50
v -9.06 0.05 329.12
f 9375 9376 9378
f 9375 9378 9377
f 9379 9380 9382
f 9379 9382 9381
o r615387511_footway
v -8.01 0.05 329.98
v -8.67 0.05 328.64
v -11.06 0.05 331.26
v -10.62 0.05 329.82
v -108.00 0.05 299.88
v -107.54 0.05 298.46
v -111.18 0.05 298.32
v -110.52 0.05 296.98
v -114.95 0.05 296.48
v -114.29 0.05 295.14
f 9389 9390 9392
f 9389 9392 9391
o r615389250_footway
v 130.30 0.05 262.48
v 130.86 0.05 261.08
v 126.82 0.05 261.10
v 127.38 0.05 259.70
o r615389251_footway
v 43.96 0.05 234.38
v 45.30 0.05 233.72
v 43.78 0.05 234.01
v 45.12 0.05 233.35
v 43.56 0.05 233.58
v 44.90 0.05 232.90
o r615389252_footway
v 43.37 0.05 232.18
v 44.79 0.05 232.66
v 56.36 0.05 194.41
v 57.78 0.05 194.89
v 57.13 0.05 191.55
v 58.57 0.05 191.93
v 57.85 0.05 188.85
v 59.27 0.05 189.31
v 70.16 0.05 151.14
v 71.58 0.05 151.60
f 9409 9410 9412
f 9409 9412 9411
o r615389253_footway
v 70.82 0.05 150.34
v 71.44 0.05 151.70
v 71.46 0.05 150.05
v 71.98 0.05 151.45
v 72.49 0.05 149.88
v 72.03 0.05 151.32
v 152.53 0.05 175.44
v 152.07 0.05 176.86
v 153.79 0.05 176.43
v 152.55 0.05 177.27
v 154.17 0.05 177.62
v 152.73 0.05 178.04
f 9419 9420 9422
f 9419 9422 9421
f 9423 9424 9426
f 9423 9426 9425
o r615389254_footway
v 155.24 0.05 176.92
v 154.10 0.05 175.94
v 154.02 0.05 178.32
v 152.88 0.05 177.34
o r615389255_footway
v 179.72 0.05 163.62
v 181.14 0.05 164.08
v 192.43 0.05 123.66
v 193.85 0.05 124.12
v 193.23 0.05 121.14
v 194.65 0.05 121.60
v 193.97 0.05 118.84
v 195.39 0.05 119.32
v 206.98 0.05 80.43
v 208.40 0.05 80.91
f 9435 9436 9438
f 9435 9438 9437
o r615389256_footway
v 207.90 0.05 79.95
v 207.48 0.05 81.39
v 208.72 0.05 80.19
v 208.26 0.05 81.61
v 289.94 0.05 106.06
v 289.48 0.05 107.48
v 290.60 0.05 106.27
v 290.20 0.05 107.71
v 293.59 0.05 107.07
v 293.21 0.05 108.51
f 9445 9446 9448
f 9445 9448 9447
o r615389257_footway
v 291.12 0.05 107.20
v 289.68 0.05 106.78
v 279.92 0.05 145.93
v 278.48 0.05 145.51
v 278.95 0.05 149.71
v 277.49 0.05 149.33
v 278.37 0.05 151.97
v 276.95 0.05 151.51
v 265.80 0.05 190.13
v 264.38 0.05 189.67
f 9455 9456 9458
f 9455 9458 9457
o r615389258_footway
v 267.05 0.05 191.40
v 267.55 0.05 189.98
v 264.84 0.05 190.61
v 265.34 0.05 189.19
o r615389259_footway
v 324.16 0.05 4.99
v 324.66 0.05 3.57
v 298.98 0.05 -3.79
v 299.46 0.05 -5.21
v 293.15 0.05 -5.71
v 293.63 0.05 -7.13
v 266.63 0.05 -14.48
v 267.09 0.05 -15.90
v 261.59 0.05 -16.00
v 262.03 0.05 -17.44
v 258.64 0.05 -16.91
v 259.10 0.05 -18.33
v 241.04 0.05 -22.54
v 241.50 0.05 -23.96
v 240.88 0.05 -22.59
v 241.36 0.05 -24.01
f 9469 9470 9472
f 9469 9472 9471
f 9473 9474 9476
f 9473 9476 9475
f 9477 9478 9480
f 9477 9480 9479
o r615389260_footway
v 241.72 0.05 -22.85
v 240.52 0.05 -23.75
v 241.48 0.05 -22.55
v 240.20 0.05 -23.31
v 240.62 0.05 -21.04
v 239.20 0.05 -21.50
v 227.99 0.05 19.11
v 226.55 0.05 18.67
v 227.09 0.05 22.23
v 225.65 0.05 21.79
v 215.31 0.05 60.09
v 213.87 0.05 59.65
f 9485 9486 9488
f 9485 9488 9487
f 9489 9490 9492
f 9489 9492 9491
o r615389261_footway
v 214.82 0.05 59.16
v 214.36 0.05 60.58
v 297.28 0.05 85.68
v 296.82 0.05 87.10
o r615389262_footway
v 310.50 0.05 48.79
v 311.98 0.05 49.01
v 311.00 0.05 45.39
v 312.48 0.05 45.61
v 311.30 0.05 43.34
v 312.74 0.05 43.78
v 322.06 0.05 9.35
v 323.50 0.05 9.81
v 323.69 0.05 4.06
v 325.13 0.05 4.50
f 9501 9502 9504
f 9501 9504 9503
o r615390861_footway
v 328.72 0.05 -16.26
v 330.14 0.05 -15.76
v 342.49 0.05 -55.32
v 343.91 0.05 -54.82
v 343.12 0.05 -57.18
v 344.54 0.05 -56.68
v 344.74 0.05 -61.72
v 346.16 0.05 -61.22
v 345.24 0.05 -63.27
v 346.66 0.05 -62.81
v 346.74 0.05 -67.91
v 348.16 0.05 -67.45
v 349.83 0.05 -77.71
v 351.25 0.05 -77.25
v 355.95 0.05 -96.91
v 357.39 0.05 -96.47
v 356.07 0.05 -98.05
v 357.51 0.05 -97.63
v 356.55 0.05 -98.88
v 357.83 0.05 -98.08
f 9511 9512 9514
f 9511 9514 9513
f 9515 9516 9518
f 9515 9518 9517
f 9519 9520 9522
f 9519 9522 9521
f 9523 9524 9526
f 9523 9526 9525
o r615390862_footway
v 356.13 0.05 -97.48
v 357.45 0.05 -98.20
v 355.68 0.05 -98.68
v 356.20 0.05 -100.08
v 327.87 0.05 -107.63
v 328.33 0.05 -109.05
v 315.50 0.05 -111.66
v 315.96 0.05 -113.08
v 287.39 0.05 -120.69
v 287.85 0.05 -122.11
v 284.15 0.05 -121.87
v 284.67 0.05 -123.27
v 281.99 0.05 -122.66
v 282.41 0.05 -124.10
v 274.26 0.05 -124.78
v 274.66 0.05 -126.22
f 9531 9532 9534
f 9531 9534 9533
f 9535 9536 9538
f 9535 9538 9537
f 9539 9540 9542
f 9539 9542 9541
o r615390863_footway
v 275.14 0.05 -125.19
v 273.78 0.05 -125.81
v 271.57 0.05 -117.32
v 270.15 0.05 -117.80
v 262.61 0.05 -87.68
v 261.19 0.05 -88.14
v 260.44 0.05 -83.06
v 259.10 0.05 -83.72
v 259.51 0.05 -81.39
v 258.09 0.05 -81.89
v 247.19 0.05 -44.98
v 245.77 0.05 -45.46
v 246.93 0.05 -43.79
v 245.43 0.05 -43.85
v 247.08 0.05 -43.68
v 245.72 0.05 -43.04
f 9547 9548 9550
f 9547 9550 9549
f 9551 9552 9554
f 9551 9554 9553
f 9555 9556 9558
f 9555 9558 9557
o r615390864_footway
v 247.09 0.05 -43.64
v 245.71 0.05 -43.08
v 247.51 0.05 -42.52
v 246.37 0.05 -41.54
v 248.72 0.05 -41.63
v 248.26 0.05 -40.19
v 329.65 0.05 -16.73
v 329.21 0.05 -15.29
f 9563 9564 9566
f 9563 9566 9565
o r615390865_footway
v 362.87 0.05 -118.66
v 364.31 0.05 -118.22
v 369.07 0.05 -139.01
v 370.51 0.05 -138.57
v 370.82 0.05 -144.61
v 372.24 0.05 -144.13
v 374.56 0.05 -155.62
v 375.98 0.05 -155.14
v 376.43 0.05 -161.56
v 377.85 0.05 -161.08
v 389.51 0.05 -200.80
v 390.93 0.05 -200.32
f 9571 9572 9574
f 9571 9574 9573
f 9575 9576 9578
f 9575 9578 9577
o r615390866_footway
v 390.00 0.05 -199.84
v 390.44 0.05 -201.28
v 384.81 0.05 -201.47
v 385.25 0.05 -202.91
v 379.63 0.05 -203.09
v 380.07 0.05 -204.53
o r615390867_footway
v 387.78 0.05 -227.63
v 387.26 0.05 -226.23
v 396.94 0.05 -224.27
v 396.42 0.05 -222.87
o r615390868_footway
v 395.97 0.05 -223.82
v 397.39 0.05 -223.32
v 405.76 0.05 -252.07
v 407.18 0.05 -251.59
v 410.40 0.05 -266.34
v 411.82 0.05 -265.86
v 423.21 0.05 -304.32
v 424.63 0.05 -303.84
v 423.38 0.05 -304.90
v 424.82 0.05 -304.46
f 9593 9594 9596
f 9593 9596 9595
o r615390872_footway
v 281.53 0.05 -147.26
v 280.27 0.05 -146.44
v 281.83 0.05 -146.80
v 280.59 0.05 -145.96
v 281.94 0.05 -146.58
v 281.02 0.05 -145.40
v 282.61 0.05 -146.18
v 282.13 0.05 -144.76
v 333.53 0.05 -129.28
v 333.05 0.05 -127.86
v 338.67 0.05 -127.59
v 338.21 0.05 -126.17
v 352.09 0.05 -123.29
v 351.63 0.05 -121.87
v 352.14 0.05 -123.18
v 351.66 0.05 -121.76
v 355.17 0.05 -122.24
v 354.69 0.05 -120.82
v 363.84 0.05 -119.15
v 363.34 0.05 -117.73
f 9603 9604 9606
f 9603 9606 9605
f 9607 9608 9610
f 9607 9610 9609
f 9611 9612 9614
f 9611 9614 9613
f 9615 9616 9618
f 9615 9618 9617
o r615416052_footway
v 370.31 0.05 -435.70
v 369.97 0.05 -434.24
v 373.64 0.05 -434.91
v 373.30 0.05 -433.45
o r615416055_footway
v 457.41 0.05 -408.56
v 455.97 0.05 -409.00
v 445.29 0.05 -369.43
v 443.85 0.05 -369.87
o r615416058_footway
v 429.85 0.05 -325.21
v 430.21 0.05 -326.67
v 422.27 0.05 -327.11
v 422.71 0.05 -328.55
v 385.05 0.05 -338.77
v 385.49 0.05 -340.21
v 357.21 0.05 -347.49
v 357.65 0.05 -348.93
v 347.59 0.05 -350.50
v 348.03 0.05 -351.94
f 9631 9632 9634
f 9631 9634 9633
o r615416060_footway
v 76.74 0.05 130.09
v 77.60 0.05 131.31
v 77.78 0.05 129.50
v 79.16 0.05 130.08
v 77.23 0.05 128.64
v 78.69 0.05 128.98
v 79.38 0.05 122.50
v 80.80 0.05 122.96
v 80.86 0.05 117.57
v 82.28 0.05 118.03
v 84.73 0.05 105.99
v 86.15 0.05 106.45
v 89.94 0.05 88.95
v 91.36 0.05 89.41
v 91.05 0.05 86.19
v 92.47 0.05 86.67
v 104.07 0.05 47.91
v 105.49 0.05 48.39
f 9641 9642 9644
f 9641 9644 9643
f 9645 9646 9648
f 9645 9648 9647
f 9649 9650 9652
f 9649 9652 9651
o r615416062_footway
v 105.01 0.05 47.44
v 104.55 0.05 48.86
v 170.50 0.05 68.87
v 170.04 0.05 70.29
v 177.91 0.05 71.26
v 177.47 0.05 72.70
v 187.07 0.05 74.01
v 186.63 0.05 75.45
f 9659 9660 9662
f 9659 9662 9661
o r615416064_footway
v 187.57 0.05 74.95
v 186.13 0.05 74.51
v 182.96 0.05 90.31
v 181.52 0.05 89.87
v 175.88 0.05 112.54
v 174.46 0.05 112.08
v 174.96 0.05 115.28
v 173.54 0.05 114.82
v 174.03 0.05 118.32
v 172.61 0.05 117.84
v 160.59 0.05 156.91
v 159.17 0.05 156.41
f 9667 9668 9670
f 9667 9670 9669
f 9671 9672 9674
f 9671 9674 9673
o r615416066_footway
v 159.71 0.05 157.39
v 160.05 0.05 155.93
v 158.90 0.05 157.21
v 159.36 0.05 155.77
v 113.31 0.05 142.73
v 113.77 0.05 141.31
v 107.94 0.05 141.00
v 108.42 0.05 139.58
v 79.31 0.05 131.49
v 79.81 0.05 130.07
v 77.97 0.05 130.35
v 78.97 0.05 129.23
f 9679 9680 9682
f 9679 9682 9681
f 9683 9684 9686
f 9683 9686 9685
o r615427606_footway
v 352.49 0.05 -440.18
v 353.71 0.05 -441.06
v 352.03 0.05 -440.84
v 353.03 0.05 -441.96
v 351.38 0.05 -441.21
v 351.84 0.05 -442.65
v 314.42 0.05 -452.60
v 314.86 0.05 -454.04
f 9691 9692 9694
f 9691 9694 9693
o r615427607_footway
v 268.19 0.05 -467.67
v 266.75 0.05 -468.11
v 257.05 0.05 -432.19
v 255.61 0.05 -432.61
v 257.15 0.05 -429.41
v 255.65 0.05 -429.37
o r615427611_footway
v 218.08 0.05 -320.71
v 216.66 0.05 -321.17
v 217.57 0.05 -320.30
v 216.43 0.05 -319.32
v 219.50 0.05 -319.14
v 218.04 0.05 -319.50
v 208.58 0.05 -283.02
v 207.14 0.05 -283.46
f 9705 9706 9708
f 9705 9708 9707
o r615427612_footway
v 208.14 0.05 -283.94
v 207.58 0.05 -282.54
v 211.24 0.05 -282.70
v 210.74 0.05 -281.28
v 218.84 0.05 -280.23
v 218.38 0.05 -278.81
v 244.23 0.05 -272.03
v 243.77 0.05 -270.61
v 250.09 0.05 -270.15
v 249.63 0.05 -268.73
v 292.07 0.05 -256.77
v 291.61 0.05 -255.33
v 293.14 0.05 -256.56
v 293.24 0.05 -255.06
v 293.46 0.05 -256.84
v 294.22 0.05 -255.54
f 9713 9714 9716
f 9713 9716 9715
f 9717 9718 9720
f 9717 9720 9719
f 9721 9722 9724
f 9721 9724 9723
o r615429120_footway
v 177.64 0.05 -179.08
v 177.16 0.05 -177.66
v 233.07 0.05 -160.58
v 232.61 0.05 -159.16
v 246.22 0.05 -156.68
v 245.78 0.05 -155.24
v 260.57 0.05 -151.94
v 260.11 0.05 -150.52
f 9729 9730 9732
f 9729 9732 9731
o r615429122_footway
v 286.86 0.05 -233.73
v 287.34 0.05 -235.15
v 248.76 0.05 -246.81
v 249.24 0.05 -248.23
v 244.91 0.05 -247.91
v 245.33 0.05 -249.35
v 242.71 0.05 -248.55
v 243.17 0.05 -249.97
v 205.87 0.05 -260.77
v 206.35 0.05 -262.19
v 204.16 0.05 -261.34
v 204.64 0.05 -262.76
f 9737 9738 9740
f 9737 9740 9739
f 9741 9742 9744
f 9741 9744 9743
o r615429123_footway
v 205.11 0.05 -261.81
v 203.69 0.05 -262.29
v 204.58 0.05 -260.27
v 203.16 0.05 -260.75
o r615621995_footway
v -82.61 0.05 191.82
v -83.07 0.05 193.24
v -78.30 0.05 193.21
v -78.76 0.05 194.63
v -77.90 0.05 193.34
v -78.36 0.05 194.76
v -25.46 0.05 210.28
v -25.92 0.05 211.70
v 22.97 0.05 225.93
v 22.51 0.05 227.35
v 24.44 0.05 226.41
v 23.98 0.05 227.83
f 9753 9754 9756
f 9753 9756 9755
f 9757 9758 9760
f 9757 9760 9759
o r615621996_footway
v -79.25 0.05 193.69
v -77.81 0.05 194.15
v -61.97 0.05 139.07
v -60.53 0.05 139.53
v -53.18 0.05 110.82
v -51.74 0.05 111.26
o r615621997_footway
v -52.23 0.05 110.32
v -52.69 0.05 111.76
v -3.71 0.05 125.68
v -4.17 0.05 127.12
v 1.13 0.05 127.17
v 0.67 0.05 128.59
v 2.68 0.05 127.78
v 2.20 0.05 129.20
v 50.24 0.05 143.46
v 49.76 0.05 144.88
v 51.58 0.05 144.29
v 50.78 0.05 145.55
f 9771 9772 9774
f 9771 9774 9773
f 9775 9776 9778
f 9775 9778 9777
o r615621998_footway
v 50.72 0.05 144.38
v 49.28 0.05 143.96
v 47.11 0.05 156.81
v 45.67 0.05 156.39
v 45.72 0.05 161.43
v 44.28 0.05 160.99
v 43.76 0.05 167.63
v 42.34 0.05 167.17
v 42.40 0.05 171.79
v 40.96 0.05 171.35
v 26.50 0.05 222.65
v 25.06 0.05 222.21
v 25.27 0.05 226.43
v 23.85 0.05 225.97
v 25.08 0.05 227.00
v 23.68 0.05 226.46
v 24.90 0.05 227.42
v 23.52 0.05 226.82
f 9783 9784 9786
f 9783 9786 9785
f 9787 9788 9790
f 9787 9790 9789
f 9791 9792 9794
f 9791 9794 9793
o r615622569_footway
v 144.73 0.05 -75.65
v 146.19 0.05 -75.99
v 144.42 0.05 -77.09
v 145.92 0.05 -77.11
v 144.71 0.05 -78.31
v 146.15 0.05 -77.89
v 149.57 0.05 -94.53
v 151.01 0.05 -94.11
v 153.30 0.05 -107.72
v 154.74 0.05 -107.32
f 9801 9802 9804
f 9801 9804 9803
o r615622570_footway
v 153.31 0.05 -107.75
v 154.73 0.05 -107.29
v 158.32 0.05 -123.27
v 159.74 0.05 -122.81
v 167.37 0.05 -151.73
v 168.79 0.05 -151.27
v 169.23 0.05 -157.50
v 170.65 0.05 -157.04
f 9811 9812 9814
f 9811 9814 9813
o r615622571_footway
v 170.30 0.05 -159.33
v 171.12 0.05 -158.07
v 170.78 0.05 -159.64
v 171.60 0.05 -158.38
v 171.72 0.05 -160.21
v 172.16 0.05 -158.77
v 173.63 0.05 -160.42
v 173.19 0.05 -158.98
v 203.70 0.05 -150.71
v 203.24 0.05 -149.29
v 207.52 0.05 -149.46
v 207.06 0.05 -148.04
v 210.99 0.05 -148.34
v 210.51 0.05 -146.92
v 218.85 0.05 -145.72
v 218.39 0.05 -144.30
v 223.60 0.05 -144.19
v 223.14 0.05 -142.77
v 225.24 0.05 -143.67
v 224.76 0.05 -142.25
v 254.03 0.05 -134.02
v 253.55 0.05 -132.60
f 9819 9820 9822
f 9819 9822 9821
f 9823 9824 9826
f 9823 9826 9825
f 9827 9828 9830
f 9827 9830 9829
f 9831 9832 9834
f 9831 9834 9833
o r615622572_footway
v 254.51 0.05 -133.09
v 253.07 0.05 -133.53
v 230.58 0.05 -56.20
v 229.14 0.05 -56.66
v 229.34 0.05 -53.16
v 227.92 0.05 -53.64
v 229.13 0.05 -52.16
v 227.63 0.05 -52.12
v 229.43 0.05 -50.65
v 227.97 0.05 -51.03
v 228.35 0.05 -49.39
v 227.23 0.05 -50.39
v 227.35 0.05 -48.29
v 226.71 0.05 -49.65
v 224.76 0.05 -47.65
v 224.40 0.05 -49.11
f 9841 9842 9844
f 9841 9844 9843
f 9845 9846 9848
f 9845 9848 9847
f 9849 9850 9852
f 9849 9852 9851
o r615622573_footway
v 223.39 0.05 -48.45
v 224.27 0.05 -47.23
v 224.14 0.05 -48.99
v 225.02 0.05 -47.77
o r615654293_footway
v 221.82 0.05 -27.36
v 222.20 0.05 -28.82
v 220.61 0.05 -27.69
v 220.83 0.05 -29.17
v 219.34 0.05 -27.74
v 219.40 0.05 -29.24
o r615654295_footway
v 111.43 0.05 27.02
v 110.97 0.05 28.44
v 157.37 0.05 41.73
v 156.91 0.05 43.15
v 194.50 0.05 53.41
v 194.04 0.05 54.85
o r615654296_footway
v 193.55 0.05 53.91
v 194.99 0.05 54.35
v 205.25 0.05 15.97
v 206.69 0.05 16.41
v 206.36 0.05 12.32
v 207.80 0.05 12.76
v 218.65 0.05 -27.66
v 220.09 0.05 -27.22
v 218.62 0.05 -28.49
v 220.12 0.05 -28.49
f 9873 9874 9876
f 9873 9876 9875
o r615934912_footway
v 121.75 0.05 -424.92
v 121.29 0.05 -423.50
v 170.20 0.05 -409.10
v 169.72 0.05 -407.68
v 175.96 0.05 -406.47
v 175.44 0.05 -405.07
v 188.73 0.05 -402.35
v 188.27 0.05 -400.93
v 190.63 0.05 -401.72
v 190.17 0.05 -400.30
v 192.63 0.05 -401.11
v 192.17 0.05 -399.69
v 205.65 0.05 -396.87
v 205.19 0.05 -395.45
v 222.34 0.05 -391.46
v 221.94 0.05 -390.02
v 223.95 0.05 -391.85
v 224.23 0.05 -390.37
f 9883 9884 9886
f 9883 9886 9885
f 9887 9888 9890
f 9887 9890 9889
f 9891 9892 9894
f 9891 9894 9893
o r615934913_footway
v 223.38 0.05 -391.36
v 224.80 0.05 -390.86
v 236.66 0.05 -428.58
v 238.08 0.05 -428.08
o r615934915_footway
v 148.27 0.05 -506.64
v 146.85 0.05 -507.12
v 147.52 0.05 -504.35
v 146.08 0.05 -504.81
v 136.49 0.05 -469.27
v 135.07 0.05 -469.73
v 134.87 0.05 -465.34
v 133.49 0.05 -465.92
v 134.02 0.05 -463.29
v 132.58 0.05 -463.73
v 122.24 0.05 -423.99
v 120.80 0.05 -424.43
f 9905 9906 9908
f 9905 9908 9907
f 9909 9910 9912
f 9909 9912 9911
o r617512900_footway
v 546.35 0.05 -265.91
v 544.91 0.05 -266.35
v 520.37 0.05 -182.20
v 518.93 0.05 -182.64
o r617512901_footway
v 410.79 0.05 -194.78
v 409.43 0.05 -195.42
v 410.26 0.05 -193.65
v 408.92 0.05 -194.33
v 409.70 0.05 -192.62
v 408.28 0.05 -193.10
v 403.80 0.05 -174.49
v 402.38 0.05 -174.95
v 398.54 0.05 -158.08
v 397.08 0.05 -158.46
v 398.76 0.05 -155.28
v 397.26 0.05 -155.18
f 9921 9922 9924
f 9921 9924 9923
f 9925 9926 9928
f 9925 9928 9927
o r618620219_footway
v 82.50 0.05 -302.05
v 82.02 0.05 -300.63
v 131.46 0.05 -285.43
v 131.00 0.05 -284.01
v 133.21 0.05 -285.32
v 132.67 0.05 -283.92
v 135.26 0.05 -283.94
v 134.72 0.05 -282.54
v 141.29 0.05 -282.19
v 140.87 0.05 -280.75
v 142.93 0.05 -281.65
v 142.45 0.05 -280.23
v 145.32 0.05 -280.85
v 144.88 0.05 -279.41
v 158.49 0.05 -276.82
v 158.05 0.05 -275.38
v 164.96 0.05 -274.82
v 164.60 0.05 -273.36
v 172.05 0.05 -273.55
v 171.69 0.05 -272.09
v 178.42 0.05 -271.48
v 177.96 0.05 -270.06
v 182.56 0.05 -270.19
v 181.92 0.05 -268.83
v 183.86 0.05 -268.76
v 182.56 0.05 -268.00
v 184.40 0.05 -267.27
v 182.98 0.05 -266.77
f 9933 9934 9936
f 9933 9936 9935
f 9937 9938 9940
f 9937 9940 9939
f 9941 9942 9944
f 9941 9944 9943
f 9945 9946 9948
f 9945 9948 9947
f 9949 9950 9952
f 9949 9952 9951
f 9953 9954 9956
f 9953 9956 9955
o r618620221_footway
v 157.22 0.05 -184.70
v 156.14 0.05 -185.74
v 155.94 0.05 -183.94
v 156.36 0.05 -185.38
v 107.85 0.05 -199.04
v 108.31 0.05 -200.48
v 105.06 0.05 -199.95
v 105.58 0.05 -201.35
v 102.63 0.05 -200.96
v 103.09 0.05 -202.40
v 53.62 0.05 -216.15
v 54.06 0.05 -217.59
f 9961 9962 9964
f 9961 9964 9963
f 9965 9966 9968
f 9965 9968 9967
o r618620222_footway
v 211.99 0.05 -279.82
v 210.53 0.05 -280.16
v 209.87 0.05 -270.52
v 208.43 0.05 -270.92
v 207.25 0.05 -262.89
v 205.83 0.05 -263.37
o r618620223_footway
v 184.40 0.05 -266.79
v 182.98 0.05 -267.25
v 180.18 0.05 -253.57
v 178.76 0.05 -254.03
v 175.33 0.05 -238.55
v 173.91 0.05 -239.01
v 173.56 0.05 -233.06
v 172.14 0.05 -233.52
v 157.94 0.05 -185.31
v 156.52 0.05 -185.79
v 157.07 0.05 -184.58
v 156.29 0.05 -185.86
f 9979 9980 9982
f 9979 9982 9981
f 9983 9984 9986
f 9983 9986 9985
o r618620225_footway
v 42.45 0.05 -199.67
v 42.89 0.05 -201.11
v 33.50 0.05 -202.40
v 33.94 0.05 -203.84
v 23.14 0.05 -205.55
v 23.58 0.05 -206.99
o r618620226_footway
v 53.13 0.05 -217.11
v 54.55 0.05 -216.63
v 81.55 0.05 -301.58
v 82.97 0.05 -301.10
o r621322428_footway
v -595.72 0.05 -425.48
v -596.20 0.05 -424.06
v -588.51 0.05 -423.09
v -588.99 0.05 -421.67
v -567.21 0.05 -416.05
v -567.67 0.05 -414.63
v -559.41 0.05 -413.58
v -559.83 0.05 -412.14
v -556.42 0.05 -412.98
v -556.84 0.05 -411.54
v -549.51 0.05 -410.66
v -549.99 0.05 -409.24
v -545.25 0.05 -409.29
v -545.71 0.05 -407.87
v -541.13 0.05 -407.97
v -541.59 0.05 -406.55
v -531.55 0.05 -404.90
v -532.05 0.05 -403.48
v -527.16 0.05 -402.99
v -527.74 0.05 -401.61
v -521.01 0.05 -400.47
v -521.55 0.05 -399.07
v -516.89 0.05 -399.03
v -517.07 0.05 -397.53
v -513.57 0.05 -399.63
v -513.77 0.05 -398.15
v -508.83 0.05 -397.94
v -509.35 0.05 -396.52
f 10001 10002 10004
f 10001 10004 10003
f 10005 10006 10008
f 10005 10008 10007
f 10009 10010 10012
f 10009 10012 10011
f 10013 10014 10016
f 10013 10016 10015
f 10017 10018 10020
f 10017 10020 10019
f 10021 10022 10024
f 10021 10024 10023
o r621322431_footway
v -482.53 0.05 -486.79
v -483.81 0.05 -487.59
v -484.43 0.05 -483.77
v -485.83 0.05 -484.31
v -490.62 0.05 -466.18
v -492.04 0.05 -466.68
v -494.41 0.05 -455.44
v -495.83 0.05 -455.94
v -497.85 0.05 -445.69
v -499.27 0.05 -446.17
v -498.95 0.05 -442.07
v -500.39 0.05 -442.51
v -499.69 0.05 -439.67
v -501.13 0.05 -440.07
v -502.97 0.05 -427.81
v -504.45 0.05 -428.07
v -502.07 0.05 -427.32
v -503.27 0.05 -426.42
v -501.26 0.05 -425.86
v -502.66 0.05 -425.32
v -500.87 0.05 -424.17
v -502.37 0.05 -424.03
v -500.96 0.05 -422.48
v -502.44 0.05 -422.76
v -501.49 0.05 -420.87
v -502.83 0.05 -421.55
v -502.52 0.05 -419.42
v -503.60 0.05 -420.46
v -503.87 0.05 -418.37
v -504.63 0.05 -419.67
v -505.42 0.05 -417.73
v -505.80 0.05 -419.19
v -506.41 0.05 -417.97
v -507.79 0.05 -418.59
v -511.05 0.05 -404.42
v -512.47 0.05 -404.90
v -512.96 0.05 -398.65
v -514.38 0.05 -399.13
f 10029 10030 10032
f 10029 10032 10031
f 10033 10034 10036
f 10033 10036 10035
f 10037 10038 10040
f 10037 10040 10039
f 10041 10042 10044
f 10041 10044 10043
f 10045 10046 10048
f 10045 10048 10047
f 10049 10050 10052
f 10049 10052 10051
f 10053 10054 10056
f 10053 10056 10055
f 10057 10058 10060
f 10057 10060 10059
o r622902055_footway
v -489.68 0.05 -29.00
v -489.22 0.05 -30.42
v -494.05 0.05 -30.41
v -493.59 0.05 -31.83
v -494.60 0.05 -30.58
v -494.14 0.05 -32.00
v -501.14 0.05 -32.70
v -500.68 0.05 -34.12
v -510.96 0.05 -35.86
v -510.50 0.05 -37.28
v -515.95 0.05 -37.46
v -515.49 0.05 -38.88
v -517.86 0.05 -38.08
v -517.40 0.05 -39.50
v -519.24 0.05 -38.52
v -518.78 0.05 -39.94
v -547.22 0.05 -47.53
v -546.76 0.05 -48.95
v -589.94 0.05 -61.29
v -589.48 0.05 -62.71
v -598.49 0.05 -64.04
v -598.03 0.05 -65.46
v -599.98 0.05 -64.52
v -599.52 0.05 -65.94
f 10067 10068 10070
f 10067 10070 10069
f 10071 10072 10074
f 10071 10074 10073
f 10075 10076 10078
f 10075 10078 10077
f 10079 10080 10082
f 10079 10082 10081
f 10083 10084 10086
f 10083 10086 10085
o r622902056_footway
v -624.96 0.05 18.17
v -625.42 0.05 19.59
v -550.94 0.05 42.26
v -551.40 0.05 43.68
v -544.14 0.05 44.48
v -544.60 0.05 45.90
v -543.40 0.05 44.71
v -543.86 0.05 46.13
v -538.01 0.05 46.47
v -538.47 0.05 47.89
v -527.44 0.05 49.91
v -527.90 0.05 51.33
v -521.46 0.05 51.85
v -521.92 0.05 53.27
v -503.04 0.05 57.85
v -503.56 0.05 59.25
v -497.59 0.05 60.79
v -498.09 0.05 62.21
v -462.77 0.05 72.25
v -463.15 0.05 73.69
v -459.99 0.05 70.83
v -460.33 0.05 72.29
v -437.59 0.05 78.15
v -438.05 0.05 79.57
f 10091 10092 10094
f 10091 10094 10093
f 10095 10096 10098
f 10095 10098 10097
f 10099 10100 10102
f 10099 10102 10101
f 10103 10104 10106
f 10103 10106 10105
f 10107 10108 10110
f 10107 10110 10109
o r622902601_footway
v -592.48 0.05 -86.60
v -592.94 0.05 -85.18
v -510.62 0.05 -60.15
v -511.08 0.05 -58.73
v -508.95 0.05 -60.04
v -509.07 0.05 -58.54
v -507.13 0.05 -59.90
v -507.25 0.05 -58.40
f 10115 10116 10118
f 10115 10118 10117
o r622902602_footway
v -482.90 0.05 -140.65
v -482.42 0.05 -142.07
v -513.51 0.05 -150.96
v -513.03 0.05 -152.38
v -524.11 0.05 -154.53
v -523.59 0.05 -155.93
v -524.55 0.05 -155.12
v -524.07 0.05 -156.54
v -555.08 0.05 -165.07
v -554.62 0.05 -166.49
v -565.23 0.05 -168.37
v -564.77 0.05 -169.79
f 10123 10124 10126
f 10123 10126 10125
f 10127 10128 10130
f 10127 10130 10129
o r622902604_footway
v -494.52 0.05 -105.97
v -493.08 0.05 -105.53
v -483.37 0.05 -141.59
v -481.95 0.05 -141.13
v -482.36 0.05 -142.38
v -481.64 0.05 -141.06
o r622903475_footway
v -474.77 0.05 -162.00
v -473.35 0.05 -161.52
v -465.30 0.05 -190.47
v -463.88 0.05 -189.97
v -463.65 0.05 -193.14
v -462.37 0.05 -192.34
v -462.26 0.05 -195.30
v -460.84 0.05 -194.82
v -447.16 0.05 -241.53
v -445.72 0.05 -241.07
v -447.30 0.05 -242.51
v -445.80 0.05 -242.63
f 10141 10142 10144
f 10141 10144 10143
f 10145 10146 10148
f 10145 10148 10147
o r622903617_footway
v -559.77 0.05 -192.17
v -560.85 0.05 -191.13
v -557.87 0.05 -190.11
v -558.39 0.05 -188.71
v -517.99 0.05 -177.07
v -518.47 0.05 -175.65
v -516.89 0.05 -176.25
v -517.39 0.05 -174.83
v -506.22 0.05 -172.82
v -506.68 0.05 -171.40
v -495.07 0.05 -169.26
v -495.53 0.05 -167.84
v -473.83 0.05 -162.47
v -474.29 0.05 -161.05
f 10153 10154 10156
f 10153 10156 10155
f 10157 10158 10160
f 10157 10160 10159
o r622903618_footway
v -447.22 0.05 -242.23
v -445.88 0.05 -242.91
v -447.73 0.05 -243.26
v -446.53 0.05 -244.16
v -448.61 0.05 -244.09
v -447.73 0.05 -245.31
v -451.32 0.05 -245.81
v -450.74 0.05 -247.19
v -466.86 0.05 -251.87
v -466.28 0.05 -253.25
v -477.32 0.05 -256.91
v -476.84 0.05 -258.33
v -489.04 0.05 -259.34
v -488.64 0.05 -260.78
v -501.81 0.05 -263.72
v -501.31 0.05 -265.14
v -504.94 0.05 -265.02
v -504.22 0.05 -266.34
v -509.94 0.05 -268.12
v -509.40 0.05 -269.52
v -529.39 0.05 -274.32
v -528.93 0.05 -275.74
v -530.46 0.05 -274.66
v -530.00 0.05 -276.08
f 10167 10168 10170
f 10167 10170 10169
f 10171 10172 10174
f 10171 10174 10173
f 10175 10176 10178
f 10175 10178 10177
f 10179 10180 10182
f 10179 10182 10181
f 10183 10184 10186
f 10183 10186 10185
o r622903949_footway
v -440.89 0.05 -266.99
v -439.47 0.05 -266.53
v -438.75 0.05 -273.54
v -437.33 0.05 -273.08
v -432.89 0.05 -291.56
v -431.45 0.05 -291.14
v -431.71 0.05 -298.10
v -430.27 0.05 -297.68
v -425.95 0.05 -314.86
v -424.53 0.05 -314.40
v -425.91 0.05 -316.24
v -424.49 0.05 -315.78
v -415.67 0.05 -347.12
v -414.29 0.05 -346.56
v -413.28 0.05 -346.77
v -412.48 0.05 -345.51
v -412.81 0.05 -348.89
v -411.37 0.05 -348.45
f 10191 10192 10194
f 10191 10194 10193
f 10195 10196 10198
f 10195 10198 10197
f 10199 10200 10202
f 10199 10202 10201
o r622903950_footway
v -499.54 0.05 -376.22
v -500.92 0.05 -376.82
v -500.01 0.05 -375.15
v -501.43 0.05 -375.63
v -510.36 0.05 -343.66
v -511.78 0.05 -344.12
v -511.84 0.05 -338.72
v -513.28 0.05 -339.16
v -512.63 0.05 -336.08
v -514.05 0.05 -336.56
v -519.06 0.05 -317.07
v -520.46 0.05 -317.63
v -521.31 0.05 -314.59
v -522.73 0.05 -315.11
v -528.00 0.05 -292.36
v -529.44 0.05 -292.78
v -528.15 0.05 -291.52
v -529.65 0.05 -291.42
v -527.94 0.05 -290.90
v -529.24 0.05 -290.16
v -527.49 0.05 -290.34
v -528.27 0.05 -289.06
v -525.57 0.05 -289.53
v -526.15 0.05 -288.15
f 10209 10210 10212
f 10209 10212 10211
f 10213 10214 10216
f 10213 10216 10215
f 10217 10218 10220
f 10217 10220 10219
f 10221 10222 10224
f 10221 10224 10223
f 10225 10226 10228
f 10225 10228 10227
o r622903951_footway
v -412.71 0.05 -348.25
v -411.47 0.05 -349.09
v -413.93 0.05 -350.08
v -412.85 0.05 -351.12
v -415.04 0.05 -350.80
v -414.52 0.05 -352.20
v -431.91 0.05 -356.69
v -431.41 0.05 -358.11
v -436.83 0.05 -358.52
v -436.39 0.05 -359.96
v -455.31 0.05 -363.96
v -454.97 0.05 -365.42
v -468.40 0.05 -365.86
v -468.06 0.05 -367.32
v -478.65 0.05 -369.39
v -478.17 0.05 -370.81
v -496.63 0.05 -375.24
v -496.17 0.05 -376.66
v -498.96 0.05 -376.00
v -498.74 0.05 -377.48
v -500.11 0.05 -375.78
v -500.35 0.05 -377.26
f 10233 10234 10236
f 10233 10236 10235
f 10237 10238 10240
f 10237 10240 10239
f 10241 10242 10244
f 10241 10244 10243
f 10245 10246 10248
f 10245 10248 10247
o r622905433_footway
v -495.85 0.05 -397.49
v -496.29 0.05 -396.05
v -493.44 0.05 -396.73
v -493.90 0.05 -395.31
v -456.58 0.05 -384.63
v -457.22 0.05 -383.27
v -458.01 0.05 -379.94
v -458.63 0.05 -378.58
v -421.31 0.05 -368.87
v -421.75 0.05 -367.43
v -408.79 0.05 -365.04
v -409.23 0.05 -363.60
f 10255 10256 10258
f 10255 10258 10257
f 10259 10260 10262
f 10259 10262 10261
o r622905434_footway
v -462.69 0.05 -481.22
v -464.07 0.05 -481.80
v -464.34 0.05 -477.36
v -465.76 0.05 -477.84
v -471.71 0.05 -454.08
v -473.13 0.05 -454.54
v -474.15 0.05 -446.91
v -475.59 0.05 -447.35
v -476.79 0.05 -437.74
v -478.23 0.05 -438.18
v -477.79 0.05 -434.95
v -479.21 0.05 -435.45
v -478.55 0.05 -432.79
v -479.97 0.05 -433.29
v -478.77 0.05 -432.20
v -480.25 0.05 -432.48
v -479.38 0.05 -428.44
v -480.84 0.05 -428.76
v -480.12 0.05 -426.04
v -481.54 0.05 -426.52
v -482.10 0.05 -420.52
v -483.52 0.05 -421.04
v -483.01 0.05 -418.06
v -484.39 0.05 -418.64
v -484.94 0.05 -413.72
v -486.26 0.05 -414.44
v -488.11 0.05 -408.58
v -489.41 0.05 -409.34
v -489.65 0.05 -405.68
v -491.01 0.05 -406.30
v -492.03 0.05 -400.04
v -493.45 0.05 -400.52
v -492.92 0.05 -396.00
v -494.42 0.05 -396.04
v -492.28 0.05 -390.12
v -493.78 0.05 -389.96
f 10267 10268 10270
f 10267 10270 10269
f 10271 10272 10274
f 10271 10274 10273
f 10275 10276 10278
f 10275 10278 10277
f 10279 10280 10282
f 10279 10282 10281
f 10283 10284 10286
f 10283 10286 10285
f 10287 10288 10290
f 10287 10290 10289
f 10291 10292 10294
f 10291 10294 10293
f 10295 10296 10298
f 10295 10298 10297
o r622905435_footway
v -409.72 0.05 -364.56
v -408.30 0.05 -364.08
v -409.01 0.05 -366.69
v -407.59 0.05 -366.21
v -396.24 0.05 -405.01
v -394.82 0.05 -404.51
v -394.23 0.05 -407.77
v -393.03 0.05 -406.87
v -391.68 0.05 -411.14
v -390.56 0.05 -410.16
v -390.78 0.05 -411.64
v -389.36 0.05 -411.14
v -378.43 0.05 -448.69
v -377.01 0.05 -448.23
v -378.43 0.05 -450.03
v -376.93 0.05 -450.15
v -378.68 0.05 -451.32
v -377.26 0.05 -451.80
v -379.32 0.05 -452.65
v -377.96 0.05 -453.29
f 10303 10304 10306
f 10303 10306 10305
f 10307 10308 10310
f 10307 10310 10309
f 10311 10312 10314
f 10311 10314 10313
f 10315 10316 10318
f 10315 10318 10317
o r622909766_footway
v -243.71 0.05 -521.33
v -245.13 0.05 -521.79
v -263.05 0.05 -460.68
v -264.47 0.05 -461.14
v -271.64 0.05 -435.71
v -273.06 0.05 -436.19
o r622909767_footway
v -272.57 0.05 -435.23
v -272.13 0.05 -436.67
v -356.91 0.05 -461.75
v -356.47 0.05 -463.19
o r622909769_footway
v -277.22 0.05 -416.70
v -278.66 0.05 -417.14
v -288.07 0.05 -381.23
v -289.49 0.05 -381.69
v -290.07 0.05 -376.22
v -291.45 0.05 -376.78
v -291.30 0.05 -373.28
v -292.72 0.05 -373.78
v -304.50 0.05 -335.02
v -305.92 0.05 -335.50
f 10333 10334 10336
f 10333 10336 10335
o r622909770_footway
v -388.48 0.05 -360.56
v -387.46 0.05 -361.66
v -389.87 0.05 -361.85
v -388.71 0.05 -362.81
v -390.66 0.05 -363.23
v -389.26 0.05 -363.75
v -390.96 0.05 -365.05
v -389.50 0.05 -364.71
v -387.68 0.05 -376.68
v -386.28 0.05 -376.12
v -384.75 0.05 -380.72
v -383.45 0.05 -379.98
v -379.09 0.05 -391.82
v -377.73 0.05 -391.18
v -375.44 0.05 -400.53
v -374.06 0.05 -399.95
v -374.19 0.05 -403.31
v -372.79 0.05 -402.75
v -372.79 0.05 -407.14
v -371.39 0.05 -406.62
v -372.40 0.05 -408.05
v -370.98 0.05 -407.59
v -370.73 0.05 -413.55
v -369.29 0.05 -413.11
v -368.52 0.05 -420.77
v -367.08 0.05 -420.33
v -362.18 0.05 -441.63
v -360.76 0.05 -441.15
v -360.01 0.05 -443.89
v -360.43 0.05 -442.45
v -277.71 0.05 -417.63
v -278.17 0.05 -416.21
f 10343 10344 10346
f 10343 10346 10345
f 10347 10348 10350
f 10347 10350 10349
f 10351 10352 10354
f 10351 10354 10353
f 10355 10356 10358
f 10355 10358 10357
f 10359 10360 10362
f 10359 10362 10361
f 10363 10364 10366
f 10363 10366 10365
f 10367 10368 10370
f 10367 10370 10369
o r622909771_footway
v -305.43 0.05 -334.54
v -304.99 0.05 -335.98
v -388.19 0.05 -360.39
v -387.75 0.05 -361.83
o r622909772_footway
v -339.32 0.05 -231.56
v -337.94 0.05 -230.98
v -338.18 0.05 -234.26
v -336.76 0.05 -233.78
v -325.13 0.05 -274.03
v -323.71 0.05 -273.57
o r622909773_footway
v -395.83 0.05 -341.97
v -397.25 0.05 -342.47
v -409.12 0.05 -303.55
v -410.54 0.05 -304.03
v -409.00 0.05 -302.48
v -410.50 0.05 -302.40
v -408.66 0.05 -295.92
v -410.12 0.05 -296.30
v -420.34 0.05 -259.27
v -421.76 0.05 -259.73
f 10385 10386 10388
f 10385 10388 10387
o r622909774_footway
v -311.91 0.05 -313.99
v -310.89 0.05 -315.09
v -312.70 0.05 -314.82
v -312.22 0.05 -316.24
v -395.19 0.05 -341.63
v -394.73 0.05 -343.05
v -396.48 0.05 -341.47
v -396.60 0.05 -342.97
v -398.74 0.05 -341.29
v -398.86 0.05 -342.79
f 10395 10396 10398
f 10395 10398 10397
o r622909775_footway
v -420.45 0.05 -259.96
v -421.65 0.05 -259.04
v -420.00 0.05 -259.15
v -420.48 0.05 -257.73
v -338.39 0.05 -231.98
v -338.87 0.05 -230.56
o r622910493_footway
v -373.15 0.05 -126.96
v -371.73 0.05 -126.50
v -372.58 0.05 -128.71
v -371.16 0.05 -128.25
v -345.89 0.05 -211.90
v -344.47 0.05 -211.44
o r622910494_footway
v -431.75 0.05 -240.38
v -432.83 0.05 -239.34
v -428.19 0.05 -236.11
v -429.63 0.05 -236.49
v -454.20 0.05 -155.30
v -455.62 0.05 -155.76
o r622910495_footway
v -457.83 0.05 -157.27
v -458.29 0.05 -155.85
v -454.68 0.05 -156.24
v -455.14 0.05 -154.82
v -371.64 0.05 -129.19
v -372.10 0.05 -127.77
v -369.81 0.05 -128.59
v -370.27 0.05 -127.17
f 10423 10424 10426
f 10423 10426 10425
o r622910496_footway
v -372.75 0.05 -219.67
v -372.29 0.05 -221.09
v -379.30 0.05 -221.78
v -379.18 0.05 -223.28
v -382.58 0.05 -220.47
v -382.18 0.05 -221.91
v -429.14 0.05 -235.59
v -428.68 0.05 -237.01
f 10431 10432 10434
f 10431 10434 10433
o r622911126_footway
v -400.95 0.05 -112.47
v -402.17 0.05 -111.59
v -400.95 0.05 -111.89
v -400.87 0.05 -110.39
v -390.29 0.05 -113.37
v -390.45 0.05 -111.87
v -377.90 0.05 -109.39
v -378.40 0.05 -107.97
v -377.15 0.05 -108.02
v -378.59 0.05 -108.40
v -379.55 0.05 -100.57
v -380.97 0.05 -101.03
f 10439 10440 10442
f 10439 10442 10441
f 10443 10444 10446
f 10443 10446 10445
o r622911127_footway
v -438.52 0.05 -35.46
v -438.06 0.05 -36.88
v -460.97 0.05 -42.77
v -460.51 0.05 -44.19
o r622911128_footway
v -391.29 0.05 -64.27
v -392.71 0.05 -64.73
v -398.52 0.05 -41.92
v -399.96 0.05 -42.34
v -397.84 0.05 -41.81
v -399.32 0.05 -42.03
v -399.23 0.05 -37.40
v -400.57 0.05 -38.08
v -399.89 0.05 -37.69
v -401.29 0.05 -38.23
v -403.82 0.05 -25.55
v -405.24 0.05 -26.01
v -404.01 0.05 -24.97
v -405.43 0.05 -25.43
f 10455 10456 10458
f 10455 10458 10457
f 10459 10460 10462
f 10459 10462 10461
o r622911129_footway
v -479.60 0.05 -80.75
v -478.18 0.05 -80.29
v -462.54 0.05 -134.22
v -461.12 0.05 -133.76
v -461.55 0.05 -135.33
v -460.49 0.05 -134.27
o r622914198_footway
v -411.11 0.05 -3.70
v -410.65 0.05 -5.12
v -412.68 0.05 -4.21
v -412.22 0.05 -5.63
v -435.98 0.05 -11.70
v -435.52 0.05 -13.12
v -460.31 0.05 -19.54
v -459.85 0.05 -20.96
v -470.48 0.05 -22.81
v -470.02 0.05 -24.23
v -489.68 0.05 -29.00
v -489.22 0.05 -30.42
f 10475 10476 10478
f 10475 10478 10477
f 10479 10480 10482
f 10479 10482 10481
o r622914199_footway
v -441.08 0.05 81.18
v -440.00 0.05 82.22
v -438.36 0.05 78.34
v -437.28 0.05 79.38
v -437.24 0.05 77.25
v -435.82 0.05 77.75
v -426.97 0.05 46.51
v -425.55 0.05 46.99
v -421.84 0.05 31.18
v -420.42 0.05 31.66
v -417.82 0.05 19.13
v -416.40 0.05 19.61
v -416.33 0.05 14.79
v -414.83 0.05 14.75
v -418.00 0.05 14.20
v -416.50 0.05 14.16
v -416.29 0.05 9.09
v -415.11 0.05 10.03
v -414.70 0.05 9.77
v -413.36 0.05 10.45
v -410.95 0.05 -1.45
v -409.49 0.05 -1.13
v -411.61 0.05 -4.25
v -410.15 0.05 -4.57
f 10487 10488 10490
f 10487 10490 10489
f 10491 10492 10494
f 10491 10494 10493
f 10495 10496 10498
f 10495 10498 10497
f 10499 10500 10502
f 10499 10502 10501
f 10503 10504 10506
f 10503 10506 10505
o r622914462_footway
v -472.84 0.05 179.84
v -471.42 0.05 180.30
v -455.09 0.05 124.17
v -453.67 0.05 124.63
o r622914466_footway
v -446.20 0.05 99.84
v -445.70 0.05 98.42
v -502.77 0.05 80.21
v -502.27 0.05 78.79
o r622914467_footway
v -516.35 0.05 165.27
v -516.81 0.05 166.69
v -498.71 0.05 171.08
v -499.17 0.05 172.50
v -472.11 0.05 179.85
v -472.55 0.05 181.29
v -472.83 0.05 179.79
v -471.43 0.05 180.35
f 10519 10520 10522
f 10519 10522 10521
o r622914633_footway
v -507.31 0.05 286.99
v -505.89 0.05 287.45
v -506.94 0.05 285.99
v -505.76 0.05 286.91
v -504.32 0.05 283.11
v -502.90 0.05 283.61
v -487.50 0.05 231.97
v -486.08 0.05 232.43
v -477.70 0.05 201.99
v -476.28 0.05 202.45
f 10527 10528 10530
f 10527 10530 10529
o r622914635_footway
v -474.58 0.05 203.81
v -474.10 0.05 202.39
v -477.23 0.05 202.93
v -476.75 0.05 201.51
v -479.10 0.05 202.31
v -478.64 0.05 200.89
v -561.71 0.05 175.13
v -561.25 0.05 173.71
f 10537 10538 10540
f 10537 10540 10539
o r622914636_footway
v -589.72 0.05 260.87
v -590.18 0.05 262.29
v -533.78 0.05 278.65
v -534.18 0.05 280.09
v -530.23 0.05 277.58
v -530.61 0.05 279.04
v -506.11 0.05 285.74
v -506.59 0.05 287.16
f 10545 10546 10548
f 10545 10548 10547
o r622914901_footway
v -594.07 0.05 276.25
v -594.53 0.05 277.67
v -512.00 0.05 302.64
v -512.46 0.05 304.06
o r622914905_footway
v -511.56 0.05 303.02
v -512.90 0.05 303.68
v -510.20 0.05 306.21
v -511.64 0.05 305.83
v -521.60 0.05 341.54
v -523.00 0.05 341.02
v -523.91 0.05 343.40
v -525.31 0.05 342.86
v -531.08 0.05 365.78
v -532.54 0.05 365.40
v -530.36 0.05 368.53
v -531.80 0.05 368.15
v -536.73 0.05 386.75
v -538.15 0.05 386.25
f 10557 10558 10560
f 10557 10560 10559
f 10561 10562 10564
f 10561 10564 10563
o r622914961_footway
v -516.57 0.05 392.80
v -517.93 0.05 393.44
v -516.14 0.05 394.25
v -516.66 0.05 395.65
v -481.10 0.05 405.76
v -481.56 0.05 407.18
v -437.51 0.05 420.05
v -437.91 0.05 421.49
v -435.96 0.05 418.82
v -435.18 0.05 420.10
f 10571 10572 10574
f 10571 10574 10573
o r622914962_footway
v -436.27 0.05 419.20
v -434.87 0.05 419.72
v -431.17 0.05 405.29
v -429.71 0.05 405.65
v -429.84 0.05 393.61
v -428.38 0.05 393.93
v -426.18 0.05 382.61
v -424.84 0.05 383.27
v -418.13 0.05 369.53
v -416.81 0.05 370.23
v -416.46 0.05 364.53
v -415.04 0.05 365.01
v -407.80 0.05 338.86
v -406.36 0.05 339.30
v -408.17 0.05 338.19
v -407.01 0.05 337.25
v -409.38 0.05 337.40
v -408.52 0.05 336.16
f 10581 10582 10584
f 10581 10584 10583
f 10585 10586 10588
f 10585 10588 10587
f 10589 10590 10592
f 10589 10592 10591
o r622914963_footway
v -489.52 0.05 311.62
v -490.32 0.05 310.36
v -490.76 0.05 312.26
v -492.14 0.05 311.68
v -494.26 0.05 323.43
v -495.72 0.05 323.11
v -496.19 0.05 336.46
v -497.67 0.05 336.18
v -497.62 0.05 340.91
v -499.04 0.05 340.45
v -507.63 0.05 372.31
v -509.03 0.05 371.75
v -510.34 0.05 373.11
v -511.72 0.05 372.53
v -516.53 0.05 393.34
v -517.97 0.05 392.90
f 10599 10600 10602
f 10599 10602 10601
f 10603 10604 10606
f 10603 10606 10605
f 10607 10608 10610
f 10607 10610 10609
o r622914964_footway
v -409.18 0.05 337.49
v -408.72 0.05 336.07
v -442.28 0.05 326.96
v -441.82 0.05 325.54
v -490.15 0.05 311.70
v -489.69 0.05 310.28
o r622915228_footway
v -402.74 0.05 320.79
v -401.32 0.05 321.27
v -396.59 0.05 302.43
v -395.13 0.05 302.77
v -397.30 0.05 297.22
v -395.86 0.05 297.62
v -383.53 0.05 256.29
v -382.13 0.05 256.83
v -380.27 0.05 252.43
v -378.89 0.05 253.01
v -374.81 0.05 235.70
v -373.35 0.05 236.02
v -376.14 0.05 235.19
v -375.22 0.05 234.01
f 10621 10622 10624
f 10621 10624 10623
f 10625 10626 10628
f 10625 10628 10627
o r622915229_footway
v -470.70 0.05 249.22
v -472.12 0.05 248.76
v -485.40 0.05 294.18
v -486.82 0.05 293.72
o r622915230_footway
v -375.91 0.05 235.31
v -375.45 0.05 233.89
v -416.59 0.05 221.99
v -416.13 0.05 220.57
o r622915231_footway
v -485.57 0.05 293.43
v -486.65 0.05 294.47
v -484.89 0.05 294.24
v -485.37 0.05 295.66
v -403.28 0.05 320.79
v -403.72 0.05 322.23
v -402.26 0.05 320.32
v -401.80 0.05 321.74
f 10643 10644 10646
f 10643 10646 10645
o r623183384_footway
v -340.27 0.05 132.63
v -339.81 0.05 131.21
v -425.84 0.05 105.06
v -425.38 0.05 103.64
o r623183386_footway
v -452.57 0.05 185.55
v -453.03 0.05 186.97
v -450.93 0.05 186.08
v -451.39 0.05 187.50
v -372.93 0.05 211.29
v -373.39 0.05 212.71
o r623184144_footway
v -322.63 0.05 72.62
v -324.07 0.05 72.18
v -323.21 0.05 74.37
v -324.71 0.05 74.31
v -322.72 0.05 75.38
v -324.18 0.05 75.02
v -325.85 0.05 85.07
v -327.27 0.05 84.61
v -334.07 0.05 110.47
v -335.49 0.05 109.99
v -335.53 0.05 113.37
v -336.87 0.05 112.69
f 10661 10662 10664
f 10661 10664 10663
f 10665 10666 10668
f 10665 10668 10667
o r623184145_footway
v -405.20 0.05 39.75
v -403.78 0.05 40.21
v -392.94 0.05 1.83
v -391.54 0.05 2.35
v -390.53 0.05 0.77
v -390.09 0.05 2.21
o r623184146_footway
v -336.44 0.05 113.74
v -335.96 0.05 112.32
v -346.24 0.05 110.42
v -345.76 0.05 109.00
v -356.89 0.05 106.82
v -356.57 0.05 105.36
v -358.80 0.05 107.61
v -358.36 0.05 106.17
v -418.87 0.05 88.03
v -418.41 0.05 86.61
f 10679 10680 10682
f 10679 10682 10681
o r623184147_footway
v -390.08 0.05 0.78
v -390.54 0.05 2.20
v -309.90 0.05 27.23
v -310.38 0.05 28.65
v -308.11 0.05 28.10
v -308.77 0.05 29.44
v -306.76 0.05 28.77
v -307.42 0.05 30.11
f 10689 10690 10692
f 10689 10692 10691
o r623185032_footway
v -302.76 0.05 9.20
v -301.34 0.05 9.68
v -302.16 0.05 7.45
v -300.74 0.05 7.93
v -299.47 0.05 -0.49
v -298.07 0.05 0.03
v -294.10 0.05 -14.62
v -292.68 0.05 -14.12
v -290.43 0.05 -25.72
v -289.01 0.05 -25.26
v -289.47 0.05 -28.70
v -288.03 0.05 -28.28
v -288.59 0.05 -31.95
v -287.15 0.05 -31.53
v -287.22 0.05 -36.46
v -285.78 0.05 -36.02
v -275.44 0.05 -75.22
v -274.00 0.05 -74.78
v -274.92 0.05 -76.35
v -273.56 0.05 -75.73
f 10697 10698 10700
f 10697 10700 10699
f 10701 10702 10704
f 10701 10704 10703
f 10705 10706 10708
f 10705 10708 10707
f 10709 10710 10712
f 10709 10712 10711
o r623185033_footway
v -356.49 0.05 -101.77
v -357.91 0.05 -102.23
v -370.62 0.05 -58.29
v -372.04 0.05 -58.75
v -383.56 0.05 -18.47
v -384.98 0.05 -18.93
o r623185034_footway
v -274.03 0.05 -73.27
v -272.97 0.05 -74.33
v -274.96 0.05 -74.29
v -274.48 0.05 -75.71
v -357.43 0.05 -101.29
v -356.97 0.05 -102.71
o r623185035_footway
v -384.04 0.05 -19.42
v -384.50 0.05 -17.98
v -383.66 0.05 -19.29
v -384.12 0.05 -17.87
v -302.63 0.05 6.80
v -303.09 0.05 8.22
v -301.35 0.05 6.95
v -301.55 0.05 8.43
v -300.12 0.05 7.11
v -300.32 0.05 8.59
f 10729 10730 10732
f 10729 10732 10731
o r623186457_footway
v -304.29 0.05 -108.63
v -304.75 0.05 -107.21
v -293.39 0.05 -105.04
v -294.23 0.05 -103.80
v -294.45 0.05 -102.12
v -295.09 0.05 -100.76
v -270.42 0.05 -94.18
v -270.80 0.05 -92.72
v -267.91 0.05 -95.00
v -267.49 0.05 -93.56
f 10739 10740 10742
f 10739 10742 10741
o r623186467_footway
v -268.41 0.05 -94.51
v -266.99 0.05 -94.05
v -241.97 0.05 -177.93
v -240.55 0.05 -177.47
o r623186469_footway
v -323.00 0.05 -204.30
v -324.42 0.05 -204.80
v -323.25 0.05 -203.60
v -324.67 0.05 -204.08
v -350.49 0.05 -122.98
v -351.91 0.05 -123.46
v -351.00 0.05 -121.48
v -352.42 0.05 -121.96
f 10753 10754 10756
f 10753 10756 10755
o r623191091_footway
v -236.01 0.05 -199.08
v -234.57 0.05 -198.62
v -225.61 0.05 -232.03
v -224.17 0.05 -231.57
v -223.68 0.05 -238.17
v -222.24 0.05 -237.71
v -216.72 0.05 -260.29
v -215.28 0.05 -259.83
v -210.29 0.05 -280.73
v -208.85 0.05 -280.29
v -210.26 0.05 -280.18
v -209.06 0.05 -281.10
v -210.62 0.05 -280.65
v -209.44 0.05 -281.57
f 10761 10762 10764
f 10761 10764 10763
f 10765 10766 10768
f 10765 10768 10767
o r623191094_footway
v -289.26 0.05 -306.68
v -289.64 0.05 -308.12
v -290.34 0.05 -306.73
v -291.76 0.05 -307.21
v -316.34 0.05 -226.16
v -317.78 0.05 -226.62
v -316.11 0.05 -225.32
v -317.59 0.05 -225.06
f 10775 10776 10778
f 10775 10778 10777
o r623191098_footway
v -210.27 0.05 -280.40
v -209.79 0.05 -281.82
v -213.56 0.05 -281.49
v -213.08 0.05 -282.91
v -289.69 0.05 -306.69
v -289.21 0.05 -308.11
o r623196210_footway
v -258.03 0.05 -411.41
v -258.41 0.05 -409.95
v -257.57 0.05 -411.29
v -258.01 0.05 -409.85
v -174.72 0.05 -385.91
v -175.16 0.05 -384.47
v -172.75 0.05 -385.43
v -173.11 0.05 -383.97
f 10789 10790 10792
f 10789 10792 10791
o r623196212_footway
v -201.01 0.05 -301.09
v -201.77 0.05 -302.39
v -201.74 0.05 -300.67
v -202.50 0.05 -301.95
v -202.85 0.05 -300.28
v -202.41 0.05 -301.72
v -233.98 0.05 -310.23
v -233.52 0.05 -311.65
v -237.60 0.05 -311.39
v -237.14 0.05 -312.81
v -241.03 0.05 -312.48
v -240.57 0.05 -313.90
v -250.77 0.05 -315.58
v -250.31 0.05 -317.00
v -253.47 0.05 -316.44
v -253.01 0.05 -317.86
v -257.50 0.05 -317.72
v -257.04 0.05 -319.14
v -283.07 0.05 -325.85
v -282.57 0.05 -327.27
v -284.83 0.05 -327.23
v -283.89 0.05 -328.39
f 10797 10798 10800
f 10797 10800 10799
f 10801 10802 10804
f 10801 10804 10803
f 10805 10806 10808
f 10805 10808 10807
f 10809 10810 10812
f 10809 10812 10811
o r623196215_footway
v -173.54 0.05 -387.85
v -175.00 0.05 -388.19
v -174.23 0.05 -384.96
v -175.65 0.05 -385.42
v -187.11 0.05 -345.66
v -188.53 0.05 -346.12
v -188.33 0.05 -342.05
v -189.75 0.05 -342.51
v -189.00 0.05 -339.87
v -190.42 0.05 -340.33
v -190.52 0.05 -335.36
v -191.94 0.05 -335.82
v -191.64 0.05 -331.56
v -193.08 0.05 -331.98
v -199.21 0.05 -305.95
v -200.65 0.05 -306.37
v -200.16 0.05 -302.69
v -201.58 0.05 -303.17
v -200.70 0.05 -301.44
v -202.08 0.05 -302.04
f 10819 10820 10822
f 10819 10822 10821
f 10823 10824 10826
f 10823 10826 10825
f 10827 10828 10830
f 10827 10830 10829
f 10831 10832 10834
f 10831 10834 10833
o r623196218_footway
v -285.11 0.05 -327.88
v -283.61 0.05 -327.74
v -284.99 0.05 -329.02
v -283.53 0.05 -328.64
v -283.96 0.05 -332.25
v -282.54 0.05 -331.79
v -283.18 0.05 -334.70
v -281.74 0.05 -334.26
v -279.30 0.05 -347.17
v -277.86 0.05 -346.73
v -277.65 0.05 -352.30
v -276.21 0.05 -351.84
v -275.11 0.05 -360.47
v -273.67 0.05 -360.03
v -273.12 0.05 -366.75
v -271.70 0.05 -366.29
v -272.38 0.05 -368.86
v -270.94 0.05 -368.40
v -271.82 0.05 -370.86
v -270.40 0.05 -370.40
v -258.93 0.05 -410.91
v -257.51 0.05 -410.45
f 10839 10840 10842
f 10839 10842 10841
f 10843 10844 10846
f 10843 10846 10845
f 10847 10848 10850
f 10847 10850 10849
f 10851 10852 10854
f 10851 10854 10853
o r623198276_footway
v -166.30 0.05 -403.50
v -166.60 0.05 -404.96
v -168.08 0.05 -403.22
v -167.64 0.05 -404.66
v -197.83 0.05 -413.03
v -197.37 0.05 -414.45
v -203.45 0.05 -414.73
v -203.01 0.05 -416.17
v -205.58 0.05 -415.39
v -205.14 0.05 -416.83
v -214.69 0.05 -418.19
v -214.27 0.05 -419.63
v -222.69 0.05 -420.46
v -222.21 0.05 -421.88
v -250.34 0.05 -430.28
v -249.80 0.05 -431.68
v -251.44 0.05 -431.92
v -250.12 0.05 -432.64
f 10861 10862 10864
f 10861 10864 10863
f 10865 10866 10868
f 10865 10868 10867
f 10869 10870 10872
f 10869 10872 10871
o r623198277_footway
v -140.93 0.05 -487.23
v -142.35 0.05 -487.69
v -153.46 0.05 -447.92
v -154.90 0.05 -448.38
v -154.73 0.05 -443.40
v -156.17 0.05 -443.80
v -154.82 0.05 -443.07
v -156.26 0.05 -443.51
v -159.40 0.05 -428.45
v -160.84 0.05 -428.89
v -164.97 0.05 -410.50
v -166.41 0.05 -410.94
v -167.16 0.05 -403.67
v -168.56 0.05 -404.21
v -168.13 0.05 -402.34
v -169.33 0.05 -403.24
f 10879 10880 10882
f 10879 10882 10881
f 10883 10884 10886
f 10883 10886 10885
f 10887 10888 10890
f 10887 10890 10889
o r623198279_footway
v -251.53 0.05 -432.28
v -250.03 0.05 -432.28
v -251.51 0.05 -433.54
v -250.05 0.05 -433.16
v -250.24 0.05 -437.25
v -248.82 0.05 -436.79
v -241.01 0.05 -466.18
v -239.59 0.05 -465.72
v -240.16 0.05 -468.88
v -238.74 0.05 -468.42
v -239.62 0.05 -470.59
v -238.18 0.05 -470.15
v -238.47 0.05 -474.28
v -237.05 0.05 -473.80
v -224.87 0.05 -514.76
v -223.45 0.05 -514.28
f 10895 10896 10898
f 10895 10898 10897
f 10899 10900 10902
f 10899 10902 10901
f 10903 10904 10906
f 10903 10906 10905
o r623923814_footway
v -238.43 0.05 165.68
v -237.97 0.05 164.26
v -239.69 0.05 165.28
v -239.23 0.05 163.86
v -321.64 0.05 138.69
v -321.18 0.05 137.27
v -322.06 0.05 138.69
v -322.00 0.05 137.19
v -323.45 0.05 138.64
v -323.39 0.05 137.14
f 10911 10912 10914
f 10911 10914 10913
o r623923815_footway
v -346.66 0.05 220.35
v -347.12 0.05 221.77
v -317.94 0.05 229.56
v -318.42 0.05 230.98
v -308.87 0.05 233.30
v -309.35 0.05 234.72
v -265.25 0.05 247.34
v -265.71 0.05 248.76
f 10921 10922 10924
f 10921 10924 10923
o r623923816_footway
v -334.17 0.05 182.90
v -335.59 0.05 182.42
v -334.90 0.05 184.86
v -335.98 0.05 183.82
v -336.60 0.05 185.48
v -337.92 0.05 184.78
v -338.69 0.05 191.95
v -340.17 0.05 191.77
v -337.61 0.05 193.88
v -339.11 0.05 193.78
v -339.18 0.05 198.46
v -340.44 0.05 197.64
v -341.03 0.05 199.26
v -342.43 0.05 198.70
v -347.75 0.05 220.06
v -349.21 0.05 219.72
v -346.45 0.05 220.46
v -347.33 0.05 221.66
f 10929 10930 10932
f 10929 10932 10931
f 10933 10934 10936
f 10933 10936 10935
f 10937 10938 10940
f 10937 10940 10939
o r623927324_footway
v -242.74 0.05 145.60
v -243.20 0.05 147.02
v -237.86 0.05 147.20
v -238.14 0.05 148.68
v -233.54 0.05 147.43
v -233.16 0.05 148.89
v -232.02 0.05 145.81
v -230.82 0.05 146.71
v -231.67 0.05 144.74
v -230.23 0.05 145.20
v -219.57 0.05 106.10
v -218.13 0.05 106.54
v -218.73 0.05 103.41
v -217.29 0.05 103.87
v -217.70 0.05 100.16
v -216.26 0.05 100.62
v -205.80 0.05 62.31
v -204.36 0.05 62.75
v -205.75 0.05 61.60
v -204.25 0.05 61.72
v -205.64 0.05 60.23
v -204.14 0.05 60.35
f 10947 10948 10950
f 10947 10950 10949
f 10951 10952 10954
f 10951 10954 10953
f 10955 10956 10958
f 10955 10958 10957
f 10959 10960 10962
f 10959 10962 10961
o r623927325_footway
v -301.96 0.05 79.79
v -303.36 0.05 79.27
v -302.58 0.05 81.16
v -303.50 0.05 79.98
v -303.79 0.05 81.33
v -304.43 0.05 79.97
v -304.22 0.05 81.71
v -305.64 0.05 81.23
v -315.54 0.05 116.12
v -316.96 0.05 115.66
v -315.99 0.05 117.39
v -317.49 0.05 117.39
v -315.53 0.05 120.24
v -317.01 0.05 120.48
v -315.26 0.05 121.96
v -316.74 0.05 122.20
f 10969 10970 10972
f 10969 10972 10971
f 10973 10974 10976
f 10973 10976 10975
f 10977 10978 10980
f 10977 10980 10979
o r623927326_footway
v -205.23 0.05 62.37
v -204.77 0.05 60.95
v -286.03 0.05 36.01
v -285.57 0.05 34.59
v -287.07 0.05 36.20
v -287.23 0.05 34.70
o r623927327_footway
v -316.04 0.05 119.65
v -316.50 0.05 121.07
v -243.88 0.05 143.45
v -244.38 0.05 144.87
v -242.31 0.05 145.95
v -243.63 0.05 146.67
o r623938214_footway
v -198.90 0.05 40.86
v -197.48 0.05 41.32
v -198.80 0.05 40.54
v -197.38 0.05 41.02
v -190.26 0.05 14.85
v -188.84 0.05 15.33
v -188.83 0.05 10.53
v -187.41 0.05 11.01
v -171.54 0.05 -41.38
v -170.12 0.05 -40.90
f 10997 10998 11000
f 10997 11000 10999
o r623938215_footway
v -252.81 0.05 -69.95
v -254.23 0.05 -70.43
v -253.40 0.05 -68.18
v -254.84 0.05 -68.62
v -265.28 0.05 -30.00
v -266.72 0.05 -30.44
v -266.88 0.05 -25.16
v -268.30 0.05 -25.62
v -268.98 0.05 -18.40
v -270.40 0.05 -18.86
v -279.55 0.05 13.48
v -280.97 0.05 13.02
v -279.69 0.05 14.81
v -281.17 0.05 14.63
v -280.24 0.05 19.24
v -281.72 0.05 19.06
f 11007 11008 11010
f 11007 11010 11009
f 11011 11012 11014
f 11011 11014 11013
f 11015 11016 11018
f 11015 11018 11017
o r623938216_footway
v -171.06 0.05 -40.43
v -170.60 0.05 -41.85
v -254.35 0.05 -67.69
v -253.89 0.05 -69.11
v -255.79 0.05 -68.09
v -255.39 0.05 -69.53
o r623938217_footway
v -280.20 0.05 14.01
v -280.66 0.05 15.43
v -198.39 0.05 40.47
v -198.85 0.05 41.89
v -198.34 0.05 40.36
v -198.04 0.05 41.82
o r623939551_footway
v -165.11 0.05 -61.58
v -163.67 0.05 -61.14
v -153.26 0.05 -100.39
v -151.82 0.05 -99.95
v -152.09 0.05 -104.13
v -150.67 0.05 -103.67
v -150.20 0.05 -109.94
v -148.78 0.05 -109.48
v -139.24 0.05 -144.41
v -137.82 0.05 -143.95
f 11035 11036 11038
f 11035 11038 11037
o r623939552_footway
v -220.84 0.05 -170.14
v -222.26 0.05 -170.64
v -223.09 0.05 -163.85
v -224.53 0.05 -164.29
v -233.99 0.05 -127.17
v -235.43 0.05 -127.61
v -246.72 0.05 -88.50
v -248.14 0.05 -88.96
v -247.81 0.05 -85.10
v -249.23 0.05 -85.56
f 11045 11046 11048
f 11045 11048 11047
o r623939553_footway
v -139.12 0.05 -143.72
v -137.94 0.05 -144.64
v -139.64 0.05 -144.61
v -139.18 0.05 -146.03
v -194.98 0.05 -161.42
v -194.52 0.05 -162.86
v -220.59 0.05 -170.15
v -220.13 0.05 -171.57
v -220.68 0.05 -170.00
v -221.24 0.05 -171.40
v -221.20 0.05 -169.73
v -221.90 0.05 -171.05
f 11055 11056 11058
f 11055 11058 11057
f 11059 11060 11062
f 11059 11062 11061
o r623939554_footway
v -250.44 0.05 -90.42
v -250.88 0.05 -88.98
v -247.20 0.05 -89.44
v -247.66 0.05 -88.02
v -164.16 0.05 -62.07
v -164.62 0.05 -60.65
o r623939964_footway
v -132.14 0.05 -164.91
v -130.72 0.05 -164.45
v -119.53 0.05 -203.43
v -118.11 0.05 -202.95
v -117.68 0.05 -208.34
v -116.28 0.05 -207.82
v -117.44 0.05 -209.02
v -116.00 0.05 -208.58
v -105.52 0.05 -247.37
v -104.08 0.05 -246.93
f 11073 11074 11076
f 11073 11076 11075
o r623939965_footway
v -186.25 0.05 -274.85
v -187.67 0.05 -275.31
v -186.75 0.05 -273.30
v -188.17 0.05 -273.76
v -199.05 0.05 -235.47
v -200.47 0.05 -235.93
o r623939966_footway
v -105.04 0.05 -246.44
v -104.56 0.05 -247.86
v -139.81 0.05 -258.26
v -139.33 0.05 -259.68
v -142.82 0.05 -259.30
v -142.34 0.05 -260.72
v -147.20 0.05 -260.81
v -146.72 0.05 -262.23
v -185.56 0.05 -273.82
v -185.08 0.05 -275.24
v -187.20 0.05 -274.37
v -186.72 0.05 -275.79
f 11089 11090 11092
f 11089 11092 11091
f 11093 11094 11096
f 11093 11096 11095
o r623939967_footway
v -213.12 0.05 -191.95
v -214.18 0.05 -190.89
v -212.73 0.05 -191.44
v -213.19 0.05 -190.02
v -131.20 0.05 -165.39
v -131.66 0.05 -163.97
o r623940816_footway
v -99.05 0.05 -268.24
v -97.63 0.05 -267.76
v -86.45 0.05 -306.22
v -85.03 0.05 -305.76
v -85.57 0.05 -309.13
v -84.13 0.05 -308.71
v -84.71 0.05 -312.16
v -83.29 0.05 -311.70
v -78.54 0.05 -330.79
v -77.12 0.05 -330.31
v -71.91 0.05 -350.77
v -70.49 0.05 -350.29
f 11107 11108 11110
f 11107 11110 11109
f 11111 11112 11114
f 11111 11114 11113
o r623940817_footway
v -151.59 0.05 -380.91
v -152.95 0.05 -381.53
v -152.92 0.05 -378.02
v -154.34 0.05 -378.50
v -165.62 0.05 -339.58
v -167.04 0.05 -340.04
v -166.91 0.05 -335.45
v -168.35 0.05 -335.89
v -167.72 0.05 -332.83
v -169.14 0.05 -333.29
v -180.28 0.05 -294.26
v -181.70 0.05 -294.72
f 11119 11120 11122
f 11119 11122 11121
f 11123 11124 11126
f 11123 11126 11125
o r623940818_footway
v -71.65 0.05 -349.93
v -70.75 0.05 -351.13
v -73.76 0.05 -351.59
v -73.28 0.05 -353.01
v -153.86 0.05 -377.55
v -153.40 0.05 -378.97
v -156.06 0.05 -378.35
v -155.54 0.05 -379.75
f 11131 11132 11134
f 11131 11134 11133
o r623940819_footway
v -180.58 0.05 -295.12
v -181.40 0.05 -293.86
v -178.55 0.05 -293.76
v -179.01 0.05 -292.34
v -98.12 0.05 -268.72
v -98.56 0.05 -267.28
o r623941324_footway
v -65.52 0.05 -370.50
v -64.10 0.05 -370.02
v -52.77 0.05 -408.92
v -51.35 0.05 -408.44
o r623941327_footway
v -119.40 0.05 -478.91
v -120.82 0.05 -479.41
v -130.10 0.05 -448.32
v -131.52 0.05 -448.80
v -131.78 0.05 -442.89
v -133.20 0.05 -443.35
v -132.56 0.05 -440.70
v -133.98 0.05 -441.18
v -133.84 0.05 -436.62
v -135.28 0.05 -437.08
v -133.88 0.05 -436.51
v -135.30 0.05 -436.99
v -135.92 0.05 -430.38
v -137.34 0.05 -430.84
v -146.33 0.05 -397.29
v -147.77 0.05 -397.75
f 11149 11150 11152
f 11149 11152 11151
f 11153 11154 11156
f 11153 11156 11155
f 11157 11158 11160
f 11157 11160 11159
o r623941333_footway
v -148.95 0.05 -398.86
v -149.37 0.05 -397.42
v -146.81 0.05 -398.23
v -147.29 0.05 -396.81
v -64.57 0.05 -370.97
v -65.05 0.05 -369.55
o r623943974_footway
v 89.47 0.05 -434.42
v 90.47 0.05 -433.30
v 90.31 0.05 -435.06
v 91.73 0.05 -434.56
v 103.57 0.05 -474.88
v 104.99 0.05 -474.40
v 112.03 0.05 -500.14
v 113.45 0.05 -499.66
v 116.80 0.05 -514.26
v 118.22 0.05 -513.78
f 11171 11172 11174
f 11171 11174 11173
o r623943976_footway
v -10.52 0.05 -464.67
v -10.92 0.05 -463.23
v 32.85 0.05 -452.43
v 32.45 0.05 -450.99
v 37.85 0.05 -451.02
v 37.45 0.05 -449.58
v 42.38 0.05 -449.73
v 41.92 0.05 -448.31
v 55.28 0.05 -445.45
v 54.80 0.05 -444.03
v 59.14 0.05 -444.15
v 58.66 0.05 -442.73
v 61.35 0.05 -443.40
v 60.87 0.05 -441.98
v 88.86 0.05 -434.32
v 88.42 0.05 -432.88
v 89.83 0.05 -434.60
v 90.11 0.05 -433.12
f 11181 11182 11184
f 11181 11184 11183
f 11185 11186 11188
f 11185 11188 11187
f 11189 11190 11192
f 11189 11192 11191
o r623944454_footway
v 56.54 0.05 -330.48
v 57.96 0.05 -330.02
v 82.71 0.05 -411.80
v 84.15 0.05 -411.36
v 82.39 0.05 -412.65
v 83.69 0.05 -413.41
v 81.42 0.05 -413.56
v 82.48 0.05 -414.64
f 11199 11200 11202
f 11199 11202 11201
o r623944455_footway
v -16.85 0.05 -445.25
v -16.37 0.05 -446.67
v -18.25 0.05 -445.80
v -18.47 0.05 -447.28
v -17.95 0.05 -445.43
v -19.37 0.05 -445.89
v -43.01 0.05 -367.48
v -44.43 0.05 -367.94
f 11207 11208 11210
f 11207 11210 11209
o r623944456_footway
v 81.71 0.05 -413.39
v 82.19 0.05 -414.81
v 35.01 0.05 -428.83
v 35.47 0.05 -430.25
v 33.66 0.05 -429.22
v 34.12 0.05 -430.64
v 29.77 0.05 -430.51
v 30.23 0.05 -431.93
v -16.84 0.05 -445.24
v -16.38 0.05 -446.68
f 11215 11216 11218
f 11215 11218 11217
o r623944457_footway
v -42.97 0.05 -367.76
v -44.47 0.05 -367.66
v -42.90 0.05 -366.46
v -44.36 0.05 -366.12
v -42.48 0.05 -365.47
v -43.76 0.05 -364.67
v -41.76 0.05 -364.64
v -42.72 0.05 -363.48
v -40.59 0.05 -363.91
v -41.19 0.05 -362.53
v -34.35 0.05 -361.46
v -34.83 0.05 -360.04
v 7.96 0.05 -347.45
v 7.48 0.05 -346.03
v 57.49 0.05 -330.96
v 57.01 0.05 -329.54
f 11225 11226 11228
f 11225 11228 11227
f 11229 11230 11232
f 11229 11232 11231
f 11233 11234 11236
f 11233 11236 11235
o r623946059_footway
v 23.06 0.05 -227.30
v 23.52 0.05 -228.72
v -25.21 0.05 -243.09
v -24.75 0.05 -244.51
v -26.90 0.05 -243.67
v -26.44 0.05 -245.11
v -30.89 0.05 -244.88
v -30.41 0.05 -246.30
v -35.69 0.05 -246.62
v -35.17 0.05 -248.02
v -39.15 0.05 -247.95
v -38.67 0.05 -249.37
v -76.92 0.05 -260.54
v -76.44 0.05 -261.96
v -78.29 0.05 -261.00
v -77.81 0.05 -262.42
f 11241 11242 11244
f 11241 11244 11243
f 11245 11246 11248
f 11245 11248 11247
f 11249 11250 11252
f 11249 11252 11251
o r623946060_footway
v -50.90 0.05 -344.08
v -51.36 0.05 -342.66
v -50.04 0.05 -343.80
v -50.50 0.05 -342.38
v 1.39 0.05 -327.46
v 0.93 0.05 -326.04
v 50.60 0.05 -311.43
v 50.14 0.05 -310.01
f 11257 11258 11260
f 11257 11260 11259
o r623946061_footway
v -78.76 0.05 -261.94
v -77.34 0.05 -261.48
v -51.84 0.05 -343.60
v -50.42 0.05 -343.14
o r623947097_footway
v -10.56 0.05 -125.29
v -9.14 0.05 -124.81
v 17.22 0.05 -208.55
v 18.64 0.05 -208.07
o r623947098_footway
v -83.49 0.05 -240.08
v -84.91 0.05 -240.54
v -93.06 0.05 -210.82
v -94.48 0.05 -211.28
v -110.56 0.05 -157.33
v -111.98 0.05 -157.79
o r623947099_footway
v -111.04 0.05 -158.27
v -111.50 0.05 -156.85
v -62.75 0.05 -142.79
v -63.21 0.05 -141.37
v -60.79 0.05 -142.18
v -61.25 0.05 -140.76
v -9.62 0.05 -125.76
v -10.08 0.05 -124.34
f 11279 11280 11282
f 11279 11282 11281
o r623947100_footway
v 17.69 0.05 -207.60
v 18.17 0.05 -209.02
v -31.54 0.05 -224.02
v -31.06 0.05 -225.44
o r624126156_footway
v -144.01 0.05 287.13
v -142.59 0.05 287.61
v -137.69 0.05 268.50
v -136.27 0.05 268.98
v -116.10 0.05 204.92
v -114.68 0.05 205.38
v -116.51 0.05 204.69
v -115.21 0.05 203.95
f 11291 11292 11294
f 11291 11294 11293
o r624126157_footway
v -229.78 0.05 211.42
v -231.20 0.05 210.96
v -239.81 0.05 242.66
v -241.23 0.05 242.20
v -243.48 0.05 253.92
v -244.90 0.05 253.46
o r624126158_footway
v -116.09 0.05 205.03
v -115.63 0.05 203.61
v -164.62 0.05 189.36
v -164.16 0.05 187.94
o r624126509_footway
v -109.50 0.05 184.45
v -108.06 0.05 184.87
v -104.47 0.05 167.03
v -103.03 0.05 167.45
v -103.40 0.05 163.80
v -101.98 0.05 164.28
v -102.69 0.05 161.68
v -101.27 0.05 162.14
v -83.00 0.05 101.06
v -81.58 0.05 101.52
f 11309 11310 11312
f 11309 11312 11311
o r624126510_footway
v -183.56 0.05 68.48
v -185.00 0.05 68.04
v -183.70 0.05 68.91
v -185.12 0.05 68.45
v -204.49 0.05 132.68
v -205.91 0.05 132.22
v -210.45 0.05 151.16
v -211.87 0.05 150.70
f 11319 11320 11322
f 11319 11322 11321
o r624126511_footway
v -82.52 0.05 102.00
v -82.06 0.05 100.58
v -131.24 0.05 86.28
v -130.78 0.05 84.86
v -132.34 0.05 85.91
v -131.88 0.05 84.49
v -136.17 0.05 84.68
v -135.71 0.05 83.26
v -184.18 0.05 69.08
v -183.72 0.05 67.66
v -184.52 0.05 68.97
v -184.04 0.05 67.55
f 11327 11328 11330
f 11327 11330 11329
f 11331 11332 11334
f 11331 11334 11333
o r624126512_footway
v -210.93 0.05 150.22
v -211.39 0.05 151.64
v -163.23 0.05 165.79
v -163.69 0.05 167.21
v -159.32 0.05 166.97
v -159.84 0.05 168.37
v -157.27 0.05 168.00
v -157.95 0.05 169.34
f 11339 11340 11342
f 11339 11342 11341
o r624126920_footway
v -76.31 0.05 81.02
v -74.87 0.05 81.48
v -50.07 0.05 -2.08
v -48.63 0.05 -1.62
o r624126921_footway
v -150.26 0.05 -34.85
v -151.68 0.05 -35.33
v -161.39 0.05 -1.42
v -162.81 0.05 -1.90
v -176.60 0.05 44.60
v -178.02 0.05 44.14
v -177.46 0.05 47.36
v -178.90 0.05 46.90
v -177.58 0.05 47.74
v -179.02 0.05 47.28
f 11351 11352 11354
f 11351 11354 11353
o r624126922_footway
v -49.58 0.05 -1.14
v -49.12 0.05 -2.56
v -67.65 0.05 -7.02
v -67.19 0.05 -8.44
v -97.93 0.05 -16.89
v -97.47 0.05 -18.31
v -100.04 0.05 -17.57
v -99.58 0.05 -18.99
v -101.81 0.05 -18.17
v -101.35 0.05 -19.59
v -151.20 0.05 -34.38
v -150.74 0.05 -35.80
f 11361 11362 11364
f 11361 11364 11363
f 11365 11366 11368
f 11365 11368 11367
o r624126923_footway
v -178.06 0.05 46.80
v -178.54 0.05 48.22
v -177.53 0.05 46.98
v -177.99 0.05 48.40
v -130.29 0.05 62.52
v -130.75 0.05 63.94
v -125.37 0.05 64.04
v -125.83 0.05 65.46
v -124.33 0.05 64.43
v -124.79 0.05 65.85
v -75.36 0.05 80.54
v -75.82 0.05 81.96
f 11373 11374 11376
f 11373 11376 11375
f 11377 11378 11380
f 11377 11380 11379
o r624128100_footway
v -41.57 0.05 -21.30
v -41.23 0.05 -19.84
v -39.94 0.05 -21.66
v -39.26 0.05 -20.32
v -39.13 0.05 -22.49
v -37.93 0.05 -21.59
v -38.56 0.05 -23.53
v -37.12 0.05 -23.09
v -32.92 0.05 -43.36
v -31.44 0.05 -43.12
v -34.69 0.05 -47.90
v -33.23 0.05 -47.60
v -27.89 0.05 -67.61
v -26.55 0.05 -66.93
v -23.47 0.05 -70.40
v -22.07 0.05 -69.86
v -13.81 0.05 -103.43
v -12.37 0.05 -103.01
v -13.23 0.05 -105.46
v -11.79 0.05 -105.04
f 11385 11386 11388
f 11385 11388 11387
f 11389 11390 11392
f 11389 11392 11391
f 11393 11394 11396
f 11393 11396 11395
f 11397 11398 11400
f 11397 11400 11399
o r624128101_footway
v -12.71 0.05 -104.53
v -12.31 0.05 -105.97
v -15.82 0.05 -105.41
v -15.40 0.05 -106.85
v -15.92 0.05 -105.45
v -15.50 0.05 -106.89
v -67.68 0.05 -120.89
v -67.24 0.05 -122.33
v -76.85 0.05 -123.80
v -76.39 0.05 -125.22
v -114.92 0.05 -136.14
v -114.48 0.05 -137.58
v -115.99 0.05 -135.95
v -116.33 0.05 -137.41
v -116.52 0.05 -135.69
v -117.14 0.05 -137.05
f 11405 11406 11408
f 11405 11408 11407
f 11409 11410 11412
f 11409 11412 11411
f 11413 11414 11416
f 11413 11416 11415
o r624128102_footway
v -144.05 0.05 -54.79
v -144.47 0.05 -53.35
v -115.94 0.05 -46.41
v -116.46 0.05 -45.01
v -113.40 0.05 -43.63
v -113.96 0.05 -42.23
v -93.96 0.05 -37.55
v -94.40 0.05 -36.11
v -43.30 0.05 -21.83
v -43.74 0.05 -20.39
v -41.21 0.05 -21.30
v -41.59 0.05 -19.84
f 11421 11422 11424
f 11421 11424 11423
f 11425 11426 11428
f 11425 11428 11427
o r624128103_footway
v -116.46 0.05 -135.71
v -117.20 0.05 -137.03
v -116.93 0.05 -135.48
v -117.95 0.05 -136.58
v -117.67 0.05 -134.72
v -119.09 0.05 -135.18
v -143.17 0.05 -55.16
v -144.59 0.05 -55.62
v -143.54 0.05 -53.86
v -144.98 0.05 -54.28
f 11433 11434 11436
f 11433 11436 11435
o r630242522_residential
v -20.20 0.05 -457.96
v -25.94 0.05 -459.70
v -23.44 0.05 -447.33
v -29.14 0.05 -449.19
v -37.01 0.05 -406.45
v -42.71 0.05 -408.31
v -49.73 0.05 -366.50
v -55.45 0.05 -368.32
v -52.97 0.05 -356.57
v -58.67 0.05 -358.43
f 11443 11444 11446
f 11443 11446 11445
o r652999970_footway
v 18.39 0.05 -115.71
v 19.81 0.05 -115.23
v 47.08 0.05 -199.09
v 48.50 0.05 -198.61
o r652999971_footway
v 150.25 0.05 -166.78
v 149.07 0.05 -165.86
v 151.07 0.05 -165.73
v 149.89 0.05 -164.81
o r652999972_footway
v 19.80 0.05 -115.73
v 18.40 0.05 -115.21
v 21.30 0.05 -111.75
v 19.90 0.05 -111.23
o r652999973_footway
v 123.16 0.05 -81.45
v 123.62 0.05 -82.87
v 74.13 0.05 -97.22
v 74.59 0.05 -98.64
v 73.70 0.05 -97.36
v 74.16 0.05 -98.78
v 69.94 0.05 -98.55
v 70.40 0.05 -99.97
v 18.87 0.05 -114.76
v 19.33 0.05 -116.18
f 11465 11466 11468
f 11465 11468 11467
o r652999974_footway
v 48.02 0.05 -199.56
v 47.56 0.05 -198.14
v 96.61 0.05 -183.93
v 96.15 0.05 -182.51
v 99.56 0.05 -183.08
v 99.14 0.05 -181.64
v 102.05 0.05 -182.34
v 101.59 0.05 -180.90
v 148.63 0.05 -167.64
v 148.17 0.05 -166.22
v 149.99 0.05 -167.00
v 149.33 0.05 -165.64
f 11475 11476 11478
f 11475 11478 11477
f 11479 11480 11482
f 11479 11482 11481
o r653000274_footway
v 15.75 0.05 -95.30
v 15.29 0.05 -93.88
v 26.24 0.05 -91.92
v 25.78 0.05 -90.50
v 34.64 0.05 -89.25
v 34.18 0.05 -87.83
v 63.68 0.05 -79.89
v 63.22 0.05 -78.47
v 67.80 0.05 -78.56
v 67.34 0.05 -77.14
v 69.41 0.05 -78.04
v 68.95 0.05 -76.62
v 117.50 0.05 -62.65
v 117.04 0.05 -61.23
f 11487 11488 11490
f 11487 11490 11489
f 11491 11492 11494
f 11491 11494 11493
o r653000275_footway
v 90.84 0.05 21.83
v 91.28 0.05 20.39
v 43.31 0.05 7.37
v 43.73 0.05 5.93
v 40.19 0.05 6.72
v 40.49 0.05 5.26
v 36.07 0.05 5.86
v 36.53 0.05 4.44
v -11.81 0.05 -10.39
v -11.33 0.05 -11.81
f 11501 11502 11504
f 11501 11504 11503
o r653000276_footway
v -12.28 0.05 -11.33
v -10.86 0.05 -10.87
v 14.81 0.05 -94.82
v 16.23 0.05 -94.36
o r653000277_footway
v 117.99 0.05 -61.73
v 116.55 0.05 -62.15
v 101.89 0.05 -7.72
v 100.45 0.05 -8.16
v 97.93 0.05 5.15
v 96.51 0.05 4.65
v 91.76 0.05 21.38
v 90.36 0.05 20.84
f 11515 11516 11518
f 11515 11518 11517
o r653000926_footway
v -17.83 0.05 7.22
v -18.29 0.05 8.64
v 11.57 0.05 16.57
v 11.11 0.05 17.99
v 30.64 0.05 22.64
v 30.20 0.05 24.08
v 34.58 0.05 23.80
v 34.16 0.05 25.24
v 82.88 0.05 38.05
v 82.46 0.05 39.49
f 11523 11524 11526
f 11523 11526 11525
o r653000927_footway
v 56.29 0.05 125.32
v 56.75 0.05 123.90
v 20.34 0.05 113.70
v 20.80 0.05 112.28
v 13.48 0.05 111.48
v 13.94 0.05 110.06
v 8.90 0.05 110.02
v 9.36 0.05 108.60
v 6.81 0.05 109.30
v 7.29 0.05 107.88
v 2.74 0.05 107.90
v 3.20 0.05 106.48
v -45.34 0.05 92.09
v -44.88 0.05 90.67
f 11533 11534 11536
f 11533 11536 11535
f 11537 11538 11540
f 11537 11540 11539
o r653000928_footway
v -18.27 0.05 8.65
v -17.85 0.05 7.21
v -22.26 0.05 7.46
v -21.84 0.05 6.02
o r653000929_footway
v 84.68 0.05 42.88
v 85.48 0.05 41.62
v 83.44 0.05 42.10
v 84.24 0.05 40.84
o r653000930_footway
v -45.82 0.05 91.15
v -44.40 0.05 91.61
v -18.77 0.05 7.70
v -17.35 0.05 8.16
o r655283350_primary
v -426.42 0.05 94.37
v -435.98 0.05 91.41
v -429.57 0.05 104.54
v -439.09 0.05 101.50
v -455.39 0.05 185.40
v -464.91 0.05 182.36
v -457.20 0.05 191.08
v -466.70 0.05 187.98
v -459.00 0.05 196.53
v -468.50 0.05 193.37
f 11559 11560 11562
f 11559 11562 11561
o r655283351_residential
v -430.34 0.05 90.02
v -432.06 0.05 95.76
v -421.06 0.05 92.79
v -422.88 0.05 98.51
v -405.16 0.05 98.05
v -406.90 0.05 103.79
v -347.81 0.05 115.12
v -349.53 0.05 120.86
v -337.82 0.05 118.22
v -339.60 0.05 123.96
v -328.43 0.05 121.12
v -330.21 0.05 126.86
f 11569 11570 11572
f 11569 11572 11571
f 11573 11574 11576
f 11573 11576 11575
o r655283380_secondary
v 465.53 0.05 -417.12
v 473.25 0.05 -415.04
v 468.15 0.05 -426.83
v 475.73 0.05 -424.29
v 485.05 0.05 -475.20
v 492.59 0.05 -472.54
v 499.45 0.05 -515.80
v 507.01 0.05 -513.16
v 504.35 0.05 -530.35
v 511.95 0.05 -527.87
v 506.26 0.05 -536.64
v 513.92 0.05 -534.30
f 11581 11582 11584
f 11581 11584 11583
f 11585 11586 11588
f 11585 11588 11587
o r655283390_secondary
v -604.06 0.05 -82.56
v -606.90 0.05 -75.08
v -593.75 0.05 -78.63
v -596.21 0.05 -71.01
v -512.99 0.05 -53.25
v -515.39 0.05 -45.61
v -506.09 0.05 -51.09
v -508.49 0.05 -43.45
v -500.34 0.05 -49.28
v -502.76 0.05 -41.66
v -495.37 0.05 -47.68
v -497.83 0.05 -40.06
v -490.48 0.05 -46.11
v -492.92 0.05 -38.49
v -478.52 0.05 -42.28
v -480.96 0.05 -34.66
v -422.80 0.05 -24.40
v -425.24 0.05 -16.78
v -412.73 0.05 -21.18
v -415.17 0.05 -13.56
f 11593 11594 11596
f 11593 11596 11595
f 11597 11598 11600
f 11597 11600 11599
f 11601 11602 11604
f 11601 11604 11603
f 11605 11606 11608
f 11605 11608 11607
o r655283392_secondary
v 310.24 0.05 62.25
v 317.94 0.05 64.45
v 314.75 0.05 46.50
v 322.41 0.05 48.82
v 322.80 0.05 20.66
v 330.44 0.05 23.04
v 327.54 0.05 5.43
v 335.20 0.05 7.75
v 330.51 0.05 -4.82
v 338.19 0.05 -2.60
f 11613 11614 11616
f 11613 11616 11615
o r655283393_secondary
v 335.47 0.05 -7.55
v 333.23 0.05 0.13
v 348.12 0.05 -3.87
v 345.88 0.05 3.81
v 348.56 0.05 -3.73
v 346.12 0.05 3.89
v 352.56 0.05 -2.45
v 350.12 0.05 5.17
v 383.08 0.05 7.32
v 380.64 0.05 14.94
v 407.88 0.05 15.27
v 405.44 0.05 22.89
v 409.62 0.05 15.82
v 407.18 0.05 23.44
v 420.17 0.05 19.20
v 417.73 0.05 26.82
v 422.44 0.05 19.93
v 420.00 0.05 27.55
v 432.44 0.05 23.13
v 429.98 0.05 30.75
v 441.68 0.05 26.16
v 439.20 0.05 33.76
f 11623 11624 11626
f 11623 11626 11625
f 11627 11628 11630
f 11627 11630 11629
f 11631 11632 11634
f 11631 11634 11633
f 11635 11636 11638
f 11635 11638 11637
o r655283394_secondary
v -329.20 0.05 -221.17
v -331.54 0.05 -213.53
v -319.87 0.05 -218.31
v -322.31 0.05 -210.69
v -238.58 0.05 -192.04
v -241.04 0.05 -184.42
v -227.65 0.05 -188.60
v -230.05 0.05 -180.96
f 11645 11646 11648
f 11645 11648 11647
o r655283395_primary
v -233.61 0.05 -186.33
v -224.09 0.05 -183.23
v -230.22 0.05 -196.73
v -220.72 0.05 -193.63
v -216.89 0.05 -237.70
v -207.39 0.05 -234.60
o r655283396_primary
v -292.62 0.05 -317.24
v -302.14 0.05 -320.32
v -295.49 0.05 -308.42
v -304.99 0.05 -311.52
v -308.01 0.05 -269.94
v -317.51 0.05 -273.04
v -310.74 0.05 -261.51
v -320.26 0.05 -264.61
f 11659 11660 11662
f 11659 11662 11661
o r655501794_secondary
v -115.32 0.05 -31.06
v -112.94 0.05 -38.70
v -147.84 0.05 -41.15
v -145.44 0.05 -48.79
v -148.38 0.05 -41.46
v -145.52 0.05 -48.94
v -157.70 0.05 -44.91
v -154.92 0.05 -52.41
f 11667 11668 11670
f 11667 11670 11669
o r655501844_primary
v -34.22 0.05 -9.50
v -24.70 0.05 -6.42
v -31.51 0.05 -17.88
v -22.01 0.05 -14.78
v -4.52 0.05 -100.78
v 4.98 0.05 -97.68
v -0.96 0.05 -111.69
v 8.54 0.05 -108.59
f 11675 11676 11678
f 11675 11678 11677
o r655501845_primary
v 123.74 0.05 -469.04
v 114.22 0.05 -472.10
v 110.40 0.05 -427.59
v 100.88 0.05 -430.65
v 107.55 0.05 -418.69
v 98.01 0.05 -421.67
v 103.96 0.05 -407.01
v 94.40 0.05 -409.95
v 78.30 0.05 -323.43
v 68.74 0.05 -326.39
v 74.73 0.05 -312.80
v 65.25 0.05 -315.98
f 11683 11684 11686
f 11683 11686 11685
f 11687 11688 11690
f 11687 11690 11689
o r655501846_residential
v -262.19 0.05 -426.86
v -264.07 0.05 -421.16
v -253.38 0.05 -423.94
v -255.22 0.05 -418.22
v -206.29 0.05 -408.84
v -208.13 0.05 -403.12
v -170.87 0.05 -397.51
v -172.69 0.05 -391.79
v -160.71 0.05 -394.30
v -162.51 0.05 -388.58
f 11695 11696 11698
f 11695 11698 11697
o r655501850_secondary
v -149.42 0.05 -56.93
v -157.04 0.05 -59.39
v -152.50 0.05 -47.43
v -160.12 0.05 -49.89
o r655501851_secondary
v -251.83 0.05 -75.17
v -249.41 0.05 -82.79
v -263.31 0.05 -78.80
v -260.89 0.05 -86.42
o r655501852_secondary
v -86.26 0.05 -251.00
v -93.86 0.05 -253.52
v -89.43 0.05 -241.47
v -97.03 0.05 -243.95
v -98.76 0.05 -212.66
v -106.38 0.05 -215.12
v -101.74 0.05 -203.47
v -109.34 0.05 -205.95
v -115.64 0.05 -160.83
v -123.24 0.05 -163.31
v -116.15 0.05 -159.25
v -123.77 0.05 -161.71
v -119.26 0.05 -149.61
v -126.88 0.05 -152.07
f 11713 11714 11716
f 11713 11716 11715
f 11717 11718 11720
f 11717 11720 11719
o r655501853_secondary
v -157.57 0.05 -44.87
v -155.05 0.05 -52.45
v -170.31 0.05 -49.11
v -167.87 0.05 -56.73
v -251.84 0.05 -75.17
v -249.40 0.05 -82.79
o r655501854_residential
v -54.90 0.05 -360.36
v -56.74 0.05 -354.64
v -46.07 0.05 -357.53
v -47.91 0.05 -351.81
v 5.97 0.05 -340.83
v 3.97 0.05 -335.17
v 54.07 0.05 -322.15
v 52.03 0.05 -316.51
v 70.83 0.05 -317.27
v 69.15 0.05 -311.51
f 11733 11734 11736
f 11733 11736 11735
o r655501856_primary
v -251.55 0.05 -131.19
v -242.03 0.05 -128.11
v -250.27 0.05 -135.15
v -240.75 0.05 -132.05
v -236.97 0.05 -176.04
v -227.47 0.05 -172.94
v -233.60 0.05 -186.34
v -224.10 0.05 -183.22
f 11743 11744 11746
f 11743 11746 11745
o r655501857_secondary
v -263.32 0.05 -78.80
v -260.88 0.05 -86.42
v -272.04 0.05 -81.59
v -269.60 0.05 -89.21
v -348.39 0.05 -106.12
v -345.95 0.05 -113.74
v -355.63 0.05 -108.45
v -353.21 0.05 -116.07
v -364.83 0.05 -111.36
v -362.41 0.05 -118.98
f 11751 11752 11754
f 11751 11754 11753
o r655501858_primary
v -258.39 0.05 -422.43
v -267.87 0.05 -425.59
v -261.89 0.05 -411.94
v -271.39 0.05 -415.06
v -271.55 0.05 -382.36
v -281.05 0.05 -385.46
v -275.27 0.05 -370.95
v -284.79 0.05 -374.03
v -277.97 0.05 -362.56
v -287.49 0.05 -365.62
f 11761 11762 11764
f 11761 11764 11763
o r656122421_primary
v -372.49 0.05 -71.75
v -381.99 0.05 -74.85
v -375.01 0.05 -64.02
v -384.51 0.05 -67.12
v -376.29 0.05 -60.09
v -385.79 0.05 -63.19
v -381.14 0.05 -45.21
v -390.64 0.05 -48.31
f 11771 11772 11774
f 11771 11774 11773
o r656122436_primary
v -435.94 0.05 431.81
v -426.76 0.05 435.79
v -431.18 0.05 420.86
v -421.72 0.05 424.10
v -413.19 0.05 365.58
v -403.69 0.05 368.68
v -412.24 0.05 362.66
v -402.74 0.05 365.76
v -404.80 0.05 339.81
v -395.30 0.05 342.91
v -401.81 0.05 330.61
v -392.31 0.05 333.71
v -399.01 0.05 322.01
v -389.51 0.05 325.11
v -389.93 0.05 294.19
v -380.43 0.05 297.29
v -379.36 0.05 261.77
v -369.86 0.05 264.87
v -372.28 0.05 240.08
v -362.78 0.05 243.18
f 11779 11780 11782
f 11779 11782 11781
f 11783 11784 11786
f 11783 11786 11785
f 11787 11788 11790
f 11787 11790 11789
f 11791 11792 11794
f 11791 11794 11793
o r656122466_residential
v -442.42 0.05 86.98
v -443.88 0.05 92.80
v -430.47 0.05 89.98
v -431.93 0.05 95.80
o r656425131_footway
v -412.89 0.05 427.41
v -414.31 0.05 426.95
v -413.96 0.05 430.69
v -415.38 0.05 430.23
o r656425132_footway
v -414.75 0.05 426.92
v -414.29 0.05 425.50
v -417.86 0.05 425.92
v -417.40 0.05 424.50
o r656434570_footway
v -43.50 0.05 435.39
v -43.96 0.05 436.81
v -40.25 0.05 436.45
v -40.71 0.05 437.87
o r656434571_footway
v -49.32 0.05 454.46
v -48.40 0.05 453.28
v -50.47 0.05 453.50
v -49.99 0.05 452.08
v -90.44 0.05 440.69
v -89.98 0.05 439.27
v -103.34 0.05 436.56
v -102.88 0.05 435.14
v -144.80 0.05 423.26
v -144.34 0.05 421.84
v -151.72 0.05 421.04
v -151.36 0.05 419.58
v -153.85 0.05 420.98
v -153.79 0.05 419.48
f 11815 11816 11818
f 11815 11818 11817
f 11819 11820 11822
f 11819 11822 11821
o r656436231_footway
v -145.22 0.05 404.90
v -146.64 0.05 404.42
v -146.47 0.05 408.57
v -147.89 0.05 408.09
o r656436234_footway
v -147.54 0.05 403.41
v -147.10 0.05 401.97
v -152.19 0.05 401.96
v -151.75 0.05 400.52
o r656436236_footway
v -170.42 0.05 395.02
v -170.84 0.05 396.46
v -161.73 0.05 397.58
v -162.15 0.05 399.02
v -151.76 0.05 400.52
v -152.18 0.05 401.96
o r656436240_footway
v -179.88 0.05 411.38
v -180.34 0.05 412.80
v -175.75 0.05 412.73
v -176.21 0.05 414.15
o r656436242_footway
v -175.76 0.05 412.72
v -176.20 0.05 414.16
v -167.20 0.05 415.32
v -167.64 0.05 416.76
v -157.86 0.05 418.15
v -158.30 0.05 419.59
o r656436244_footway
v -154.05 0.05 420.94
v -153.59 0.05 419.52
v -158.31 0.05 419.58
v -157.85 0.05 418.16
o r656436247_footway
v -151.18 0.05 416.75
v -149.78 0.05 417.29
v -149.21 0.05 411.58
v -147.81 0.05 412.12
v -147.88 0.05 408.06
v -146.48 0.05 408.60
o r656436249_footway
v -152.25 0.05 420.08
v -150.83 0.05 420.54
v -151.19 0.05 416.79
v -149.77 0.05 417.25
o r656436258_footway
v -303.91 0.05 371.43
v -304.39 0.05 372.85
v -301.18 0.05 372.35
v -301.66 0.05 373.77
o r656437819_footway
v -402.78 0.05 321.71
v -404.22 0.05 321.31
v -403.72 0.05 325.13
v -405.16 0.05 324.73
o r656437820_footway
v -512.94 0.05 303.12
v -511.52 0.05 303.58
v -512.02 0.05 300.26
v -510.60 0.05 300.72
o r656446504_footway
v -346.17 0.05 221.28
v -347.61 0.05 220.84
v -347.31 0.05 224.91
v -348.75 0.05 224.47
o r656446505_footway
v -252.47 0.05 276.11
v -252.01 0.05 274.69
v -255.34 0.05 275.17
v -254.88 0.05 273.75
o r656446506_footway
v -267.18 0.05 250.74
v -265.76 0.05 251.22
v -266.19 0.05 247.81
v -264.77 0.05 248.29
o r656446507_footway
v -265.98 0.05 247.49
v -264.98 0.05 248.61
v -265.21 0.05 246.93
v -263.79 0.05 247.41
v -256.03 0.05 218.02
v -254.61 0.05 218.48
v -253.33 0.05 209.47
v -251.89 0.05 209.91
v -252.42 0.05 206.23
v -250.98 0.05 206.65
v -251.45 0.05 202.94
v -250.03 0.05 203.40
v -239.42 0.05 166.14
v -238.00 0.05 166.60
v -238.90 0.05 164.71
v -237.50 0.05 165.23
f 11891 11892 11894
f 11891 11894 11893
f 11895 11896 11898
f 11895 11898 11897
f 11899 11900 11902
f 11899 11902 11901
o r656446508_footway
v -264.27 0.05 246.46
v -264.73 0.05 247.88
v -260.41 0.05 247.73
v -260.87 0.05 249.15
o r656446509_footway
v -255.37 0.05 275.16
v -254.85 0.05 273.76
v -261.03 0.05 273.10
v -260.51 0.05 271.70
v -267.96 0.05 270.60
v -267.44 0.05 269.18
o r656446510_footway
v -248.20 0.05 271.44
v -249.62 0.05 270.98
v -249.10 0.05 274.26
v -250.52 0.05 273.80
o r656446511_footway
v -271.70 0.05 263.84
v -270.28 0.05 264.32
v -271.32 0.05 262.72
v -269.90 0.05 263.20
v -269.35 0.05 257.01
v -267.93 0.05 257.49
v -267.63 0.05 252.02
v -266.21 0.05 252.52
v -267.18 0.05 250.73
v -265.76 0.05 251.23
f 11921 11922 11924
f 11921 11924 11923
o r656446512_footway
v -243.05 0.05 255.53
v -244.47 0.05 255.03
v -243.98 0.05 258.21
v -245.40 0.05 257.71
o r656446513_footway
v -243.47 0.05 253.49
v -244.91 0.05 253.89
v -243.04 0.05 255.08
v -244.48 0.05 255.48
o r656446516_footway
v -150.04 0.05 306.06
v -148.60 0.05 306.50
v -149.15 0.05 303.19
v -147.71 0.05 303.63
o r656446517_footway
v -144.86 0.05 308.34
v -145.34 0.05 309.76
v -142.91 0.05 309.00
v -143.39 0.05 310.42
o r656446518_footway
v -123.32 0.05 316.96
v -122.86 0.05 315.54
v -134.04 0.05 313.46
v -133.58 0.05 312.04
v -143.38 0.05 310.42
v -142.92 0.05 309.00
o r656446519_footway
v -116.91 0.05 315.68
v -117.37 0.05 317.10
v -16.42 0.05 348.18
v -16.88 0.05 349.60
o r656446520_footway
v -115.58 0.05 313.95
v -117.00 0.05 313.49
v -116.43 0.05 316.62
v -117.85 0.05 316.16
o r656446521_footway
v -111.18 0.05 301.17
v -112.60 0.05 300.69
v -111.57 0.05 302.30
v -112.99 0.05 301.82
v -113.11 0.05 306.78
v -114.53 0.05 306.30
v -115.18 0.05 312.83
v -116.60 0.05 312.35
v -115.58 0.05 313.97
v -117.00 0.05 313.47
f 11961 11962 11964
f 11961 11964 11963
o r656446522_footway
v -111.57 0.05 297.43
v -110.13 0.05 297.87
v -85.38 0.05 214.11
v -83.94 0.05 214.55
o r656446524_footway
v -136.69 0.05 287.92
v -137.15 0.05 289.34
v -126.77 0.05 291.12
v -127.23 0.05 292.54
v -117.18 0.05 294.21
v -117.64 0.05 295.63
o r656446526_footway
v -149.14 0.05 303.18
v -147.72 0.05 303.64
v -148.79 0.05 302.07
v -147.35 0.05 302.53
v -146.93 0.05 296.14
v -145.49 0.05 296.58
v -145.42 0.05 291.34
v -143.98 0.05 291.80
v -145.06 0.05 290.20
v -143.62 0.05 290.66
f 11981 11982 11984
f 11981 11984 11983
o r656446527_footway
v -139.87 0.05 286.82
v -140.35 0.05 288.24
v -136.68 0.05 287.92
v -137.16 0.05 289.34
o r656446528_footway
v -142.59 0.05 287.61
v -144.01 0.05 287.13
v -143.63 0.05 290.67
v -145.05 0.05 290.19
o r656446529_footway
v 11.68 0.05 336.27
v 11.22 0.05 337.71
v 40.72 0.05 345.47
v 40.26 0.05 346.89
v 53.39 0.05 349.49
v 52.93 0.05 350.91
v 66.02 0.05 353.49
v 65.56 0.05 354.91
v 75.38 0.05 356.46
v 74.94 0.05 357.90
v 91.55 0.05 361.50
v 91.11 0.05 362.94
v 92.56 0.05 361.86
v 92.28 0.05 363.34
v 93.82 0.05 361.93
v 93.72 0.05 363.43
v 96.92 0.05 362.12
v 96.82 0.05 363.62
f 11999 12000 12002
f 11999 12002 12001
f 12003 12004 12006
f 12003 12006 12005
f 12007 12008 12010
f 12007 12010 12009
o r656446530_footway
v -0.21 0.05 356.74
v 0.19 0.05 355.30
v -5.19 0.05 355.33
v -4.79 0.05 353.89
v -12.99 0.05 353.13
v -12.59 0.05 351.69
o r656446531_footway
v -8.09 0.05 328.60
v -8.59 0.05 330.02
v -5.31 0.05 329.58
v -5.81 0.05 331.00
o r656446532_footway
v -12.27 0.05 332.68
v -10.83 0.05 333.12
v -11.56 0.05 330.32
v -10.12 0.05 330.76
o r656446533_footway
v -16.55 0.05 346.06
v -15.13 0.05 346.52
v -16.04 0.05 344.47
v -14.62 0.05 344.93
v -14.12 0.05 338.51
v -12.70 0.05 338.97
v -12.72 0.05 334.11
v -11.30 0.05 334.57
v -12.26 0.05 332.67
v -10.84 0.05 333.13
f 12031 12032 12034
f 12031 12034 12033
o r656446534_footway
v -15.15 0.05 350.83
v -15.63 0.05 352.25
v -12.55 0.05 351.70
v -13.03 0.05 353.12
o r656446535_footway
v 107.36 0.05 390.11
v 107.80 0.05 388.67
v 101.84 0.05 388.45
v 102.28 0.05 387.01
o r656446536_footway
v 93.05 0.05 362.45
v 94.49 0.05 362.91
v 105.17 0.05 324.01
v 106.59 0.05 324.47
v 106.23 0.05 321.10
v 107.65 0.05 321.56
v 106.93 0.05 318.51
v 108.37 0.05 318.93
v 108.84 0.05 312.10
v 110.28 0.05 312.54
v 110.93 0.05 305.26
v 112.37 0.05 305.70
v 119.10 0.05 279.41
v 120.54 0.05 279.87
f 12049 12050 12052
f 12049 12052 12051
f 12053 12054 12056
f 12053 12056 12055
o r656446537_footway
v 112.85 0.05 367.86
v 114.27 0.05 368.34
v 125.22 0.05 330.94
v 126.64 0.05 331.42
v 126.41 0.05 327.52
v 127.83 0.05 327.98
v 127.34 0.05 324.41
v 128.76 0.05 324.87
v 129.22 0.05 318.76
v 130.64 0.05 319.22
v 131.32 0.05 312.33
v 132.74 0.05 312.81
v 140.06 0.05 286.62
v 141.48 0.05 287.10
f 12063 12064 12066
f 12063 12066 12065
f 12067 12068 12070
f 12067 12070 12069
o r656449333_footway
v 208.27 0.05 421.12
v 208.57 0.05 419.66
v 206.91 0.05 420.84
v 207.21 0.05 419.38
o r656449334_footway
v 188.75 0.05 415.33
v 190.17 0.05 415.79
v 189.94 0.05 411.64
v 191.36 0.05 412.10
o r656449335_footway
v 196.33 0.05 396.16
v 194.89 0.05 395.72
v 195.42 0.05 399.13
v 193.98 0.05 398.69
o r656449336_footway
v 198.33 0.05 394.75
v 197.85 0.05 396.17
v 201.94 0.05 395.97
v 201.46 0.05 397.39
o r656449337_footway
v 214.40 0.05 401.45
v 214.68 0.05 399.97
v 213.33 0.05 401.25
v 213.61 0.05 399.77
o r656449340_footway
v 454.00 0.05 363.64
v 453.58 0.05 365.08
v 457.49 0.05 364.68
v 457.07 0.05 366.12
o r656449341_footway
v 440.26 0.05 359.33
v 439.84 0.05 360.77
v 447.07 0.05 361.35
v 446.63 0.05 362.79
v 454.03 0.05 363.65
v 453.55 0.05 365.07
o r656449347_footway
v 434.90 0.05 383.47
v 434.52 0.05 384.93
v 439.66 0.05 384.70
v 439.28 0.05 386.16
v 446.48 0.05 386.48
v 446.10 0.05 387.94
o r656548727_footway
v 348.76 0.05 329.25
v 349.22 0.05 327.83
v 340.54 0.05 326.60
v 341.02 0.05 325.18
v 335.79 0.05 324.96
v 336.27 0.05 323.54
o r656548730_footway
v 233.01 0.05 292.12
v 232.43 0.05 293.50
v 234.82 0.05 292.89
v 234.24 0.05 294.27
o r656548731_footway
v 245.43 0.05 299.32
v 246.73 0.05 298.56
v 244.12 0.05 297.10
v 245.42 0.05 296.34
o r656548732_footway
v 246.73 0.05 298.57
v 245.43 0.05 299.31
v 247.88 0.05 300.59
v 246.58 0.05 301.33
o r656548733_footway
v 229.57 0.05 293.55
v 228.11 0.05 293.21
v 229.02 0.05 295.92
v 227.56 0.05 295.58
o r656548734_footway
v 222.27 0.05 311.99
v 223.71 0.05 312.43
v 223.49 0.05 308.07
v 224.93 0.05 308.51
o r656548735_footway
v 240.36 0.05 319.42
v 241.80 0.05 319.86
v 241.36 0.05 316.17
v 242.80 0.05 316.61
o r656548736_footway
v 240.87 0.05 320.36
v 241.29 0.05 318.92
v 237.35 0.05 319.32
v 237.77 0.05 317.88
o r656563556_footway
v 119.59 0.05 280.35
v 120.05 0.05 278.93
v 38.80 0.05 254.09
v 39.30 0.05 252.67
v 38.29 0.05 250.78
v 39.79 0.05 250.78
o r656563557_footway
v 119.10 0.05 279.42
v 120.54 0.05 279.86
v 120.27 0.05 275.64
v 121.71 0.05 276.08
o r656563558_footway
v 140.99 0.05 286.14
v 140.55 0.05 287.58
v 141.82 0.05 286.40
v 141.38 0.05 287.84
v 216.82 0.05 309.23
v 216.38 0.05 310.67
v 223.24 0.05 311.50
v 222.74 0.05 312.92
f 12157 12158 12160
f 12157 12160 12159
o r656563561_footway
v 122.27 0.05 280.56
v 122.37 0.05 279.06
v 119.77 0.05 280.39
v 119.87 0.05 278.89
o r656563563_footway
v 127.83 0.05 260.56
v 126.37 0.05 260.24
v 127.23 0.05 263.25
v 125.77 0.05 262.93
o r656563567_footway
v 43.49 0.05 233.37
v 44.97 0.05 233.11
v 43.34 0.05 232.55
v 44.82 0.05 232.29
o r656563569_footway
v 44.97 0.05 235.24
v 45.87 0.05 234.04
v 44.18 0.05 234.65
v 45.08 0.05 233.45
o r656563584_footway
v -103.32 0.05 186.51
v -103.74 0.05 187.95
v -93.66 0.05 189.29
v -94.08 0.05 190.73
v -84.76 0.05 191.84
v -85.18 0.05 193.28
o r656563586_footway
v -111.37 0.05 188.04
v -109.95 0.05 188.50
v -110.14 0.05 184.21
v -108.72 0.05 184.67
o r656563589_footway
v -218.58 0.05 171.68
v -217.14 0.05 172.12
v -217.60 0.05 168.50
v -216.16 0.05 168.94
o r656563591_footway
v -218.24 0.05 173.06
v -217.78 0.05 171.64
v -221.27 0.05 172.09
v -220.81 0.05 170.67
o r656563593_footway
v -210.44 0.05 151.14
v -211.88 0.05 150.72
v -211.82 0.05 155.78
v -213.26 0.05 155.36
o r656563595_footway
v -211.39 0.05 151.64
v -210.93 0.05 150.22
v -214.17 0.05 150.73
v -213.71 0.05 149.31
o r656563597_footway
v -230.74 0.05 144.25
v -231.16 0.05 145.69
v -228.19 0.05 144.99
v -228.61 0.05 146.43
o r656563598_footway
v -238.52 0.05 165.64
v -238.90 0.05 167.10
v -235.59 0.05 166.41
v -235.97 0.05 167.87
o r656564667_footway
v -436.27 0.05 76.80
v -436.79 0.05 78.20
v -434.30 0.05 77.53
v -434.82 0.05 78.93
o r656564672_footway
v -520.98 0.05 52.80
v -522.40 0.05 52.32
v -522.07 0.05 55.96
v -523.49 0.05 55.48
o r656570179_footway
v -392.50 0.05 2.79
v -391.98 0.05 1.39
v -395.46 0.05 1.71
v -394.94 0.05 0.31
o r656570180_footway
v -391.02 0.05 1.26
v -389.60 0.05 1.72
v -389.90 0.05 -2.14
v -388.48 0.05 -1.68
o r656570517_footway
v -280.66 0.05 15.43
v -280.20 0.05 14.01
v -283.06 0.05 14.65
v -282.60 0.05 13.23
o r656570518_footway
v -280.27 0.05 19.38
v -281.69 0.05 18.92
v -281.10 0.05 21.93
v -282.52 0.05 21.47
o r656571011_footway
v -197.77 0.05 40.10
v -198.41 0.05 41.46
v -195.85 0.05 40.99
v -196.49 0.05 42.35
o r656571012_footway
v -197.99 0.05 41.58
v -199.25 0.05 40.78
v -199.69 0.05 44.27
v -200.95 0.05 43.47
o r656571013_footway
v -205.61 0.05 60.07
v -204.17 0.05 60.51
v -204.96 0.05 57.94
v -203.52 0.05 58.38
o r656571014_footway
v -204.85 0.05 61.82
v -205.31 0.05 63.24
v -201.39 0.05 62.93
v -201.85 0.05 64.35
o r656571015_footway
v -184.64 0.05 69.39
v -184.18 0.05 67.97
v -186.94 0.05 68.66
v -186.48 0.05 67.24
o r656571016_footway
v -184.66 0.05 68.13
v -183.24 0.05 68.61
v -183.54 0.05 64.81
v -182.12 0.05 65.29
o r656571017_footway
v -177.03 0.05 47.88
v -178.49 0.05 47.50
v -177.76 0.05 50.70
v -179.22 0.05 50.32
o r656571018_footway
v -178.41 0.05 47.84
v -177.95 0.05 46.42
v -180.74 0.05 47.10
v -180.28 0.05 45.68
o r656571019_footway
v -74.89 0.05 81.51
v -76.29 0.05 80.99
v -76.00 0.05 84.52
v -77.40 0.05 84.00
o r656571020_footway
v -75.32 0.05 80.55
v -75.86 0.05 81.95
v -69.58 0.05 82.80
v -70.12 0.05 84.20
o r656571021_footway
v -81.68 0.05 98.29
v -80.24 0.05 98.71
v -79.30 0.05 90.03
v -77.86 0.05 90.45
v -77.42 0.05 84.04
v -75.98 0.05 84.48
o r656571022_footway
v -76.43 0.05 104.25
v -75.91 0.05 102.85
v -82.55 0.05 101.99
v -82.03 0.05 100.59
o r656571023_footway
v -55.57 0.05 110.85
v -55.11 0.05 109.43
v -66.94 0.05 107.20
v -66.48 0.05 105.76
v -76.39 0.05 104.27
v -75.95 0.05 102.83
o r656571024_footway
v -49.82 0.05 109.78
v -50.80 0.05 108.64
v -51.97 0.05 111.61
v -52.95 0.05 110.47
o r656571025_footway
v -52.68 0.05 111.76
v -52.24 0.05 110.32
v -55.56 0.05 110.86
v -55.12 0.05 109.42
o r656571026_footway
v -44.31 0.05 95.19
v -45.73 0.05 94.69
v -46.23 0.05 100.71
v -47.63 0.05 100.19
v -49.61 0.05 109.48
v -51.01 0.05 108.94
o r656571027_footway
v -49.63 0.05 89.64
v -49.95 0.05 91.10
v -44.95 0.05 90.65
v -45.27 0.05 92.11
o r656571028_footway
v -44.36 0.05 91.36
v -45.86 0.05 91.40
v -44.27 0.05 94.92
v -45.77 0.05 94.96
o r656571029_footway
v 60.56 0.05 123.00
v 60.06 0.05 124.42
v 69.29 0.05 126.08
v 68.81 0.05 127.50
v 74.93 0.05 127.76
v 74.51 0.05 129.20
o r656571030_footway
v 75.22 0.05 127.92
v 74.22 0.05 129.04
v 77.67 0.05 130.14
v 76.67 0.05 131.26
o r656571031_footway
v 78.11 0.05 133.21
v 76.71 0.05 132.69
v 75.72 0.05 139.79
v 74.32 0.05 139.27
v 72.26 0.05 149.32
v 70.86 0.05 148.80
o r656571032_footway
v 77.92 0.05 130.62
v 76.42 0.05 130.78
v 78.16 0.05 132.87
v 76.66 0.05 133.03
o r656571033_footway
v 56.35 0.05 123.88
v 56.69 0.05 125.34
v 60.14 0.05 122.98
v 60.48 0.05 124.44
o r656571034_footway
v 49.96 0.05 141.26
v 51.38 0.05 141.74
v 52.98 0.05 132.52
v 54.40 0.05 132.98
v 55.08 0.05 125.67
v 56.52 0.05 126.11
o r656571035_footway
v 50.44 0.05 145.03
v 51.92 0.05 144.81
v 49.93 0.05 141.61
v 51.41 0.05 141.39
o r656571036_footway
v 52.71 0.05 146.34
v 53.27 0.05 144.94
v 50.90 0.05 145.62
v 51.46 0.05 144.22
o r656571037_footway
v 70.27 0.05 150.92
v 71.47 0.05 151.82
v 70.53 0.05 150.57
v 71.73 0.05 151.47
o r656571038_footway
v 70.64 0.05 152.08
v 71.10 0.05 150.66
v 67.92 0.05 151.20
v 68.38 0.05 149.78
o r656571039_footway
v 67.92 0.05 151.20
v 68.38 0.05 149.78
v 61.95 0.05 149.25
v 62.41 0.05 147.83
v 52.76 0.05 146.36
v 53.22 0.05 144.92
o r656571040_footway
v 72.31 0.05 148.99
v 70.81 0.05 149.13
v 72.47 0.05 150.68
v 70.97 0.05 150.82
o r656572438_footway
v 173.75 0.05 183.34
v 175.19 0.05 183.78
v 177.12 0.05 172.43
v 178.56 0.05 172.87
v 179.34 0.05 165.23
v 180.78 0.05 165.67
o r656572439_footway
v 179.61 0.05 164.72
v 180.09 0.05 163.30
v 170.74 0.05 161.72
v 171.20 0.05 160.30
v 164.47 0.05 159.82
v 164.97 0.05 158.40
v 161.10 0.05 158.38
v 161.68 0.05 157.00
f 12379 12380 12382
f 12379 12382 12381
o r656572440_footway
v 179.33 0.05 165.28
v 180.79 0.05 165.62
v 179.70 0.05 163.68
v 181.16 0.05 164.02
o r656572442_footway
v 154.18 0.05 177.99
v 152.72 0.05 177.67
v 153.91 0.05 179.17
v 152.49 0.05 178.71
v 142.18 0.05 215.48
v 140.76 0.05 215.02
v 141.21 0.05 217.94
v 139.81 0.05 217.38
v 139.52 0.05 222.04
v 138.10 0.05 221.58
v 138.84 0.05 225.21
v 137.38 0.05 224.89
v 138.25 0.05 227.88
v 136.79 0.05 227.52
v 137.89 0.05 228.95
v 136.47 0.05 228.49
v 137.04 0.05 231.62
v 135.62 0.05 231.16
v 136.04 0.05 234.78
v 134.58 0.05 234.42
v 134.98 0.05 239.86
v 133.56 0.05 239.40
v 127.81 0.05 260.64
v 126.39 0.05 260.16
f 12391 12392 12394
f 12391 12394 12393
f 12395 12396 12398
f 12395 12398 12397
f 12399 12400 12402
f 12399 12402 12401
f 12403 12404 12406
f 12403 12406 12405
f 12407 12408 12410
f 12407 12410 12409
o r656572443_footway
v 278.05 0.05 217.45
v 277.31 0.05 216.15
v 277.20 0.05 217.94
v 276.46 0.05 216.64
o r656572444_footway
v 276.51 0.05 217.97
v 277.15 0.05 216.61
v 273.80 0.05 216.70
v 274.44 0.05 215.34
o r656572445_footway
v 277.55 0.05 217.51
v 276.11 0.05 217.07
v 272.36 0.05 234.22
v 270.92 0.05 233.78
v 265.92 0.05 254.74
v 264.50 0.05 254.28
v 264.99 0.05 256.68
v 263.57 0.05 256.20
v 262.80 0.05 263.78
v 261.38 0.05 263.32
v 255.82 0.05 285.54
v 254.38 0.05 285.08
v 252.11 0.05 297.76
v 250.67 0.05 297.32
f 12423 12424 12426
f 12423 12426 12425
f 12427 12428 12430
f 12427 12430 12429
o r656572446_footway
v 273.89 0.05 216.73
v 274.35 0.05 215.31
v 268.42 0.05 214.93
v 268.90 0.05 213.51
v 260.38 0.05 212.27
v 260.86 0.05 210.85
o r656572447_footway
v 279.01 0.05 214.19
v 277.55 0.05 213.87
v 278.41 0.05 216.96
v 276.95 0.05 216.64
o r656572448_footway
v 259.41 0.05 211.71
v 260.87 0.05 211.39
v 259.35 0.05 211.41
v 260.79 0.05 211.03
v 258.97 0.05 210.07
v 260.41 0.05 209.67
o r656572449_footway
v 255.92 0.05 208.60
v 256.40 0.05 207.18
v 249.86 0.05 206.52
v 250.12 0.05 205.04
v 247.27 0.05 207.08
v 247.69 0.05 205.64
v 199.87 0.05 192.22
v 200.31 0.05 190.78
v 174.97 0.05 184.54
v 175.37 0.05 183.10
v 174.84 0.05 184.93
v 174.02 0.05 183.67
f 12453 12454 12456
f 12453 12456 12455
f 12457 12458 12460
f 12457 12460 12459
o r656572450_footway
v 255.57 0.05 207.43
v 256.75 0.05 208.35
v 256.28 0.05 206.52
v 257.46 0.05 207.44
o r656572451_footway
v 260.60 0.05 212.31
v 260.64 0.05 210.81
v 260.12 0.05 212.30
v 260.16 0.05 210.80
o r656572452_footway
v 256.16 0.05 206.74
v 257.58 0.05 207.22
v 258.98 0.05 198.52
v 260.40 0.05 199.00
v 261.16 0.05 192.17
v 262.58 0.05 192.65
o r656572453_footway
v 267.51 0.05 189.97
v 267.09 0.05 191.41
v 275.70 0.05 192.34
v 275.28 0.05 193.78
v 280.80 0.05 193.80
v 280.38 0.05 195.24
o r656572454_footway
v 264.87 0.05 190.62
v 265.31 0.05 189.18
v 180.21 0.05 164.57
v 180.65 0.05 163.13
o r656572455_footway
v 265.61 0.05 190.44
v 264.57 0.05 189.36
v 264.95 0.05 191.07
v 264.03 0.05 189.89
v 262.31 0.05 193.01
v 261.43 0.05 191.81
o r656572456_footway
v 280.92 0.05 193.85
v 280.26 0.05 195.19
v 284.13 0.05 195.41
v 283.47 0.05 196.75
o r656572457_footway
v 283.74 0.05 199.25
v 282.30 0.05 198.79
v 281.65 0.05 205.85
v 280.21 0.05 205.39
v 279.00 0.05 214.26
v 277.56 0.05 213.80
o r656572948_footway
v 378.67 0.05 250.65
v 378.89 0.05 249.17
v 376.71 0.05 250.36
v 376.93 0.05 248.88
o r656572949_footway
v 366.13 0.05 224.45
v 367.61 0.05 224.25
v 365.86 0.05 222.46
v 367.34 0.05 222.26
o r656572950_footway
v 366.18 0.05 221.74
v 367.02 0.05 222.98
v 367.43 0.05 221.35
v 366.77 0.05 222.69
v 369.04 0.05 222.76
v 368.04 0.05 223.88
o r656572951_footway
v 385.87 0.05 228.36
v 387.29 0.05 228.84
v 398.76 0.05 189.78
v 400.18 0.05 190.26
v 399.25 0.05 188.30
v 400.67 0.05 188.78
v 400.18 0.05 185.50
v 401.60 0.05 185.96
v 412.67 0.05 146.69
v 414.09 0.05 147.15
f 12519 12520 12522
f 12519 12522 12521
o r656572952_footway
v 386.71 0.05 230.23
v 387.09 0.05 228.77
v 386.14 0.05 230.08
v 386.52 0.05 228.62
o r656572953_footway
v 387.61 0.05 229.74
v 386.19 0.05 229.26
v 387.37 0.05 230.46
v 385.95 0.05 229.98
o r656572954_footway
v 387.39 0.05 230.39
v 385.93 0.05 230.05
v 385.38 0.05 239.00
v 383.92 0.05 238.66
v 383.64 0.05 246.45
v 382.18 0.05 246.11
o r656572955_footway
v 383.62 0.05 246.54
v 382.20 0.05 246.02
v 382.55 0.05 249.49
v 381.13 0.05 248.97
o r656572956_footway
v 381.62 0.05 249.95
v 382.06 0.05 248.51
v 379.02 0.05 249.17
v 379.46 0.05 247.73
o r656572957_footway
v 376.60 0.05 250.34
v 377.04 0.05 248.90
v 367.91 0.05 247.68
v 368.35 0.05 246.24
v 360.97 0.05 245.59
v 361.41 0.05 244.15
o r656572958_footway
v 359.47 0.05 242.46
v 360.87 0.05 242.98
v 363.37 0.05 232.01
v 364.77 0.05 232.53
v 366.16 0.05 224.10
v 367.58 0.05 224.60
o r656572959_footway
v 358.97 0.05 244.04
v 360.41 0.05 244.48
v 359.45 0.05 242.50
v 360.89 0.05 242.94
o r656576749_footway
v 471.64 0.05 256.43
v 470.56 0.05 257.47
v 471.92 0.05 256.72
v 470.84 0.05 257.76
o r656576750_footway
v 484.86 0.05 282.82
v 484.76 0.05 284.32
v 486.63 0.05 282.96
v 486.23 0.05 284.40
v 495.34 0.05 285.70
v 494.88 0.05 287.12
v 500.98 0.05 287.55
v 500.52 0.05 288.97
v 566.32 0.05 308.88
v 565.86 0.05 310.30
f 12571 12572 12574
f 12571 12574 12573
o r656576751_footway
v 480.70 0.05 282.28
v 480.50 0.05 283.76
v 484.91 0.05 282.83
v 484.71 0.05 284.31
o r656576752_footway
v 462.42 0.05 278.05
v 463.86 0.05 278.49
v 463.36 0.05 274.98
v 464.80 0.05 275.42
o r656576753_footway
v 463.39 0.05 277.56
v 462.89 0.05 278.98
v 465.93 0.05 278.44
v 465.43 0.05 279.86
o r656576754_footway
v 465.87 0.05 278.43
v 465.49 0.05 279.87
v 473.40 0.05 280.42
v 473.02 0.05 281.88
v 480.78 0.05 282.29
v 480.42 0.05 283.75
o r656576755_footway
v 461.88 0.05 275.30
v 462.34 0.05 273.88
v 411.90 0.05 259.26
v 412.36 0.05 257.84
v 398.34 0.05 255.04
v 398.78 0.05 253.60
v 381.62 0.05 249.95
v 382.06 0.05 248.51
f 12599 12600 12602
f 12599 12602 12601
o r656576756_footway
v 464.13 0.05 272.78
v 462.87 0.05 271.98
v 462.74 0.05 274.99
v 461.48 0.05 274.19
o r656576757_footway
v 484.93 0.05 280.11
v 486.37 0.05 280.55
v 487.50 0.05 271.88
v 488.94 0.05 272.30
v 489.89 0.05 263.07
v 491.33 0.05 263.47
o r656576758_footway
v 490.04 0.05 262.78
v 491.18 0.05 263.76
v 491.31 0.05 261.30
v 492.45 0.05 262.28
o r656576759_footway
v 489.62 0.05 262.35
v 490.04 0.05 260.91
v 480.21 0.05 259.67
v 480.63 0.05 258.23
v 472.19 0.05 257.39
v 472.61 0.05 255.95
o r656576760_footway
v 491.82 0.05 262.54
v 491.94 0.05 261.04
v 489.77 0.05 262.38
v 489.89 0.05 260.88
o r656576761_footway
v 470.86 0.05 257.66
v 471.34 0.05 256.24
v 440.14 0.05 247.09
v 440.62 0.05 245.67
v 432.38 0.05 244.56
v 432.84 0.05 243.14
v 399.53 0.05 233.81
v 399.99 0.05 232.39
v 392.75 0.05 231.57
v 393.21 0.05 230.15
v 392.70 0.05 231.63
v 393.02 0.05 230.17
v 386.73 0.05 230.23
v 387.07 0.05 228.77
f 12631 12632 12634
f 12631 12634 12633
f 12635 12636 12638
f 12635 12638 12637
o r656576762_footway
v 472.03 0.05 256.59
v 470.63 0.05 256.07
v 471.80 0.05 257.21
v 470.40 0.05 256.69
o r656576763_footway
v 472.17 0.05 257.38
v 472.63 0.05 255.96
v 471.10 0.05 257.04
v 471.56 0.05 255.62
o r656576764_footway
v 472.04 0.05 257.60
v 470.72 0.05 256.88
v 467.81 0.05 265.41
v 466.47 0.05 264.71
v 464.17 0.05 272.71
v 462.83 0.05 272.05
o r656584666_footway
v 91.34 0.05 -435.49
v 90.70 0.05 -434.13
v 97.45 0.05 -432.66
v 96.81 0.05 -431.30
o r656584668_footway
v 57.49 0.05 -330.96
v 57.01 0.05 -329.54
v 63.86 0.05 -328.85
v 63.38 0.05 -327.43
o r656584669_footway
v 49.66 0.05 -310.96
v 51.08 0.05 -310.48
v 50.90 0.05 -314.66
v 52.32 0.05 -314.18
o r656584670_footway
v 51.08 0.05 -310.49
v 49.66 0.05 -310.95
v 25.19 0.05 -230.64
v 23.77 0.05 -231.10
v 23.98 0.05 -227.72
v 22.60 0.05 -228.30
o r656584671_footway
v 83.48 0.05 -303.28
v 82.02 0.05 -303.62
v 82.99 0.05 -301.17
v 81.53 0.05 -301.51
o r656584672_footway
v 75.76 0.05 -301.78
v 76.20 0.05 -303.22
v 66.79 0.05 -304.57
v 67.23 0.05 -306.01
v 56.98 0.05 -307.64
v 57.42 0.05 -309.08
o r656584673_footway
v 56.96 0.05 -307.65
v 57.44 0.05 -309.07
v 50.13 0.05 -310.01
v 50.61 0.05 -311.43
o r656584674_footway
v 50.89 0.05 -314.63
v 52.33 0.05 -314.21
v 52.33 0.05 -319.55
v 53.77 0.05 -319.11
v 54.26 0.05 -325.58
v 55.68 0.05 -325.12
o r656584675_footway
v 54.29 0.05 -325.67
v 55.65 0.05 -325.03
v 56.57 0.05 -330.57
v 57.93 0.05 -329.93
o r656584676_footway
v 63.85 0.05 -328.85
v 63.39 0.05 -327.43
v 73.74 0.05 -325.63
v 73.30 0.05 -324.19
v 82.45 0.05 -323.01
v 82.01 0.05 -321.57
o r656584677_footway
v 88.36 0.05 -320.18
v 86.88 0.05 -320.46
v 87.32 0.05 -314.81
v 85.84 0.05 -315.09
o r656584678_footway
v 23.56 0.05 -228.71
v 23.02 0.05 -227.31
v 29.33 0.05 -226.51
v 28.79 0.05 -225.11
o r656584679_footway
v 17.21 0.05 -208.53
v 18.65 0.05 -208.09
v 18.07 0.05 -211.31
v 19.51 0.05 -210.87
o r656584680_footway
v 47.57 0.05 -198.13
v 48.01 0.05 -199.57
v 42.45 0.05 -199.67
v 42.89 0.05 -201.11
o r656584681_footway
v 50.40 0.05 -204.27
v 48.98 0.05 -204.75
v 48.50 0.05 -198.61
v 47.08 0.05 -199.09
o r656584682_footway
v 54.41 0.05 -214.15
v 53.03 0.05 -214.71
v 51.44 0.05 -206.83
v 50.06 0.05 -207.39
v 50.38 0.05 -204.23
v 49.00 0.05 -204.79
o r656584683_footway
v 49.36 0.05 -219.10
v 48.90 0.05 -217.68
v 54.07 0.05 -217.58
v 53.61 0.05 -216.16
o r656584684_footway
v 29.32 0.05 -226.51
v 28.80 0.05 -225.11
v 40.65 0.05 -222.32
v 40.13 0.05 -220.92
v 49.39 0.05 -219.09
v 48.87 0.05 -217.69
o r656584685_footway
v 22.30 0.05 -224.49
v 23.80 0.05 -224.39
v 22.42 0.05 -226.27
v 23.92 0.05 -226.17
v 22.54 0.05 -228.06
v 24.04 0.05 -227.96
o r656584686_footway
v 18.08 0.05 -211.32
v 19.50 0.05 -210.86
v 19.88 0.05 -217.00
v 21.30 0.05 -216.54
v 22.34 0.05 -224.67
v 23.76 0.05 -224.21
o r656584687_footway
v 23.10 0.05 -205.57
v 23.62 0.05 -206.97
v 17.67 0.05 -207.61
v 18.19 0.05 -209.01
o r656584688_footway
v 15.29 0.05 -93.88
v 15.75 0.05 -95.30
v 9.35 0.05 -95.77
v 9.81 0.05 -97.19
o r656584689_footway
v -10.59 0.05 -101.63
v -10.13 0.05 -103.05
v -13.32 0.05 -102.51
v -12.86 0.05 -103.93
o r656584690_footway
v 9.37 0.05 -95.76
v 9.79 0.05 -97.20
v 0.02 0.05 -98.51
v 0.44 0.05 -99.95
v -10.57 0.05 -101.62
v -10.15 0.05 -103.06
o r656584691_footway
v 17.07 0.05 -97.09
v 15.63 0.05 -97.53
v 16.24 0.05 -94.37
v 14.80 0.05 -94.81
o r656584692_footway
v 21.32 0.05 -111.28
v 19.88 0.05 -111.70
v 19.55 0.05 -105.10
v 18.11 0.05 -105.54
v 17.07 0.05 -97.09
v 15.63 0.05 -97.53
o r656584693_footway
v 16.04 0.05 -117.44
v 15.50 0.05 -116.04
v 19.37 0.05 -116.17
v 18.83 0.05 -114.77
o r656584694_footway
v -3.53 0.05 -123.51
v -3.93 0.05 -122.07
v 7.17 0.05 -120.58
v 6.73 0.05 -119.14
v 16.02 0.05 -117.45
v 15.52 0.05 -116.03
o r656584695_footway
v -9.87 0.05 -121.79
v -11.31 0.05 -122.23
v -11.93 0.05 -115.18
v -13.37 0.05 -115.62
v -14.12 0.05 -108.16
v -15.56 0.05 -108.60
o r656584696_footway
v -14.13 0.05 -108.14
v -15.55 0.05 -108.62
v -14.90 0.05 -105.89
v -16.32 0.05 -106.37
o r656587497_footway
v -43.24 0.05 1.03
v -42.76 0.05 -0.39
v -49.59 0.05 -1.14
v -49.11 0.05 -2.56
o r656587498_footway
v -49.31 0.05 -5.16
v -47.87 0.05 -4.72
v -46.73 0.05 -13.45
v -45.29 0.05 -13.01
v -44.75 0.05 -19.79
v -43.31 0.05 -19.35
o r656587499_footway
v -22.26 0.05 7.46
v -21.84 0.05 6.02
v -33.42 0.05 4.26
v -32.98 0.05 2.82
v -43.23 0.05 1.03
v -42.77 0.05 -0.39
o r656587500_footway
v -16.22 0.05 6.34
v -17.50 0.05 5.56
v -17.42 0.05 8.32
v -18.70 0.05 7.54
o r656587501_footway
v -11.89 0.05 -7.74
v -13.31 0.05 -8.22
v -13.54 0.05 -2.95
v -14.98 0.05 -3.39
v -16.14 0.05 6.16
v -17.58 0.05 5.74
o r656587502_footway
v 110.87 0.05 31.25
v 109.43 0.05 30.79
v 109.19 0.05 36.55
v 107.77 0.05 36.07
v 106.58 0.05 44.23
v 105.16 0.05 43.75
o r656587503_footway
v 83.36 0.05 38.47
v 81.98 0.05 39.07
v 84.53 0.05 41.17
v 83.15 0.05 41.77
o r656587504_footway
v 91.07 0.05 20.36
v 91.05 0.05 21.86
v 95.38 0.05 20.44
v 95.36 0.05 21.94
o r656587505_footway
v 88.32 0.05 23.52
v 89.52 0.05 24.42
v 90.46 0.05 20.66
v 91.66 0.05 21.56
o r656587506_footway
v 95.69 0.05 20.51
v 95.05 0.05 21.87
v 102.09 0.05 23.57
v 101.47 0.05 24.93
v 109.15 0.05 26.65
v 108.55 0.05 28.03
o r656587507_footway
v 102.28 0.05 48.12
v 102.70 0.05 46.68
v 95.42 0.05 46.10
v 95.84 0.05 44.66
v 84.87 0.05 42.97
v 85.29 0.05 41.53
o r656587508_footway
v 134.64 0.05 -55.15
v 135.06 0.05 -56.59
v 127.04 0.05 -57.36
v 127.50 0.05 -58.80
v 118.42 0.05 -60.26
v 118.90 0.05 -61.68
o r656587509_footway
v 135.00 0.05 -56.61
v 134.70 0.05 -55.13
v 137.90 0.05 -56.03
v 137.60 0.05 -54.55
o r656587510_footway
v 137.08 0.05 -55.64
v 138.42 0.05 -54.94
v 138.06 0.05 -57.53
v 139.40 0.05 -56.83
o r656587512_footway
v 124.08 0.05 -81.88
v 122.70 0.05 -82.44
v 123.43 0.05 -80.29
v 122.05 0.05 -80.85
o r656587513_footway
v 118.23 0.05 -60.35
v 119.09 0.05 -61.59
v 116.84 0.05 -61.32
v 117.70 0.05 -62.56
o r656587514_footway
v 124.19 0.05 -81.07
v 124.71 0.05 -82.47
v 123.13 0.05 -81.46
v 123.65 0.05 -82.86
o r656587515_footway
v 123.46 0.05 -80.37
v 122.02 0.05 -80.77
v 121.33 0.05 -72.44
v 119.89 0.05 -72.88
v 118.18 0.05 -62.81
v 116.76 0.05 -63.27
o r656587516_footway
v 118.21 0.05 -62.91
v 116.73 0.05 -63.17
v 118.01 0.05 -61.81
v 116.53 0.05 -62.07
o r656587517_footway
v 149.75 0.05 -165.43
v 151.21 0.05 -165.11
v 150.25 0.05 -167.72
v 151.71 0.05 -167.40
o r656587518_footway
v 151.22 0.05 -165.16
v 149.74 0.05 -165.38
v 150.96 0.05 -163.50
v 149.54 0.05 -163.96
v 124.10 0.05 -81.93
v 122.68 0.05 -82.39
o r656587519_footway
v 178.14 0.05 -178.23
v 176.66 0.05 -178.51
v 177.65 0.05 -175.68
v 176.17 0.05 -175.96
o r656587520_footway
v 169.21 0.05 -157.44
v 170.67 0.05 -157.10
v 169.32 0.05 -157.80
v 170.64 0.05 -157.08
v 170.06 0.05 -159.08
v 171.36 0.05 -158.32
o r656587521_footway
v 170.44 0.05 -158.00
v 170.98 0.05 -159.40
v 168.80 0.05 -158.64
v 169.34 0.05 -160.04
o r656587522_footway
v 152.57 0.05 -163.82
v 153.03 0.05 -165.24
v 150.25 0.05 -164.56
v 150.71 0.05 -165.98
o r656587523_footway
v 168.85 0.05 -158.62
v 169.29 0.05 -160.06
v 160.49 0.05 -161.23
v 160.95 0.05 -162.65
v 152.57 0.05 -163.82
v 153.03 0.05 -165.24
o r656587524_footway
v 172.44 0.05 -160.45
v 171.02 0.05 -160.91
v 171.90 0.05 -158.78
v 170.48 0.05 -159.24
o r656587525_footway
v 177.62 0.05 -175.57
v 176.20 0.05 -176.07
v 174.70 0.05 -167.31
v 173.28 0.05 -167.79
v 172.44 0.05 -160.45
v 171.02 0.05 -160.91
o r656587526_footway
v 174.99 0.05 -179.56
v 174.73 0.05 -178.08
v 177.53 0.05 -179.11
v 177.27 0.05 -177.63
o r656587527_footway
v 159.17 0.05 -185.07
v 158.63 0.05 -183.67
v 167.48 0.05 -181.81
v 166.98 0.05 -180.39
v 175.07 0.05 -179.54
v 174.65 0.05 -178.10
o r656587528_footway
v 155.11 0.05 -183.39
v 156.49 0.05 -182.81
v 155.99 0.05 -185.51
v 157.37 0.05 -184.93
o r656587529_footway
v 150.28 0.05 -167.83
v 151.68 0.05 -167.29
v 152.77 0.05 -174.34
v 154.21 0.05 -173.90
v 155.07 0.05 -183.29
v 156.53 0.05 -182.91
o r656587530_footway
v 204.58 0.05 -260.28
v 203.16 0.05 -260.74
v 192.48 0.05 -222.78
v 191.06 0.05 -223.24
v 190.99 0.05 -218.98
v 189.57 0.05 -219.48
v 190.55 0.05 -217.34
v 189.13 0.05 -217.82
v 184.98 0.05 -201.16
v 183.56 0.05 -201.64
v 182.66 0.05 -193.51
v 181.22 0.05 -193.93
v 178.12 0.05 -178.16
v 176.68 0.05 -178.58
f 12959 12960 12962
f 12959 12962 12961
f 12963 12964 12966
f 12963 12966 12965
o r656587531_footway
v 203.65 0.05 -259.79
v 204.09 0.05 -261.23
v 201.55 0.05 -260.42
v 201.99 0.05 -261.86
o r656587532_footway
v 205.14 0.05 -284.92
v 204.68 0.05 -283.50
v 208.09 0.05 -283.95
v 207.63 0.05 -282.53
o r656587533_footway
v 193.07 0.05 -288.83
v 192.63 0.05 -287.39
v 200.04 0.05 -286.65
v 199.58 0.05 -285.23
v 205.15 0.05 -284.92
v 204.67 0.05 -283.50
o r656589614_footway
v 238.62 0.05 -368.94
v 240.00 0.05 -368.36
v 239.06 0.05 -370.01
v 240.44 0.05 -369.43
o r656589615_footway
v 224.16 0.05 -389.42
v 222.70 0.05 -389.78
v 222.30 0.05 -382.05
v 220.84 0.05 -382.41
v 219.56 0.05 -371.20
v 218.10 0.05 -371.56
o r656589616_footway
v 220.74 0.05 -368.86
v 220.40 0.05 -367.40
v 225.63 0.05 -367.69
v 225.27 0.05 -366.23
v 231.42 0.05 -366.25
v 231.06 0.05 -364.79
o r656589618_footway
v 239.05 0.05 -369.98
v 240.45 0.05 -369.46
v 241.23 0.05 -375.83
v 242.63 0.05 -375.31
v 243.49 0.05 -381.89
v 244.89 0.05 -381.37
o r656589619_footway
v 245.12 0.05 -384.58
v 245.28 0.05 -386.08
v 241.96 0.05 -384.92
v 242.12 0.05 -386.42
o r656589620_footway
v 245.66 0.05 -385.92
v 244.74 0.05 -384.74
v 246.41 0.05 -385.27
v 245.95 0.05 -383.85
v 307.73 0.05 -365.49
v 307.27 0.05 -364.07
v 325.23 0.05 -359.85
v 324.81 0.05 -358.41
v 327.47 0.05 -359.66
v 327.33 0.05 -358.16
f 13013 13014 13016
f 13013 13016 13015
o r656589627_footway
v 369.90 0.05 -434.26
v 370.38 0.05 -435.68
v 365.18 0.05 -435.83
v 365.66 0.05 -437.25
v 352.86 0.05 -439.91
v 353.34 0.05 -441.33
o r656589630_footway
v 381.60 0.05 -453.65
v 380.16 0.05 -454.09
v 379.04 0.05 -445.29
v 377.60 0.05 -445.73
v 376.93 0.05 -438.38
v 375.49 0.05 -438.82
o r656589631_footway
v 376.93 0.05 -438.38
v 375.49 0.05 -438.82
v 375.75 0.05 -434.50
v 374.31 0.05 -434.94
o r656589633_footway
v 373.22 0.05 -434.89
v 373.72 0.05 -433.47
v 375.25 0.05 -435.44
v 374.81 0.05 -434.00
v 456.22 0.05 -409.59
v 455.76 0.05 -408.17
v 456.80 0.05 -409.52
v 456.58 0.05 -408.04
f 13039 13040 13042
f 13039 13042 13041
o r656589634_footway
v 352.39 0.05 -440.86
v 353.81 0.05 -440.38
v 356.41 0.05 -452.55
v 357.83 0.05 -452.07
v 359.54 0.05 -461.67
v 360.96 0.05 -461.19
o r656597145_footway
v 476.51 0.05 -402.40
v 478.01 0.05 -402.34
v 476.56 0.05 -403.50
v 478.06 0.05 -403.44
o r656597146_footway
v 293.40 0.05 -256.79
v 294.28 0.05 -255.59
v 293.85 0.05 -257.13
v 294.73 0.05 -255.91
v 293.75 0.05 -256.86
v 295.19 0.05 -256.42
v 301.10 0.05 -280.91
v 302.54 0.05 -280.47
v 304.33 0.05 -291.67
v 305.77 0.05 -291.23
v 305.11 0.05 -294.08
v 306.53 0.05 -293.62
v 305.62 0.05 -295.61
v 307.04 0.05 -295.15
v 306.91 0.05 -299.70
v 308.33 0.05 -299.24
v 319.40 0.05 -337.39
v 320.82 0.05 -336.93
v 320.29 0.05 -340.29
v 321.73 0.05 -339.85
v 320.73 0.05 -341.71
v 322.17 0.05 -341.27
f 13057 13058 13060
f 13057 13060 13059
f 13061 13062 13064
f 13061 13064 13063
f 13065 13066 13068
f 13065 13068 13067
f 13069 13070 13072
f 13069 13072 13071
o r656597147_footway
v 320.34 0.05 -337.87
v 319.88 0.05 -336.45
v 321.87 0.05 -337.37
v 321.41 0.05 -335.95
o r656597818_footway
v 340.34 0.05 -330.72
v 340.74 0.05 -332.16
v 331.80 0.05 -333.09
v 332.20 0.05 -334.53
v 321.44 0.05 -335.94
v 321.84 0.05 -337.38
o r656597819_footway
v 340.99 0.05 -330.84
v 340.09 0.05 -332.04
v 340.33 0.05 -330.36
v 339.19 0.05 -331.34
v 340.03 0.05 -329.81
v 338.59 0.05 -330.23
v 338.59 0.05 -324.05
v 337.15 0.05 -324.45
v 337.47 0.05 -320.41
v 336.03 0.05 -320.85
v 336.22 0.05 -316.38
v 334.80 0.05 -316.86
v 313.94 0.05 -251.29
v 312.52 0.05 -251.77
f 13089 13090 13092
f 13089 13092 13091
f 13093 13094 13096
f 13093 13096 13095
o r656597820_footway
v 423.87 0.05 -303.97
v 424.33 0.05 -305.39
v 352.51 0.05 -327.36
v 352.97 0.05 -328.78
v 345.66 0.05 -329.65
v 346.14 0.05 -331.07
v 341.97 0.05 -330.88
v 342.37 0.05 -332.32
v 341.34 0.05 -330.90
v 341.20 0.05 -332.40
v 340.75 0.05 -330.72
v 340.33 0.05 -332.16
f 13103 13104 13106
f 13103 13106 13105
f 13107 13108 13110
f 13107 13110 13109
o r656597822_footway
v 347.10 0.05 -350.97
v 348.52 0.05 -351.47
v 347.11 0.05 -351.05
v 348.31 0.05 -351.95
v 346.40 0.05 -351.84
v 347.70 0.05 -352.60
v 346.13 0.05 -352.75
v 347.57 0.05 -353.15
f 13115 13116 13118
f 13115 13118 13117
o r656597823_footway
v 346.11 0.05 -353.10
v 347.59 0.05 -352.80
v 346.37 0.05 -354.33
v 347.79 0.05 -353.87
v 357.26 0.05 -387.72
v 358.68 0.05 -387.26
v 358.00 0.05 -389.99
v 359.42 0.05 -389.49
v 359.54 0.05 -394.07
v 360.94 0.05 -393.55
v 360.60 0.05 -396.88
v 362.02 0.05 -396.42
v 372.76 0.05 -434.41
v 374.18 0.05 -433.95
f 13123 13124 13126
f 13123 13126 13125
f 13127 13128 13130
f 13127 13130 13129
o r656597824_footway
v 328.32 0.05 -358.97
v 327.78 0.05 -357.57
v 338.88 0.05 -354.98
v 338.34 0.05 -353.58
v 345.39 0.05 -352.52
v 344.85 0.05 -351.12
o r656597825_footway
v 326.75 0.05 -359.28
v 328.05 0.05 -358.54
v 327.29 0.05 -360.19
v 328.71 0.05 -359.73
v 336.56 0.05 -389.61
v 338.00 0.05 -389.15
v 337.73 0.05 -393.29
v 339.17 0.05 -392.85
v 338.76 0.05 -396.72
v 340.20 0.05 -396.28
v 339.85 0.05 -400.09
v 341.29 0.05 -399.69
v 340.83 0.05 -403.99
v 342.25 0.05 -403.53
v 352.44 0.05 -438.84
v 353.86 0.05 -438.38
v 352.59 0.05 -439.69
v 354.09 0.05 -439.73
v 352.37 0.05 -440.43
v 353.83 0.05 -440.81
f 13143 13144 13146
f 13143 13146 13145
f 13147 13148 13150
f 13147 13150 13149
f 13151 13152 13154
f 13151 13154 13153
f 13155 13156 13158
f 13155 13158 13157
o r656599992_footway
v 306.42 0.05 -226.33
v 305.00 0.05 -226.79
v 281.61 0.05 -148.42
v 280.17 0.05 -148.88
v 281.47 0.05 -147.58
v 279.97 0.05 -147.58
v 281.63 0.05 -147.03
v 280.17 0.05 -146.67
f 13163 13164 13166
f 13163 13166 13165
o r656602174_footway
v 273.76 0.05 -125.76
v 275.16 0.05 -125.24
v 276.98 0.05 -134.53
v 278.40 0.05 -134.03
v 280.41 0.05 -144.85
v 281.83 0.05 -144.37
o r656602175_footway
v 280.74 0.05 -146.83
v 280.70 0.05 -148.33
v 279.31 0.05 -146.80
v 279.27 0.05 -148.30
o r656602176_footway
v 279.16 0.05 -146.81
v 279.42 0.05 -148.29
v 271.70 0.05 -148.07
v 271.98 0.05 -149.55
v 261.85 0.05 -150.11
v 262.15 0.05 -151.57
o r656602177_footway
v 280.39 0.05 -144.80
v 281.85 0.05 -144.42
v 280.75 0.05 -146.18
v 282.21 0.05 -145.80
o r656602179_footway
v 261.06 0.05 -151.02
v 259.62 0.05 -151.44
v 260.63 0.05 -149.52
v 259.19 0.05 -149.94
o r656602180_footway
v 259.62 0.05 -151.43
v 261.06 0.05 -151.03
v 262.99 0.05 -163.90
v 264.43 0.05 -163.46
v 269.81 0.05 -184.73
v 271.25 0.05 -184.29
v 271.55 0.05 -191.19
v 272.99 0.05 -190.77
v 272.34 0.05 -193.59
v 273.76 0.05 -193.13
v 273.46 0.05 -197.01
v 274.88 0.05 -196.53
v 274.30 0.05 -199.39
v 275.72 0.05 -198.91
v 283.74 0.05 -226.78
v 285.16 0.05 -226.30
v 284.45 0.05 -228.98
v 285.87 0.05 -228.50
v 286.39 0.05 -234.68
v 287.81 0.05 -234.20
f 13195 13196 13198
f 13195 13198 13197
f 13199 13200 13202
f 13199 13202 13201
f 13203 13204 13206
f 13203 13206 13205
f 13207 13208 13210
f 13207 13210 13209
o r656602181_footway
v 261.83 0.05 -150.11
v 262.17 0.05 -151.57
v 260.17 0.05 -150.50
v 260.51 0.05 -151.96
o r656602182_footway
v 260.63 0.05 -149.51
v 259.19 0.05 -149.95
v 257.89 0.05 -140.53
v 256.45 0.05 -140.99
v 255.26 0.05 -132.50
v 253.84 0.05 -132.96
o r657843125_footway
v 452.14 0.05 24.19
v 452.54 0.05 22.75
v 443.22 0.05 21.78
v 443.62 0.05 20.34
v 434.05 0.05 19.30
v 434.45 0.05 17.86
o r657843127_footway
v 446.97 0.05 44.02
v 445.53 0.05 43.58
v 435.13 0.05 82.61
v 433.69 0.05 82.17
v 434.65 0.05 84.21
v 433.21 0.05 83.77
v 433.94 0.05 86.55
v 432.50 0.05 86.11
v 422.09 0.05 125.93
v 420.65 0.05 125.49
f 13231 13232 13234
f 13231 13234 13233
o r657843133_footway
v 445.84 0.05 42.63
v 447.22 0.05 43.21
v 449.87 0.05 33.17
v 451.25 0.05 33.75
v 453.45 0.05 24.52
v 454.83 0.05 25.10
o r657843136_footway
v 434.92 0.05 18.92
v 433.58 0.05 18.24
v 434.61 0.05 19.51
v 433.21 0.05 18.99
v 431.92 0.05 27.19
v 430.50 0.05 26.69
v 428.34 0.05 37.36
v 426.92 0.05 36.86
f 13247 13248 13250
f 13247 13250 13249
o r658368415_footway
v -273.55 0.05 -434.53
v -272.11 0.05 -434.11
v -273.07 0.05 -436.16
v -271.63 0.05 -435.74
o r658368416_footway
v -276.05 0.05 -421.14
v -277.51 0.05 -421.52
v -277.21 0.05 -416.73
v -278.67 0.05 -417.11
o r658368417_footway
v -255.76 0.05 -414.15
v -257.18 0.05 -414.63
v -257.08 0.05 -410.33
v -258.50 0.05 -410.81
o r658625859_footway
v 513.55 0.05 -163.87
v 512.87 0.05 -162.53
v 514.93 0.05 -163.17
v 514.25 0.05 -161.83
o r660644113_footway
v -405.95 0.05 -364.88
v -405.47 0.05 -366.30
v -408.54 0.05 -365.74
v -408.06 0.05 -367.16
o r660644114_footway
v -410.89 0.05 -344.71
v -410.43 0.05 -346.13
v -413.11 0.05 -345.43
v -412.65 0.05 -346.85
o r660644115_footway
v -400.89 0.05 -343.53
v -401.37 0.05 -342.11
v -398.56 0.05 -342.75
v -399.04 0.05 -341.33
o r660644816_footway
v -306.46 0.05 -331.54
v -304.98 0.05 -331.34
v -305.95 0.05 -335.36
v -304.47 0.05 -335.16
o r660644817_footway
v -301.13 0.05 -333.63
v -300.81 0.05 -335.09
v -305.37 0.05 -334.53
v -305.05 0.05 -335.99
o r660644818_footway
v -286.63 0.05 -330.54
v -287.55 0.05 -329.36
v -283.90 0.05 -328.40
v -284.82 0.05 -327.22
o r660644819_footway
v -284.88 0.05 -324.25
v -283.38 0.05 -324.35
v -285.11 0.05 -327.76
v -283.61 0.05 -327.86
o r660644820_footway
v -309.74 0.05 -317.12
v -311.16 0.05 -317.60
v -310.69 0.05 -314.30
v -312.11 0.05 -314.78
o r660644821_footway
v -308.22 0.05 -311.80
v -307.72 0.05 -313.22
v -311.59 0.05 -312.97
v -311.09 0.05 -314.39
o r660644822_footway
v -287.83 0.05 -309.86
v -289.25 0.05 -310.34
v -288.74 0.05 -307.16
v -290.16 0.05 -307.64
o r660644823_footway
v -293.84 0.05 -308.65
v -294.30 0.05 -307.23
v -290.82 0.05 -307.68
v -291.28 0.05 -306.26
o r660644824_footway
v 307.63 0.05 -227.15
v 306.93 0.05 -228.49
v 306.77 0.05 -226.73
v 305.83 0.05 -227.89
v 306.30 0.05 -226.10
v 305.12 0.05 -227.02
o r660645547_footway
v -216.84 0.05 -193.04
v -217.22 0.05 -191.58
v -213.46 0.05 -192.15
v -213.84 0.05 -190.69
o r660645548_footway
v -224.29 0.05 -230.67
v -223.63 0.05 -232.03
v -225.22 0.05 -231.12
v -224.56 0.05 -232.48
o r660645549_footway
v -500.10 0.05 -378.02
v -501.46 0.05 -377.38
v -499.55 0.05 -376.84
v -500.91 0.05 -376.20
o r663034745_footway
v 466.74 0.05 -86.43
v 466.30 0.05 -84.99
v 477.32 0.05 -83.13
v 476.88 0.05 -81.69
v 487.12 0.05 -80.03
v 486.66 0.05 -78.59
o r663034747_footway
v 480.62 0.05 -58.17
v 481.44 0.05 -59.43
v 479.88 0.05 -58.66
v 480.70 0.05 -59.92
o r663034748_footway
v 460.98 0.05 -66.75
v 460.48 0.05 -65.33
v 470.76 0.05 -63.26
v 470.28 0.05 -61.84
v 480.53 0.05 -60.00
v 480.05 0.05 -58.58
o r663985512_footway
v -528.18 0.05 71.93
v -527.90 0.05 70.45
v -530.11 0.05 71.56
v -529.83 0.05 70.08
v -539.09 0.05 69.89
v -538.81 0.05 68.41
v -547.91 0.05 68.25
v -547.63 0.05 66.77
f 13349 13350 13352
f 13349 13352 13351
o r663987181_footway
v -528.75 0.05 70.95
v -527.33 0.05 71.43
v -528.37 0.05 69.85
v -526.95 0.05 70.33
v -525.63 0.05 61.80
v -524.21 0.05 62.28
v -523.49 0.05 55.48
v -522.07 0.05 55.96
f 13357 13358 13360
f 13357 13360 13359
o r664526236_footway
v -446.67 0.05 98.93
v -445.23 0.05 99.33
v -446.23 0.05 97.33
v -444.79 0.05 97.73
v -446.13 0.05 96.92
v -444.69 0.05 97.36
v -443.87 0.05 89.67
v -442.43 0.05 90.11
v -442.23 0.05 83.97
v -440.79 0.05 84.39
f 13365 13366 13368
f 13365 13368 13367
o r664526237_footway
v -445.70 0.05 98.42
v -446.20 0.05 99.84
v -443.93 0.05 99.05
v -444.43 0.05 100.47
v -443.28 0.05 99.28
v -443.76 0.05 100.70
v -434.11 0.05 102.30
v -434.55 0.05 103.74
v -428.23 0.05 103.99
v -428.65 0.05 105.43
f 13375 13376 13378
f 13375 13378 13377
o r664526238_footway
v -418.63 0.05 89.88
v -420.01 0.05 89.28
v -421.28 0.05 95.95
v -422.66 0.05 95.35
v -424.35 0.05 102.96
v -425.73 0.05 102.36
o r664526239_footway
v -421.62 0.05 83.47
v -421.14 0.05 82.05
v -427.58 0.05 81.43
v -427.10 0.05 80.01
v -434.80 0.05 78.94
v -434.32 0.05 77.52
o r664526808_footway
v -412.01 0.05 -8.70
v -410.61 0.05 -8.14
v -409.15 0.05 -15.87
v -407.75 0.05 -15.31
v -405.93 0.05 -23.96
v -404.53 0.05 -23.40
o r664526809_footway
v -402.78 0.05 -25.94
v -403.28 0.05 -24.52
v -393.67 0.05 -22.75
v -394.17 0.05 -21.33
v -385.82 0.05 -19.99
v -386.32 0.05 -18.57
o r664526810_footway
v -384.29 0.05 -14.91
v -385.73 0.05 -15.37
v -386.32 0.05 -8.49
v -387.76 0.05 -8.95
v -388.47 0.05 -1.68
v -389.91 0.05 -2.14
o r664526811_footway
v -395.45 0.05 1.72
v -394.95 0.05 0.30
v -401.10 0.05 -0.25
v -400.60 0.05 -1.67
v -408.74 0.05 -2.93
v -408.24 0.05 -4.35
o r664527595_footway
v -301.34 0.05 9.68
v -302.76 0.05 9.20
v -302.07 0.05 11.85
v -303.49 0.05 11.37
o r664527597_footway
v -281.11 0.05 21.98
v -282.51 0.05 21.42
v -282.31 0.05 25.02
v -283.71 0.05 24.46
v -285.96 0.05 34.24
v -287.36 0.05 33.68
o r664528095_footway
v -199.60 0.05 44.08
v -201.04 0.05 43.66
v -201.58 0.05 50.77
v -203.02 0.05 50.37
v -203.51 0.05 58.35
v -204.97 0.05 57.97
o r664528096_footway
v -195.95 0.05 40.95
v -196.39 0.05 42.39
v -186.46 0.05 43.81
v -186.90 0.05 45.25
v -180.29 0.05 45.67
v -180.73 0.05 47.11
o r664528097_footway
v -177.78 0.05 50.74
v -179.20 0.05 50.28
v -180.04 0.05 57.67
v -181.48 0.05 57.25
v -182.11 0.05 65.25
v -183.55 0.05 64.85
o r664528098_footway
v -201.43 0.05 62.92
v -201.81 0.05 64.36
v -193.35 0.05 65.08
v -193.77 0.05 66.52
v -186.49 0.05 67.23
v -186.93 0.05 68.67
o r664535481_footway
v 229.00 0.05 295.98
v 227.58 0.05 295.52
v 226.88 0.05 302.48
v 225.46 0.05 302.02
v 224.92 0.05 308.52
v 223.50 0.05 308.06
o r664535482_footway
v 237.35 0.05 319.32
v 237.77 0.05 317.88
v 234.69 0.05 318.54
v 235.11 0.05 317.10
v 229.03 0.05 316.90
v 229.45 0.05 315.46
v 223.28 0.05 315.22
v 223.70 0.05 313.78
f 13461 13462 13464
f 13461 13464 13463
o r664535483_footway
v 241.37 0.05 316.15
v 242.79 0.05 316.63
v 241.90 0.05 314.56
v 243.32 0.05 315.04
v 244.08 0.05 308.01
v 245.50 0.05 308.49
v 246.52 0.05 300.72
v 247.94 0.05 301.20
f 13469 13470 13472
f 13469 13472 13471
o r664535484_footway
v 234.75 0.05 292.86
v 234.31 0.05 294.30
v 242.25 0.05 295.16
v 241.81 0.05 296.60
v 244.99 0.05 296.00
v 244.55 0.05 297.44
o r664535486_footway
v 312.12 0.05 112.10
v 311.64 0.05 113.52
v 393.99 0.05 139.48
v 393.51 0.05 140.90
o r664535487_footway
v 309.73 0.05 113.07
v 311.15 0.05 113.55
v 310.04 0.05 112.17
v 311.46 0.05 112.65
o r664535491_footway
v 394.48 0.05 140.38
v 393.02 0.05 140.00
v 394.06 0.05 141.97
v 392.62 0.05 141.53
v 382.80 0.05 179.12
v 381.38 0.05 178.66
v 381.07 0.05 182.71
v 379.73 0.05 182.05
v 380.37 0.05 184.16
v 379.03 0.05 183.48
v 380.18 0.05 184.46
v 378.76 0.05 184.00
v 368.19 0.05 221.82
v 366.77 0.05 221.36
v 367.66 0.05 222.52
v 366.54 0.05 221.52
f 13491 13492 13494
f 13491 13494 13493
f 13495 13496 13498
f 13495 13498 13497
f 13499 13500 13502
f 13499 13502 13501
o r664535493_footway
v 414.42 0.05 145.61
v 413.96 0.05 147.03
v 496.40 0.05 172.01
v 495.94 0.05 173.43
o r664535494_footway
v 412.65 0.05 146.73
v 414.11 0.05 147.11
v 412.85 0.05 145.97
v 414.31 0.05 146.35
o r664535496_footway
v 523.90 0.05 162.40
v 522.48 0.05 161.92
v 521.26 0.05 170.32
v 519.84 0.05 169.84
v 517.85 0.05 180.53
v 516.43 0.05 180.05
o r664535497_footway
v 496.33 0.05 169.56
v 497.77 0.05 169.96
v 498.18 0.05 162.90
v 499.62 0.05 163.30
v 501.45 0.05 151.74
v 502.07 0.05 153.10
v 514.06 0.05 155.54
v 513.62 0.05 156.98
v 520.78 0.05 157.47
v 520.36 0.05 158.91
f 13521 13522 13524
f 13521 13524 13523
o r664535498_footway
v 516.89 0.05 181.00
v 517.39 0.05 179.58
v 506.92 0.05 177.50
v 507.42 0.05 176.08
v 498.65 0.05 174.58
v 499.15 0.05 173.16
o r664953564_footway
v -228.19 0.05 144.99
v -228.61 0.05 146.43
v -220.37 0.05 147.22
v -220.79 0.05 148.66
v -213.72 0.05 149.30
v -214.16 0.05 150.74
o r664953565_footway
v -235.58 0.05 166.42
v -235.98 0.05 167.86
v -227.18 0.05 168.78
v -227.60 0.05 170.22
v -220.83 0.05 170.66
v -221.25 0.05 172.10
o r664953566_footway
v -211.83 0.05 155.81
v -213.25 0.05 155.33
v -213.49 0.05 160.84
v -214.91 0.05 160.36
v -216.17 0.05 168.96
v -217.59 0.05 168.48
o r664953928_footway
v -323.67 0.05 138.60
v -323.17 0.05 137.18
v -324.94 0.05 138.16
v -324.44 0.05 136.74
o r665414409_footway
v -504.49 0.05 -59.02
v -505.05 0.05 -57.64
v -497.94 0.05 -56.34
v -498.52 0.05 -54.96
v -489.56 0.05 -52.88
v -490.14 0.05 -51.50
o r665678973_footway
v -307.74 0.05 -313.22
v -308.20 0.05 -311.80
v -300.01 0.05 -310.68
v -300.47 0.05 -309.26
v -293.84 0.05 -308.65
v -294.30 0.05 -307.23
o r665678976_footway
v -283.41 0.05 -324.08
v -284.85 0.05 -324.52
v -286.17 0.05 -315.19
v -287.61 0.05 -315.63
v -287.82 0.05 -309.88
v -289.26 0.05 -310.32
o r665678979_footway
v -287.32 0.05 -329.24
v -286.86 0.05 -330.66
v -293.35 0.05 -331.15
v -292.89 0.05 -332.57
v -301.20 0.05 -333.65
v -300.74 0.05 -335.07
o r665678983_footway
v -305.01 0.05 -331.20
v -306.43 0.05 -331.68
v -307.98 0.05 -322.36
v -309.40 0.05 -322.84
v -309.74 0.05 -317.12
v -311.16 0.05 -317.60
o r665679652_footway
v -369.81 0.05 -128.59
v -370.27 0.05 -127.17
v -367.99 0.05 -128.00
v -368.45 0.05 -126.58
o r665679655_footway
v -376.30 0.05 -108.47
v -376.72 0.05 -107.03
v -366.74 0.05 -105.66
v -367.16 0.05 -104.22
v -358.97 0.05 -103.37
v -359.39 0.05 -101.93
o r665679656_footway
v -378.42 0.05 -110.24
v -376.98 0.05 -109.78
v -375.66 0.05 -119.01
v -374.22 0.05 -118.55
v -373.71 0.05 -125.21
v -372.27 0.05 -124.75
o r665679657_footway
v -367.98 0.05 -128.00
v -368.46 0.05 -126.58
v -360.54 0.05 -125.48
v -361.02 0.05 -124.06
v -355.24 0.05 -123.67
v -355.72 0.05 -122.25
o r665679658_footway
v -352.15 0.05 -118.08
v -353.61 0.05 -118.46
v -353.69 0.05 -112.07
v -355.15 0.05 -112.45
v -355.84 0.05 -103.72
v -357.30 0.05 -104.10
o r665687112_footway
v -266.99 0.05 -94.05
v -268.41 0.05 -94.51
v -268.00 0.05 -90.93
v -269.42 0.05 -91.39
o r665687113_footway
v -267.44 0.05 -94.98
v -267.96 0.05 -93.58
v -264.18 0.05 -93.79
v -264.70 0.05 -92.39
o r665687114_footway
v -268.01 0.05 -90.90
v -269.41 0.05 -91.42
v -270.12 0.05 -85.14
v -271.52 0.05 -85.66
v -273.54 0.05 -75.78
v -274.94 0.05 -76.30
o r665687115_footway
v -273.30 0.05 -74.52
v -273.70 0.05 -73.08
v -265.44 0.05 -72.33
v -265.84 0.05 -70.89
v -255.39 0.05 -69.53
v -255.79 0.05 -68.09
o r665687118_footway
v -264.26 0.05 -93.82
v -264.62 0.05 -92.36
v -258.91 0.05 -92.50
v -259.27 0.05 -91.04
v -250.48 0.05 -90.43
v -250.84 0.05 -88.97
o r666725196_footway
v -217.27 0.05 -191.60
v -216.79 0.05 -193.02
v -225.73 0.05 -194.47
v -225.21 0.05 -195.89
v -234.12 0.05 -197.70
v -233.58 0.05 -199.10
o r672625019_footway
v 348.04 0.05 -350.51
v 347.58 0.05 -351.93
v 346.32 0.05 -349.96
v 345.86 0.05 -351.38
o r672625021_footway
v 227.17 0.05 -389.63
v 227.51 0.05 -391.09
v 223.92 0.05 -390.38
v 224.26 0.05 -391.84
o r672625023_footway
v 241.80 0.05 -384.96
v 242.28 0.05 -386.38
v 232.91 0.05 -387.96
v 233.37 0.05 -389.38
v 227.13 0.05 -389.64
v 227.55 0.05 -391.08
o r672625024_footway
v 243.47 0.05 -381.83
v 244.91 0.05 -381.43
v 244.48 0.05 -385.53
v 245.92 0.05 -385.13
o r672708022_footway
v 327.93 0.05 -359.44
v 326.87 0.05 -358.38
v 328.58 0.05 -358.80
v 327.52 0.05 -357.74
o r672708024_footway
v 328.11 0.05 -358.68
v 326.69 0.05 -359.14
v 327.76 0.05 -357.59
v 326.34 0.05 -358.05
o r672708027_footway
v 320.77 0.05 -339.36
v 321.25 0.05 -340.78
v 267.35 0.05 -357.21
v 267.87 0.05 -358.61
v 264.22 0.05 -359.98
v 264.78 0.05 -361.38
v 247.36 0.05 -365.22
v 247.82 0.05 -366.66
v 239.09 0.05 -367.93
v 239.53 0.05 -369.37
v 237.73 0.05 -368.21
v 237.89 0.05 -369.71
v 236.28 0.05 -368.22
v 236.14 0.05 -369.72
v 234.86 0.05 -367.94
v 234.32 0.05 -369.34
v 233.76 0.05 -367.24
v 232.82 0.05 -368.40
v 233.18 0.05 -366.61
v 231.86 0.05 -367.31
v 232.67 0.05 -365.08
v 231.25 0.05 -365.56
v 220.03 0.05 -327.27
v 218.61 0.05 -327.75
f 13675 13676 13678
f 13675 13678 13677
f 13679 13680 13682
f 13679 13682 13681
f 13683 13684 13686
f 13683 13686 13685
f 13687 13688 13690
f 13687 13690 13689
f 13691 13692 13694
f 13691 13694 13693
o r672708031_steps
v 232.82 0.05 -365.87
v 232.36 0.05 -364.45
v 235.61 0.05 -364.97
v 235.15 0.05 -363.55
o r672708033_footway
v 114.11 0.05 -405.36
v 113.65 0.05 -403.94
v 162.40 0.05 -389.88
v 161.94 0.05 -388.46
v 166.45 0.05 -388.20
v 165.89 0.05 -386.80
v 168.60 0.05 -387.38
v 168.12 0.05 -385.96
v 215.72 0.05 -371.69
v 215.24 0.05 -370.27
v 217.23 0.05 -370.75
v 216.19 0.05 -369.67
v 217.93 0.05 -369.64
v 216.65 0.05 -368.86
f 13703 13704 13706
f 13703 13706 13705
f 13707 13708 13710
f 13707 13710 13709
o r672708035_footway
v 216.35 0.05 -370.87
v 217.07 0.05 -369.55
v 218.47 0.05 -372.04
v 219.19 0.05 -370.72
o r672708037_footway
v 217.53 0.05 -369.96
v 217.05 0.05 -368.54
v 220.81 0.05 -368.84
v 220.33 0.05 -367.42
o r672783312_footway
v 194.87 0.05 54.58
v 193.67 0.05 53.68
v 192.93 0.05 57.14
v 191.63 0.05 56.40
v 193.18 0.05 56.80
v 191.90 0.05 57.58
o r672783313_footway
v 194.26 0.05 53.38
v 194.28 0.05 54.88
v 197.25 0.05 53.34
v 197.09 0.05 54.84
v 198.41 0.05 53.85
v 197.75 0.05 55.21
o r672783314_footway
v 186.11 0.05 74.59
v 187.59 0.05 74.87
v 186.90 0.05 70.59
v 188.36 0.05 70.95
v 187.44 0.05 69.31
v 188.82 0.05 69.89
o r672783315_footway
v 187.19 0.05 74.06
v 186.51 0.05 75.40
v 190.95 0.05 75.96
v 190.27 0.05 77.30
o r672783316_footway
v 214.42 0.05 60.60
v 214.76 0.05 59.14
v 212.48 0.05 60.16
v 212.80 0.05 58.70
v 211.77 0.05 60.01
v 212.09 0.05 58.55
o r672783317_footway
v 215.34 0.05 59.95
v 213.84 0.05 59.79
v 214.97 0.05 63.37
v 213.47 0.05 63.25
v 214.99 0.05 64.06
v 213.49 0.05 64.10
o r672783318_footway
v 207.52 0.05 81.40
v 207.86 0.05 79.94
v 204.49 0.05 80.69
v 204.83 0.05 79.23
o r672783319_footway
v 207.05 0.05 80.28
v 208.33 0.05 81.06
v 208.40 0.05 78.03
v 209.64 0.05 78.87
v 209.09 0.05 77.30
v 210.17 0.05 78.34
o r672783320_footway
v 198.29 0.05 53.81
v 197.87 0.05 55.25
v 205.21 0.05 55.78
v 204.73 0.05 57.20
v 212.21 0.05 58.58
v 211.65 0.05 59.98
o r672783321_footway
v 193.22 0.05 57.50
v 191.86 0.05 56.88
v 190.76 0.05 62.87
v 189.34 0.05 62.37
v 188.85 0.05 69.80
v 187.41 0.05 69.40
o r672783322_footway
v 190.78 0.05 75.90
v 190.44 0.05 77.36
v 198.13 0.05 77.64
v 197.79 0.05 79.10
v 204.83 0.05 79.23
v 204.49 0.05 80.69
o r672783323_footway
v 214.94 0.05 64.35
v 213.54 0.05 63.81
v 212.83 0.05 69.88
v 211.41 0.05 69.40
v 210.35 0.05 78.04
v 208.91 0.05 77.60
o r672783567_footway
v 297.29 0.05 85.68
v 296.81 0.05 87.10
v 300.39 0.05 86.71
v 299.91 0.05 88.13
o r672783568_footway
v 297.76 0.05 86.63
v 296.34 0.05 86.15
v 296.71 0.05 89.68
v 295.29 0.05 89.20
o r672783569_footway
v 289.68 0.05 106.79
v 291.12 0.05 107.19
v 290.64 0.05 103.40
v 292.08 0.05 103.80
o r672783570_footway
v 310.05 0.05 112.14
v 311.45 0.05 112.68
v 311.10 0.05 109.47
v 312.50 0.05 110.01
o r672783571_footway
v 310.57 0.05 113.14
v 310.93 0.05 111.68
v 307.21 0.05 112.33
v 307.57 0.05 110.87
o r672783572_footway
v 296.71 0.05 89.68
v 295.29 0.05 89.20
v 294.51 0.05 96.18
v 293.09 0.05 95.72
v 292.07 0.05 103.83
v 290.65 0.05 103.37
o r672783573_footway
v 300.36 0.05 86.70
v 299.94 0.05 88.14
v 305.65 0.05 88.25
v 305.23 0.05 89.69
v 314.75 0.05 90.94
v 314.33 0.05 92.38
o r672783574_footway
v 293.60 0.05 107.07
v 293.20 0.05 108.51
v 300.72 0.05 109.00
v 300.32 0.05 110.44
v 307.59 0.05 110.88
v 307.19 0.05 112.32
o r672783575_footway
v 311.10 0.05 109.48
v 312.50 0.05 110.00
v 313.71 0.05 102.35
v 315.11 0.05 102.87
v 315.94 0.05 96.22
v 317.34 0.05 96.74
o r672785118_footway
v -401.41 0.05 -342.12
v -400.85 0.05 -343.52
v -403.99 0.05 -343.16
v -403.59 0.05 -344.60
v -410.82 0.05 -344.69
v -410.50 0.05 -346.15
o r672785119_footway
v -480.52 0.05 -142.05
v -480.90 0.05 -140.61
v -471.00 0.05 -139.50
v -471.38 0.05 -138.06
v -461.75 0.05 -137.03
v -462.13 0.05 -135.59
o r672785167_footway
v -534.40 0.05 386.81
v -534.86 0.05 388.23
v -527.59 0.05 388.98
v -528.05 0.05 390.40
v -519.71 0.05 391.49
v -520.17 0.05 392.91
o r672786936_footway
v 224.56 0.05 -47.69
v 223.10 0.05 -47.99
v 222.93 0.05 -39.95
v 221.45 0.05 -40.19
v 221.78 0.05 -29.83
v 220.28 0.05 -30.01
o r672786937_footway
v 229.63 0.05 -51.03
v 229.11 0.05 -49.63
v 238.96 0.05 -47.52
v 238.44 0.05 -46.12
v 246.01 0.05 -44.98
v 245.51 0.05 -43.56
o r672786938_footway
v 240.05 0.05 -22.60
v 240.49 0.05 -24.04
v 231.60 0.05 -25.15
v 231.98 0.05 -26.61
v 221.84 0.05 -27.36
v 222.18 0.05 -28.82
o r672794870_footway
v 430.24 0.05 -326.66
v 429.82 0.05 -325.22
v 431.84 0.05 -326.19
v 431.42 0.05 -324.75
o r672794871_footway
v 430.74 0.05 -325.69
v 429.32 0.05 -326.19
v 430.29 0.05 -324.39
v 428.87 0.05 -324.89
o r672794872_footway
v 430.30 0.05 -324.44
v 428.86 0.05 -324.84
v 427.96 0.05 -315.90
v 426.52 0.05 -316.30
v 424.82 0.05 -304.48
v 423.38 0.05 -304.88
o r672794873_footway
v 424.31 0.05 -305.40
v 423.89 0.05 -303.96
v 431.45 0.05 -303.27
v 431.01 0.05 -301.83
v 444.22 0.05 -299.43
v 443.78 0.05 -297.99
o r672794874_footway
v 431.88 0.05 -326.18
v 431.38 0.05 -324.76
v 439.77 0.05 -323.34
v 439.27 0.05 -321.92
v 450.31 0.05 -319.54
v 449.81 0.05 -318.12
o r672794875_footway
v 450.78 0.05 -318.61
v 449.34 0.05 -319.05
v 448.02 0.05 -309.45
v 446.58 0.05 -309.89
v 444.72 0.05 -298.49
v 443.28 0.05 -298.93
o r672794985_footway
v 396.93 0.05 -224.28
v 396.43 0.05 -222.86
v 404.37 0.05 -221.65
v 403.87 0.05 -220.23
v 417.71 0.05 -216.94
v 417.21 0.05 -215.52
o r672794986_footway
v 418.17 0.05 -215.98
v 416.75 0.05 -216.48
v 414.80 0.05 -206.37
v 413.38 0.05 -206.87
v 410.82 0.05 -194.86
v 409.40 0.05 -195.34
o r672794987_footway
v 409.91 0.05 -194.38
v 410.31 0.05 -195.82
v 397.10 0.05 -197.90
v 397.50 0.05 -199.34
v 390.02 0.05 -199.84
v 390.42 0.05 -201.28
o r672794988_footway
v 397.40 0.05 -223.37
v 395.96 0.05 -223.77
v 394.36 0.05 -212.56
v 392.92 0.05 -212.96
v 390.94 0.05 -200.36
v 389.50 0.05 -200.76
o r672795091_footway
v 378.22 0.05 -91.65
v 378.18 0.05 -93.15
v 377.29 0.05 -91.63
v 377.25 0.05 -93.13
o r672795092_footway
v 363.82 0.05 -119.15
v 363.36 0.05 -117.73
v 370.15 0.05 -117.14
v 369.69 0.05 -115.72
v 376.18 0.05 -115.23
v 375.72 0.05 -113.81
o r672795094_footway
v 383.52 0.05 -109.37
v 382.10 0.05 -109.83
v 380.88 0.05 -101.17
v 379.46 0.05 -101.63
v 377.98 0.05 -92.15
v 376.56 0.05 -92.61
o r672795095_footway
v 377.05 0.05 -91.66
v 377.49 0.05 -93.10
v 363.74 0.05 -95.70
v 364.18 0.05 -97.14
v 356.97 0.05 -97.76
v 357.41 0.05 -99.20
o r672795096_footway
v 356.48 0.05 -98.71
v 357.90 0.05 -98.25
v 359.47 0.05 -108.05
v 360.89 0.05 -107.59
v 362.88 0.05 -118.67
v 364.30 0.05 -118.21
o r672795539_footway
v 350.99 0.05 -8.59
v 349.57 0.05 -9.07
v 348.06 0.05 0.30
v 346.62 0.05 -0.14
v 345.21 0.05 10.62
v 343.77 0.05 10.22
o r672795542_footway
v 350.07 0.05 -8.11
v 350.49 0.05 -9.55
v 336.34 0.05 -12.09
v 336.76 0.05 -13.53
v 330.08 0.05 -13.90
v 330.50 0.05 -15.34
o r672795545_footway
v 323.69 0.05 4.06
v 325.13 0.05 4.50
v 326.95 0.05 -6.41
v 328.39 0.05 -5.97
v 329.57 0.05 -14.84
v 331.01 0.05 -14.40
o r672795548_footway
v 324.65 0.05 3.57
v 324.17 0.05 4.99
v 331.60 0.05 5.88
v 331.14 0.05 7.30
v 343.18 0.05 9.58
v 342.72 0.05 11.00
o r672797060_footway
v 421.15 0.05 126.43
v 421.59 0.05 124.99
v 420.81 0.05 126.32
v 421.27 0.05 124.90
v 417.27 0.05 125.16
v 417.73 0.05 123.74
o r672797061_footway
v 412.88 0.05 145.88
v 414.28 0.05 146.44
v 414.03 0.05 143.02
v 415.43 0.05 143.58
o r672797062_footway
v 413.35 0.05 146.88
v 413.81 0.05 145.44
v 410.82 0.05 146.08
v 411.28 0.05 144.64
o r672797063_footway
v 394.01 0.05 139.49
v 393.49 0.05 140.89
v 396.16 0.05 140.28
v 395.64 0.05 141.68
o r672797064_footway
v 403.90 0.05 119.17
v 403.46 0.05 120.61
v 410.69 0.05 121.29
v 410.21 0.05 122.71
v 417.75 0.05 123.74
v 417.25 0.05 125.16
o r672797065_footway
v 414.02 0.05 143.05
v 415.44 0.05 143.55
v 416.58 0.05 135.91
v 417.98 0.05 136.43
v 419.00 0.05 129.40
v 420.40 0.05 129.92
o r672797066_footway
v 410.84 0.05 146.08
v 411.26 0.05 144.64
v 403.34 0.05 143.90
v 403.76 0.05 142.46
v 395.69 0.05 141.70
v 396.11 0.05 140.26
o r672798025_footway
v 512.50 0.05 -163.44
v 513.92 0.05 -162.96
v 516.09 0.05 -173.90
v 517.51 0.05 -173.42
v 518.94 0.05 -182.65
v 520.36 0.05 -182.19
o r672798026_footway
v 500.48 0.05 -189.88
v 500.02 0.05 -188.46
v 507.43 0.05 -187.67
v 506.97 0.05 -186.25
v 510.92 0.05 -186.56
v 510.40 0.05 -185.16
v 519.92 0.05 -183.12
v 519.38 0.05 -181.72
f 14023 14024 14026
f 14023 14026 14025
o r672800493_footway
v -201.88 0.05 -300.98
v -203.38 0.05 -301.02
v -201.92 0.05 -299.09
v -203.42 0.05 -299.13
o r672802054_footway
v 44.14 0.05 235.81
v 42.70 0.05 235.37
v 41.94 0.05 242.93
v 40.50 0.05 242.51
v 39.76 0.05 250.98
v 38.32 0.05 250.58
o r672802055_footway
v 40.62 0.05 232.28
v 40.98 0.05 230.82
v 35.21 0.05 230.92
v 35.67 0.05 229.50
v 27.17 0.05 227.85
v 27.71 0.05 226.45
o r672802056_footway
v 22.27 0.05 230.49
v 20.83 0.05 230.07
v 20.53 0.05 236.48
v 19.11 0.05 236.02
v 17.89 0.05 243.81
v 16.47 0.05 243.29
o r672802057_footway
v 16.27 0.05 249.64
v 15.89 0.05 251.08
v 28.09 0.05 252.79
v 27.71 0.05 254.23
v 32.97 0.05 254.13
v 32.57 0.05 255.57
o r672934637_footway
v -116.57 0.05 204.08
v -115.15 0.05 204.56
v -115.33 0.05 200.43
v -113.91 0.05 200.91
o r672934639_footway
v -115.15 0.05 204.44
v -115.63 0.05 205.86
v -109.61 0.05 206.32
v -110.09 0.05 207.74
o r672934641_footway
v -86.63 0.05 213.71
v -85.19 0.05 214.15
v -85.69 0.05 210.57
v -84.25 0.05 211.01
o r672934644_footway
v -89.70 0.05 215.87
v -89.20 0.05 214.45
v -92.28 0.05 214.97
v -91.78 0.05 213.55
o r672934646_footway
v -109.95 0.05 188.50
v -111.37 0.05 188.04
v -111.65 0.05 193.84
v -113.07 0.05 193.38
v -113.91 0.05 200.90
v -115.33 0.05 200.44
o r672934649_footway
v -109.57 0.05 206.33
v -110.13 0.05 207.73
v -100.34 0.05 210.05
v -100.90 0.05 211.43
v -91.75 0.05 213.57
v -92.31 0.05 214.95
o r672934653_footway
v -78.78 0.05 198.55
v -80.16 0.05 197.95
v -81.05 0.05 203.73
v -82.43 0.05 203.13
v -84.28 0.05 211.09
v -85.66 0.05 210.49
o r672937374_footway
v 218.03 0.05 -369.39
v 216.55 0.05 -369.11
v 218.18 0.05 -368.49
v 216.68 0.05 -368.51
v 217.99 0.05 -367.50
v 216.55 0.05 -367.96
v 216.76 0.05 -363.88
v 215.34 0.05 -364.36
v 215.37 0.05 -359.88
v 213.95 0.05 -360.36
v 203.89 0.05 -326.43
v 202.47 0.05 -326.91
v 202.89 0.05 -323.51
v 201.47 0.05 -323.99
v 201.73 0.05 -320.13
v 200.31 0.05 -320.61
v 200.60 0.05 -316.79
v 199.18 0.05 -317.27
v 191.61 0.05 -290.50
v 190.19 0.05 -291.00
v 190.84 0.05 -289.38
v 189.74 0.05 -290.40
v 189.93 0.05 -288.61
v 188.97 0.05 -289.75
f 14093 14094 14096
f 14093 14096 14095
f 14097 14098 14100
f 14097 14100 14099
f 14101 14102 14104
f 14101 14104 14103
f 14105 14106 14108
f 14105 14108 14107
f 14109 14110 14112
f 14109 14112 14111
o r672937552_footway
v 35.49 0.05 256.53
v 35.95 0.05 255.11
v 32.54 0.05 255.56
v 33.00 0.05 254.14
o r672937555_footway
v 15.46 0.05 246.80
v 16.90 0.05 247.22
v 16.46 0.05 243.34
v 17.90 0.05 243.76
o r672937557_footway
v 15.82 0.05 251.06
v 16.34 0.05 249.66
v 15.02 0.05 250.76
v 15.54 0.05 249.36
o r672937560_footway
v 20.84 0.05 230.05
v 22.26 0.05 230.51
v 22.03 0.05 226.41
v 23.45 0.05 226.87
o r672937562_footway
v 27.21 0.05 227.86
v 27.67 0.05 226.44
v 24.33 0.05 226.91
v 24.79 0.05 225.49
o r672937564_footway
v 40.99 0.05 230.83
v 40.61 0.05 232.27
v 44.27 0.05 231.70
v 43.89 0.05 233.14
o r672937566_footway
v 43.10 0.05 234.91
v 43.74 0.05 236.27
v 45.10 0.05 233.96
v 45.74 0.05 235.32
o r673181320_footway
v 189.59 0.05 -288.44
v 189.31 0.05 -289.92
v 188.56 0.05 -288.29
v 188.76 0.05 -289.77
v 186.54 0.05 -288.81
v 186.92 0.05 -290.27
v 180.68 0.05 -290.32
v 181.10 0.05 -291.76
v 170.26 0.05 -293.68
v 170.70 0.05 -295.12
v 161.25 0.05 -296.18
v 161.67 0.05 -297.62
v 140.60 0.05 -302.14
v 141.04 0.05 -303.58
v 138.82 0.05 -303.06
v 139.48 0.05 -304.40
v 136.54 0.05 -304.13
v 137.00 0.05 -305.55
v 88.05 0.05 -319.45
v 88.51 0.05 -320.89
v 87.45 0.05 -319.59
v 87.79 0.05 -321.05
f 14145 14146 14148
f 14145 14148 14147
f 14149 14150 14152
f 14149 14152 14151
f 14153 14154 14156
f 14153 14156 14155
f 14157 14158 14160
f 14157 14160 14159
o r673181321_footway
v 181.58 0.05 -291.34
v 180.20 0.05 -290.74
v 182.24 0.05 -289.82
v 180.86 0.05 -289.22
o r673181322_footway
v 190.72 0.05 -290.51
v 189.86 0.05 -289.27
v 193.28 0.05 -288.73
v 192.42 0.05 -287.49
o r673181323_footway
v 189.40 0.05 -289.13
v 187.92 0.05 -288.93
v 189.66 0.05 -287.15
v 188.18 0.05 -286.95
o r673181324_footway
v 182.82 0.05 -269.92
v 184.24 0.05 -269.42
v 185.51 0.05 -277.69
v 186.95 0.05 -277.25
v 188.20 0.05 -287.25
v 189.64 0.05 -286.85
o r673181325_footway
v 182.15 0.05 -270.25
v 182.33 0.05 -268.77
v 183.44 0.05 -270.41
v 183.62 0.05 -268.93
o r673181326_footway
v 183.84 0.05 -267.75
v 183.54 0.05 -266.29
v 185.33 0.05 -267.44
v 185.03 0.05 -265.98
o r673181327_footway
v 207.27 0.05 -262.94
v 205.81 0.05 -263.32
v 206.84 0.05 -261.29
v 205.38 0.05 -261.67
o r673181328_footway
v 210.52 0.05 -279.89
v 212.00 0.05 -280.09
v 210.25 0.05 -281.89
v 211.73 0.05 -282.09
o r673200920_footway
v 140.88 0.05 286.91
v 142.32 0.05 287.33
v 142.21 0.05 282.36
v 143.65 0.05 282.78
o r673200921_footway
v 140.10 0.05 287.20
v 141.44 0.05 286.52
v 139.63 0.05 286.26
v 140.97 0.05 285.58
o r673200922_footway
v 140.06 0.05 286.63
v 140.54 0.05 285.21
v 131.12 0.05 283.67
v 131.60 0.05 282.25
v 122.07 0.05 280.52
v 122.57 0.05 279.10
o r673200923_footway
v 120.31 0.05 275.55
v 121.67 0.05 276.17
v 123.34 0.05 268.93
v 124.72 0.05 269.53
v 125.80 0.05 262.81
v 127.20 0.05 263.37
o r673200924_footway
v 130.76 0.05 261.05
v 130.40 0.05 262.51
v 137.66 0.05 262.80
v 137.32 0.05 264.26
v 144.38 0.05 264.27
v 144.06 0.05 265.73
o r673200925_footway
v 142.21 0.05 282.38
v 143.65 0.05 282.76
v 143.95 0.05 275.84
v 145.39 0.05 276.30
v 146.31 0.05 269.32
v 147.73 0.05 269.84
o r673246235_footway
v 201.53 0.05 -260.43
v 202.01 0.05 -261.85
v 193.27 0.05 -263.25
v 193.75 0.05 -264.67
v 184.94 0.05 -266.00
v 185.42 0.05 -267.42
o r673247050_footway
v 86.90 0.05 -320.54
v 88.34 0.05 -320.10
v 113.16 0.05 -404.87
v 114.60 0.05 -404.43
o r673247052_footway
v 82.49 0.05 -322.99
v 81.97 0.05 -321.59
v 87.88 0.05 -321.02
v 87.36 0.05 -319.62
o r673247053_footway
v 87.29 0.05 -314.71
v 85.87 0.05 -315.19
v 85.62 0.05 -309.66
v 84.20 0.05 -310.14
v 83.46 0.05 -303.21
v 82.04 0.05 -303.69
o r673268149_footway
v -41.69 0.05 -363.55
v -42.79 0.05 -364.57
v -44.55 0.05 -360.48
v -45.65 0.05 -361.50
o r673268150_footway
v -44.38 0.05 -360.78
v -45.82 0.05 -361.20
v -46.27 0.05 -354.46
v -47.71 0.05 -354.88
v -48.26 0.05 -347.76
v -49.70 0.05 -348.18
o r673268151_footway
v -48.25 0.05 -347.78
v -49.71 0.05 -348.16
v -49.54 0.05 -342.90
v -51.00 0.05 -343.28
o r673268152_footway
v -51.36 0.05 -342.65
v -50.90 0.05 -344.09
v -55.20 0.05 -343.86
v -54.74 0.05 -345.30
o r673268153_footway
v -55.21 0.05 -343.87
v -54.73 0.05 -345.29
v -59.78 0.05 -345.39
v -59.28 0.05 -346.81
v -70.57 0.05 -349.20
v -70.07 0.05 -350.62
o r673268154_footway
v -70.75 0.05 -349.30
v -69.89 0.05 -350.52
v -71.63 0.05 -349.92
v -70.77 0.05 -351.14
o r673268155_footway
v -73.53 0.05 -353.05
v -73.51 0.05 -351.55
v -70.80 0.05 -353.07
v -70.78 0.05 -351.57
o r673268156_footway
v -71.50 0.05 -352.55
v -70.08 0.05 -352.09
v -68.56 0.05 -361.59
v -67.14 0.05 -361.13
v -65.93 0.05 -369.68
v -64.51 0.05 -369.22
o r673268157_footway
v -65.89 0.05 -369.79
v -64.55 0.05 -369.11
v -65.48 0.05 -370.60
v -64.14 0.05 -369.92
o r673268158_footway
v -64.72 0.05 -371.00
v -64.90 0.05 -369.52
v -60.91 0.05 -370.53
v -61.09 0.05 -369.05
o r673268159_footway
v -60.80 0.05 -370.51
v -61.20 0.05 -369.07
v -52.39 0.05 -368.13
v -52.79 0.05 -366.69
v -47.94 0.05 -367.00
v -48.32 0.05 -365.54
o r673268160_footway
v -48.13 0.05 -367.02
v -48.13 0.05 -365.52
v -43.63 0.05 -367.04
v -43.63 0.05 -365.54
o r673268161_footway
v -146.32 0.05 -397.35
v -147.78 0.05 -397.69
v -146.70 0.05 -395.67
v -148.16 0.05 -396.01
o r673268162_footway
v -146.72 0.05 -395.60
v -148.14 0.05 -396.08
v -149.41 0.05 -387.47
v -150.83 0.05 -387.95
v -151.56 0.05 -380.98
v -152.98 0.05 -381.46
o r673268165_footway
v -156.03 0.05 -378.34
v -155.57 0.05 -379.76
v -164.92 0.05 -381.27
v -164.46 0.05 -382.69
v -173.17 0.05 -383.99
v -172.69 0.05 -385.41
o r673268168_footway
v -174.97 0.05 -388.28
v -173.57 0.05 -387.76
v -172.48 0.05 -394.91
v -171.08 0.05 -394.39
v -169.43 0.05 -403.05
v -168.03 0.05 -402.53
o r673268171_footway
v -166.20 0.05 -404.94
v -166.70 0.05 -403.52
v -158.08 0.05 -402.08
v -158.58 0.05 -400.66
v -148.91 0.05 -398.85
v -149.41 0.05 -397.43
o r673268632_footway
v 294.52 0.05 -253.92
v 295.74 0.05 -254.78
v 293.23 0.05 -255.76
v 294.45 0.05 -256.62
o r673268633_footway
v 295.21 0.05 -255.10
v 295.05 0.05 -253.60
v 305.96 0.05 -253.92
v 305.72 0.05 -252.44
v 313.39 0.05 -252.26
v 313.07 0.05 -250.80
o r673268634_footway
v 313.91 0.05 -251.85
v 312.55 0.05 -251.21
v 314.80 0.05 -249.97
v 313.44 0.05 -249.33
o r673268635_footway
v 314.84 0.05 -249.43
v 313.40 0.05 -249.87
v 308.00 0.05 -227.60
v 306.56 0.05 -228.04
o r673268636_footway
v 288.08 0.05 -234.50
v 287.54 0.05 -233.10
v 298.43 0.05 -230.44
v 297.87 0.05 -229.04
v 306.00 0.05 -227.25
v 305.42 0.05 -225.87
o r673268637_footway
v 287.20 0.05 -236.72
v 288.60 0.05 -236.18
v 290.53 0.05 -245.27
v 291.93 0.05 -244.71
v 294.44 0.05 -254.64
v 295.82 0.05 -254.06
o r673268903_footway
v 346.81 0.05 -350.46
v 345.37 0.05 -350.88
v 344.58 0.05 -342.84
v 343.14 0.05 -343.26
v 341.75 0.05 -333.18
v 340.31 0.05 -333.60
o r673268904_footway
v 344.71 0.05 -352.45
v 345.53 0.05 -351.19
v 346.44 0.05 -353.58
v 347.26 0.05 -352.32
o r673270878_footway
v 90.32 0.05 -411.79
v 89.90 0.05 -410.35
v 99.39 0.05 -409.20
v 98.97 0.05 -407.76
v 110.13 0.05 -406.13
v 109.71 0.05 -404.69
o r673270879_footway
v 110.06 0.05 -406.15
v 109.78 0.05 -404.67
v 114.02 0.05 -405.39
v 113.74 0.05 -403.91
o r673270880_footway
v 113.56 0.05 -405.33
v 114.20 0.05 -403.97
v 115.62 0.05 -406.30
v 116.26 0.05 -404.94
o r673270882_footway
v 115.24 0.05 -405.88
v 116.64 0.05 -405.36
v 118.60 0.05 -415.13
v 120.02 0.05 -414.65
v 120.19 0.05 -420.45
v 121.63 0.05 -420.01
o r673270883_footway
v 120.17 0.05 -420.34
v 121.65 0.05 -420.12
v 120.78 0.05 -424.32
v 122.26 0.05 -424.10
o r673270884_footway
v 121.34 0.05 -423.48
v 121.70 0.05 -424.94
v 116.61 0.05 -424.63
v 116.97 0.05 -426.09
o r673270885_footway
v 116.55 0.05 -424.65
v 117.03 0.05 -426.07
v 105.40 0.05 -428.41
v 105.88 0.05 -429.83
v 96.89 0.05 -431.27
v 97.37 0.05 -432.69
o r673270886_footway
v 90.72 0.05 -433.94
v 89.22 0.05 -433.78
v 91.04 0.05 -430.90
v 89.54 0.05 -430.74
o r673270887_footway
v 91.00 0.05 -430.58
v 89.58 0.05 -431.06
v 88.99 0.05 -424.60
v 87.57 0.05 -425.08
v 85.99 0.05 -415.64
v 84.57 0.05 -416.12
o r673270888_footway
v 85.87 0.05 -415.42
v 84.69 0.05 -416.34
v 83.63 0.05 -412.57
v 82.45 0.05 -413.49
o r673270889_footway
v 83.24 0.05 -413.75
v 82.84 0.05 -412.31
v 90.31 0.05 -411.79
v 89.91 0.05 -410.35
o r673456893_footway
v 155.53 0.05 177.47
v 155.15 0.05 178.93
v 164.91 0.05 179.92
v 164.51 0.05 181.36
v 174.68 0.05 182.84
v 174.26 0.05 184.28
o r673456894_footway
v 153.59 0.05 177.09
v 153.31 0.05 178.57
v 155.48 0.05 177.46
v 155.20 0.05 178.94
o r673456895_footway
v 180.63 0.05 164.57
v 180.23 0.05 163.13
v 180.05 0.05 164.73
v 179.65 0.05 163.29
o r673458804_footway
v 219.10 0.05 -29.97
v 219.64 0.05 -28.57
v 220.76 0.05 -30.62
v 221.30 0.05 -29.22
o r673458805_footway
v 245.63 0.05 -43.31
v 246.73 0.05 -44.33
v 245.21 0.05 -43.76
v 246.31 0.05 -44.78
o r673458806_footway
v 246.15 0.05 -40.80
v 247.65 0.05 -40.76
v 246.19 0.05 -42.05
v 247.69 0.05 -42.01
o r673459582_footway
v 254.25 0.05 -133.91
v 253.33 0.05 -132.71
v 255.01 0.05 -133.33
v 254.09 0.05 -132.13
o r673465778_footway
v -295.80 0.05 354.79
v -296.24 0.05 356.23
v -288.37 0.05 357.10
v -288.81 0.05 358.54
v -282.32 0.05 358.99
v -282.76 0.05 360.43
o r673465779_footway
v -306.07 0.05 370.30
v -304.65 0.05 370.78
v -305.19 0.05 367.69
v -303.77 0.05 368.17
o r673465780_footway
v -288.23 0.05 377.84
v -287.79 0.05 376.40
v -294.46 0.05 375.96
v -294.02 0.05 374.52
v -301.64 0.05 373.78
v -301.20 0.05 372.34
o r673465781_footway
v 339.81 0.05 -331.62
v 341.27 0.05 -331.26
v 340.30 0.05 -333.57
v 341.76 0.05 -333.21
o r673772734_footway
v -44.74 0.05 -19.81
v -43.32 0.05 -19.33
v -44.23 0.05 -21.35
v -42.81 0.05 -20.87
o r673772736_footway
v -38.32 0.05 -19.72
v -37.80 0.05 -21.12
v -39.86 0.05 -20.29
v -39.34 0.05 -21.69
o r673772738_footway
v -17.47 0.05 -13.76
v -17.93 0.05 -12.34
v -11.34 0.05 -11.81
v -11.80 0.05 -10.39
o r673772741_footway
v -13.31 0.05 -8.22
v -11.89 0.05 -7.74
v -12.28 0.05 -11.34
v -10.86 0.05 -10.86
o r673775108_footway
v -232.64 0.05 148.39
v -234.06 0.05 147.93
v -233.31 0.05 150.44
v -234.73 0.05 149.98
o r673775109_footway
v -233.34 0.05 150.52
v -234.70 0.05 149.90
v -235.03 0.05 154.31
v -236.43 0.05 153.75
v -237.94 0.05 162.19
v -239.34 0.05 161.67
o r673775110_footway
v -237.92 0.05 162.15
v -239.36 0.05 161.71
v -238.74 0.05 164.79
v -240.18 0.05 164.35
o r673775752_footway
v -163.91 0.05 -60.78
v -164.87 0.05 -61.94
v -166.85 0.05 -58.36
v -167.81 0.05 -59.52
o r673775753_footway
v -164.22 0.05 -62.09
v -164.56 0.05 -60.63
v -161.05 0.05 -61.36
v -161.39 0.05 -59.90
o r673775754_footway
v -144.07 0.05 -54.67
v -143.69 0.05 -56.11
v -147.23 0.05 -55.51
v -146.85 0.05 -56.95
o r673775755_footway
v -143.53 0.05 -53.90
v -144.99 0.05 -54.24
v -144.16 0.05 -51.23
v -145.62 0.05 -51.57
o r673775756_footway
v -171.57 0.05 -41.01
v -170.09 0.05 -41.27
v -172.18 0.05 -44.44
v -170.70 0.05 -44.70
o r673775757_footway
v -170.47 0.05 -41.80
v -171.19 0.05 -40.48
v -167.95 0.05 -40.40
v -168.67 0.05 -39.08
o r673775758_footway
v -150.84 0.05 -34.35
v -151.10 0.05 -35.83
v -152.22 0.05 -34.10
v -152.48 0.05 -35.58
o r673775759_footway
v -151.42 0.05 -35.69
v -150.52 0.05 -34.49
v -149.37 0.05 -37.22
v -148.47 0.05 -36.02
o r673775760_footway
v -161.00 0.05 -61.35
v -161.44 0.05 -59.91
v -153.01 0.05 -58.88
v -153.45 0.05 -57.44
v -146.82 0.05 -56.95
v -147.26 0.05 -55.51
o r673775761_footway
v -144.17 0.05 -51.20
v -145.61 0.05 -51.60
v -145.92 0.05 -44.77
v -147.36 0.05 -45.17
v -148.20 0.05 -36.42
v -149.64 0.05 -36.82
o r673775762_footway
v -152.57 0.05 -34.12
v -152.13 0.05 -35.56
v -160.67 0.05 -36.64
v -160.23 0.05 -38.08
v -168.53 0.05 -39.02
v -168.09 0.05 -40.46
o r673775763_footway
v -172.16 0.05 -44.77
v -170.72 0.05 -44.37
v -169.81 0.05 -53.13
v -168.37 0.05 -52.71
v -168.05 0.05 -59.15
v -166.61 0.05 -58.73
o r673778592_footway
v -111.85 0.05 -157.08
v -110.69 0.05 -158.04
v -114.32 0.05 -160.08
v -113.16 0.05 -161.04
o r673778593_footway
v -110.53 0.05 -157.44
v -112.01 0.05 -157.68
v -111.10 0.05 -153.98
v -112.58 0.05 -154.22
o r673778594_footway
v -117.54 0.05 -136.60
v -116.12 0.05 -136.14
v -116.28 0.05 -140.55
v -114.86 0.05 -140.09
o r673778595_footway
v -117.05 0.05 -135.65
v -116.61 0.05 -137.09
v -120.59 0.05 -136.71
v -120.15 0.05 -138.15
o r673778596_footway
v -138.21 0.05 -144.86
v -138.85 0.05 -143.50
v -134.89 0.05 -143.29
v -135.53 0.05 -141.93
o r673778597_footway
v -140.06 0.05 -145.70
v -138.76 0.05 -144.94
v -138.49 0.05 -148.37
v -137.19 0.05 -147.61
o r673778598_footway
v -130.71 0.05 -164.46
v -132.15 0.05 -164.90
v -131.71 0.05 -161.21
v -133.15 0.05 -161.65
o r673778599_footway
v -131.30 0.05 -165.42
v -131.56 0.05 -163.94
v -127.69 0.05 -164.80
v -127.95 0.05 -163.32
o r673778600_footway
v -134.96 0.05 -143.32
v -135.46 0.05 -141.90
v -126.35 0.05 -140.31
v -126.85 0.05 -138.89
v -120.12 0.05 -138.14
v -120.62 0.05 -136.72
o r673778601_footway
v -116.29 0.05 -140.52
v -114.85 0.05 -140.12
v -114.27 0.05 -147.98
v -112.83 0.05 -147.58
v -112.56 0.05 -154.30
v -111.12 0.05 -153.90
o r673778602_footway
v -113.93 0.05 -159.84
v -113.55 0.05 -161.28
v -119.62 0.05 -161.34
v -119.26 0.05 -162.80
v -127.99 0.05 -163.33
v -127.65 0.05 -164.79
o r673778603_footway
v -131.74 0.05 -161.14
v -133.12 0.05 -161.72
v -134.53 0.05 -154.39
v -135.93 0.05 -154.95
v -137.14 0.05 -147.72
v -138.54 0.05 -148.26
o r673781588_footway
v -84.24 0.05 -239.56
v -84.16 0.05 -241.06
v -86.77 0.05 -239.71
v -86.69 0.05 -241.21
o r673781589_footway
v -84.85 0.05 -240.69
v -83.55 0.05 -239.93
v -83.11 0.05 -243.63
v -81.81 0.05 -242.87
o r673781590_footway
v -104.47 0.05 -247.83
v -105.13 0.05 -246.47
v -101.29 0.05 -246.30
v -101.95 0.05 -244.94
o r673781591_footway
v -105.48 0.05 -247.46
v -104.12 0.05 -246.84
v -104.26 0.05 -250.15
v -102.90 0.05 -249.53
o r673781592_footway
v -97.60 0.05 -267.90
v -99.08 0.05 -268.10
v -98.09 0.05 -264.12
v -99.57 0.05 -264.32
o r673781593_footway
v -97.94 0.05 -268.64
v -98.74 0.05 -267.36
v -95.58 0.05 -267.16
v -96.38 0.05 -265.88
o r673781594_footway
v -78.27 0.05 -260.99
v -77.83 0.05 -262.43
v -80.80 0.05 -261.76
v -80.36 0.05 -263.20
o r673781595_footway
v -75.96 0.05 -261.02
v -77.40 0.05 -261.48
v -77.08 0.05 -257.46
v -78.52 0.05 -257.92
o r673781596_footway
v -101.37 0.05 -246.33
v -101.87 0.05 -244.91
v -92.98 0.05 -243.42
v -93.48 0.05 -242.00
v -86.48 0.05 -241.17
v -86.98 0.05 -239.75
o r673781597_footway
v -98.12 0.05 -263.98
v -99.54 0.05 -264.46
v -100.80 0.05 -255.87
v -102.22 0.05 -256.35
v -102.87 0.05 -249.60
v -104.29 0.05 -250.08
o r673781598_footway
v -95.79 0.05 -267.25
v -96.17 0.05 -265.79
v -86.07 0.05 -264.70
v -86.45 0.05 -263.24
v -80.39 0.05 -263.21
v -80.77 0.05 -261.75
o r673781599_footway
v -77.09 0.05 -257.46
v -78.51 0.05 -257.92
v -79.82 0.05 -248.99
v -81.24 0.05 -249.45
v -81.75 0.05 -243.02
v -83.17 0.05 -243.48
o r675048940_footway
v 228.92 0.05 -49.73
v 229.82 0.05 -50.93
v 228.25 0.05 -50.24
v 229.15 0.05 -51.44
o r675063961_footway
v 126.87 0.05 261.12
v 127.33 0.05 259.68
v 48.69 0.05 236.47
v 49.15 0.05 235.03
v 45.19 0.05 235.35
v 45.65 0.05 233.93
o r675071980_footway
v -77.42 0.05 194.28
v -78.84 0.05 193.82
v -78.76 0.05 198.48
v -80.18 0.05 198.02
o r675071981_footway
v -337.90 0.05 134.30
v -337.40 0.05 132.88
v -339.82 0.05 133.62
v -339.32 0.05 132.20
o r675071982_footway
v -324.90 0.05 138.17
v -324.48 0.05 136.73
v -333.12 0.05 135.72
v -332.70 0.05 134.28
v -337.86 0.05 134.31
v -337.44 0.05 132.87
o r675071983_footway
v -348.72 0.05 220.60
v -348.24 0.05 219.18
v -351.66 0.05 219.61
v -351.18 0.05 218.19
o r675071984_footway
v -351.64 0.05 219.62
v -351.20 0.05 218.18
v -359.61 0.05 217.12
v -359.17 0.05 215.68
v -364.10 0.05 215.73
v -363.66 0.05 214.29
o r675071985_footway
v -369.33 0.05 213.23
v -367.91 0.05 213.71
v -365.45 0.05 201.96
v -363.97 0.05 202.14
v -367.44 0.05 198.39
v -366.10 0.05 197.71
o r675071986_footway
v -372.93 0.05 211.29
v -373.39 0.05 212.71
v -368.39 0.05 212.76
v -368.85 0.05 214.18
v -366.56 0.05 213.65
v -365.72 0.05 214.89
v -364.53 0.05 209.94
v -363.23 0.05 210.68
f 14717 14718 14720
f 14717 14720 14719
o r675071987_footway
v -367.91 0.05 213.71
v -369.33 0.05 213.23
v -369.35 0.05 217.90
v -370.77 0.05 217.42
o r675071988_footway
v -369.35 0.05 217.89
v -370.77 0.05 217.43
v -369.75 0.05 219.12
v -371.17 0.05 218.66
v -371.49 0.05 224.42
v -372.91 0.05 223.96
v -373.33 0.05 230.01
v -374.75 0.05 229.53
v -373.67 0.05 231.01
v -375.09 0.05 230.53
f 14729 14730 14732
f 14729 14732 14731
o r675071989_footway
v -373.67 0.05 231.01
v -375.09 0.05 230.53
v -374.97 0.05 234.84
v -376.39 0.05 234.36
o r675071990_footway
v -373.83 0.05 235.15
v -374.33 0.05 236.57
v -370.81 0.05 236.20
v -371.31 0.05 237.62
o r675071991_footway
v -370.83 0.05 236.20
v -371.29 0.05 237.62
v -366.25 0.05 237.70
v -366.71 0.05 239.12
v -358.19 0.05 240.34
v -358.65 0.05 241.76
o r675071992_footway
v -358.19 0.05 240.34
v -358.65 0.05 241.76
v -354.38 0.05 241.59
v -354.84 0.05 243.01
o r675071993_footway
v -353.99 0.05 240.59
v -352.55 0.05 241.03
v -353.07 0.05 237.52
v -351.63 0.05 237.96
o r675071994_footway
v -353.06 0.05 237.50
v -351.64 0.05 237.98
v -352.72 0.05 236.49
v -351.30 0.05 236.97
v -350.90 0.05 230.99
v -349.48 0.05 231.45
v -349.17 0.05 225.71
v -347.75 0.05 226.19
v -348.74 0.05 224.45
v -347.32 0.05 224.93
f 14761 14762 14764
f 14761 14764 14763
o r675071995_footway
v -322.12 0.05 137.75
v -320.70 0.05 138.21
v -321.66 0.05 136.32
v -320.24 0.05 136.78
o r675071996_footway
v -321.66 0.05 136.31
v -320.24 0.05 136.79
v -318.60 0.05 127.42
v -317.18 0.05 127.90
v -317.44 0.05 124.05
v -316.02 0.05 124.53
o r675071997_footway
v -317.44 0.05 124.05
v -316.02 0.05 124.53
v -316.71 0.05 121.84
v -315.29 0.05 122.32
o r675071998_footway
v -316.49 0.05 116.60
v -316.01 0.05 115.18
v -317.78 0.05 116.16
v -317.30 0.05 114.74
o r675071999_footway
v -317.75 0.05 116.17
v -317.33 0.05 114.73
v -325.99 0.05 113.80
v -325.57 0.05 112.36
v -330.84 0.05 112.41
v -330.42 0.05 110.97
o r675072002_footway
v -336.57 0.05 116.53
v -338.01 0.05 116.11
v -337.99 0.05 121.30
v -339.43 0.05 120.88
v -339.91 0.05 127.80
v -341.35 0.05 127.38
o r675072003_footway
v -339.91 0.05 127.81
v -341.35 0.05 127.37
v -340.48 0.05 129.64
v -341.92 0.05 129.20
o r675072005_footway
v -304.72 0.05 31.08
v -304.22 0.05 29.66
v -307.34 0.05 30.15
v -306.84 0.05 28.73
o r675072006_footway
v -306.44 0.05 24.99
v -307.86 0.05 24.53
v -307.26 0.05 27.52
v -308.68 0.05 27.06
o r675072007_footway
v -302.07 0.05 11.85
v -303.49 0.05 11.37
v -304.09 0.05 17.92
v -305.51 0.05 17.44
v -306.44 0.05 25.00
v -307.86 0.05 24.52
o r675072008_footway
v -299.98 0.05 7.14
v -300.46 0.05 8.56
v -297.27 0.05 8.06
v -297.75 0.05 9.48
o r675072009_footway
v -297.26 0.05 8.06
v -297.76 0.05 9.48
v -292.16 0.05 9.85
v -292.66 0.05 11.27
v -282.58 0.05 13.23
v -283.08 0.05 14.65
o r675072010_footway
v -288.92 0.05 35.63
v -288.50 0.05 34.19
v -299.56 0.05 32.57
v -299.14 0.05 31.13
v -304.68 0.05 31.09
v -304.26 0.05 29.65
o r675072012_footway
v -243.98 0.05 258.19
v -245.40 0.05 257.73
v -244.41 0.05 259.53
v -245.83 0.05 259.07
v -245.99 0.05 264.50
v -247.41 0.05 264.04
v -247.81 0.05 270.24
v -249.23 0.05 269.78
v -248.20 0.05 271.44
v -249.62 0.05 270.98
f 14835 14836 14838
f 14835 14838 14837
o r675072013_footway
v -247.75 0.05 251.72
v -248.23 0.05 253.14
v -243.95 0.05 252.98
v -244.43 0.05 254.40
o r675073581_footway
v 160.30 0.05 156.04
v 159.46 0.05 157.28
v 161.81 0.05 157.07
v 160.97 0.05 158.31
o r675075289_footway
v 111.91 0.05 27.96
v 110.49 0.05 27.50
v 110.86 0.05 31.25
v 109.44 0.05 30.79
o r675075291_footway
v 108.97 0.05 26.60
v 108.73 0.05 28.08
v 111.32 0.05 26.99
v 111.08 0.05 28.47
o r675075292_footway
v 84.55 0.05 41.70
v 83.13 0.05 41.24
v 70.79 0.05 84.17
v 69.37 0.05 83.71
v 66.88 0.05 95.81
v 65.46 0.05 95.33
v 57.23 0.05 124.85
v 55.81 0.05 124.37
f 14861 14862 14864
f 14861 14864 14863
o r675075297_footway
v 138.46 0.05 -55.04
v 137.04 0.05 -55.54
v 126.09 0.05 -20.04
v 124.69 0.05 -20.58
v 124.76 0.05 -19.75
v 123.68 0.05 -20.79
v 124.17 0.05 -18.08
v 122.75 0.05 -18.58
v 122.77 0.05 -14.06
v 121.33 0.05 -14.46
v 122.20 0.05 -11.21
v 120.72 0.05 -11.01
v 123.58 0.05 -8.19
v 122.10 0.05 -8.39
v 120.49 0.05 1.37
v 119.07 0.05 0.91
v 111.91 0.05 27.96
v 110.49 0.05 27.50
f 14869 14870 14872
f 14869 14872 14871
f 14873 14874 14876
f 14873 14876 14875
f 14877 14878 14880
f 14877 14880 14879
o r675075300_footway
v 147.60 0.05 -72.51
v 146.28 0.05 -73.21
v 143.62 0.05 -64.91
v 142.30 0.05 -65.61
v 139.39 0.05 -56.83
v 138.07 0.05 -57.53
o r675075303_footway
v 147.69 0.05 -74.34
v 146.19 0.05 -74.34
v 147.69 0.05 -72.86
v 146.19 0.05 -72.86
o r675075307_footway
v 104.05 0.05 47.96
v 105.51 0.05 48.34
v 105.14 0.05 43.80
v 106.60 0.05 44.18
o r675075309_footway
v 102.72 0.05 46.69
v 102.26 0.05 48.11
v 105.01 0.05 47.44
v 104.55 0.05 48.86
o r675075311_footway
v 82.37 0.05 38.08
v 82.97 0.05 39.46
v 83.86 0.05 37.42
v 84.46 0.05 38.80
o r675075933_footway
v -241.49 0.05 -176.99
v -241.03 0.05 -178.41
v -242.65 0.05 -177.37
v -242.19 0.05 -178.79
v -323.94 0.05 -203.84
v -323.48 0.05 -205.26
o r675075934_footway
v -243.16 0.05 -178.21
v -241.68 0.05 -177.95
v -242.89 0.05 -179.72
v -241.41 0.05 -179.46
o r675075935_footway
v -241.05 0.05 -178.42
v -241.47 0.05 -176.98
v -240.04 0.05 -178.13
v -240.46 0.05 -176.69
o r675075936_footway
v -239.99 0.05 -178.11
v -240.51 0.05 -176.71
v -231.96 0.05 -175.19
v -232.48 0.05 -173.79
v -222.40 0.05 -171.71
v -222.92 0.05 -170.31
o r675075937_footway
v -222.29 0.05 -171.66
v -223.03 0.05 -170.36
v -221.18 0.05 -171.04
v -221.92 0.05 -169.74
o r675075938_footway
v -221.09 0.05 -171.03
v -219.63 0.05 -170.69
v -220.64 0.05 -172.99
v -219.18 0.05 -172.65
o r675075939_footway
v -220.63 0.05 -173.03
v -219.19 0.05 -172.61
v -218.19 0.05 -181.34
v -216.75 0.05 -180.92
v -216.39 0.05 -187.48
v -214.95 0.05 -187.06
o r675075940_footway
v -216.26 0.05 -187.73
v -215.08 0.05 -186.81
v -213.55 0.05 -191.19
v -212.37 0.05 -190.27
o r675075941_footway
v -234.07 0.05 -197.68
v -233.63 0.05 -199.12
v -235.52 0.05 -198.13
v -235.06 0.05 -199.57
v -235.89 0.05 -198.26
v -235.43 0.05 -199.68
o r675075942_footway
v -234.94 0.05 -198.74
v -236.38 0.05 -199.20
v -235.54 0.05 -196.84
v -236.98 0.05 -197.30
o r675075943_footway
v -235.56 0.05 -196.79
v -236.96 0.05 -197.35
v -239.10 0.05 -187.99
v -240.52 0.05 -188.47
v -241.43 0.05 -179.39
v -242.87 0.05 -179.79
o r675076599_footway
v 224.06 0.05 -47.84
v 225.10 0.05 -48.92
v 223.67 0.05 -48.22
v 224.71 0.05 -49.30
v 223.53 0.05 -48.37
v 224.39 0.05 -49.59
v 223.07 0.05 -48.67
v 223.55 0.05 -50.09
v 194.44 0.05 -58.10
v 194.90 0.05 -59.52
v 187.05 0.05 -60.50
v 187.51 0.05 -61.92
v 176.79 0.05 -63.80
v 177.25 0.05 -65.22
v 168.98 0.05 -66.31
v 169.44 0.05 -67.73
v 160.41 0.05 -69.06
v 160.87 0.05 -70.48
v 147.39 0.05 -73.25
v 147.87 0.05 -74.67
v 146.58 0.05 -73.68
v 147.30 0.05 -75.00
v 145.84 0.05 -74.12
v 146.90 0.05 -75.18
v 144.87 0.05 -75.36
v 146.05 0.05 -76.28
f 14963 14964 14966
f 14963 14966 14965
f 14967 14968 14970
f 14967 14970 14969
f 14971 14972 14974
f 14971 14974 14973
f 14975 14976 14978
f 14975 14978 14977
f 14979 14980 14982
f 14979 14982 14981
o r675076601_footway
v 218.62 0.05 -28.49
v 220.12 0.05 -28.49
v 219.14 0.05 -28.56
v 219.60 0.05 -29.98
v 137.52 0.05 -54.58
v 137.98 0.05 -56.00
o r675076602_footway
v 240.79 0.05 -24.29
v 242.25 0.05 -23.91
v 243.17 0.05 -33.34
v 244.59 0.05 -32.88
v 246.20 0.05 -41.05
v 247.60 0.05 -40.51
o r675076603_footway
v 240.55 0.05 -23.46
v 241.99 0.05 -23.04
v 240.80 0.05 -24.31
v 242.24 0.05 -23.89
o r675076604_footway
v 240.42 0.05 -22.31
v 241.26 0.05 -23.55
v 239.85 0.05 -22.70
v 240.69 0.05 -23.94
o r675084092_footway
v -201.15 0.05 -302.45
v -201.63 0.05 -301.03
v -197.97 0.05 -301.36
v -198.45 0.05 -299.94
o r675084093_footway
v -181.43 0.05 -293.89
v -180.55 0.05 -295.09
v -183.20 0.05 -295.19
v -182.32 0.05 -296.39
o r675084094_footway
v -180.26 0.05 -294.65
v -181.72 0.05 -294.33
v -179.74 0.05 -292.26
v -181.20 0.05 -291.94
o r675084095_footway
v -187.50 0.05 -272.78
v -187.42 0.05 -274.28
v -189.57 0.05 -272.89
v -189.49 0.05 -274.39
o r675084096_footway
v -186.06 0.05 -274.42
v -184.58 0.05 -274.64
v -186.35 0.05 -276.30
v -184.87 0.05 -276.52
o r675084097_footway
v -209.39 0.05 -281.24
v -209.75 0.05 -279.78
v -206.15 0.05 -280.46
v -206.51 0.05 -279.00
o r675084098_footway
v -210.64 0.05 -281.54
v -209.42 0.05 -280.68
v -208.81 0.05 -284.16
v -207.59 0.05 -283.30
o r675084099_footway
v -208.91 0.05 -283.98
v -207.49 0.05 -283.48
v -206.86 0.05 -289.77
v -205.44 0.05 -289.27
v -203.38 0.05 -299.37
v -201.96 0.05 -298.85
o r675084100_footway
v -198.00 0.05 -301.37
v -198.42 0.05 -299.93
v -191.54 0.05 -299.48
v -192.00 0.05 -298.04
v -182.53 0.05 -296.50
v -182.99 0.05 -295.08
o r675084101_footway
v -179.76 0.05 -291.87
v -181.18 0.05 -292.33
v -183.09 0.05 -281.70
v -184.51 0.05 -282.16
v -184.90 0.05 -276.18
v -186.32 0.05 -276.64
o r675084102_footway
v -189.79 0.05 -272.93
v -189.27 0.05 -274.35
v -199.11 0.05 -276.31
v -198.59 0.05 -277.73
v -206.59 0.05 -279.02
v -206.07 0.05 -280.44
o r675085602_footway
v -254.23 0.05 -70.42
v -252.81 0.05 -69.96
v -251.33 0.05 -79.22
v -249.91 0.05 -78.74
v -249.23 0.05 -85.57
v -247.81 0.05 -85.09
o r686377862_footway
v 189.94 0.05 411.64
v 191.36 0.05 412.10
v 190.33 0.05 410.44
v 191.75 0.05 410.92
v 191.91 0.05 405.69
v 193.35 0.05 406.13
v 193.58 0.05 400.06
v 195.02 0.05 400.48
v 193.98 0.05 398.70
v 195.42 0.05 399.12
f 15067 15068 15070
f 15067 15070 15069
o r686377863_footway
v 201.94 0.05 395.97
v 201.46 0.05 397.39
v 203.63 0.05 396.53
v 203.15 0.05 397.95
v 208.74 0.05 398.22
v 208.28 0.05 399.64
v 213.70 0.05 399.80
v 213.24 0.05 401.22
f 15077 15078 15080
f 15077 15080 15079
o r686377864_footway
v 192.51 0.05 415.76
v 192.11 0.05 417.20
v 195.05 0.05 416.45
v 194.65 0.05 417.89
o r686377865_footway
v 195.04 0.05 416.44
v 194.66 0.05 417.90
v 195.80 0.05 416.64
v 195.42 0.05 418.10
v 201.80 0.05 418.21
v 201.46 0.05 419.67
v 207.22 0.05 419.38
v 206.90 0.05 420.84
f 15089 15090 15092
f 15089 15092 15091
o r686381212_footway
v 84.64 0.05 382.92
v 86.04 0.05 383.44
v 86.18 0.05 378.72
v 87.58 0.05 379.24
o r686381213_footway
v 94.28 0.05 363.23
v 93.26 0.05 362.13
v 91.92 0.05 365.40
v 90.90 0.05 364.30
o r686381214_footway
v 92.12 0.05 365.09
v 90.70 0.05 364.61
v 91.28 0.05 367.62
v 89.86 0.05 367.14
v 90.36 0.05 370.37
v 88.94 0.05 369.89
v 89.72 0.05 372.31
v 88.28 0.05 371.85
v 87.89 0.05 378.19
v 86.45 0.05 377.75
v 87.60 0.05 379.19
v 86.16 0.05 378.77
f 15105 15106 15108
f 15105 15108 15107
f 15109 15110 15112
f 15109 15112 15111
o r686381215_footway
v 113.28 0.05 368.79
v 113.84 0.05 367.41
v 108.03 0.05 366.65
v 108.59 0.05 365.27
o r686381216_footway
v 106.87 0.05 389.15
v 108.29 0.05 389.63
v 108.03 0.05 385.77
v 109.45 0.05 386.25
o r686381217_footway
v 97.06 0.05 362.14
v 96.68 0.05 363.60
v 104.82 0.05 364.15
v 104.42 0.05 365.59
v 108.52 0.05 365.24
v 108.10 0.05 366.68
o r686381218_footway
v 113.96 0.05 372.00
v 112.54 0.05 371.52
v 113.09 0.05 374.62
v 111.65 0.05 374.18
v 111.50 0.05 379.88
v 110.06 0.05 379.42
v 109.70 0.05 385.35
v 108.28 0.05 384.89
v 109.46 0.05 386.21
v 108.02 0.05 385.81
f 15131 15132 15134
f 15131 15134 15133
o r686381219_footway
v 87.22 0.05 383.06
v 87.14 0.05 384.56
v 90.02 0.05 383.21
v 89.94 0.05 384.71
o r686381220_footway
v 90.19 0.05 383.24
v 89.77 0.05 384.68
v 97.88 0.05 385.47
v 97.44 0.05 386.91
v 102.31 0.05 387.02
v 101.81 0.05 388.44
o r690108664_footway
v -505.89 0.05 287.45
v -507.31 0.05 286.99
v -507.30 0.05 291.79
v -508.72 0.05 291.33
o r690108665_footway
v -506.36 0.05 286.51
v -506.84 0.05 287.93
v -501.99 0.05 287.98
v -502.47 0.05 289.40
o r690108666_footway
v -486.33 0.05 294.67
v -485.89 0.05 293.23
v -489.21 0.05 293.77
v -488.77 0.05 292.33
o r690108667_footway
v -484.41 0.05 295.17
v -485.85 0.05 294.73
v -485.52 0.05 298.73
v -486.96 0.05 298.29
o r690108668_footway
v -491.70 0.05 312.68
v -491.20 0.05 311.26
v -495.09 0.05 311.48
v -494.59 0.05 310.06
o r690108669_footway
v -490.64 0.05 310.77
v -489.20 0.05 311.21
v -489.66 0.05 307.57
v -488.22 0.05 308.01
o r690108670_footway
v -502.00 0.05 287.98
v -502.46 0.05 289.40
v -495.13 0.05 290.24
v -495.59 0.05 291.66
v -488.76 0.05 292.34
v -489.22 0.05 293.76
o r690108671_footway
v -507.31 0.05 291.82
v -508.71 0.05 291.30
v -508.91 0.05 296.15
v -510.31 0.05 295.63
v -510.61 0.05 300.75
v -512.01 0.05 300.23
o r690108672_footway
v -495.05 0.05 311.49
v -494.63 0.05 310.05
v -501.74 0.05 309.55
v -501.32 0.05 308.11
v -508.58 0.05 307.55
v -508.16 0.05 306.11
o r690108673_footway
v -489.66 0.05 307.58
v -488.22 0.05 308.00
v -488.30 0.05 302.89
v -486.86 0.05 303.31
v -486.96 0.05 298.30
v -485.52 0.05 298.72
o r690108674_footway
v -510.69 0.05 305.31
v -511.15 0.05 306.73
v -508.14 0.05 306.12
v -508.60 0.05 307.54
o r690112217_footway
v -479.59 0.05 201.38
v -478.15 0.05 201.82
v -478.28 0.05 197.17
v -476.84 0.05 197.61
o r690112218_footway
v -458.46 0.05 209.34
v -457.98 0.05 207.92
v -461.72 0.05 208.23
v -461.24 0.05 206.81
o r690112219_footway
v -457.02 0.05 207.10
v -455.58 0.05 207.52
v -456.22 0.05 204.31
v -454.78 0.05 204.73
o r690112220_footway
v -453.03 0.05 186.97
v -452.57 0.05 185.55
v -454.68 0.05 186.44
v -454.22 0.05 185.02
o r690112221_footway
v -450.03 0.05 189.92
v -451.45 0.05 189.44
v -450.65 0.05 191.78
v -452.07 0.05 191.30
o r690112222_footway
v -471.91 0.05 179.35
v -472.35 0.05 180.79
v -467.40 0.05 180.75
v -467.84 0.05 182.19
o r690112223_footway
v -471.62 0.05 180.81
v -473.04 0.05 180.33
v -472.71 0.05 184.11
v -474.13 0.05 183.63
o r690112224_footway
v -472.70 0.05 184.09
v -474.14 0.05 183.65
v -473.23 0.05 185.85
v -474.67 0.05 185.41
v -474.92 0.05 191.34
v -476.36 0.05 190.90
v -476.57 0.05 196.74
v -478.01 0.05 196.30
v -476.84 0.05 197.61
v -478.28 0.05 197.17
f 15231 15232 15234
f 15231 15234 15233
o r690112225_footway
v -474.10 0.05 202.39
v -474.58 0.05 203.81
v -466.88 0.05 204.87
v -467.36 0.05 206.29
v -461.24 0.05 206.81
v -461.72 0.05 208.23
o r690112226_footway
v -450.65 0.05 191.77
v -452.07 0.05 191.31
v -451.05 0.05 193.02
v -452.47 0.05 192.56
v -452.78 0.05 198.45
v -454.20 0.05 197.99
v -454.50 0.05 203.83
v -455.92 0.05 203.37
v -454.78 0.05 204.75
v -456.22 0.05 204.29
f 15247 15248 15250
f 15247 15250 15249
o r690112227_footway
v -454.68 0.05 186.44
v -454.22 0.05 185.02
v -460.38 0.05 184.59
v -459.92 0.05 183.17
v -467.85 0.05 182.18
v -467.39 0.05 180.76
o r690115955_footway
v -316.33 0.05 -225.73
v -317.37 0.05 -224.65
v -315.76 0.05 -225.08
v -316.22 0.05 -223.66
v -237.84 0.05 -200.45
v -238.30 0.05 -199.01
v -235.43 0.05 -199.69
v -235.89 0.05 -198.25
f 15263 15264 15266
f 15263 15266 15265
o r690115956_footway
v -316.52 0.05 -224.52
v -317.18 0.05 -225.86
v -318.32 0.05 -223.63
v -318.98 0.05 -224.97
o r690115957_footway
v -338.39 0.05 -231.98
v -338.87 0.05 -230.56
v -336.18 0.05 -231.24
v -336.66 0.05 -229.82
o r690115958_footway
v -337.92 0.05 -231.03
v -339.34 0.05 -231.51
v -338.48 0.05 -229.38
v -339.90 0.05 -229.86
o r690115963_footway
v -323.94 0.05 -206.22
v -322.48 0.05 -205.86
v -321.82 0.05 -214.68
v -320.36 0.05 -214.32
v -319.38 0.05 -224.48
v -317.92 0.05 -224.12
o r690115964_footway
v -342.41 0.05 -211.58
v -342.95 0.05 -210.18
v -333.30 0.05 -208.10
v -333.84 0.05 -206.70
v -326.34 0.05 -205.43
v -326.88 0.05 -204.03
o r690115965_footway
v -338.48 0.05 -229.38
v -339.90 0.05 -229.86
v -340.04 0.05 -224.76
v -341.46 0.05 -225.24
v -342.85 0.05 -216.36
v -344.27 0.05 -216.84
v -343.64 0.05 -214.02
v -345.06 0.05 -214.50
f 15295 15296 15298
f 15295 15298 15297
o r690115966_footway
v -336.17 0.05 -231.24
v -336.67 0.05 -229.82
v -326.92 0.05 -227.99
v -327.42 0.05 -226.57
v -318.40 0.05 -225.01
v -318.90 0.05 -223.59
o r690116521_footway
v -272.64 0.05 -436.64
v -272.06 0.05 -435.26
v -271.18 0.05 -437.25
v -270.60 0.05 -435.87
o r690116522_footway
v -277.81 0.05 -417.66
v -278.07 0.05 -416.18
v -275.14 0.05 -417.19
v -275.40 0.05 -415.71
o r690116523_footway
v -258.44 0.05 -409.96
v -258.00 0.05 -411.40
v -259.98 0.05 -410.43
v -259.54 0.05 -411.87
o r690116524_footway
v -249.68 0.05 -430.34
v -250.46 0.05 -431.62
v -250.97 0.05 -429.55
v -251.75 0.05 -430.83
o r690116525_footway
v -250.79 0.05 -431.53
v -250.77 0.05 -433.03
v -252.99 0.05 -431.57
v -252.97 0.05 -433.07
o r690116526_footway
v -270.72 0.05 -437.29
v -271.06 0.05 -435.83
v -259.72 0.05 -434.69
v -260.06 0.05 -433.23
v -252.81 0.05 -433.05
v -253.15 0.05 -431.59
o r690116527_footway
v -257.18 0.05 -414.62
v -255.76 0.05 -414.16
v -255.01 0.05 -421.31
v -253.59 0.05 -420.85
v -252.07 0.05 -430.42
v -250.65 0.05 -429.96
o r690116528_footway
v -275.03 0.05 -417.16
v -275.51 0.05 -415.74
v -266.40 0.05 -414.21
v -266.88 0.05 -412.79
v -259.52 0.05 -411.86
v -260.00 0.05 -410.44
o r690116529_footway
v -272.11 0.05 -434.10
v -273.55 0.05 -434.54
v -274.08 0.05 -427.61
v -275.52 0.05 -428.05
v -276.06 0.05 -421.11
v -277.50 0.05 -421.55
o r707575234_service
v -383.65 0.05 -407.78
v -384.67 0.05 -403.92
v -372.95 0.05 -404.96
v -374.03 0.05 -401.10
v -359.45 0.05 -400.99
v -360.65 0.05 -397.17
v -309.01 0.05 -384.73
v -310.25 0.05 -380.93
v -290.10 0.05 -378.39
v -291.42 0.05 -374.61
v -279.33 0.05 -374.36
v -280.73 0.05 -370.62
f 15353 15354 15356
f 15353 15356 15355
f 15357 15358 15360
f 15357 15360 15359
o r732338100_service
v 259.10 0.05 -14.65
v 262.94 0.05 -13.51
v 259.91 0.05 -17.34
v 263.71 0.05 -16.10
v 263.10 0.05 -26.95
v 266.90 0.05 -25.69
o r732338101_service
v 261.71 0.05 -15.96
v 260.33 0.05 -12.20
v 277.14 0.05 -9.05
v 273.14 0.05 -8.79
v 264.92 0.05 25.54
v 262.04 0.05 22.76
v 247.72 0.05 20.64
v 249.06 0.05 16.88
v 230.28 0.05 13.24
v 234.26 0.05 12.78
v 242.41 0.05 -21.38
v 245.23 0.05 -18.54
v 260.46 0.05 -16.38
v 259.16 0.05 -12.60
v 261.66 0.05 -15.97
v 260.38 0.05 -12.19
f 15371 15372 15374
f 15371 15374 15373
f 15375 15376 15378
f 15375 15378 15377
f 15379 15380 15382
f 15379 15382 15381
o r732338102_service
v 246.50 0.05 18.11
v 250.28 0.05 19.41
v 257.92 0.05 -15.14
v 261.70 0.05 -13.84
o r732433813_service
v -480.62 0.05 -40.27
v -478.86 0.05 -36.67
v -467.20 0.05 -46.82
v -465.50 0.05 -43.20
v -465.82 0.05 -47.07
v -465.46 0.05 -43.09
v -462.05 0.05 -47.39
v -462.13 0.05 -43.39
v -456.36 0.05 -46.82
v -457.40 0.05 -42.96
v -438.16 0.05 -41.01
v -439.56 0.05 -37.27
v -433.85 0.05 -38.31
v -436.25 0.05 -35.11
v -430.60 0.05 -35.32
v -433.90 0.05 -33.06
v -422.31 0.05 -21.63
v -425.73 0.05 -19.55
f 15391 15392 15394
f 15391 15394 15393
f 15395 15396 15398
f 15395 15398 15397
f 15399 15400 15402
f 15399 15402 15401
o r732997908_service
v 544.62 0.05 -391.99
v 540.90 0.05 -393.49
v 540.02 0.05 -380.57
v 536.26 0.05 -381.95
v 537.33 0.05 -372.22
v 533.53 0.05 -373.44
v 529.40 0.05 -351.74
v 526.88 0.05 -348.62
v 591.06 0.05 -330.46
v 589.50 0.05 -326.78
v 593.83 0.05 -324.63
v 592.17 0.05 -320.99
v 623.79 0.05 -315.50
v 622.63 0.05 -311.68
v 637.25 0.05 -310.47
v 639.91 0.05 -307.49
v 644.80 0.05 -335.11
v 648.70 0.05 -334.23
v 644.15 0.05 -334.43
v 645.43 0.05 -338.21
v 633.27 0.05 -337.18
v 633.65 0.05 -341.16
v 632.22 0.05 -336.93
v 628.50 0.05 -338.41
v 625.13 0.05 -313.02
v 621.29 0.05 -314.16
f 15409 15410 15412
f 15409 15412 15411
f 15413 15414 15416
f 15413 15416 15415
f 15417 15418 15420
f 15417 15420 15419
f 15421 15422 15424
f 15421 15424 15423
f 15425 15426 15428
f 15425 15428 15427
o r732997910_service
v 454.09 0.05 -367.38
v 452.91 0.05 -363.56
v 464.45 0.05 -364.16
v 463.47 0.05 -360.28
v 477.91 0.05 -361.37
v 477.09 0.05 -357.45
v 496.24 0.05 -357.55
v 495.30 0.05 -353.67
v 500.28 0.05 -355.99
v 499.14 0.05 -352.15
v 524.50 0.05 -349.20
v 523.96 0.05 -345.24
v 526.93 0.05 -351.77
v 529.35 0.05 -348.59
f 15435 15436 15438
f 15435 15438 15437
f 15439 15440 15442
f 15439 15442 15441
o r732997912_service
v 495.22 0.05 -408.00
v 491.42 0.05 -409.24
v 491.77 0.05 -397.38
v 487.97 0.05 -398.60
v 479.40 0.05 -358.80
v 475.60 0.05 -360.02
o r732997913_secondary
v 494.54 0.05 -412.43
v 492.10 0.05 -404.81
v 504.29 0.05 -409.30
v 501.85 0.05 -401.68
v 515.98 0.05 -405.55
v 513.54 0.05 -397.93
v 543.98 0.05 -396.55
v 541.54 0.05 -388.93
f 15455 15456 15458
f 15455 15458 15457
o r733008662_service
v 32.68 0.05 -441.55
v 36.48 0.05 -440.31
v 35.74 0.05 -450.88
v 39.56 0.05 -449.72
v 38.91 0.05 -461.96
v 42.73 0.05 -460.80
v 45.81 0.05 -480.75
v 48.87 0.05 -483.33
v 13.14 0.05 -491.04
v 15.42 0.05 -494.32
v 15.61 0.05 -503.31
v 19.41 0.05 -502.07
v 19.54 0.05 -515.34
v 23.36 0.05 -514.16
v 22.18 0.05 -524.65
v 25.76 0.05 -522.89
v 26.65 0.05 -529.19
v 28.83 0.05 -525.83
v 31.98 0.05 -531.13
v 32.58 0.05 -527.17
v 37.55 0.05 -530.86
v 36.51 0.05 -527.00
v 59.75 0.05 -523.76
v 60.17 0.05 -519.78
v 60.83 0.05 -532.24
v 64.67 0.05 -531.12
v 64.97 0.05 -545.86
v 68.79 0.05 -544.70
f 15463 15464 15466
f 15463 15466 15465
f 15467 15468 15470
f 15467 15470 15469
f 15471 15472 15474
f 15471 15474 15473
f 15475 15476 15478
f 15475 15478 15477
f 15479 15480 15482
f 15479 15482 15481
f 15483 15484 15486
f 15483 15486 15485
o r733173810_service
v 493.75 0.05 502.63
v 497.53 0.05 503.95
v 496.10 0.05 495.88
v 499.88 0.05 497.18
v 497.26 0.05 492.46
v 501.12 0.05 493.54
v 504.35 0.05 466.39
v 508.31 0.05 466.93
v 502.43 0.05 455.25
v 506.29 0.05 454.23
v 500.26 0.05 450.39
v 503.04 0.05 447.51
v 493.55 0.05 446.81
v 494.83 0.05 443.01
v 433.74 0.05 428.30
v 434.92 0.05 424.48
v 426.14 0.05 425.94
v 427.32 0.05 422.12
f 15491 15492 15494
f 15491 15494 15493
f 15495 15496 15498
f 15495 15498 15497
f 15499 15500 15502
f 15499 15502 15501
o r733173811_service
v 499.26 0.05 201.51
v 497.80 0.05 205.23
v 508.73 0.05 205.23
v 507.27 0.05 208.95
v 513.91 0.05 207.28
v 511.93 0.05 210.76
v 517.49 0.05 210.66
v 513.83 0.05 212.28
v 517.53 0.05 215.63
v 513.67 0.05 214.59
v 507.36 0.05 250.21
v 503.48 0.05 249.27
v 507.55 0.05 254.30
v 504.23 0.05 256.52
v 512.02 0.05 256.75
v 510.70 0.05 260.53
v 562.72 0.05 273.08
v 561.60 0.05 276.92
v 565.19 0.05 272.89
v 567.21 0.05 276.33
v 567.92 0.05 269.70
v 571.56 0.05 271.38
v 571.53 0.05 258.52
v 574.49 0.05 261.22
v 578.55 0.05 259.85
v 577.05 0.05 263.55
v 581.33 0.05 261.07
v 580.01 0.05 264.85
v 588.15 0.05 263.22
v 586.95 0.05 267.04
v 591.99 0.05 264.44
v 590.77 0.05 268.26
f 15509 15510 15512
f 15509 15512 15511
f 15513 15514 15516
f 15513 15516 15515
f 15517 15518 15520
f 15517 15520 15519
f 15521 15522 15524
f 15521 15524 15523
f 15525 15526 15528
f 15525 15528 15527
f 15529 15530 15532
f 15529 15532 15531
f 15533 15534 15536
f 15533 15536 15535
o r733546790_service
v -62.29 0.05 479.02
v -61.09 0.05 475.20
v -94.70 0.05 468.79
v -93.04 0.05 465.15
v -98.28 0.05 461.37
v -94.28 0.05 461.27
v -96.15 0.05 451.24
v -92.29 0.05 452.30
v -92.83 0.05 441.35
v -89.05 0.05 442.63
v -92.09 0.05 439.30
v -88.33 0.05 440.66
v -89.04 0.05 430.90
v -85.28 0.05 432.26
f 15541 15542 15544
f 15541 15544 15543
f 15545 15546 15548
f 15545 15548 15547
o r745013755_cycleway
v -355.59 0.05 234.82
v -356.03 0.05 236.26
v -351.78 0.05 236.02
v -352.24 0.05 237.44
v -273.09 0.05 261.38
v -273.55 0.05 262.80
v -270.38 0.05 262.25
v -270.84 0.05 263.67
v -258.70 0.05 266.00
v -259.16 0.05 267.42
v -248.29 0.05 269.30
v -248.75 0.05 270.72
v -190.04 0.05 288.03
v -190.50 0.05 289.45
v -151.19 0.05 300.52
v -151.65 0.05 301.94
v -147.84 0.05 301.59
v -148.30 0.05 303.01
v -131.84 0.05 306.70
v -132.30 0.05 308.12
v -115.66 0.05 311.88
v -116.12 0.05 313.30
v -63.58 0.05 328.60
v -64.04 0.05 330.02
v -18.60 0.05 342.84
v -19.06 0.05 344.26
v -15.09 0.05 343.99
v -15.57 0.05 345.41
v -2.88 0.05 348.08
v -3.34 0.05 349.50
v 6.60 0.05 351.12
v 6.14 0.05 352.54
v 54.28 0.05 366.41
v 53.74 0.05 367.81
v 59.63 0.05 371.43
v 58.97 0.05 372.77
v 73.65 0.05 375.97
v 73.43 0.05 377.45
v 78.83 0.05 374.33
v 78.83 0.05 375.83
v 83.90 0.05 376.04
v 83.40 0.05 377.46
v 87.42 0.05 377.26
v 86.92 0.05 378.68
v 95.20 0.05 379.96
v 94.72 0.05 381.38
v 99.29 0.05 381.26
v 98.83 0.05 382.68
v 109.22 0.05 384.41
v 108.76 0.05 385.83
v 143.83 0.05 395.41
v 143.39 0.05 396.85
v 191.26 0.05 409.96
v 190.82 0.05 411.40
v 191.94 0.05 410.19
v 191.48 0.05 411.61
v 195.00 0.05 411.18
v 194.54 0.05 412.60
v 195.85 0.05 411.45
v 195.65 0.05 412.93
v 196.50 0.05 411.43
v 196.94 0.05 412.87
v 196.80 0.05 411.21
v 197.94 0.05 412.19
v 196.94 0.05 410.79
v 198.32 0.05 411.37
f 15555 15556 15558
f 15555 15558 15557
f 15559 15560 15562
f 15559 15562 15561
f 15563 15564 15566
f 15563 15566 15565
f 15567 15568 15570
f 15567 15570 15569
f 15571 15572 15574
f 15571 15574 15573
f 15575 15576 15578
f 15575 15578 15577
f 15579 15580 15582
f 15579 15582 15581
f 15583 15584 15586
f 15583 15586 15585
f 15587 15588 15590
f 15587 15590 15589
f 15591 15592 15594
f 15591 15594 15593
f 15595 15596 15598
f 15595 15598 15597
f 15599 15600 15602
f 15599 15602 15601
f 15603 15604 15606
f 15603 15606 15605
f 15607 15608 15610
f 15607 15610 15609
f 15611 15612 15614
f 15611 15614 15613
o r745013756_cycleway
v 201.57 0.05 401.24
v 201.17 0.05 399.80
v 200.25 0.05 401.61
v 199.91 0.05 400.15
v 198.85 0.05 401.88
v 198.71 0.05 400.38
v 197.44 0.05 401.88
v 197.60 0.05 400.38
v 195.98 0.05 401.57
v 196.36 0.05 400.13
v 194.07 0.05 400.99
v 194.53 0.05 399.55
v 115.31 0.05 376.11
v 115.77 0.05 374.67
v 112.14 0.05 375.11
v 112.60 0.05 373.69
v 102.34 0.05 371.95
v 102.80 0.05 370.53
f 15621 15622 15624
f 15621 15624 15623
f 15625 15626 15628
f 15625 15628 15627
f 15629 15630 15632
f 15629 15632 15631
o r756849395_service
v -380.42 0.05 -63.68
v -379.10 0.05 -67.46
v -391.10 0.05 -67.44
v -389.78 0.05 -71.22
v -401.22 0.05 -71.28
v -401.94 0.05 -75.22
v -401.93 0.05 -66.19
v -405.71 0.05 -67.51
v -412.69 0.05 -35.40
v -416.47 0.05 -36.72
f 15639 15640 15642
f 15639 15642 15641
o r756849396_service
v -403.48 0.05 -73.89
v -399.68 0.05 -72.61
v -393.90 0.05 -101.97
v -390.84 0.05 -99.39
v -380.84 0.05 -98.91
v -382.12 0.05 -95.11
v -370.07 0.05 -95.28
v -371.35 0.05 -91.48
f 15649 15650 15652
f 15649 15652 15651
o r756849397_service
v -393.00 0.05 -98.78
v -391.74 0.05 -102.58
v -413.86 0.05 -106.61
v -416.22 0.05 -109.83
v -423.75 0.05 -76.84
v -427.61 0.05 -75.80
v -403.02 0.05 -68.69
v -404.62 0.05 -65.01
f 15657 15658 15660
f 15657 15660 15659
o r756849398_service
v -426.25 0.05 -74.40
v -425.11 0.05 -78.24
v -468.83 0.05 -87.02
v -467.69 0.05 -90.86
o r764593067_secondary
v 238.86 0.05 -34.70
v 231.26 0.05 -37.18
v 235.59 0.05 -24.64
v 227.99 0.05 -27.12
v 221.96 0.05 17.27
v 214.36 0.05 14.79
o r764593068_secondary
v 236.28 0.05 -39.75
v 233.84 0.05 -32.13
v 245.10 0.05 -36.92
v 242.66 0.05 -29.30
v 259.13 0.05 -32.41
v 256.69 0.05 -24.79
v 266.22 0.05 -30.13
v 263.78 0.05 -22.51
v 295.89 0.05 -20.59
v 293.45 0.05 -12.97
v 298.07 0.05 -19.89
v 295.63 0.05 -12.27
v 328.92 0.05 -9.99
v 326.42 0.05 -2.39
v 335.74 0.05 -7.46
v 332.96 0.05 0.04
f 15675 15676 15678
f 15675 15678 15677
f 15679 15680 15682
f 15679 15682 15681
f 15683 15684 15686
f 15683 15686 15685
o r764593069_service
v 185.50 0.05 116.44
v 184.24 0.05 120.24
v 194.57 0.05 119.47
v 193.31 0.05 123.27
v 278.85 0.05 147.62
v 277.59 0.05 151.42
v 289.16 0.05 151.07
v 287.92 0.05 154.87
v 296.89 0.05 153.54
v 295.67 0.05 157.34
v 381.01 0.05 180.48
v 379.79 0.05 184.28
v 390.46 0.05 183.50
v 389.26 0.05 187.32
v 400.55 0.05 186.63
v 399.37 0.05 190.45
v 486.18 0.05 213.09
v 485.00 0.05 216.91
v 494.49 0.05 215.67
v 493.31 0.05 219.49
f 15691 15692 15694
f 15691 15694 15693
f 15695 15696 15698
f 15695 15698 15697
f 15699 15700 15702
f 15699 15702 15701
f 15703 15704 15706
f 15703 15706 15705
o r764593070_secondary
v 188.67 0.05 119.58
v 181.07 0.05 117.10
v 174.77 0.05 162.25
v 167.17 0.05 159.77
v 172.05 0.05 170.67
v 164.43 0.05 168.21
o r764593071_service
v 118.24 0.05 322.93
v 117.06 0.05 326.75
v 127.74 0.05 325.85
v 126.50 0.05 329.65
v 211.12 0.05 353.04
v 209.88 0.05 356.84
v 216.95 0.05 354.78
v 215.79 0.05 358.62
v 222.31 0.05 356.41
v 221.15 0.05 360.23
f 15717 15718 15720
f 15717 15720 15719
o r764593072_secondary
v 121.45 0.05 326.08
v 113.85 0.05 323.60
v 108.42 0.05 366.11
v 100.82 0.05 363.63
v 108.28 0.05 366.58
v 100.66 0.05 364.12
v 106.38 0.05 372.47
v 98.76 0.05 370.01
f 15727 15728 15730
f 15727 15730 15729
o r764593073_cycleway
v 102.34 0.05 371.95
v 102.80 0.05 370.53
v 90.34 0.05 368.09
v 90.80 0.05 366.67
v 12.25 0.05 342.95
v 12.71 0.05 341.53
v 9.69 0.05 342.12
v 10.15 0.05 340.70
v 0.08 0.05 339.03
v 0.54 0.05 337.61
v -12.24 0.05 335.05
v -11.78 0.05 333.63
v -109.92 0.05 303.60
v -109.46 0.05 302.18
v -112.51 0.05 302.77
v -112.05 0.05 301.35
v -128.85 0.05 297.51
v -128.39 0.05 296.09
v -144.93 0.05 292.28
v -144.47 0.05 290.86
v -194.82 0.05 275.88
v -194.36 0.05 274.46
v -242.45 0.05 260.93
v -242.01 0.05 259.49
v -245.35 0.05 260.01
v -244.89 0.05 258.59
v -255.67 0.05 256.68
v -255.21 0.05 255.26
v -267.15 0.05 252.98
v -266.69 0.05 251.56
v -312.54 0.05 238.36
v -312.02 0.05 236.96
v -318.00 0.05 234.26
v -317.42 0.05 232.88
v -336.23 0.05 228.30
v -335.89 0.05 226.84
v -342.44 0.05 228.66
v -342.32 0.05 227.16
v -346.11 0.05 227.49
v -345.65 0.05 226.07
v -348.69 0.05 226.66
v -348.23 0.05 225.24
v -352.27 0.05 225.54
v -351.81 0.05 224.10
f 15735 15736 15738
f 15735 15738 15737
f 15739 15740 15742
f 15739 15742 15741
f 15743 15744 15746
f 15743 15746 15745
f 15747 15748 15750
f 15747 15750 15749
f 15751 15752 15754
f 15751 15754 15753
f 15755 15756 15758
f 15755 15758 15757
f 15759 15760 15762
f 15759 15762 15761
f 15763 15764 15766
f 15763 15766 15765
f 15767 15768 15770
f 15767 15770 15769
f 15771 15772 15774
f 15771 15774 15773
o r764593074_secondary
v 106.37 0.05 372.49
v 98.77 0.05 369.99
v 104.68 0.05 377.61
v 97.08 0.05 375.13
v 102.86 0.05 383.22
v 95.26 0.05 380.72
v 101.46 0.05 387.45
v 93.86 0.05 384.93
v 101.28 0.05 388.01
v 93.66 0.05 385.55
v 88.23 0.05 428.29
v 80.61 0.05 425.83
v 87.17 0.05 431.56
v 79.55 0.05 429.10
f 15779 15780 15782
f 15779 15782 15781
f 15783 15784 15786
f 15783 15786 15785
o r766810510_service
v 400.65 0.05 -208.66
v 401.75 0.05 -212.50
v 392.46 0.05 -211.15
v 394.82 0.05 -214.37
v 390.99 0.05 -215.60
v 393.81 0.05 -218.44
v 387.14 0.05 -216.71
v 388.44 0.05 -220.49
v 384.49 0.05 -218.67
v 381.83 0.05 -221.67
v 382.20 0.05 -211.32
v 378.44 0.05 -212.66
v 380.85 0.05 -207.76
v 377.11 0.05 -209.18
v 379.40 0.05 -203.90
v 375.60 0.05 -205.14
v 366.35 0.05 -163.42
v 362.55 0.05 -164.64
f 15793 15794 15796
f 15793 15796 15795
f 15797 15798 15800
f 15797 15800 15799
f 15801 15802 15804
f 15801 15804 15803
o r766810641_service
v 394.81 0.05 -211.14
v 392.47 0.05 -214.38
v 390.19 0.05 -207.97
v 389.09 0.05 -211.81
v 385.87 0.05 -208.70
v 386.75 0.05 -212.60
v 379.88 0.05 -210.04
v 380.76 0.05 -213.94
f 15811 15812 15814
f 15811 15814 15813
o r774898750_service
v 489.54 0.05 -475.74
v 488.10 0.05 -472.00
v 496.53 0.05 -473.03
v 495.27 0.05 -469.23
v 513.46 0.05 -467.73
v 511.84 0.05 -464.07
v 516.86 0.05 -463.37
v 513.16 0.05 -461.87
v 519.22 0.05 -454.87
v 515.28 0.05 -454.19
v 519.05 0.05 -449.66
v 515.21 0.05 -450.74
v 507.70 0.05 -413.44
v 503.88 0.05 -414.64
v 504.98 0.05 -404.88
v 501.16 0.05 -406.10
f 15819 15820 15822
f 15819 15822 15821
f 15823 15824 15826
f 15823 15826 15825
f 15827 15828 15830
f 15827 15830 15829
o r776891577_service
v 298.73 0.05 -15.41
v 294.97 0.05 -16.75
v 295.28 0.05 -5.76
v 291.50 0.05 -7.08
v 293.76 0.05 -1.15
v 289.96 0.05 -2.41
v 283.70 0.05 29.36
v 279.90 0.05 28.10
f 15835 15836 15838
f 15835 15838 15837
o r776891578_service
v 292.45 0.05 -3.69
v 291.27 0.05 0.13
v 312.78 0.05 3.69
v 308.88 0.05 4.53
v 301.91 0.05 36.63
v 298.13 0.05 35.35
o r792544786_service
v -151.39 0.05 145.00
v -152.69 0.05 148.78
v -104.71 0.05 161.15
v -106.01 0.05 164.93
o r794169285_service
v -478.22 0.05 239.23
v -479.34 0.05 243.07
v -469.14 0.05 241.86
v -470.26 0.05 245.70
v -467.39 0.05 242.37
v -468.51 0.05 246.21
o r794169286_service
v -477.54 0.05 237.18
v -476.34 0.05 233.36
v -487.39 0.05 234.11
v -486.19 0.05 230.29
v -490.98 0.05 232.98
v -489.78 0.05 229.16
o r794169287_service
v -366.04 0.05 455.68
v -362.12 0.05 454.92
v -367.97 0.05 445.66
v -364.09 0.05 444.66
v -368.40 0.05 445.30
v -365.60 0.05 442.44
v -369.25 0.05 444.58
v -367.81 0.05 440.86
v -377.96 0.05 441.75
v -376.90 0.05 437.89
v -378.99 0.05 441.75
v -379.51 0.05 437.79
v -379.85 0.05 442.06
v -381.51 0.05 438.42
v -387.42 0.05 445.70
v -389.16 0.05 442.10
f 15865 15866 15868
f 15865 15868 15867
f 15869 15870 15872
f 15869 15872 15871
f 15873 15874 15876
f 15873 15876 15875
o r794169288_service
v -304.15 0.05 405.58
v -305.33 0.05 409.40
v -295.40 0.05 408.29
v -296.58 0.05 412.11
v -290.94 0.05 409.67
v -292.12 0.05 413.49
o r794169289_service
v -315.47 0.05 398.63
v -316.69 0.05 402.43
v -313.13 0.05 399.38
v -314.35 0.05 403.18
v -303.15 0.05 402.60
v -304.37 0.05 406.40
o r794169290_service
v -313.30 0.05 391.82
v -314.42 0.05 395.66
v -310.92 0.05 392.51
v -312.04 0.05 396.35
v -300.87 0.05 395.42
v -301.99 0.05 399.26
o r794169296_service
v 186.45 0.05 289.56
v 190.29 0.05 290.66
v 189.22 0.05 279.91
v 193.06 0.05 281.01
v 190.02 0.05 277.40
v 194.02 0.05 277.48
v 189.41 0.05 275.14
v 193.13 0.05 273.64
v 188.16 0.05 272.98
v 191.28 0.05 270.48
v 186.53 0.05 271.57
v 188.81 0.05 268.27
v 184.43 0.05 270.45
v 185.95 0.05 266.75
v 181.17 0.05 269.36
v 181.93 0.05 265.44
v 177.44 0.05 269.04
v 177.02 0.05 265.06
v 174.13 0.05 270.08
v 172.45 0.05 266.44
v 172.04 0.05 271.39
v 168.90 0.05 268.93
v 171.18 0.05 274.03
v 167.42 0.05 272.67
v 170.72 0.05 275.32
v 166.96 0.05 273.98
v 167.83 0.05 283.43
v 164.07 0.05 282.09
f 15899 15900 15902
f 15899 15902 15901
f 15903 15904 15906
f 15903 15906 15905
f 15907 15908 15910
f 15907 15910 15909
f 15911 15912 15914
f 15911 15914 15913
f 15915 15916 15918
f 15915 15918 15917
f 15919 15920 15922
f 15919 15922 15921
o r795005698_service
v 211.48 0.05 -155.50
v 207.66 0.05 -156.68
v 209.20 0.05 -148.16
v 205.38 0.05 -149.34
v 208.13 0.05 -144.69
v 204.31 0.05 -145.87
o r795005699_service
v 220.50 0.05 -140.76
v 224.34 0.05 -139.64
v 221.45 0.05 -144.03
v 225.29 0.05 -142.93
v 223.61 0.05 -151.56
v 227.45 0.05 -150.46
o r809017358_service
v 347.55 0.05 303.86
v 348.91 0.05 307.62
v 354.19 0.05 301.48
v 356.23 0.05 304.92
v 356.53 0.05 298.70
v 359.85 0.05 300.94
v 359.30 0.05 293.60
v 362.82 0.05 295.52
f 15939 15940 15942
f 15939 15942 15941
o r809017359_residential
v 360.87 0.05 257.46
v 366.47 0.05 259.62
v 365.35 0.05 245.84
v 370.91 0.05 248.08
v 370.23 0.05 234.12
v 375.77 0.05 236.42
o r809017360_service
v 359.17 0.05 293.91
v 362.95 0.05 295.21
v 364.61 0.05 278.14
v 368.39 0.05 279.44
o r809017361_service
v 364.60 0.05 278.16
v 368.40 0.05 279.42
v 366.01 0.05 273.92
v 369.89 0.05 274.92
v 366.77 0.05 270.01
v 370.77 0.05 270.05
v 366.23 0.05 265.41
v 369.89 0.05 263.79
v 362.05 0.05 259.71
v 365.29 0.05 257.37
f 15957 15958 15960
f 15957 15960 15959
o r814068294_service
v 386.60 0.05 -79.84
v 382.82 0.05 -81.16
v 375.13 0.05 -47.04
v 371.35 0.05 -48.32
v 364.72 0.05 -15.02
v 360.92 0.05 -16.26
o r814068295_service
v 391.28 0.05 -42.01
v 387.46 0.05 -43.23
v 381.05 0.05 -9.80
v 377.23 0.05 -11.02
o r814068296_service
v 393.26 0.05 -5.57
v 397.04 0.05 -4.27
v 404.33 0.05 -37.92
v 408.11 0.05 -36.62
o r814068297_service
v 424.68 0.05 -31.19
v 420.90 0.05 -32.51
v 413.51 0.05 0.74
v 409.73 0.05 -0.58
o r814068301_service
v 412.17 0.05 -1.84
v 411.07 0.05 2.00
v 426.49 0.05 3.39
v 429.37 0.05 6.17
v 436.18 0.05 -27.86
v 440.00 0.05 -26.66
o r818437865_service
v -91.53 0.05 -38.58
v -95.35 0.05 -39.78
v -92.26 0.05 -36.28
v -96.10 0.05 -37.38
v -94.36 0.05 -28.76
v -98.18 0.05 -29.92
v -97.90 0.05 -17.68
v -101.72 0.05 -18.88
v -123.69 0.05 65.34
v -127.51 0.05 64.16
v -126.67 0.05 74.80
v -130.49 0.05 73.58
v -130.21 0.05 85.81
v -134.01 0.05 84.59
v -150.14 0.05 147.52
v -153.94 0.05 146.26
v -154.30 0.05 158.97
v -158.06 0.05 157.61
v -157.69 0.05 168.32
v -161.47 0.05 167.02
v -160.90 0.05 178.16
v -164.68 0.05 176.86
v -164.55 0.05 188.30
v -168.35 0.05 187.04
v -176.41 0.05 225.17
v -180.21 0.05 223.95
v -181.47 0.05 240.88
v -185.27 0.05 239.66
v -185.16 0.05 252.36
v -188.96 0.05 251.14
v -191.54 0.05 272.21
v -195.34 0.05 270.99
v -192.69 0.05 275.78
v -196.49 0.05 274.56
v -194.36 0.05 280.97
v -198.16 0.05 279.75
f 15991 15992 15994
f 15991 15994 15993
f 15995 15996 15998
f 15995 15998 15997
f 15999 16000 16002
f 15999 16002 16001
f 16003 16004 16006
f 16003 16006 16005
f 16007 16008 16010
f 16007 16010 16009
f 16011 16012 16014
f 16011 16014 16013
f 16015 16016 16018
f 16015 16018 16017
f 16019 16020 16022
f 16019 16022 16021
o r818437866_service
v -71.31 0.05 -102.74
v -75.13 0.05 -103.94
v -91.53 0.05 -38.58
v -95.35 0.05 -39.78
o r818448442_service
v 251.97 0.05 -87.94
v 250.77 0.05 -84.12
v 260.32 0.05 -85.31
v 259.22 0.05 -81.47
v 270.84 0.05 -82.54
v 269.82 0.05 -78.68
o r818448443_service
v 276.60 0.05 -79.04
v 280.42 0.05 -77.86
v 287.49 0.05 -114.23
v 291.47 0.05 -113.85
v 283.91 0.05 -115.35
v 280.43 0.05 -117.33
v 272.23 0.05 -79.98
v 268.43 0.05 -81.24
f 16037 16038 16040
f 16037 16040 16039
o r818448444_service
v 456.49 0.05 -19.37
v 457.73 0.05 -23.17
v 447.53 0.05 -22.29
v 448.73 0.05 -26.11
v 437.51 0.05 -25.35
v 438.67 0.05 -29.17
v 422.19 0.05 -29.94
v 423.39 0.05 -33.76
v 405.61 0.05 -35.37
v 406.83 0.05 -39.17
v 388.77 0.05 -40.71
v 389.97 0.05 -44.53
v 372.64 0.05 -45.77
v 373.84 0.05 -49.59
v 362.97 0.05 -48.81
v 364.11 0.05 -52.65
v 349.34 0.05 -52.68
v 350.44 0.05 -56.52
f 16045 16046 16048
f 16045 16048 16047
f 16049 16050 16052
f 16049 16052 16051
f 16053 16054 16056
f 16053 16056 16055
o r818448445_residential
v 454.26 0.05 -22.20
v 459.96 0.05 -20.34
v 467.67 0.05 -63.48
v 473.37 0.05 -61.62
v 470.59 0.05 -72.42
v 476.29 0.05 -70.54
v 474.25 0.05 -83.34
v 479.95 0.05 -81.48
v 487.67 0.05 -124.87
v 493.37 0.05 -123.01
v 501.19 0.05 -166.42
v 506.89 0.05 -164.56
v 504.80 0.05 -177.53
v 510.50 0.05 -175.67
f 16063 16064 16066
f 16063 16066 16065
f 16067 16068 16070
f 16067 16070 16069
o r818448574_service
v -1.27 0.05 -325.79
v 2.51 0.05 -324.51
v -0.73 0.05 -327.39
v 3.05 0.05 -326.11
v 3.07 0.05 -338.62
v 6.87 0.05 -337.38
v 5.81 0.05 -347.34
v 9.63 0.05 -346.14
v 18.90 0.05 -388.94
v 22.72 0.05 -387.74
v 31.98 0.05 -430.53
v 35.80 0.05 -429.33
v 35.10 0.05 -440.65
v 38.92 0.05 -439.47
f 16077 16078 16080
f 16077 16080 16079
f 16081 16082 16084
f 16081 16084 16083
o r818448575_service
v -13.97 0.05 -288.60
v -10.19 0.05 -287.30
v -1.27 0.05 -325.80
v 2.51 0.05 -324.50
o r818449052_service
v 35.97 0.05 13.03
v 39.77 0.05 14.25
v 38.44 0.05 5.37
v 42.24 0.05 6.61
v 65.67 0.05 -78.47
v 69.47 0.05 -77.23
v 69.16 0.05 -89.15
v 72.98 0.05 -87.95
v 72.02 0.05 -98.65
v 75.84 0.05 -97.49
v 97.44 0.05 -182.94
v 101.26 0.05 -181.78
v 99.96 0.05 -191.31
v 103.76 0.05 -190.07
v 103.42 0.05 -201.28
v 107.22 0.05 -200.02
v 131.04 0.05 -285.25
v 134.84 0.05 -283.99
v 134.25 0.05 -294.29
v 138.05 0.05 -293.05
v 137.25 0.05 -304.34
v 141.05 0.05 -303.12
v 164.27 0.05 -388.11
v 168.07 0.05 -386.89
v 167.88 0.05 -399.32
v 171.68 0.05 -398.10
f 16095 16096 16098
f 16095 16098 16097
f 16099 16100 16102
f 16099 16102 16101
f 16103 16104 16106
f 16103 16106 16105
f 16107 16108 16110
f 16107 16110 16109
f 16111 16112 16114
f 16111 16114 16113
o r818449053_service
v -27.10 0.05 208.81
v -23.30 0.05 210.05
v -11.07 0.05 159.56
v -7.27 0.05 160.80
o r833506430_service
v 408.56 0.05 19.70
v 404.76 0.05 18.46
v 405.19 0.05 29.98
v 401.37 0.05 28.80
v 395.62 0.05 61.23
v 391.66 0.05 61.77
v 406.69 0.05 64.68
v 409.67 0.05 67.34
v 416.00 0.05 33.80
v 419.82 0.05 34.98
v 419.31 0.05 23.15
v 423.13 0.05 24.33
f 16125 16126 16128
f 16125 16128 16127
f 16129 16130 16132
f 16129 16132 16131
o r833506432_footway
v 384.98 0.05 -90.78
v 384.52 0.05 -89.34
v 399.10 0.05 -86.31
v 398.64 0.05 -84.87
v 460.96 0.05 -66.76
v 460.50 0.05 -65.32
o r848080146_footway
v -432.92 0.05 42.28
v -433.56 0.05 43.64
v -431.42 0.05 42.99
v -432.14 0.05 44.31
v -425.89 0.05 46.10
v -426.63 0.05 47.40
o r848080147_footway
v -435.54 0.05 24.95
v -435.42 0.05 26.45
v -432.94 0.05 24.74
v -432.88 0.05 26.24
v -428.74 0.05 24.70
v -428.98 0.05 26.18
v -426.49 0.05 25.84
v -427.41 0.05 27.02
v -425.02 0.05 27.58
v -426.38 0.05 28.22
v -424.91 0.05 29.15
v -425.83 0.05 30.33
v -420.85 0.05 30.72
v -421.41 0.05 32.12
f 16149 16150 16152
f 16149 16152 16151
f 16153 16154 16156
f 16153 16156 16155
o r848080148_footway
v -432.53 0.05 43.66
v -431.03 0.05 43.64
v -432.54 0.05 40.80
v -431.06 0.05 41.02
v -431.57 0.05 37.51
v -430.29 0.05 38.27
v -429.06 0.05 34.88
v -428.00 0.05 35.94
v -427.03 0.05 32.96
v -425.87 0.05 33.92
v -426.07 0.05 31.40
v -424.63 0.05 31.82
v -426.12 0.05 29.75
v -424.62 0.05 29.73
f 16163 16164 16166
f 16163 16166 16165
f 16167 16168 16170
f 16167 16170 16169
o r848080149_footway
v -469.54 0.05 -23.29
v -470.96 0.05 -23.75
v -471.78 0.05 -16.48
v -473.20 0.05 -16.94
o r848080150_footway
v -453.34 0.05 -10.25
v -454.78 0.05 -10.69
v -455.44 0.05 -3.38
v -456.88 0.05 -3.82
o r848080151_footway
v -464.31 0.05 -14.74
v -464.79 0.05 -13.32
v -462.90 0.05 -14.26
v -463.38 0.05 -12.84
v -453.82 0.05 -11.18
v -454.30 0.05 -9.76
v -446.92 0.05 -8.93
v -447.20 0.05 -7.45
v -440.91 0.05 -8.79
v -441.01 0.05 -7.29
v -437.15 0.05 -8.22
v -437.37 0.05 -6.74
v -434.77 0.05 -7.86
v -435.17 0.05 -6.42
v -427.38 0.05 -5.46
v -428.06 0.05 -4.12
v -423.50 0.05 -2.03
v -424.54 0.05 -0.95
v -422.78 0.05 -1.09
v -423.98 0.05 -0.19
f 16185 16186 16188
f 16185 16188 16187
f 16189 16190 16192
f 16189 16192 16191
f 16193 16194 16196
f 16193 16196 16195
f 16197 16198 16200
f 16197 16200 16199
o r848080152_steps
v -455.44 0.05 -3.39
v -456.88 0.05 -3.81
v -455.86 0.05 -1.92
v -457.30 0.05 -2.34
o r848080153_footway
v -455.86 0.05 -1.93
v -457.30 0.05 -2.33
v -456.34 0.05 -0.22
v -457.78 0.05 -0.62
o r848080154_footway
v -465.16 0.05 -14.47
v -463.94 0.05 -13.59
v -460.69 0.05 -20.69
v -459.47 0.05 -19.81
o r848109460_footway
v -577.74 0.05 -55.72
v -578.18 0.05 -54.28
v -574.24 0.05 -54.07
v -575.74 0.05 -54.11
v -577.72 0.05 -45.01
v -578.64 0.05 -43.81
v -550.64 0.05 -36.35
v -551.10 0.05 -34.93
v -541.09 0.05 -33.28
v -541.55 0.05 -31.86
v -527.31 0.05 -28.46
v -528.77 0.05 -28.12
v -534.47 0.05 -5.82
v -535.89 0.05 -6.28
v -546.36 0.05 31.21
v -547.78 0.05 30.75
f 16217 16218 16220
f 16217 16220 16219
f 16221 16222 16224
f 16221 16224 16223
f 16225 16226 16228
f 16225 16228 16227
o r848109471_footway
v -538.00 0.05 -42.90
v -538.48 0.05 -41.48
v -518.39 0.05 -36.38
v -518.87 0.05 -34.96
v -517.24 0.05 -35.61
v -516.26 0.05 -34.47
v -516.43 0.05 -38.40
v -515.01 0.05 -37.94
f 16233 16234 16236
f 16233 16236 16235
o r848134795_pedestrian
v -543.23 0.05 55.99
v -539.43 0.05 57.23
v -541.12 0.05 49.55
v -537.32 0.05 50.79
v -540.14 0.05 46.55
v -536.34 0.05 47.81
v -539.13 0.05 43.60
v -535.33 0.05 44.84
v -523.92 0.05 -2.92
v -520.12 0.05 -1.68
v -517.91 0.05 -21.19
v -514.11 0.05 -19.93
v -513.04 0.05 -35.95
v -509.24 0.05 -34.69
v -512.63 0.05 -37.18
v -508.83 0.05 -35.96
v -511.24 0.05 -41.52
v -507.44 0.05 -40.30
v -509.19 0.05 -47.88
v -505.39 0.05 -46.66
f 16241 16242 16244
f 16241 16244 16243
f 16245 16246 16248
f 16245 16248 16247
f 16249 16250 16252
f 16249 16252 16251
f 16253 16254 16256
f 16253 16256 16255
o r848134796_steps
v -528.86 0.05 -3.46
v -528.44 0.05 -4.90
v -533.26 0.05 -4.74
v -532.84 0.05 -6.18
o r850658440_footway
v -495.84 0.05 -13.14
v -495.38 0.05 -14.56
v -506.27 0.05 -16.57
v -505.81 0.05 -17.99
v -516.24 0.05 -19.85
v -515.78 0.05 -21.27
o r868041304_footway
v -520.81 0.05 426.02
v -521.95 0.05 425.04
v -523.24 0.05 428.84
v -524.38 0.05 427.86
o r868041305_footway
v -506.53 0.05 430.07
v -506.17 0.05 428.61
v -512.77 0.05 428.50
v -512.41 0.05 427.04
v -521.57 0.05 426.26
v -521.19 0.05 424.80
o r868041306_footway
v -448.35 0.05 446.88
v -447.89 0.05 445.44
v -459.50 0.05 443.37
v -459.04 0.05 441.93
v -467.16 0.05 440.96
v -466.70 0.05 439.52
o r868051965_footway
v -417.85 0.05 425.93
v -417.41 0.05 424.49
v -426.67 0.05 423.20
v -426.23 0.05 421.76
v -431.47 0.05 421.72
v -431.03 0.05 420.28
o r868051966_footway
v -431.50 0.05 421.71
v -431.00 0.05 420.29
v -435.82 0.05 420.17
v -435.32 0.05 418.75
o r869762749_footway
v -279.01 0.05 365.38
v -280.43 0.05 364.92
v -280.35 0.05 369.52
v -281.77 0.05 369.06
v -282.04 0.05 374.78
v -283.46 0.05 374.32
o r869762750_footway
v -279.89 0.05 361.34
v -279.43 0.05 359.92
v -282.77 0.05 360.42
v -282.31 0.05 359.00
o r869762751_footway
v -280.43 0.05 364.92
v -279.01 0.05 365.38
v -279.12 0.05 360.79
v -277.70 0.05 361.25
o r869762752_footway
v -282.03 0.05 374.77
v -283.47 0.05 374.33
v -282.91 0.05 377.70
v -284.35 0.05 377.26
o r869762753_footway
v -287.78 0.05 376.41
v -288.24 0.05 377.83
v -285.16 0.05 377.27
v -285.62 0.05 378.69
o r869762754_footway
v -299.16 0.05 354.52
v -300.56 0.05 353.98
v -300.67 0.05 358.51
v -302.07 0.05 357.97
o r869762755_footway
v -298.29 0.05 353.97
v -298.77 0.05 355.39
v -295.78 0.05 354.80
v -296.26 0.05 356.22
o r869764431_footway
v -386.30 0.05 340.31
v -385.00 0.05 341.05
v -383.94 0.05 336.21
v -382.64 0.05 336.95
v -381.81 0.05 332.51
v -380.51 0.05 333.25
o r869764432_footway
v -404.07 0.05 339.30
v -404.53 0.05 340.72
v -399.82 0.05 340.65
v -400.28 0.05 342.07
v -391.27 0.05 343.36
v -391.73 0.05 344.78
o r869764433_footway
v -384.94 0.05 340.92
v -386.36 0.05 340.44
v -386.07 0.05 344.28
v -387.49 0.05 343.80
o r869764434_footway
v -391.26 0.05 343.36
v -391.74 0.05 344.78
v -388.05 0.05 344.45
v -388.53 0.05 345.87
o r869764435_footway
v -404.54 0.05 340.72
v -404.06 0.05 339.30
v -407.32 0.05 339.79
v -406.84 0.05 338.37
o r869764436_footway
v -409.66 0.05 336.54
v -408.24 0.05 337.02
v -408.63 0.05 333.51
v -407.21 0.05 333.99
o r869764437_footway
v -408.62 0.05 333.47
v -407.22 0.05 334.03
v -406.84 0.05 328.97
v -405.44 0.05 329.53
v -405.14 0.05 324.66
v -403.74 0.05 325.20
o r869764438_footway
v -401.78 0.05 320.32
v -402.28 0.05 321.74
v -398.74 0.05 321.39
v -399.24 0.05 322.81
o r869764439_footway
v -398.77 0.05 321.38
v -399.21 0.05 322.82
v -394.04 0.05 322.84
v -394.48 0.05 324.28
v -385.31 0.05 325.53
v -385.75 0.05 326.97
o r869764440_footway
v -385.29 0.05 325.54
v -385.77 0.05 326.96
v -382.36 0.05 326.51
v -382.84 0.05 327.93
o r869764441_footway
v -381.87 0.05 332.62
v -380.45 0.05 333.14
v -380.89 0.05 329.91
v -379.47 0.05 330.43
o r869885911_footway
v -49.87 0.05 449.09
v -48.45 0.05 449.57
v -48.16 0.05 444.10
v -46.74 0.05 444.58
v -46.75 0.05 440.00
v -45.33 0.05 440.48
o r869885913_footway
v -44.52 0.05 438.03
v -45.94 0.05 437.55
v -45.33 0.05 440.48
v -46.75 0.05 440.00
o r869885916_footway
v -26.91 0.05 440.89
v -27.35 0.05 442.33
v -23.81 0.05 441.86
v -24.25 0.05 443.30
o r869885919_footway
v -174.81 0.05 393.61
v -175.27 0.05 395.03
v -170.40 0.05 395.03
v -170.86 0.05 396.45
o r869885920_footway
v -176.83 0.05 394.53
v -178.25 0.05 394.05
v -178.06 0.05 398.16
v -179.48 0.05 397.68
o r891734324_primary
v -50.78 0.05 41.44
v -41.28 0.05 44.54
v -37.95 0.05 1.99
v -28.45 0.05 5.09
v -34.21 0.05 -9.51
v -24.71 0.05 -6.41
o r899987072_footway
v -494.60 0.05 -379.85
v -496.06 0.05 -380.23
v -495.67 0.05 -375.76
v -497.13 0.05 -376.14
o r899987073_footway
v -492.30 0.05 -389.87
v -493.76 0.05 -390.21
v -493.77 0.05 -383.49
v -495.23 0.05 -383.83
v -494.60 0.05 -379.87
v -496.06 0.05 -380.21
o r899987074_footway
v -509.02 0.05 -397.98
v -509.16 0.05 -396.48
v -502.66 0.05 -397.42
v -502.72 0.05 -395.92
v -496.08 0.05 -397.52
v -496.06 0.05 -396.02
o r903084331_footway
v 307.15 0.05 58.70
v 308.57 0.05 59.18
v 310.53 0.05 48.66
v 311.95 0.05 49.14
o r903084332_footway
v 296.35 0.05 86.13
v 297.75 0.05 86.65
v 306.33 0.05 59.54
v 307.73 0.05 60.08
v 307.32 0.05 58.42
v 308.40 0.05 59.46
o r903084335_service
v 363.43 0.05 -17.54
v 362.21 0.05 -13.74
v 379.77 0.05 -12.31
v 378.51 0.05 -8.51
v 395.80 0.05 -6.81
v 394.50 0.05 -3.03
o r903084337_service
v 400.77 0.05 -95.09
v 404.41 0.05 -93.43
v 405.35 0.05 -105.13
v 409.07 0.05 -103.69
v 408.27 0.05 -114.38
v 412.09 0.05 -113.18
o r903084338_service
v 399.02 0.05 -138.14
v 402.84 0.05 -136.94
v 403.33 0.05 -151.94
v 407.15 0.05 -150.74
o r903084339_service
v 443.50 0.05 -124.07
v 447.34 0.05 -122.97
v 447.37 0.05 -137.73
v 451.21 0.05 -136.63
o r903084340_service
v 427.45 0.05 -86.23
v 431.27 0.05 -85.01
v 430.78 0.05 -96.69
v 434.60 0.05 -95.47
v 433.92 0.05 -106.58
v 437.74 0.05 -105.36
o r903084341_service
v 401.53 0.05 -139.45
v 400.33 0.05 -135.63
v 446.76 0.05 -125.00
v 444.08 0.05 -122.04
v 436.36 0.05 -104.04
v 435.30 0.05 -107.90
v 409.60 0.05 -111.87
v 410.76 0.05 -115.69
v 392.97 0.05 -117.72
v 396.69 0.05 -119.18
v 399.02 0.05 -138.15
v 402.84 0.05 -136.93
f 16459 16460 16462
f 16459 16462 16461
f 16463 16464 16466
f 16463 16466 16465
o r903084342_footway
v 404.73 0.05 -104.46
v 405.17 0.05 -105.90
v 383.61 0.05 -111.08
v 384.07 0.05 -112.50
v 380.88 0.05 -112.07
v 381.40 0.05 -113.47
o r903084343_footway
v 408.84 0.05 -103.05
v 409.34 0.05 -104.47
v 406.97 0.05 -103.70
v 407.45 0.05 -105.12
v 404.71 0.05 -104.47
v 405.19 0.05 -105.89
o r903084344_footway
v 429.03 0.05 -96.40
v 429.49 0.05 -97.82
v 408.86 0.05 -103.05
v 409.32 0.05 -104.47
o r903084345_footway
v 434.58 0.05 -94.72
v 435.02 0.05 -96.16
v 432.47 0.05 -95.36
v 432.91 0.05 -96.80
v 429.04 0.05 -96.39
v 429.48 0.05 -97.83
o r925039449_service
v 512.84 0.05 -402.31
v 516.68 0.05 -401.17
v 515.36 0.05 -410.81
v 519.18 0.05 -409.63
v 526.49 0.05 -446.83
v 530.31 0.05 -445.67
v 527.51 0.05 -450.88
v 531.45 0.05 -450.18
v 527.96 0.05 -454.83
v 531.94 0.05 -455.25
v 527.05 0.05 -456.87
v 530.31 0.05 -459.19
v 525.14 0.05 -458.58
v 527.28 0.05 -461.96
v 521.59 0.05 -460.16
v 523.13 0.05 -463.86
v 511.91 0.05 -464.04
v 513.39 0.05 -467.76
f 16493 16494 16496
f 16493 16496 16495
f 16497 16498 16500
f 16497 16500 16499
f 16501 16502 16504
f 16501 16504 16503
o r925042250_service
v -209.05 0.05 -406.75
v -205.37 0.05 -405.21
v -205.11 0.05 -416.15
v -201.35 0.05 -414.75
v -194.94 0.05 -444.79
v -191.18 0.05 -443.45
o r957257364_pedestrian
v 338.91 0.05 325.17
v 342.65 0.05 326.61
v 341.77 0.05 317.75
v 345.51 0.05 319.19
o r957257365_pedestrian
v 342.57 0.05 326.79
v 338.99 0.05 324.99
v 340.50 0.05 330.87
v 337.24 0.05 328.53
v 337.06 0.05 334.47
v 334.18 0.05 331.71
o r958663782_footway
v -410.60 0.05 -8.19
v -412.02 0.05 -8.65
v -411.74 0.05 -4.69
v -413.16 0.05 -5.15
o r963744181_pedestrian
v -544.72 0.05 46.35
v -545.96 0.05 50.15
v -544.06 0.05 46.56
v -545.26 0.05 50.38
v -538.62 0.05 48.26
v -539.82 0.05 52.08
v -528.48 0.05 51.52
v -528.64 0.05 55.52
v -529.58 0.05 50.01
v -525.76 0.05 51.23
v -528.77 0.05 47.59
v -524.95 0.05 48.81
v -515.64 0.05 6.30
v -511.82 0.05 7.52
v -513.69 0.05 0.16
v -509.87 0.05 1.38
v -507.95 0.05 -17.89
v -504.13 0.05 -16.67
v -502.82 0.05 -34.01
v -499.00 0.05 -32.81
v -500.81 0.05 -36.52
v -498.15 0.05 -39.50
v -509.92 0.05 -39.00
v -508.76 0.05 -42.82
v -515.77 0.05 -41.14
v -516.77 0.05 -45.02
v -515.72 0.05 -38.18
v -519.54 0.05 -39.40
v -516.72 0.05 -35.06
v -520.54 0.05 -36.28
v -526.74 0.05 -3.57
v -530.56 0.05 -4.79
v -531.00 0.05 9.70
v -534.80 0.05 8.48
v -537.11 0.05 28.69
v -540.93 0.05 27.47
v -542.46 0.05 45.79
v -546.28 0.05 44.59
v -543.43 0.05 48.85
v -547.25 0.05 47.65
f 16531 16532 16534
f 16531 16534 16533
f 16535 16536 16538
f 16535 16538 16537
f 16539 16540 16542
f 16539 16542 16541
f 16543 16544 16546
f 16543 16546 16545
f 16547 16548 16550
f 16547 16550 16549
f 16551 16552 16554
f 16551 16554 16553
f 16555 16556 16558
f 16555 16558 16557
f 16559 16560 16562
f 16559 16562 16561
f 16563 16564 16566
f 16563 16566 16565
o r968033525_service
v -406.87 0.05 362.31
v -408.11 0.05 366.11
v -395.08 0.05 366.17
v -396.32 0.05 369.97
v -392.19 0.05 367.12
v -393.43 0.05 370.92
o r972156202_footway
v -435.03 0.05 -12.19
v -436.47 0.05 -12.63
v -436.54 0.05 -7.26
v -437.98 0.05 -7.70
o r972156203_footway
v -493.10 0.05 -30.91
v -494.54 0.05 -31.33
v -493.91 0.05 -28.34
v -495.41 0.05 -28.28
v -492.87 0.05 -23.93
v -494.09 0.05 -23.07
v -490.40 0.05 -23.28
v -490.86 0.05 -21.86
v -472.26 0.05 -17.42
v -472.72 0.05 -16.00
v -464.31 0.05 -14.74
v -464.79 0.05 -13.32
f 16581 16582 16584
f 16581 16584 16583
f 16585 16586 16588
f 16585 16588 16587
o r972156204_footway
v -422.77 0.05 -1.07
v -423.99 0.05 -0.21
v -420.71 0.05 1.87
v -421.93 0.05 2.73
o r972346280_footway
v -437.68 0.05 40.17
v -438.28 0.05 41.55
v -435.23 0.05 41.22
v -435.83 0.05 42.60
o r972346282_steps
v -435.22 0.05 41.23
v -435.84 0.05 42.59
v -432.93 0.05 42.28
v -433.55 0.05 43.64
o r972682707_footway
v 144.38 0.05 264.27
v 144.06 0.05 265.73
v 146.99 0.05 264.84
v 146.67 0.05 266.30
o r972682708_footway
v 146.31 0.05 269.35
v 147.73 0.05 269.81
v 147.32 0.05 266.19
v 148.74 0.05 266.65
o r972941823_footway
v -234.53 0.05 -128.12
v -234.89 0.05 -126.66
v -228.40 0.05 -126.57
v -228.78 0.05 -125.11
v -197.94 0.05 -118.70
v -198.32 0.05 -117.24
o r972941830_footway
v -198.54 0.05 -124.12
v -197.78 0.05 -125.40
v -218.04 0.05 -135.77
v -217.28 0.05 -137.05
o r972941831_footway
v -215.37 0.05 -144.93
v -215.61 0.05 -143.45
v -197.84 0.05 -142.20
v -198.08 0.05 -140.72
o r972941832_footway
v -218.05 0.05 -135.77
v -217.27 0.05 -137.05
v -225.02 0.05 -140.12
v -223.72 0.05 -140.88
v -223.42 0.05 -146.00
v -222.46 0.05 -144.86
v -219.14 0.05 -145.57
v -219.38 0.05 -144.09
v -215.36 0.05 -144.93
v -215.62 0.05 -143.45
f 16627 16628 16630
f 16627 16630 16629
o r972941833_footway
v -197.96 0.05 -152.11
v -197.36 0.05 -153.49
v -224.11 0.05 -163.38
v -223.51 0.05 -164.76
o r972941834_footway
v -196.17 0.05 -160.11
v -194.73 0.05 -159.67
v -195.47 0.05 -162.36
v -194.03 0.05 -161.92
o r972941835_steps
v -197.91 0.05 -154.75
v -196.49 0.05 -154.29
v -196.16 0.05 -160.12
v -194.74 0.05 -159.66
o r972941836_footway
v -198.71 0.05 -141.48
v -197.21 0.05 -141.44
v -198.41 0.05 -152.82
v -196.91 0.05 -152.78
o r972941837_steps
v -198.81 0.05 -135.18
v -197.31 0.05 -135.16
v -198.76 0.05 -138.77
v -197.26 0.05 -138.75
o r972941838_footway
v -198.86 0.05 -132.05
v -197.36 0.05 -132.03
v -198.81 0.05 -135.18
v -197.31 0.05 -135.16
o r972941839_steps
v -198.93 0.05 -126.99
v -197.43 0.05 -126.97
v -198.86 0.05 -132.05
v -197.36 0.05 -132.03
o r972941845_steps
v -219.99 0.05 -145.00
v -218.53 0.05 -144.66
v -219.54 0.05 -146.98
v -218.08 0.05 -146.64
o r973936238_secondary
v 36.64 0.05 17.45
v 39.10 0.05 9.83
v -15.48 0.05 0.64
v -13.04 0.05 -6.98
v -30.66 0.05 -4.14
v -28.26 0.05 -11.78
o r974494766_footway
v -477.26 0.05 -2.97
v -478.74 0.05 -2.69
v -476.94 0.05 -1.32
v -478.42 0.05 -1.04
o r989393067_secondary
v -469.18 0.05 -144.84
v -466.74 0.05 -152.46
v -511.06 0.05 -158.29
v -508.62 0.05 -165.91
v -532.94 0.05 -165.31
v -530.50 0.05 -172.93
v -552.63 0.05 -171.62
v -550.19 0.05 -179.24
v -562.95 0.05 -174.94
v -560.51 0.05 -182.56
v -573.12 0.05 -178.19
v -570.68 0.05 -185.81
f 16679 16680 16682
f 16679 16682 16681
f 16683 16684 16686
f 16683 16686 16685
o r989393068_residential
v -470.81 0.05 -149.57
v -465.11 0.05 -147.73
v -467.55 0.05 -159.65
v -461.85 0.05 -157.79
v -466.93 0.05 -161.53
v -461.23 0.05 -159.67
v -457.33 0.05 -191.03
v -451.63 0.05 -189.17
v -454.53 0.05 -199.66
v -448.83 0.05 -197.80
v -441.65 0.05 -239.23
v -435.95 0.05 -237.37
v -440.67 0.05 -242.23
v -434.97 0.05 -240.37
v -439.29 0.05 -246.48
v -433.59 0.05 -244.64
f 16691 16692 16694
f 16691 16694 16693
f 16695 16696 16698
f 16695 16698 16697
f 16699 16700 16702
f 16699 16702 16701
o r1008727471_footway
v 432.13 0.05 378.82
v 433.57 0.05 379.22
v 432.89 0.05 376.00
v 434.33 0.05 376.42
v 435.36 0.05 367.79
v 436.80 0.05 368.23
v 437.31 0.05 361.54
v 438.75 0.05 361.98
f 16707 16708 16710
f 16707 16710 16709
o r1008727472_footway
v 437.31 0.05 361.54
v 438.75 0.05 361.98
v 437.97 0.05 359.36
v 439.41 0.05 359.80
o r1008727477_footway
v 446.53 0.05 386.50
v 446.05 0.05 387.92
v 450.43 0.05 387.84
v 449.95 0.05 389.26
o r1008727478_footway
v 450.48 0.05 383.94
v 451.90 0.05 384.40
v 451.29 0.05 381.42
v 452.71 0.05 381.92
v 453.81 0.05 374.51
v 455.23 0.05 374.99
v 454.75 0.05 371.29
v 456.19 0.05 371.71
v 455.46 0.05 368.86
v 456.90 0.05 369.28
f 16723 16724 16726
f 16723 16726 16725
o r1010401876_service
v -71.30 0.05 -134.17
v -75.10 0.05 -135.43
v -74.72 0.05 -123.88
v -78.52 0.05 -125.14
v -80.83 0.05 -105.43
v -84.63 0.05 -106.69
o r1020648123_footway
v -243.53 0.05 254.57
v -243.99 0.05 255.99
v -193.21 0.05 270.89
v -193.67 0.05 272.31
v -144.93 0.05 286.56
v -145.39 0.05 288.00
v -143.26 0.05 286.62
v -143.34 0.05 288.12
v -140.07 0.05 286.78
v -140.15 0.05 288.28
f 16739 16740 16742
f 16739 16742 16741
o r1020756127_footway
v 418.99 0.05 129.42
v 420.41 0.05 129.90
v 420.33 0.05 125.37
v 421.75 0.05 125.85
o r1021936033_residential
v -38.33 0.05 447.36
v -32.55 0.05 449.00
v -35.86 0.05 438.72
v -30.16 0.05 440.58
v -20.43 0.05 392.32
v -14.73 0.05 394.20
v -17.80 0.05 383.82
v -12.10 0.05 385.68
v -7.84 0.05 353.67
v -2.14 0.05 355.55
v -5.96 0.05 347.86
v -0.26 0.05 349.72
v -4.12 0.05 342.25
v 1.58 0.05 344.11
v -2.54 0.05 337.39
v 3.16 0.05 339.25
v -0.71 0.05 331.82
v 4.99 0.05 333.68
v 12.72 0.05 290.52
v 18.42 0.05 292.38
v 25.05 0.05 252.58
v 30.75 0.05 254.44
v 29.43 0.05 239.10
v 35.15 0.05 240.94
v 32.23 0.05 230.22
v 37.95 0.05 232.06
v 32.59 0.05 229.28
v 38.29 0.05 231.14
v 46.06 0.05 188.00
v 51.76 0.05 189.86
v 59.33 0.05 147.61
v 65.03 0.05 149.47
v 63.08 0.05 135.71
v 68.80 0.05 137.51
f 16753 16754 16756
f 16753 16756 16755
f 16757 16758 16760
f 16757 16760 16759
f 16761 16762 16764
f 16761 16764 16763
f 16765 16766 16768
f 16765 16768 16767
f 16769 16770 16772
f 16769 16772 16771
f 16773 16774 16776
f 16773 16776 16775
f 16777 16778 16780
f 16777 16780 16779
o r1022496124_footway
v -197.81 0.05 -118.65
v -198.45 0.05 -117.29
v -187.42 0.05 -113.83
v -188.06 0.05 -112.47
o r1022496125_footway
v -198.38 0.05 -152.99
v -196.94 0.05 -152.61
v -197.92 0.05 -154.71
v -196.48 0.05 -154.33
o r1022496126_footway
v -198.76 0.05 -138.77
v -197.26 0.05 -138.75
v -198.71 0.05 -141.47
v -197.21 0.05 -141.45
o r1022496127_footway
v -198.88 0.05 -117.97
v -197.38 0.05 -117.97
v -198.91 0.05 -124.76
v -197.41 0.05 -124.76
o r1022496128_footway
v -198.91 0.05 -124.75
v -197.41 0.05 -124.77
v -198.93 0.05 -126.97
v -197.43 0.05 -126.99
o r1029948065_footway
v 379.63 0.05 -203.09
v 380.07 0.05 -204.53
v 377.28 0.05 -203.80
v 377.72 0.05 -205.24
v 374.23 0.05 -204.75
v 374.67 0.05 -206.19
o r1033406108_footway
v 237.43 0.05 -363.61
v 235.99 0.05 -364.07
v 226.14 0.05 -327.93
v 224.70 0.05 -328.39
o r1033406109_steps
v 226.13 0.05 -327.92
v 224.71 0.05 -328.40
v 225.19 0.05 -325.17
v 223.77 0.05 -325.65
o r1033406110_footway
v 231.44 0.05 -366.24
v 231.04 0.05 -364.80
v 232.15 0.05 -366.04
v 231.77 0.05 -364.60
v 232.77 0.05 -365.89
v 232.41 0.05 -364.43
o r1033406111_footway
v 245.69 0.05 -360.06
v 246.17 0.05 -361.48
v 236.47 0.05 -363.13
v 236.95 0.05 -364.55
v 235.15 0.05 -363.54
v 235.61 0.05 -364.98
o r1033406112_footway
v 247.19 0.05 -362.22
v 245.77 0.05 -362.68
v 246.64 0.05 -360.54
v 245.22 0.05 -361.00
v 246.17 0.05 -359.11
v 244.75 0.05 -359.57
o r1033406113_steps
v 245.77 0.05 -362.68
v 247.19 0.05 -362.22
v 246.57 0.05 -365.20
v 247.99 0.05 -364.74
o r1033406114_footway
v 246.57 0.05 -365.20
v 247.99 0.05 -364.74
v 246.88 0.05 -366.17
v 248.30 0.05 -365.71
o r1033406115_footway
v 225.20 0.05 -325.18
v 223.76 0.05 -325.64
v 224.20 0.05 -322.02
v 222.76 0.05 -322.48
o r1033406116_footway
v 220.04 0.05 -327.30
v 218.60 0.05 -327.72
v 218.96 0.05 -323.67
v 217.52 0.05 -324.09
v 218.09 0.05 -320.73
v 216.65 0.05 -321.15
o r1033940757_cycleway
v -583.88 0.05 161.31
v -584.32 0.05 162.75
v -581.06 0.05 162.19
v -581.50 0.05 163.63
v -570.22 0.05 165.60
v -570.68 0.05 167.04
v -559.16 0.05 169.12
v -559.62 0.05 170.54
v -533.30 0.05 177.66
v -533.76 0.05 179.08
v -480.89 0.05 194.56
v -481.35 0.05 195.98
v -478.38 0.05 195.37
v -478.84 0.05 196.79
f 16857 16858 16860
f 16857 16860 16859
f 16861 16862 16864
f 16861 16864 16863
o r1033940758_cycleway
v -478.37 0.05 195.37
v -478.85 0.05 196.79
v -477.05 0.05 195.81
v -477.53 0.05 197.23
v -465.15 0.05 199.75
v -465.61 0.05 201.17
v -454.99 0.05 202.88
v -455.43 0.05 204.32
v -453.62 0.05 203.30
v -454.06 0.05 204.74
f 16871 16872 16874
f 16871 16874 16873
o r1033940759_cycleway
v -476.31 0.05 185.67
v -475.85 0.05 184.25
v -500.89 0.05 177.78
v -500.43 0.05 176.36
v -515.23 0.05 173.20
v -514.77 0.05 171.78
v -553.86 0.05 160.81
v -553.40 0.05 159.39
v -556.21 0.05 160.05
v -555.75 0.05 158.63
v -567.34 0.05 156.48
v -566.88 0.05 155.06
v -578.11 0.05 152.96
v -577.65 0.05 151.54
v -657.33 0.05 127.51
v -656.87 0.05 126.09
v -660.39 0.05 126.63
v -659.93 0.05 125.19
v -671.47 0.05 123.06
v -671.01 0.05 121.64
v -682.33 0.05 119.57
v -681.85 0.05 118.15
v -716.06 0.05 108.20
v -715.58 0.05 106.78
v -719.85 0.05 106.69
v -719.29 0.05 105.29
f 16881 16882 16884
f 16881 16884 16883
f 16885 16886 16888
f 16885 16888 16887
f 16889 16890 16892
f 16889 16892 16891
f 16893 16894 16896
f 16893 16896 16895
f 16897 16898 16900
f 16897 16900 16899
o r1033940760_cycleway
v -450.78 0.05 193.89
v -450.32 0.05 192.47
v -451.99 0.05 193.50
v -451.53 0.05 192.08
v -462.18 0.05 190.24
v -461.72 0.05 188.82
v -474.18 0.05 186.34
v -473.72 0.05 184.92
v -476.31 0.05 185.68
v -475.85 0.05 184.24
f 16907 16908 16910
f 16907 16910 16909
o r1034053457_secondary
v 299.17 0.05 98.09
v 306.95 0.05 99.93
v 301.62 0.05 87.79
v 309.26 0.05 90.15
v 310.30 0.05 62.07
v 317.88 0.05 64.63
o r1034331492_secondary
v -294.45 0.05 16.77
v -296.89 0.05 24.39
v -286.74 0.05 19.25
v -289.24 0.05 26.85
v -281.79 0.05 20.93
v -284.23 0.05 28.55
v -201.08 0.05 46.76
v -203.52 0.05 54.38
v -188.67 0.05 50.72
v -191.11 0.05 58.34
f 16923 16924 16926
f 16923 16926 16925
o r1034698225_service
v -72.50 0.05 428.30
v -68.96 0.05 426.44
v -72.60 0.05 428.07
v -69.32 0.05 425.79
v -73.01 0.05 427.53
v -70.19 0.05 424.71
v -73.18 0.05 427.25
v -71.88 0.05 423.47
v -116.23 0.05 412.80
v -114.95 0.05 409.00
v -117.05 0.05 412.54
v -116.15 0.05 408.64
v -117.79 0.05 412.39
v -117.85 0.05 408.39
v -118.77 0.05 412.57
v -119.77 0.05 408.69
v -119.22 0.05 412.79
v -120.80 0.05 409.11
f 16933 16934 16936
f 16933 16936 16935
f 16937 16938 16940
f 16937 16940 16939
f 16941 16942 16944
f 16941 16944 16943
o r1034698226_footway
v -43.17 0.05 436.60
v -44.29 0.05 435.60
v -45.40 0.05 438.52
v -45.06 0.05 437.06
v -70.30 0.05 430.63
v -69.84 0.05 429.21
v -77.02 0.05 428.50
v -76.56 0.05 427.08
f 16951 16952 16954
f 16951 16954 16953
o r1034698227_service
v -72.44 0.05 436.76
v -68.46 0.05 437.14
v -71.91 0.05 431.05
v -67.91 0.05 431.27
v -72.05 0.05 430.19
v -68.09 0.05 429.65
v -72.25 0.05 428.68
v -68.37 0.05 427.68
v -72.51 0.05 428.29
v -68.95 0.05 426.45
f 16959 16960 16962
f 16959 16962 16961
o r1034698228_service
v -119.14 0.05 412.75
v -120.88 0.05 409.15
v -119.20 0.05 412.68
v -121.90 0.05 409.74
v -121.13 0.05 414.69
v -124.01 0.05 411.91
v -122.19 0.05 415.77
v -125.35 0.05 413.33
v -125.21 0.05 420.00
v -128.47 0.05 417.66
f 16969 16970 16972
f 16969 16972 16971
o r1034698230_footway
v -120.75 0.05 414.66
v -120.31 0.05 413.22
v -122.80 0.05 414.02
v -122.34 0.05 412.58
v -145.06 0.05 406.96
v -144.54 0.05 405.56
v -146.54 0.05 405.09
v -145.32 0.05 404.23
f 16979 16980 16982
f 16979 16982 16981
o r1034698748_service
v -15.61 0.05 386.64
v -14.29 0.05 382.86
v -25.69 0.05 383.14
v -24.37 0.05 379.36
v -27.82 0.05 382.40
v -26.50 0.05 378.62
o r1034702472_footway
v -143.84 0.05 422.40
v -145.30 0.05 422.70
v -139.09 0.05 445.03
v -140.55 0.05 445.33
v -138.00 0.05 450.20
v -139.46 0.05 450.50
o r1034702473_footway
v -121.03 0.05 452.12
v -119.69 0.05 452.78
v -116.47 0.05 442.97
v -115.43 0.05 444.05
v -103.49 0.05 435.21
v -102.73 0.05 436.49
o r1034702489_footway
v -145.21 0.05 499.82
v -143.99 0.05 500.70
v -136.29 0.05 487.54
v -134.83 0.05 487.90
v -141.13 0.05 482.95
v -139.65 0.05 482.67
v -140.45 0.05 465.74
v -139.27 0.05 464.80
v -157.39 0.05 462.69
v -156.23 0.05 461.73
v -152.53 0.05 450.84
v -151.03 0.05 450.70
v -159.74 0.05 437.95
v -158.42 0.05 437.23
f 17005 17006 17008
f 17005 17008 17007
f 17009 17010 17012
f 17009 17012 17011
o r1035976914_residential
v -69.53 0.05 434.09
v -71.37 0.05 439.81
v -46.53 0.05 441.48
v -48.37 0.05 447.20
v -34.53 0.05 445.32
v -36.35 0.05 451.04
o r1035976915_residential
v -86.24 0.05 428.72
v -88.08 0.05 434.44
v -69.53 0.05 434.09
v -71.37 0.05 439.81
o r1036558672_secondary
v -64.15 0.05 -239.75
v -61.71 0.05 -247.37
v -81.75 0.05 -245.41
v -79.31 0.05 -253.03
v -91.28 0.05 -248.45
v -88.84 0.05 -256.07
o r1036649300_service
v -59.66 0.05 -413.75
v -63.46 0.05 -415.01
v -72.23 0.05 -376.46
v -74.85 0.05 -379.48
v -97.35 0.05 -384.62
v -93.45 0.05 -385.52
v -85.44 0.05 -421.74
v -81.64 0.05 -420.48
f 17035 17036 17038
f 17035 17038 17037
o r1036649301_service
v -147.05 0.05 -435.69
v -148.15 0.05 -431.85
v -136.08 0.05 -432.53
v -137.18 0.05 -428.69
v -134.12 0.05 -431.96
v -135.24 0.05 -428.12
o r1036649302_service
v -66.88 0.05 -323.98
v -65.38 0.05 -327.68
v -78.58 0.05 -328.70
v -77.08 0.05 -332.40
v -79.81 0.05 -329.20
v -78.29 0.05 -332.90
o r1036649303_service
v -234.74 0.05 -313.98
v -238.58 0.05 -315.10
v -235.45 0.05 -311.54
v -239.29 0.05 -312.66
v -238.82 0.05 -300.05
v -242.66 0.05 -301.17
o r1036649304_service
v -250.52 0.05 -319.00
v -254.32 0.05 -320.26
v -251.34 0.05 -316.52
v -255.14 0.05 -317.78
v -255.07 0.05 -305.19
v -258.87 0.05 -306.45
o r1036649305_service
v -145.43 0.05 -257.81
v -141.65 0.05 -256.53
v -144.47 0.05 -260.65
v -140.69 0.05 -259.37
v -141.68 0.05 -268.91
v -137.90 0.05 -267.63
o r1039387758_service
v -417.79 0.05 362.01
v -419.03 0.05 365.81
v -415.14 0.05 362.87
v -416.36 0.05 366.67
v -407.83 0.05 365.23
v -409.05 0.05 369.03
o r1039387759_service
v -510.13 0.05 334.82
v -511.35 0.05 338.64
v -497.72 0.05 338.77
v -498.94 0.05 342.59
v -490.68 0.05 341.02
v -491.90 0.05 344.84
o r1040752718_residential
v 643.93 0.05 -243.43
v 645.75 0.05 -249.15
v 632.46 0.05 -247.09
v 634.30 0.05 -252.81
v 540.23 0.05 -276.71
v 542.07 0.05 -282.43
v 446.38 0.05 -306.82
v 448.22 0.05 -312.52
v 434.84 0.05 -310.87
v 436.82 0.05 -316.53
f 17085 17086 17088
f 17085 17088 17087
o r1040752719_secondary
v 432.13 0.05 -315.23
v 439.53 0.05 -312.17
v 435.73 0.05 -323.92
v 443.31 0.05 -321.34
v 449.70 0.05 -366.71
v 457.30 0.05 -364.23
v 462.84 0.05 -407.16
v 470.48 0.05 -404.76
v 465.53 0.05 -417.12
v 473.25 0.05 -415.04
f 17095 17096 17098
f 17095 17098 17097
o r1042538995_service
v 245.86 0.05 -427.12
v 247.12 0.05 -430.92
v 236.54 0.05 -430.23
v 237.78 0.05 -434.03
v 178.15 0.05 -449.27
v 179.39 0.05 -453.07
v 162.13 0.05 -454.46
v 163.37 0.05 -458.26
v 145.21 0.05 -459.95
v 146.45 0.05 -463.75
v 133.56 0.05 -463.73
v 134.80 0.05 -467.53
v 118.36 0.05 -468.67
v 119.60 0.05 -472.47
f 17105 17106 17108
f 17105 17108 17107
f 17109 17110 17112
f 17109 17112 17111
o r1042538996_residential
v 226.98 0.05 -380.35
v 232.62 0.05 -378.33
v 230.30 0.05 -389.63
v 235.98 0.05 -387.71
v 243.64 0.05 -429.96
v 249.34 0.05 -428.08
o r1043406272_residential
v 435.02 0.05 -310.81
v 436.64 0.05 -316.59
v 426.43 0.05 -313.21
v 428.05 0.05 -318.99
v 426.08 0.05 -313.34
v 427.92 0.05 -319.04
v 381.35 0.05 -327.80
v 383.19 0.05 -333.50
v 369.46 0.05 -331.64
v 371.30 0.05 -337.34
f 17125 17126 17128
f 17125 17128 17127
o r1043406273_residential
v 369.46 0.05 -331.64
v 371.30 0.05 -337.34
v 350.39 0.05 -337.80
v 352.23 0.05 -343.50
v 342.97 0.05 -340.18
v 344.75 0.05 -345.92
v 334.93 0.05 -342.57
v 336.63 0.05 -348.33
f 17135 17136 17138
f 17135 17138 17137
o r1044315933_steps
v -469.42 0.05 371.78
v -470.86 0.05 371.34
v -472.31 0.05 381.00
v -473.75 0.05 380.56
o r1044315934_footway
v -472.31 0.05 381.01
v -473.75 0.05 380.55
v -472.86 0.05 382.75
v -474.30 0.05 382.29
o r1044315935_steps
v -472.86 0.05 382.75
v -474.30 0.05 382.29
v -474.48 0.05 387.90
v -475.92 0.05 387.44
o r1044315936_footway
v -474.49 0.05 387.90
v -475.91 0.05 387.44
v -476.17 0.05 391.82
v -477.29 0.05 392.82
v -468.52 0.05 394.26
v -469.00 0.05 395.68
v -450.00 0.05 400.70
v -449.48 0.05 402.10
v -432.03 0.05 380.54
v -430.91 0.05 381.54
f 17155 17156 17158
f 17155 17158 17157
o r1044315937_footway
v -442.00 0.05 376.92
v -442.46 0.05 378.34
v -431.24 0.05 380.33
v -431.70 0.05 381.75
v -425.28 0.05 382.23
v -425.74 0.05 383.65
o r1044315939_footway
v -476.02 0.05 392.55
v -477.44 0.05 392.09
v -479.66 0.05 403.72
v -481.08 0.05 403.26
v -480.62 0.05 406.70
v -482.04 0.05 406.24
o r1044315940_footway
v -461.48 0.05 374.46
v -462.92 0.05 374.00
v -468.04 0.05 395.20
v -469.48 0.05 394.74
o r1044315941_footway
v -441.34 0.05 326.48
v -442.76 0.05 326.02
v -442.38 0.05 329.72
v -443.80 0.05 329.26
o r1047226984_cycleway
v 196.92 0.05 410.83
v 198.34 0.05 411.33
v 198.07 0.05 407.58
v 199.49 0.05 408.08
v 200.66 0.05 400.27
v 202.08 0.05 400.77
o r1047226985_cycleway
v 215.65 0.05 361.44
v 214.23 0.05 360.98
v 204.10 0.05 397.47
v 202.68 0.05 397.01
v 203.56 0.05 399.14
v 202.18 0.05 398.54
v 202.86 0.05 400.21
v 201.74 0.05 399.21
v 201.86 0.05 401.09
v 200.88 0.05 399.95
f 17191 17192 17194
f 17191 17194 17193
o r1047226986_cycleway
v 231.52 0.05 311.21
v 230.08 0.05 310.77
v 229.96 0.05 316.41
v 228.52 0.05 315.95
v 218.51 0.05 352.45
v 217.09 0.05 351.99
o r1047226987_cycleway
v 218.51 0.05 352.45
v 217.09 0.05 351.99
v 217.08 0.05 356.93
v 215.66 0.05 356.47
v 215.65 0.05 361.44
v 214.23 0.05 360.98
o r1047226988_footway
v 223.31 0.05 311.53
v 222.67 0.05 312.89
v 224.79 0.05 312.55
v 223.33 0.05 312.87
v 224.20 0.05 314.73
v 222.78 0.05 314.27
v 216.17 0.05 339.59
v 214.75 0.05 339.13
v 213.86 0.05 347.02
v 212.42 0.05 346.56
v 212.30 0.05 351.87
v 210.88 0.05 351.41
f 17213 17214 17216
f 17213 17216 17215
f 17217 17218 17220
f 17217 17220 17219
o r1047226989_footway
v 212.30 0.05 351.88
v 210.88 0.05 351.40
v 211.21 0.05 355.18
v 209.79 0.05 354.70
v 209.92 0.05 358.92
v 208.50 0.05 358.44
o r1047274688_footway
v 325.10 0.05 334.62
v 323.68 0.05 334.16
v 323.70 0.05 338.98
v 322.28 0.05 338.52
o r1047274689_footway
v 323.70 0.05 338.99
v 322.28 0.05 338.51
v 323.11 0.05 340.75
v 321.69 0.05 340.27
v 322.63 0.05 342.18
v 321.21 0.05 341.70
o r1047274690_footway
v 322.63 0.05 342.17
v 321.21 0.05 341.71
v 321.44 0.05 345.88
v 320.02 0.05 345.42
o r1047274691_footway
v 310.18 0.05 334.16
v 308.74 0.05 333.72
v 309.62 0.05 335.96
v 308.18 0.05 335.50
v 308.99 0.05 337.91
v 307.57 0.05 337.45
o r1047274692_footway
v 308.75 0.05 333.71
v 310.17 0.05 334.17
v 310.06 0.05 329.68
v 311.50 0.05 330.14
v 313.33 0.05 319.13
v 314.77 0.05 319.57
o r1047274693_footway
v 309.00 0.05 337.90
v 307.56 0.05 337.46
v 307.90 0.05 341.45
v 306.46 0.05 341.01
o r1047274694_footway
v 284.85 0.05 325.83
v 283.43 0.05 325.37
v 284.13 0.05 328.07
v 282.71 0.05 327.61
v 283.59 0.05 329.81
v 282.15 0.05 329.35
o r1047274695_footway
v 283.42 0.05 325.38
v 284.86 0.05 325.82
v 284.69 0.05 321.34
v 286.13 0.05 321.78
v 287.77 0.05 311.19
v 289.21 0.05 311.63
o r1047274696_footway
v 283.58 0.05 329.81
v 282.16 0.05 329.35
v 282.49 0.05 333.12
v 281.07 0.05 332.66
o r1049231852_primary
v -245.71 0.05 -461.40
v -255.21 0.05 -464.50
v -247.99 0.05 -454.39
v -257.49 0.05 -457.49
v -255.14 0.05 -432.41
v -264.64 0.05 -435.51
v -258.38 0.05 -422.46
v -267.88 0.05 -425.56
f 17277 17278 17280
f 17277 17280 17279
o r1052934458_primary
v -277.98 0.05 -362.53
v -287.48 0.05 -365.65
v -287.66 0.05 -333.03
v -297.18 0.05 -336.09
v -288.35 0.05 -330.36
v -297.89 0.05 -333.36
v -292.63 0.05 -317.23
v -302.13 0.05 -320.33
f 17285 17286 17288
f 17285 17288 17287
o r1056121922_footway
v -502.75 0.05 80.21
v -502.29 0.05 78.79
v -528.27 0.05 71.90
v -527.81 0.05 70.48
o r1056121923_footway
v -527.33 0.05 71.42
v -528.75 0.05 70.96
v -536.17 0.05 98.43
v -537.59 0.05 97.97
o r1057173371_residential
v -499.06 0.05 302.58
v -497.16 0.05 296.90
v -510.53 0.05 298.75
v -508.69 0.05 293.03
v -593.08 0.05 272.29
v -591.26 0.05 266.57
v -603.81 0.05 268.98
v -602.03 0.05 263.24
f 17301 17302 17304
f 17301 17304 17303
o r1057173372_primary
v -493.43 0.05 301.50
v -502.79 0.05 297.98
v -496.80 0.05 310.45
v -506.26 0.05 307.21
v -505.99 0.05 338.30
v -515.49 0.05 335.16
v -508.30 0.05 345.32
v -517.80 0.05 342.20
f 17309 17310 17312
f 17309 17312 17311
o r1085963919_footway
v 348.19 0.05 274.12
v 348.45 0.05 272.64
v 338.04 0.05 272.35
v 338.16 0.05 270.85
v 332.64 0.05 272.76
v 332.32 0.05 271.30
v 327.52 0.05 274.70
v 326.74 0.05 273.42
v 322.90 0.05 278.71
v 321.78 0.05 277.71
v 320.63 0.05 282.28
v 319.27 0.05 281.66
v 318.74 0.05 287.75
v 317.28 0.05 287.39
v 318.09 0.05 292.30
v 316.59 0.05 292.22
v 318.19 0.05 297.48
v 316.69 0.05 297.60
v 318.65 0.05 299.34
v 317.19 0.05 299.70
v 319.06 0.05 301.06
v 317.66 0.05 301.62
v 320.19 0.05 303.21
v 318.85 0.05 303.89
v 322.02 0.05 306.96
v 320.68 0.05 307.66
v 326.45 0.05 315.25
v 325.17 0.05 316.03
v 332.62 0.05 324.51
v 331.38 0.05 325.35
f 17317 17318 17320
f 17317 17320 17319
f 17321 17322 17324
f 17321 17324 17323
f 17325 17326 17328
f 17325 17328 17327
f 17329 17330 17332
f 17329 17332 17331
f 17333 17334 17336
f 17333 17336 17335
f 17337 17338 17340
f 17337 17340 17339
o r1085963920_footway
v 318.52 0.05 299.97
v 317.32 0.05 299.07
v 315.80 0.05 303.65
v 314.66 0.05 302.67
v 312.64 0.05 306.81
v 311.68 0.05 305.65
v 309.37 0.05 308.95
v 308.63 0.05 307.65
v 306.46 0.05 310.29
v 305.96 0.05 308.87
v 303.45 0.05 311.05
v 303.43 0.05 309.55
v 300.06 0.05 310.40
v 300.44 0.05 308.96
v 294.92 0.05 308.82
v 295.36 0.05 307.38
v 290.36 0.05 307.19
v 289.70 0.05 305.85
v 289.21 0.05 311.64
v 287.77 0.05 311.18
f 17347 17348 17350
f 17347 17350 17349
f 17351 17352 17354
f 17351 17354 17353
f 17355 17356 17358
f 17355 17358 17357
f 17359 17360 17362
f 17359 17362 17361
o r1093213058_service
v -350.57 0.05 117.38
v -346.77 0.05 118.60
v -347.90 0.05 109.10
v -344.10 0.05 110.32
v -347.08 0.05 106.55
v -343.28 0.05 107.77
o r1093213059_service
v -347.08 0.05 106.52
v -343.28 0.05 107.80
v -338.17 0.05 80.39
v -334.95 0.05 82.77
v -327.65 0.05 82.42
v -328.91 0.05 86.22
o r1093213060_service
v -327.70 0.05 82.41
v -328.86 0.05 86.23
v -325.98 0.05 82.93
v -327.14 0.05 86.75
v -317.02 0.05 85.66
v -318.18 0.05 89.48
o r1093213061_service
v -407.93 0.05 58.69
v -406.73 0.05 54.87
v -410.35 0.05 57.93
v -409.15 0.05 54.11
v -419.03 0.05 55.19
v -417.83 0.05 51.37
o r1095194433_cycleway
v 242.84 0.05 314.09
v 242.38 0.05 315.51
v 268.27 0.05 322.25
v 267.81 0.05 323.67
v 283.64 0.05 327.12
v 283.20 0.05 328.56
v 309.13 0.05 335.02
v 308.67 0.05 336.44
v 322.65 0.05 339.80
v 322.15 0.05 341.22
f 17391 17392 17394
f 17391 17394 17393
o r1095943087_primary
v -183.35 0.05 -340.76
v -173.85 0.05 -337.66
v -170.71 0.05 -379.63
v -161.21 0.05 -376.53
v -169.44 0.05 -383.53
v -159.94 0.05 -380.43
v -166.36 0.05 -392.99
v -156.86 0.05 -389.89
f 17401 17402 17404
f 17401 17404 17403
o r1095943088_primary
v -216.89 0.05 -237.70
v -207.39 0.05 -234.60
v -205.62 0.05 -272.33
v -196.12 0.05 -269.23
v -203.61 0.05 -278.56
v -194.09 0.05 -275.48
v -200.61 0.05 -287.76
v -191.11 0.05 -284.66
f 17409 17410 17412
f 17409 17412 17411
o r1095943089_primary
v -266.85 0.05 -84.17
v -257.35 0.05 -81.05
v -263.84 0.05 -93.32
v -254.34 0.05 -90.22
v -251.55 0.05 -131.19
v -242.03 0.05 -128.11
o r1095943090_primary
v -317.56 0.05 71.67
v -308.06 0.05 74.77
v -304.10 0.05 30.30
v -294.60 0.05 33.40
v -300.42 0.05 19.03
v -290.92 0.05 22.13
o r1096737354_secondary
v 268.52 0.05 201.58
v 276.12 0.05 204.06
v 271.69 0.05 191.82
v 279.29 0.05 194.30
v 280.11 0.05 165.97
v 287.71 0.05 168.45
v 284.70 0.05 151.86
v 292.38 0.05 154.08
v 296.66 0.05 108.68
v 304.38 0.05 110.76
v 299.17 0.05 98.09
v 306.95 0.05 99.93
f 17429 17430 17432
f 17429 17432 17431
f 17433 17434 17436
f 17433 17436 17435
o r1101699517_service
v 437.76 0.05 390.57
v 436.50 0.05 394.37
v 448.30 0.05 394.07
v 447.04 0.05 397.87
v 486.31 0.05 406.65
v 484.83 0.05 410.37
v 489.76 0.05 411.17
v 486.10 0.05 412.79
v 490.75 0.05 416.06
v 486.81 0.05 415.42
v 487.83 0.05 423.96
v 484.47 0.05 421.78
v 483.36 0.05 427.06
v 481.94 0.05 423.32
v 477.32 0.05 427.99
v 478.22 0.05 424.09
v 441.94 0.05 417.79
v 443.04 0.05 413.95
v 440.71 0.05 417.42
v 441.87 0.05 413.60
v 429.98 0.05 414.14
v 431.14 0.05 410.32
f 17441 17442 17444
f 17441 17444 17443
f 17445 17446 17448
f 17445 17448 17447
f 17449 17450 17452
f 17449 17452 17451
f 17453 17454 17456
f 17453 17456 17455
o r1116476973_service
v 436.17 0.05 -27.84
v 440.01 0.05 -26.68
v 445.97 0.05 -60.33
v 449.91 0.05 -59.69
v 443.04 0.05 -60.74
v 444.54 0.05 -64.46
v 433.59 0.05 -63.63
v 434.75 0.05 -67.45
v 415.70 0.05 -69.10
v 416.86 0.05 -72.92
v 399.46 0.05 -74.05
v 400.60 0.05 -77.89
v 395.44 0.05 -75.16
v 396.58 0.05 -79.00
v 384.13 0.05 -78.59
v 385.29 0.05 -82.41
f 17463 17464 17466
f 17463 17466 17465
f 17467 17468 17470
f 17467 17470 17469
f 17471 17472 17474
f 17471 17474 17473
o r1116476974_service
v 401.94 0.05 -75.36
v 398.12 0.05 -76.58
v 391.28 0.05 -42.01
v 387.46 0.05 -43.23
o r1116476975_service
v 404.30 0.05 -37.84
v 408.14 0.05 -36.70
v 414.36 0.05 -71.58
v 418.20 0.05 -70.44
o r1116476976_service
v 436.06 0.05 -64.90
v 432.28 0.05 -66.18
v 424.68 0.05 -31.21
v 420.90 0.05 -32.49
o r1116476977_service
v 395.73 0.05 -6.83
v 394.57 0.05 -3.01
v 412.20 0.05 -1.83
v 411.04 0.05 1.99
o r1125192720_service
v 257.06 0.05 249.51
v 255.72 0.05 253.29
v 265.87 0.05 252.62
v 264.55 0.05 256.40
v 272.47 0.05 254.87
v 271.17 0.05 258.65
v 287.83 0.05 261.14
v 283.91 0.05 261.98
v 280.24 0.05 287.49
v 276.40 0.05 286.35
f 17495 17496 17498
f 17495 17498 17497
o r1133338426_residential
v -363.79 0.05 230.02
v -361.97 0.05 224.30
v -373.11 0.05 227.05
v -371.29 0.05 221.33
v -454.40 0.05 201.08
v -452.58 0.05 195.36
v -464.66 0.05 197.81
v -462.84 0.05 192.09
f 17505 17506 17508
f 17505 17508 17507
o r1133338427_primary
v -371.25 0.05 236.91
v -361.71 0.05 239.91
v -369.47 0.05 231.26
v -359.95 0.05 234.30
v -367.63 0.05 225.61
v -358.13 0.05 228.71
o r1136660021_primary
v -181.10 0.05 441.94
v -171.60 0.05 445.04
v -172.18 0.05 414.52
v -162.66 0.05 417.56
v -169.39 0.05 405.35
v -159.83 0.05 408.25
o r1152819794_service
v 452.98 0.05 -363.54
v 454.02 0.05 -367.40
v 443.52 0.05 -366.11
v 444.68 0.05 -369.93
v 399.03 0.05 -379.80
v 400.21 0.05 -383.62
v 382.17 0.05 -384.98
v 383.35 0.05 -388.80
v 359.65 0.05 -391.90
v 360.83 0.05 -395.72
v 351.72 0.05 -394.34
v 352.90 0.05 -398.16
f 17525 17526 17528
f 17525 17528 17527
f 17529 17530 17532
f 17529 17532 17531
o r1152819795_secondary
v 356.12 0.05 -395.02
v 348.50 0.05 -397.48
v 354.04 0.05 -388.62
v 346.44 0.05 -391.10
v 352.83 0.05 -384.93
v 345.23 0.05 -387.43
o r1155597272_service
v -62.41 0.05 -131.22
v -66.23 0.05 -132.40
v -65.55 0.05 -121.01
v -69.37 0.05 -122.21
v -71.31 0.05 -102.74
v -75.13 0.05 -103.94
o r1155761008_service
v -486.14 0.05 -92.88
v -484.86 0.05 -96.68
v -497.34 0.05 -96.65
v -496.06 0.05 -100.45
v -511.07 0.05 -101.28
v -509.83 0.05 -105.08
v -540.27 0.05 -110.74
v -539.05 0.05 -114.54
v -564.11 0.05 -118.27
v -562.91 0.05 -122.09
v -580.39 0.05 -123.30
v -579.19 0.05 -127.12
v -581.64 0.05 -123.80
v -579.76 0.05 -127.34
v -583.37 0.05 -124.86
v -581.07 0.05 -128.14
v -585.63 0.05 -126.59
v -583.23 0.05 -129.79
v -587.31 0.05 -127.83
v -585.31 0.05 -131.29
v -589.45 0.05 -128.77
v -587.81 0.05 -132.43
f 17549 17550 17552
f 17549 17552 17551
f 17553 17554 17556
f 17553 17556 17555
f 17557 17558 17560
f 17557 17560 17559
f 17561 17562 17564
f 17561 17564 17563
o r1165179564_service
v 506.02 0.05 277.83
v 502.20 0.05 276.67
v 502.66 0.05 288.84
v 498.84 0.05 287.68
v 501.99 0.05 291.05
v 498.17 0.05 289.85
v 488.47 0.05 333.30
v 484.59 0.05 334.30
v 512.40 0.05 340.38
v 514.40 0.05 343.84
v 520.07 0.05 312.65
v 523.91 0.05 313.79
f 17571 17572 17574
f 17571 17574 17573
f 17575 17576 17578
f 17575 17578 17577
o r1192738264_footway
v 515.20 0.05 -162.06
v 513.98 0.05 -162.94
v 514.04 0.05 -160.50
v 512.62 0.05 -160.98
v 501.72 0.05 -122.28
v 500.30 0.05 -122.74
o r1192738265_footway
v 501.71 0.05 -122.24
v 500.31 0.05 -122.78
v 501.07 0.05 -120.55
v 499.65 0.05 -121.03
v 500.33 0.05 -118.07
v 498.89 0.05 -118.49
o r1192738266_footway
v 494.31 0.05 -169.19
v 492.87 0.05 -168.79
v 494.53 0.05 -168.35
v 493.03 0.05 -168.27
v 494.42 0.05 -166.66
v 493.00 0.05 -167.12
v 481.99 0.05 -129.05
v 480.57 0.05 -129.53
f 17595 17596 17598
f 17595 17598 17597
o r1192738267_footway
v 481.97 0.05 -128.99
v 480.59 0.05 -129.59
v 481.05 0.05 -126.90
v 479.67 0.05 -127.50
v 479.86 0.05 -124.21
v 478.48 0.05 -124.81
o r1194746723_service
v 278.00 0.05 -76.52
v 279.02 0.05 -80.38
v 269.82 0.05 -78.68
v 270.84 0.05 -82.54
o r1194746724_service
v 280.29 0.05 -117.02
v 284.05 0.05 -115.66
v 281.70 0.05 -120.93
v 285.46 0.05 -119.57
v 282.53 0.05 -123.25
v 286.29 0.05 -121.89
v 285.62 0.05 -131.81
v 289.38 0.05 -130.45
f 17613 17614 17616
f 17613 17616 17615
o r1194748279_service
v 381.21 0.05 -219.74
v 385.11 0.05 -220.60
v 381.53 0.05 -221.49
v 383.43 0.05 -225.01
v 370.79 0.05 -224.66
v 371.93 0.05 -228.50
o r1194748280_service
v 367.39 0.05 -214.37
v 366.15 0.05 -210.57
v 379.60 0.05 -210.37
v 378.36 0.05 -206.57
o r1194748281_service
v 329.22 0.05 -325.25
v 327.96 0.05 -321.45
v 337.38 0.05 -322.53
v 336.12 0.05 -318.73
v 346.71 0.05 -319.42
v 345.45 0.05 -315.62
o r1195533838_service
v 146.29 0.05 236.78
v 147.55 0.05 232.98
v 135.70 0.05 233.29
v 136.96 0.05 229.49
v 133.46 0.05 232.55
v 134.72 0.05 228.75
v 99.91 0.05 221.51
v 101.15 0.05 217.71
f 17637 17638 17640
f 17637 17640 17639
o r1195534203_service
v 54.08 0.05 -435.04
v 57.88 0.05 -433.80
v 57.00 0.05 -444.05
v 60.80 0.05 -442.83
v 60.65 0.05 -455.38
v 64.45 0.05 -454.16
o r1195535134_service
v -182.80 0.05 238.35
v -183.94 0.05 242.19
v -167.86 0.05 242.75
v -169.00 0.05 246.59
o r1195535135_service
v -177.74 0.05 222.64
v -178.88 0.05 226.48
v -160.42 0.05 227.80
v -161.56 0.05 231.64
o r1195535136_service
v -186.42 0.05 249.86
v -187.70 0.05 253.64
v -136.34 0.05 266.85
v -137.62 0.05 270.63
v -120.59 0.05 272.20
v -121.87 0.05 275.98
o r1195537374_service
v -101.96 0.05 -215.79
v -103.18 0.05 -211.99
v -93.16 0.05 -212.95
v -94.38 0.05 -209.15
v -91.47 0.05 -212.42
v -92.69 0.05 -208.60
o r1195537375_service
v -44.08 0.05 -193.12
v -42.70 0.05 -196.88
v -56.80 0.05 -197.77
v -55.42 0.05 -201.53
o r1195537376_service
v -37.63 0.05 -212.49
v -36.39 0.05 -216.29
v -46.21 0.05 -215.29
v -44.97 0.05 -219.09
o r1195551444_service
v 380.38 0.05 -331.29
v 384.16 0.05 -330.01
v 383.38 0.05 -340.13
v 387.16 0.05 -338.85
v 397.73 0.05 -382.35
v 401.51 0.05 -381.07
o r1195551445_service
v 350.83 0.05 -391.77
v 349.65 0.05 -387.95
v 358.56 0.05 -389.40
v 357.38 0.05 -385.58
v 368.59 0.05 -386.32
v 367.41 0.05 -382.50
v 382.75 0.05 -380.82
v 378.81 0.05 -380.16
v 374.35 0.05 -353.83
v 371.45 0.05 -356.59
v 358.40 0.05 -358.76
v 362.34 0.05 -359.42
v 366.09 0.05 -384.99
v 369.91 0.05 -383.83
f 17685 17686 17688
f 17685 17688 17687
f 17689 17690 17692
f 17689 17692 17691
o r1195551446_service
v 378.87 0.05 -381.08
v 382.69 0.05 -379.90
v 380.85 0.05 -387.48
v 384.67 0.05 -386.30
o r1195551447_service
v 315.25 0.05 -374.09
v 311.79 0.05 -376.11
v 309.23 0.05 -363.77
v 305.77 0.05 -365.79
v 304.24 0.05 -355.24
v 300.78 0.05 -357.26
o r1195551448_service
v 350.31 0.05 -387.86
v 350.17 0.05 -391.86
v 337.36 0.05 -387.38
v 337.20 0.05 -391.38
v 331.31 0.05 -387.24
v 329.91 0.05 -390.98
v 323.11 0.05 -381.96
v 320.97 0.05 -385.34
f 17709 17710 17712
f 17709 17712 17711
o r1195551449_service
v 323.46 0.05 -382.24
v 320.62 0.05 -385.06
v 314.94 0.05 -373.69
v 312.10 0.05 -376.51
o r1195551450_service
v 296.24 0.05 -413.66
v 300.04 0.05 -412.42
v 309.58 0.05 -454.87
v 313.38 0.05 -453.63
v 313.32 0.05 -466.41
v 317.12 0.05 -465.17
o r1195551464_service
v -111.12 0.05 174.78
v -109.90 0.05 170.96
v -156.79 0.05 160.20
v -155.57 0.05 156.38
o r1195551465_service
v -103.59 0.05 163.97
v -107.13 0.05 162.11
v -108.74 0.05 173.80
v -112.28 0.05 171.94
o r1195551466_service
v -88.14 0.05 171.97
v -86.66 0.05 168.25
v -103.43 0.05 165.90
v -101.95 0.05 162.18
v -104.64 0.05 165.44
v -103.24 0.05 161.70
v -106.06 0.05 164.91
v -104.66 0.05 161.17
f 17735 17736 17738
f 17735 17738 17737
o r1196132468_footway
v 317.83 0.05 288.30
v 318.19 0.05 286.84
v 313.58 0.05 287.16
v 314.56 0.05 286.04
v 313.40 0.05 284.27
v 314.90 0.05 284.11
v 312.76 0.05 281.10
v 314.16 0.05 280.58
v 309.52 0.05 273.95
v 310.84 0.05 273.23
v 307.05 0.05 270.65
v 308.11 0.05 269.59
v 303.50 0.05 267.88
v 304.18 0.05 266.54
v 298.59 0.05 266.39
v 299.03 0.05 264.95
f 17743 17744 17746
f 17743 17746 17745
f 17747 17748 17750
f 17747 17750 17749
f 17751 17752 17754
f 17751 17754 17753
o r1206727521_footway
v -538.50 0.05 -295.38
v -539.28 0.05 -294.10
v -535.43 0.05 -293.52
v -536.21 0.05 -292.24
v -526.11 0.05 -287.83
v -526.89 0.05 -286.55
o r1206727523_footway
v -525.78 0.05 -286.97
v -527.22 0.05 -287.41
v -527.21 0.05 -282.40
v -528.65 0.05 -282.86
v -529.28 0.05 -275.90
v -530.70 0.05 -276.36
o r1206729145_service
v 208.14 0.05 -144.73
v 204.30 0.05 -145.83
v 204.77 0.05 -137.68
v 204.47 0.05 -141.66
v 189.42 0.05 -142.02
v 188.88 0.05 -145.98
v 178.23 0.05 -134.79
v 174.85 0.05 -136.91
v 170.19 0.05 -110.34
v 166.21 0.05 -110.78
v 174.54 0.05 -102.20
v 170.94 0.05 -100.44
f 17771 17772 17774
f 17771 17774 17773
f 17775 17776 17778
f 17775 17778 17777
o r1206729146_service
v 193.03 0.05 -106.24
v 189.19 0.05 -107.34
v 188.86 0.05 -95.01
v 187.72 0.05 -98.85
v 172.15 0.05 -99.41
v 173.33 0.05 -103.23
v 153.39 0.05 -105.62
v 154.65 0.05 -109.42
v 143.58 0.05 -108.87
v 144.84 0.05 -112.67
f 17783 17784 17786
f 17783 17786 17785
o r1206729147_service
v 190.22 0.05 -96.40
v 186.36 0.05 -97.46
v 184.43 0.05 -75.43
v 180.77 0.05 -77.07
v 180.16 0.05 -75.24
v 178.68 0.05 -78.96
v 171.58 0.05 -69.85
v 168.76 0.05 -72.69
v 171.16 0.05 -66.58
v 167.26 0.05 -67.46
v 169.06 0.05 -57.21
v 165.16 0.05 -58.09
f 17793 17794 17796
f 17793 17796 17795
f 17797 17798 17800
f 17797 17800 17799
o r1206729148_service
v 205.17 0.05 -141.59
v 204.07 0.05 -137.75
v 220.86 0.05 -137.02
v 220.98 0.05 -133.02
v 220.50 0.05 -140.76
v 224.34 0.05 -139.64
o r1208384332_footway
v -238.80 0.05 -199.57
v -237.34 0.05 -199.89
v -243.78 0.05 -222.25
v -242.32 0.05 -222.57
v -248.22 0.05 -244.32
v -246.74 0.05 -244.06
v -238.06 0.05 -253.91
v -237.04 0.05 -252.81
v -223.58 0.05 -267.29
v -222.38 0.05 -266.37
v -221.65 0.05 -275.33
v -220.27 0.05 -274.73
v -218.99 0.05 -277.83
v -217.99 0.05 -276.71
f 17811 17812 17814
f 17811 17814 17813
f 17815 17816 17818
f 17815 17818 17817
o r1208384333_steps
v -218.99 0.05 -277.83
v -217.99 0.05 -276.71
v -216.27 0.05 -280.29
v -215.27 0.05 -279.17
o r1208384334_footway
v -227.53 0.05 -251.01
v -226.55 0.05 -249.89
v -220.21 0.05 -257.41
v -219.23 0.05 -256.29
o r1208384335_footway
v -216.30 0.05 -280.26
v -215.24 0.05 -279.20
v -213.85 0.05 -282.73
v -212.79 0.05 -281.67
o r1208384336_footway
v -220.21 0.05 -257.42
v -219.23 0.05 -256.28
v -216.49 0.05 -260.63
v -215.51 0.05 -259.49
o r1208384337_footway
v -237.01 0.05 -253.88
v -238.09 0.05 -252.84
v -230.60 0.05 -247.11
v -231.68 0.05 -246.07
v -223.01 0.05 -239.08
v -224.09 0.05 -238.04
v -222.42 0.05 -238.46
v -223.50 0.05 -237.42
f 17841 17842 17844
f 17841 17844 17843
o r1208384338_footway
v -226.53 0.05 -249.90
v -227.55 0.05 -251.00
v -230.63 0.05 -246.04
v -231.65 0.05 -247.14
o r1208384339_footway
v -243.53 0.05 -222.99
v -242.57 0.05 -221.83
v -224.03 0.05 -239.14
v -223.07 0.05 -237.98
o r1209831123_footway
v 467.24 0.05 -85.49
v 465.80 0.05 -85.93
v 463.93 0.05 -74.58
v 462.49 0.05 -75.00
v 461.45 0.05 -65.84
v 460.01 0.05 -66.24
o r1209831124_footway
v 487.61 0.05 -79.09
v 486.17 0.05 -79.53
v 484.22 0.05 -68.02
v 482.80 0.05 -68.48
v 481.00 0.05 -59.04
v 479.58 0.05 -59.54
o r1209831125_footway
v 604.58 0.05 -153.49
v 605.06 0.05 -154.91
v 519.41 0.05 -181.71
v 519.89 0.05 -183.13
o r1209831127_footway
v 527.38 0.05 -272.97
v 526.90 0.05 -271.55
v 537.86 0.05 -269.43
v 537.38 0.05 -268.01
v 545.86 0.05 -266.84
v 545.40 0.05 -265.42
o r1212811309_service
v 349.17 0.05 -52.73
v 350.61 0.05 -56.47
v 343.19 0.05 -55.03
v 344.47 0.05 -58.83
v 330.16 0.05 -59.13
v 331.36 0.05 -62.95
o r1212811310_service
v 404.43 0.05 -93.47
v 400.75 0.05 -95.05
v 400.74 0.05 -84.87
v 397.00 0.05 -86.31
v 397.91 0.05 -76.44
v 394.11 0.05 -77.72
o r1213159970_footway
v 443.72 0.05 -364.27
v 442.30 0.05 -364.75
v 430.74 0.05 -325.70
v 429.32 0.05 -326.18
o r1213159971_footway
v 445.29 0.05 -369.44
v 443.85 0.05 -369.86
v 444.82 0.05 -367.80
v 443.38 0.05 -368.24
v 443.73 0.05 -364.29
v 442.29 0.05 -364.73
o r1213159972_footway
v 449.35 0.05 -319.06
v 450.77 0.05 -318.60
v 461.79 0.05 -357.94
v 463.21 0.05 -357.48
o r1213159973_footway
v 462.00 0.05 -358.58
v 463.42 0.05 -358.12
v 463.25 0.05 -362.45
v 464.67 0.05 -361.99
v 463.95 0.05 -364.59
v 465.37 0.05 -364.13
o r1213167158_footway
v 256.07 0.05 -422.68
v 254.63 0.05 -423.10
v 245.66 0.05 -387.31
v 244.22 0.05 -387.73
v 245.55 0.05 -386.39
v 244.07 0.05 -386.21
v 245.90 0.05 -385.61
v 244.50 0.05 -385.05
f 17911 17912 17914
f 17911 17914 17913
o r1213167159_footway
v 257.14 0.05 -429.27
v 255.66 0.05 -429.51
v 256.62 0.05 -426.02
v 255.14 0.05 -426.26
v 256.09 0.05 -422.77
v 254.61 0.05 -423.01
o r1213167160_footway
v 236.98 0.05 -438.62
v 238.40 0.05 -438.16
v 248.65 0.05 -474.24
v 250.07 0.05 -473.78
o r1213167161_footway
v 236.62 0.05 -428.29
v 238.12 0.05 -428.37
v 236.41 0.05 -432.15
v 237.91 0.05 -432.11
v 236.94 0.05 -438.45
v 238.44 0.05 -438.33
o r1213167580_footway
v -50.46 0.05 -415.43
v -49.04 0.05 -414.97
v -38.36 0.05 -452.12
v -36.94 0.05 -451.66
o r1213167581_footway
v -52.76 0.05 -408.96
v -51.36 0.05 -408.40
v -51.78 0.05 -411.41
v -50.36 0.05 -410.91
v -50.46 0.05 -415.43
v -49.04 0.05 -414.97
o r1213398755_footway
v 396.94 0.05 -150.46
v 395.52 0.05 -150.92
v 384.55 0.05 -111.56
v 383.13 0.05 -112.02
v 383.49 0.05 -109.28
v 382.13 0.05 -109.92
o r1213398756_footway
v 398.71 0.05 -154.96
v 397.31 0.05 -155.50
v 398.17 0.05 -153.58
v 396.77 0.05 -154.12
v 396.93 0.05 -150.42
v 395.53 0.05 -150.96
o r1213683373_footway
v -201.37 0.05 -229.36
v -202.81 0.05 -229.80
v -212.93 0.05 -191.20
v -214.37 0.05 -191.64
o r1213683374_footway
v -199.06 0.05 -235.43
v -200.46 0.05 -235.97
v -200.16 0.05 -232.55
v -201.56 0.05 -233.09
v -201.39 0.05 -229.31
v -202.79 0.05 -229.85
o r1213698743_footway
v -36.28 0.05 -224.53
v -35.84 0.05 -225.97
v -84.42 0.05 -239.59
v -83.98 0.05 -241.03
o r1213698744_footway
v -31.36 0.05 -223.98
v -31.24 0.05 -225.48
v -33.62 0.05 -224.15
v -33.46 0.05 -225.65
v -36.16 0.05 -224.51
v -35.96 0.05 -225.99
o r1245333168_footway
v -5.33 0.05 329.58
v -5.79 0.05 331.00
v 2.37 0.05 332.04
v 1.91 0.05 333.46
v 7.33 0.05 333.62
v 6.87 0.05 335.04
o r1258385139_footway
v -389.41 0.05 -359.68
v -390.81 0.05 -360.22
v -392.75 0.05 -350.90
v -394.15 0.05 -351.42
v -394.84 0.05 -344.83
v -396.26 0.05 -345.31
o r1258385140_footway
v -394.84 0.05 -344.82
v -396.26 0.05 -345.32
v -395.83 0.05 -341.97
v -397.25 0.05 -342.47
o r1258385141_footway
v -405.59 0.05 -366.33
v -405.83 0.05 -364.85
v -397.37 0.05 -365.00
v -397.61 0.05 -363.52
v -392.83 0.05 -364.27
v -393.07 0.05 -362.79
o r1258385142_footway
v -392.36 0.05 -364.00
v -393.54 0.05 -363.06
v -389.52 0.05 -360.42
v -390.70 0.05 -359.48
o r1258385143_footway
v -412.18 0.05 -350.73
v -410.68 0.05 -350.75
v -412.23 0.05 -357.20
v -410.75 0.05 -356.94
v -409.72 0.05 -364.56
v -408.30 0.05 -364.08
o r1264960513_footway
v -444.86 0.05 -243.59
v -445.18 0.05 -242.13
v -437.66 0.05 -242.03
v -437.98 0.05 -240.57
v -434.10 0.05 -241.24
v -434.42 0.05 -239.78
o r1272612623_cycleway
v 236.30 0.05 313.55
v 236.76 0.05 312.13
v 230.57 0.05 311.70
v 231.03 0.05 310.28
o r1272612624_cycleway
v 236.76 0.05 312.13
v 236.30 0.05 313.55
v 238.77 0.05 312.78
v 238.31 0.05 314.20
v 239.79 0.05 313.10
v 239.33 0.05 314.52
v 242.84 0.05 314.09
v 242.38 0.05 315.51
f 18019 18020 18022
f 18019 18022 18021
o r1274257967_footway
v -523.31 0.05 427.79
v -524.31 0.05 428.91
v -519.41 0.05 431.29
v -520.55 0.05 432.27
v -516.05 0.05 436.20
v -517.33 0.05 436.98
v -513.50 0.05 440.83
v -514.86 0.05 441.47
v -511.60 0.05 445.64
v -513.04 0.05 446.08
v -510.44 0.05 450.67
v -511.90 0.05 450.97
v -509.57 0.05 455.62
v -511.05 0.05 455.88
f 18027 18028 18030
f 18027 18030 18029
f 18031 18032 18034
f 18031 18034 18033
o r1275468369_secondary
v 330.46 0.05 -4.65
v 338.24 0.05 -2.77
v 332.72 0.05 -13.98
v 340.38 0.05 -11.64
v 346.09 0.05 -55.85
v 353.69 0.05 -53.35
v 360.16 0.05 -97.67
v 367.76 0.05 -95.17
v 362.92 0.05 -106.96
v 370.58 0.05 -104.68
f 18041 18042 18044
f 18041 18044 18043
o r1275468370_secondary
v 365.59 0.05 -101.99
v 367.91 0.05 -109.65
v 358.97 0.05 -104.01
v 361.39 0.05 -111.63
v 314.91 0.05 -118.14
v 317.35 0.05 -125.76
o r1275468371_secondary
v 362.92 0.05 -106.97
v 370.58 0.05 -104.67
v 366.12 0.05 -117.67
v 373.72 0.05 -115.19
v 377.33 0.05 -151.32
v 384.91 0.05 -148.80
v 380.02 0.05 -159.39
v 387.60 0.05 -156.85
f 18057 18058 18060
f 18057 18060 18059
o r1316950694_service
v -511.73 0.05 -162.74
v -507.95 0.05 -161.46
v -508.34 0.05 -172.75
v -504.56 0.05 -171.47
v -502.68 0.05 -189.44
v -498.90 0.05 -188.16
o r1316950696_service
v -548.20 0.05 -254.89
v -549.38 0.05 -251.07
v -537.80 0.05 -251.66
v -538.98 0.05 -247.84
v -524.70 0.05 -247.60
v -525.88 0.05 -243.78
o r1317011692_service
v 232.94 0.05 -319.17
v 229.14 0.05 -320.41
v 222.88 0.05 -288.44
v 219.06 0.05 -289.62
v 220.54 0.05 -278.98
v 216.68 0.05 -280.06
v 217.22 0.05 -268.21
v 213.40 0.05 -269.39
f 18077 18078 18080
f 18077 18080 18079
o r1317011694_service
v 250.16 0.05 -257.85
v 246.34 0.05 -259.07
v 247.03 0.05 -248.02
v 243.21 0.05 -249.24
v 239.89 0.05 -225.73
v 235.93 0.05 -226.27
v 243.17 0.05 -219.94
v 239.17 0.05 -219.78
v 240.47 0.05 -209.85
v 236.61 0.05 -210.91
f 18085 18086 18088
f 18085 18088 18087
o r1317014431_service
v -242.58 0.05 -399.22
v -246.40 0.05 -400.40
v -253.75 0.05 -362.93
v -257.57 0.05 -364.11
o r1317135810_service
v -490.35 0.05 -79.82
v -491.61 0.05 -76.02
v -480.35 0.05 -76.53
v -481.61 0.05 -72.73
v -448.03 0.05 -65.88
v -449.29 0.05 -62.08
o r1317135811_service
v -446.76 0.05 -63.35
v -450.56 0.05 -64.61
v -449.82 0.05 -56.66
v -453.14 0.05 -54.44
v -439.97 0.05 -53.86
v -441.23 0.05 -50.06
v -430.56 0.05 -50.29
v -429.12 0.05 -46.55
v -428.79 0.05 -57.90
v -424.99 0.05 -56.64
f 18105 18106 18108
f 18105 18108 18107
o r1317135812_service
v -435.80 0.05 -60.05
v -439.60 0.05 -61.31
v -438.70 0.05 -51.33
v -442.50 0.05 -52.59
o r1317135826_service
v 147.88 0.05 -289.84
v 144.10 0.05 -291.14
v 144.58 0.05 -280.29
v 140.80 0.05 -281.59
v 135.96 0.05 -256.14
v 132.06 0.05 -255.28
v 148.16 0.05 -251.99
v 150.74 0.05 -248.93
v 156.38 0.05 -276.75
v 160.16 0.05 -275.45
v 159.61 0.05 -286.12
v 163.39 0.05 -284.82
f 18119 18120 18122
f 18119 18122 18121
f 18123 18124 18126
f 18123 18126 18125
o r1317135829_service
v 427.77 0.05 -202.24
v 423.95 0.05 -203.44
v 424.48 0.05 -191.86
v 420.66 0.05 -193.06
v 415.21 0.05 -163.35
v 411.27 0.05 -162.67
v 427.54 0.05 -160.04
v 429.36 0.05 -156.48
v 431.29 0.05 -173.83
v 435.11 0.05 -172.61
f 18131 18132 18134
f 18131 18134 18133
o r1317135863_service
v -521.07 0.05 -340.47
v -520.85 0.05 -336.47
v -512.67 0.05 -340.94
v -512.45 0.05 -336.94
v -497.61 0.05 -341.26
v -494.81 0.05 -338.40
v -492.72 0.05 -361.04
v -490.84 0.05 -357.52
v -470.73 0.05 -355.08
v -471.87 0.05 -351.24
f 18141 18142 18144
f 18141 18144 18143
o r1317135864_service
v -494.28 0.05 -339.31
v -498.14 0.05 -340.35
v -497.44 0.05 -328.58
v -500.30 0.05 -331.38
v -502.55 0.05 -330.67
v -506.21 0.05 -332.29
v -513.00 0.05 -293.72
v -516.96 0.05 -293.16
v -499.92 0.05 -290.07
v -496.82 0.05 -287.55
v -490.06 0.05 -326.61
v -486.06 0.05 -326.65
v -499.46 0.05 -328.07
v -498.28 0.05 -331.89
f 18151 18152 18154
f 18151 18154 18153
f 18155 18156 18158
f 18155 18158 18157
o r1317135865_service
v -496.12 0.05 -341.83
v -496.30 0.05 -337.83
v -481.70 0.05 -341.19
v -481.88 0.05 -337.19
o r1317394745_service
v -507.94 0.05 -161.48
v -511.74 0.05 -162.72
v -511.37 0.05 -151.05
v -515.17 0.05 -152.29
v -524.11 0.05 -112.21
v -527.91 0.05 -113.45
o r1323893326_footway
v -515.57 0.05 -386.37
v -514.15 0.05 -385.89
v -514.24 0.05 -390.29
v -512.80 0.05 -389.83
v -512.45 0.05 -396.24
v -511.01 0.05 -395.80
o r1323893327_footway
v -513.10 0.05 -382.86
v -513.60 0.05 -381.44
v -507.72 0.05 -380.98
v -508.22 0.05 -379.56
v -500.53 0.05 -378.41
v -501.03 0.05 -376.99
o r1323893328_footway
v -514.44 0.05 -386.75
v -515.28 0.05 -385.51
v -512.16 0.05 -385.07
v -513.56 0.05 -384.53
v -512.61 0.05 -382.01
v -514.09 0.05 -382.29
o r1323893329_footway
v -512.04 0.05 -396.70
v -511.42 0.05 -395.34
v -509.40 0.05 -397.91
v -508.78 0.05 -396.55
o r1339541049_footway
v 376.19 0.05 -115.23
v 375.71 0.05 -113.81
v 378.65 0.05 -114.40
v 378.17 0.05 -112.98
o r1339541050_footway
v 378.65 0.05 -114.40
v 378.17 0.05 -112.98
v 381.38 0.05 -113.48
v 380.90 0.05 -112.06
o r1341202439_footway
v 289.31 0.05 306.30
v 290.75 0.05 306.74
v 290.48 0.05 302.57
v 291.92 0.05 303.01
o r1341202440_steps
v 290.48 0.05 302.58
v 291.92 0.05 303.00
v 291.04 0.05 300.67
v 292.48 0.05 301.09
o r1343944165_primary
v -346.29 0.05 159.98
v -336.79 0.05 163.08
v -339.83 0.05 140.13
v -330.33 0.05 143.23
v -337.66 0.05 133.45
v -328.16 0.05 136.55
v -334.07 0.05 122.44
v -324.57 0.05 125.54
f 18213 18214 18216
f 18213 18216 18215
o r1352941067_secondary
v -227.63 0.05 -188.59
v -230.07 0.05 -180.97
v -216.25 0.05 -184.94
v -218.69 0.05 -177.32
v -134.00 0.05 -158.48
v -136.46 0.05 -150.86
v -133.14 0.05 -158.20
v -135.54 0.05 -150.56
v -121.87 0.05 -154.66
v -124.27 0.05 -147.02
f 18221 18222 18224
f 18221 18224 18223
o r1352941068_secondary
v -119.25 0.05 -149.64
v -126.89 0.05 -152.04
v -122.80 0.05 -138.36
v -130.40 0.05 -140.84
v -135.75 0.05 -98.93
v -143.35 0.05 -101.41
v -149.43 0.05 -56.92
v -157.03 0.05 -59.40
f 18231 18232 18234
f 18231 18234 18233
o r1352941069_secondary
v -152.56 0.05 -47.28
v -160.06 0.05 -50.04
v -156.55 0.05 -36.40
v -164.07 0.05 -39.16
v -156.64 0.05 -36.14
v -164.26 0.05 -38.58
v -182.87 0.05 45.75
v -190.49 0.05 43.31
v -186.08 0.05 55.75
v -193.70 0.05 53.31
f 18239 18240 18242
f 18239 18242 18241
o r1356995796_cycleway
v -371.82 0.05 229.70
v -372.28 0.05 231.12
v -364.48 0.05 232.06
v -364.94 0.05 233.50
v -355.59 0.05 234.82
v -356.03 0.05 236.26
o r1356995797_cycleway
v -453.62 0.05 203.30
v -454.06 0.05 204.74
v -417.92 0.05 214.51
v -418.40 0.05 215.93
v -414.86 0.05 216.67
v -415.88 0.05 217.77
v -412.63 0.05 219.31
v -413.65 0.05 220.41
v -411.38 0.05 219.99
v -411.86 0.05 221.41
v -398.76 0.05 223.93
v -399.12 0.05 225.39
v -396.68 0.05 223.69
v -396.46 0.05 225.17
v -393.45 0.05 223.05
v -393.33 0.05 224.55
v -391.57 0.05 223.33
v -392.01 0.05 224.77
v -377.02 0.05 228.02
v -377.48 0.05 229.44
v -373.81 0.05 229.06
v -374.27 0.05 230.48
v -371.82 0.05 229.70
v -372.28 0.05 231.12
f 18255 18256 18258
f 18255 18258 18257
f 18259 18260 18262
f 18259 18262 18261
f 18263 18264 18266
f 18263 18266 18265
f 18267 18268 18270
f 18267 18270 18269
f 18271 18272 18274
f 18271 18274 18273
o r1356995798_cycleway
v -368.47 0.05 220.31
v -368.01 0.05 218.89
v -370.69 0.05 219.60
v -370.23 0.05 218.18
v -449.03 0.05 194.45
v -448.57 0.05 193.03
v -450.78 0.05 193.89
v -450.32 0.05 192.47
f 18279 18280 18282
f 18279 18282 18281
o r1356995799_cycleway
v -352.27 0.05 225.53
v -351.81 0.05 224.11
v -361.40 0.05 222.59
v -360.94 0.05 221.17
v -368.47 0.05 220.31
v -368.01 0.05 218.89
o r1358331296_footway
v 330.07 0.05 -16.40
v 328.79 0.05 -15.62
v 330.93 0.05 -15.01
v 329.65 0.05 -14.23
o r1358679194_primary
v -372.28 0.05 240.08
v -362.78 0.05 243.18
v -371.23 0.05 236.86
v -361.73 0.05 239.96
o r1358681357_primary
v -381.14 0.05 -45.21
v -390.64 0.05 -48.31
v -385.99 0.05 -30.30
v -395.49 0.05 -33.40
o r1362331618_secondary
v -412.72 0.05 -21.18
v -415.18 0.05 -13.56
v -407.22 0.05 -19.40
v -409.68 0.05 -11.78
v -395.98 0.05 -15.79
v -398.42 0.05 -8.17
o r1374150147_footway
v -166.67 0.05 188.39
v -166.23 0.05 186.95
v -170.97 0.05 187.05
v -170.53 0.05 185.61
v -218.08 0.05 172.62
v -217.64 0.05 171.18
o r1377709445_secondary
v 67.16 0.05 132.80
v 64.72 0.05 140.42
v 76.24 0.05 135.72
v 73.80 0.05 143.34
v 103.43 0.05 144.45
v 100.99 0.05 152.07
o r1381932849_footway
v -434.44 0.05 -272.87
v -434.94 0.05 -271.45
v -429.96 0.05 -271.32
v -430.46 0.05 -269.90
o r1387436719_footway
v -519.70 0.05 391.49
v -520.18 0.05 392.91
v -517.01 0.05 392.41
v -517.49 0.05 393.83
o r1387944616_footway
v -422.41 0.05 440.94
v -423.87 0.05 440.56
v -423.01 0.05 443.22
v -424.47 0.05 442.84
v -424.14 0.05 447.53
v -425.60 0.05 447.15
o r1387944617_footway
v -416.37 0.05 438.32
v -417.03 0.05 436.96
v -422.81 0.05 441.43
v -423.47 0.05 440.07
o r1387944618_footway
v -386.33 0.05 344.64
v -387.23 0.05 343.44
v -387.59 0.05 345.42
v -388.99 0.05 344.90
v -394.43 0.05 366.59
v -395.85 0.05 366.13
o r1387944619_footway
v -394.43 0.05 366.59
v -395.85 0.05 366.13
v -394.99 0.05 368.30
v -396.41 0.05 367.84
v -396.17 0.05 371.98
v -397.59 0.05 371.52
o r1387944620_footway
v -455.88 0.05 207.93
v -456.72 0.05 206.69
v -457.52 0.05 208.89
v -458.92 0.05 208.37
v -468.26 0.05 241.78
v -469.68 0.05 241.32
o r1387944621_footway
v -468.26 0.05 241.78
v -469.68 0.05 241.32
v -468.99 0.05 244.01
v -470.41 0.05 243.55
v -470.70 0.05 249.22
v -472.12 0.05 248.76
o r1387944623_footway
v -435.14 0.05 214.88
v -434.68 0.05 213.46
v -456.53 0.05 208.02
v -456.07 0.05 206.60
o r1387944624_footway
v -416.88 0.05 221.82
v -415.84 0.05 220.74
v -418.43 0.05 220.24
v -417.89 0.05 218.84
v -435.14 0.05 214.88
v -434.68 0.05 213.46
o r1387944625_footway
v -365.91 0.05 213.56
v -366.37 0.05 214.98
v -363.65 0.05 214.30
v -364.11 0.05 215.72
o r1387944626_footway
v -270.28 0.05 264.32
v -271.70 0.05 263.84
v -271.27 0.05 267.22
v -272.69 0.05 266.74
o r1387944627_footway
v -267.93 0.05 270.60
v -267.47 0.05 269.18
v -270.91 0.05 269.64
v -270.45 0.05 268.22
o r1387944630_footway
v -295.59 0.05 406.58
v -294.17 0.05 407.04
v -286.10 0.05 377.75
v -284.68 0.05 378.21
o r1387944631_footway
v -297.94 0.05 413.74
v -296.52 0.05 414.20
v -296.70 0.05 409.97
v -295.28 0.05 410.43
v -295.59 0.05 406.58
v -294.17 0.05 407.04
o r1387944632_footway
v -311.14 0.05 391.00
v -309.72 0.05 391.46
v -304.86 0.05 371.91
v -303.44 0.05 372.37
o r1387944633_footway
v -316.03 0.05 405.87
v -314.61 0.05 406.33
v -314.45 0.05 401.05
v -313.03 0.05 401.51
v -312.19 0.05 394.20
v -310.77 0.05 394.66
v -311.14 0.05 391.00
v -309.72 0.05 391.46
f 18401 18402 18404
f 18401 18404 18403
o r1389256367_footway
v 451.89 0.05 384.45
v 450.49 0.05 383.89
v 451.15 0.05 386.25
v 449.69 0.05 385.91
v 450.91 0.05 388.75
v 449.47 0.05 388.35
v 448.38 0.05 396.21
v 446.96 0.05 395.73
v 443.66 0.05 410.09
v 442.24 0.05 409.63
v 443.52 0.05 411.30
v 442.08 0.05 410.88
v 442.00 0.05 415.75
v 440.58 0.05 415.27
v 440.10 0.05 421.27
v 438.82 0.05 420.49
v 437.37 0.05 423.28
v 436.51 0.05 422.06
f 18409 18410 18412
f 18409 18412 18411
f 18413 18414 18416
f 18413 18416 18415
f 18417 18418 18420
f 18417 18420 18419
o r1389256368_footway
v 437.55 0.05 423.10
v 436.33 0.05 422.24
v 434.94 0.05 426.82
v 433.72 0.05 425.96
v 432.84 0.05 429.81
v 431.62 0.05 428.95
o r1393220950_footway
v -442.21 0.05 83.91
v -440.81 0.05 84.45
v -441.24 0.05 81.43
v -439.84 0.05 81.97
o r1393454822_footway
v -527.47 0.05 -338.49
v -528.89 0.05 -338.95
v -528.65 0.05 -334.89
v -530.07 0.05 -335.35
o r1393664323_footway
v -525.16 0.05 -288.57
v -526.56 0.05 -289.11
v -525.80 0.05 -286.92
v -527.20 0.05 -287.46
o r1393664336_footway
v -480.93 0.05 -140.61
v -480.49 0.05 -142.05
v -482.22 0.05 -141.00
v -481.78 0.05 -142.44
o r1393664340_footway
v -506.95 0.05 -59.86
v -507.43 0.05 -58.44
v -504.53 0.05 -59.04
v -505.01 0.05 -57.62
o r1393664343_footway
v -408.72 0.05 -2.93
v -408.26 0.05 -4.35
v -411.11 0.05 -3.70
v -410.65 0.05 -5.12
o r1395431293_footway
v -404.95 0.05 -24.49
v -404.49 0.05 -25.91
v -422.42 0.05 -30.21
v -421.90 0.05 -31.61
v -426.55 0.05 -32.42
v -425.65 0.05 -33.62
v -433.31 0.05 -38.27
v -432.17 0.05 -39.25
v -432.94 0.05 -40.46
v -431.52 0.05 -39.96
f 18457 18458 18460
f 18457 18460 18459
o r1395431294_footway
v -422.39 0.05 -30.20
v -421.93 0.05 -31.62
v -426.75 0.05 -31.61
v -426.29 0.05 -33.03
o r1395431295_footway
v -461.98 0.05 -49.97
v -463.40 0.05 -50.47
v -463.02 0.05 -48.01
v -463.40 0.05 -49.45
v -468.60 0.05 -47.87
v -468.70 0.05 -49.37
v -472.17 0.05 -47.32
v -472.25 0.05 -48.82
v -475.70 0.05 -47.57
v -475.32 0.05 -49.01
v -487.01 0.05 -51.25
v -486.49 0.05 -52.65
v -488.44 0.05 -52.45
v -487.14 0.05 -53.19
v -488.73 0.05 -54.40
v -487.29 0.05 -53.98
v -484.48 0.05 -67.04
v -483.06 0.05 -66.56
f 18471 18472 18474
f 18471 18474 18473
f 18475 18476 18478
f 18475 18478 18477
f 18479 18480 18482
f 18479 18482 18481
o r1395431296_footway
v -475.28 0.05 -49.00
v -475.74 0.05 -47.58
v -471.81 0.05 -47.87
v -472.27 0.05 -46.45
o r1395431297_footway
v -471.81 0.05 -47.87
v -472.27 0.05 -46.45
v -465.41 0.05 -45.79
v -465.87 0.05 -44.37
v -460.51 0.05 -44.19
v -460.97 0.05 -42.77
o r1395431298_footway
v -438.06 0.05 -36.88
v -438.52 0.05 -35.46
v -432.02 0.05 -34.90
v -432.48 0.05 -33.48
v -426.29 0.05 -33.03
v -426.75 0.05 -31.61
o r1395431299_footway
v -490.07 0.05 -52.91
v -489.63 0.05 -51.47
v -488.01 0.05 -53.54
v -487.57 0.05 -52.10
o r1395431300_footway
v -516.92 0.05 -43.32
v -518.34 0.05 -43.78
v -518.30 0.05 -39.00
v -519.72 0.05 -39.46
o r1395431301_footway
v -511.38 0.05 -55.66
v -509.96 0.05 -55.18
v -510.62 0.05 -57.91
v -509.20 0.05 -57.43
o r1395431302_footway
v -510.57 0.05 -58.03
v -509.25 0.05 -57.31
v -509.72 0.05 -59.54
v -508.30 0.05 -59.04
v -498.01 0.05 -94.31
v -496.57 0.05 -93.87
v -498.74 0.05 -94.90
v -497.24 0.05 -94.94
v -498.06 0.05 -97.17
v -496.64 0.05 -96.71
f 18517 18518 18520
f 18517 18520 18519
o r1395431303_footway
v -510.02 0.05 -55.04
v -511.32 0.05 -55.80
v -513.54 0.05 -49.05
v -514.84 0.05 -49.81
v -516.98 0.05 -43.17
v -518.28 0.05 -43.93
o r1395431304_footway
v -492.29 0.05 -35.17
v -493.71 0.05 -35.65
v -493.66 0.05 -31.05
v -495.08 0.05 -31.53
o r1395431305_footway
v -493.74 0.05 -35.55
v -492.26 0.05 -35.27
v -492.44 0.05 -42.44
v -490.96 0.05 -42.16
v -490.59 0.05 -52.33
v -489.11 0.05 -52.05
o r1395431306_footway
v -404.01 0.05 -24.96
v -405.43 0.05 -25.44
v -404.52 0.05 -23.44
v -405.94 0.05 -23.92
o r1395431307_footway
v -404.27 0.05 -26.48
v -404.79 0.05 -25.08
v -402.77 0.05 -25.93
v -403.29 0.05 -24.53
o r1395431308_footway
v -383.18 0.05 -18.35
v -384.60 0.05 -18.81
v -384.30 0.05 -14.91
v -385.72 0.05 -15.37
o r1395431309_footway
v -385.84 0.05 -19.99
v -386.30 0.05 -18.57
v -384.04 0.05 -19.41
v -384.50 0.05 -17.99
o r1395431310_footway
v -307.26 0.05 27.52
v -308.68 0.05 27.06
v -307.73 0.05 29.00
v -309.15 0.05 28.54
v -319.93 0.05 67.23
v -321.35 0.05 66.77
o r1395431311_footway
v -287.40 0.05 36.16
v -286.90 0.05 34.74
v -288.96 0.05 35.62
v -288.46 0.05 34.20
o r1395431312_footway
v -285.95 0.05 34.19
v -287.37 0.05 33.73
v -286.44 0.05 35.68
v -287.86 0.05 35.22
o r1395431313_footway
v -419.38 0.05 87.22
v -417.90 0.05 87.42
v -418.90 0.05 83.59
v -417.46 0.05 84.01
v -411.06 0.05 58.72
v -409.62 0.05 59.16
v -410.48 0.05 55.87
v -409.02 0.05 56.17
v -409.71 0.05 52.12
v -408.27 0.05 52.54
v -407.56 0.05 45.77
v -406.14 0.05 46.25
f 18573 18574 18576
f 18573 18576 18575
f 18577 18578 18580
f 18577 18580 18579
o r1395431314_footway
v -403.79 0.05 40.25
v -405.19 0.05 39.71
v -405.12 0.05 43.66
v -406.52 0.05 43.12
v -406.15 0.05 46.28
v -407.55 0.05 45.74
o r1395431315_footway
v -420.04 0.05 89.36
v -418.60 0.05 89.80
v -419.36 0.05 87.10
v -417.92 0.05 87.54
o r1395431316_footway
v -421.15 0.05 82.05
v -421.61 0.05 83.47
v -417.95 0.05 83.09
v -418.41 0.05 84.51
o r1395431317_footway
v -424.94 0.05 104.68
v -426.28 0.05 104.02
v -425.52 0.05 105.86
v -426.86 0.05 105.20
v -428.78 0.05 112.49
v -430.20 0.05 112.01
v -451.17 0.05 181.95
v -452.61 0.05 181.53
v -450.42 0.05 186.68
v -451.90 0.05 186.90
v -450.00 0.05 189.57
v -451.48 0.05 189.79
f 18599 18600 18602
f 18599 18602 18601
f 18603 18604 18606
f 18603 18606 18605
o r1395431318_footway
v -424.33 0.05 102.90
v -425.75 0.05 102.42
v -424.90 0.05 104.59
v -426.32 0.05 104.11
o r1395431319_footway
v -428.18 0.05 104.01
v -428.70 0.05 105.41
v -425.93 0.05 104.83
v -426.45 0.05 106.23
o r1395431320_footway
v -319.97 0.05 67.34
v -321.31 0.05 66.66
v -321.58 0.05 70.53
v -322.92 0.05 69.85
v -322.68 0.05 72.73
v -324.02 0.05 72.07
o r1395431321_footway
v -286.57 0.05 35.93
v -287.73 0.05 34.97
v -287.14 0.05 36.53
v -288.56 0.05 36.05
v -299.26 0.05 73.94
v -300.68 0.05 73.48
o r1395431322_footway
v -299.29 0.05 74.02
v -300.65 0.05 73.40
v -300.75 0.05 77.18
v -302.11 0.05 76.56
v -301.98 0.05 79.84
v -303.34 0.05 79.22
o r1395431323_footway
v -330.88 0.05 112.40
v -330.38 0.05 110.98
v -335.03 0.05 110.94
v -334.53 0.05 109.52
o r1395431324_footway
v -338.00 0.05 116.08
v -336.58 0.05 116.56
v -336.91 0.05 112.79
v -335.49 0.05 113.27
o r1395431325_footway
v -364.59 0.05 210.08
v -363.17 0.05 210.54
v -342.31 0.05 141.18
v -340.87 0.05 141.62
v -342.66 0.05 139.75
v -341.20 0.05 140.09
v -340.30 0.05 132.74
v -338.84 0.05 133.08
v -340.72 0.05 132.24
v -339.36 0.05 131.60
v -341.88 0.05 129.74
v -340.52 0.05 129.10
f 18645 18646 18648
f 18645 18648 18647
f 18649 18650 18652
f 18649 18652 18651
o r1395431326_footway
v -321.32 0.05 138.17
v -322.74 0.05 137.71
v -332.80 0.05 173.74
v -334.24 0.05 173.34
v -331.74 0.05 175.39
v -333.22 0.05 175.57
v -332.37 0.05 177.53
v -333.79 0.05 177.07
f 18657 18658 18660
f 18657 18660 18659
o r1395431327_footway
v -332.37 0.05 177.54
v -333.79 0.05 177.06
v -333.32 0.05 180.36
v -334.74 0.05 179.88
v -334.17 0.05 182.90
v -335.59 0.05 182.42
o r1395462922_footway
v -164.71 0.05 189.33
v -164.07 0.05 187.97
v -166.77 0.05 188.35
v -166.13 0.05 186.99
o r1395462923_footway
v -157.38 0.05 167.96
v -157.84 0.05 169.38
v -150.39 0.05 170.25
v -150.85 0.05 171.67
v -141.74 0.05 173.08
v -142.20 0.05 174.50
v -109.20 0.05 183.73
v -109.66 0.05 185.15
v -108.55 0.05 183.95
v -109.01 0.05 185.37
v -105.38 0.05 184.99
v -105.84 0.05 186.41
f 18675 18676 18678
f 18675 18678 18677
f 18679 18680 18682
f 18679 18682 18681
o r1395462924_footway
v -150.41 0.05 172.47
v -151.85 0.05 172.87
v -148.83 0.05 178.27
v -150.27 0.05 178.67
o r1395462925_footway
v -149.90 0.05 171.17
v -151.34 0.05 170.75
v -150.41 0.05 172.88
v -151.85 0.05 172.46
o r1395462926_footway
v -141.25 0.05 174.01
v -142.69 0.05 173.57
v -141.81 0.05 175.81
v -143.25 0.05 175.37
o r1395462927_footway
v -141.80 0.05 175.41
v -143.26 0.05 175.77
v -140.46 0.05 180.92
v -141.92 0.05 181.28
o r1395462928_footway
v -89.70 0.05 214.45
v -89.20 0.05 215.87
v -86.04 0.05 213.19
v -85.78 0.05 214.67
v -84.43 0.05 213.62
v -84.89 0.05 215.04
v -77.07 0.05 216.00
v -77.53 0.05 217.42
f 18703 18704 18706
f 18703 18706 18705
o r1395462929_footway
v -84.98 0.05 191.81
v -84.96 0.05 193.31
v -82.85 0.05 191.78
v -82.83 0.05 193.28
o r1395462930_footway
v -114.85 0.05 296.52
v -114.39 0.05 295.10
v -117.64 0.05 295.63
v -117.18 0.05 294.21
o r1395462931_footway
v 7.35 0.05 333.62
v 6.85 0.05 335.04
v 10.78 0.05 334.85
v 10.28 0.05 336.27
o r1395462932_footway
v 0.25 0.05 355.32
v -0.27 0.05 356.72
v 2.10 0.05 356.01
v 1.58 0.05 357.41
o r1395462933_footway
v 6.68 0.05 353.25
v 5.26 0.05 352.77
v 6.02 0.05 355.22
v 4.60 0.05 354.74
o r1395462934_footway
v -122.85 0.05 315.54
v -123.33 0.05 316.96
v -120.93 0.05 316.19
v -121.41 0.05 317.61
o r1395462935_footway
v -121.26 0.05 316.16
v -121.08 0.05 317.64
v -117.23 0.05 315.65
v -117.05 0.05 317.13
o r1395462936_footway
v -279.44 0.05 359.91
v -279.88 0.05 361.35
v -278.18 0.05 360.31
v -278.64 0.05 361.73
v -230.51 0.05 375.53
v -230.97 0.05 376.95
o r1395462937_footway
v -230.44 0.05 375.55
v -231.04 0.05 376.93
v -226.88 0.05 377.10
v -227.48 0.05 378.48
v -223.88 0.05 378.41
v -224.48 0.05 379.79
o r1395462938_footway
v -285.59 0.05 377.26
v -285.19 0.05 378.70
v -283.42 0.05 376.76
v -283.84 0.05 378.20
v -240.01 0.05 390.42
v -240.49 0.05 391.84
v -239.35 0.05 391.42
v -240.03 0.05 392.76
v -235.78 0.05 392.57
v -236.24 0.05 393.99
f 18751 18752 18754
f 18751 18754 18753
o r1395462939_footway
v -235.78 0.05 392.57
v -236.24 0.05 393.99
v -232.27 0.05 393.71
v -232.73 0.05 395.13
v -206.68 0.05 402.04
v -207.14 0.05 403.46
o r1395462940_footway
v -180.80 0.05 406.59
v -182.22 0.05 406.13
v -182.14 0.05 410.81
v -183.56 0.05 410.35
o r1396506019_footway
v -498.05 0.05 -97.22
v -496.65 0.05 -96.66
v -497.40 0.05 -98.83
v -496.00 0.05 -98.27
v -494.50 0.05 -106.03
v -493.10 0.05 -105.47
o r1396506020_footway
v -484.48 0.05 -67.05
v -483.06 0.05 -66.55
v -481.69 0.05 -74.88
v -480.27 0.05 -74.38
v -479.60 0.05 -80.77
v -478.18 0.05 -80.27
o r1396506021_footway
v -382.09 0.05 -92.70
v -383.51 0.05 -93.16
v -388.26 0.05 -73.63
v -389.68 0.05 -74.09
o r1396506022_footway
v -388.26 0.05 -73.63
v -389.68 0.05 -74.09
v -389.73 0.05 -69.10
v -391.15 0.05 -69.56
v -391.29 0.05 -64.27
v -392.71 0.05 -64.73
o r1396506023_footway
v -379.55 0.05 -100.57
v -380.97 0.05 -101.03
v -380.77 0.05 -96.78
v -382.19 0.05 -97.24
v -382.09 0.05 -92.70
v -383.51 0.05 -93.16
o r1396506024_footway
v -461.15 0.05 -135.54
v -460.89 0.05 -134.06
v -459.64 0.05 -135.74
v -460.02 0.05 -134.28
v -451.97 0.05 -133.27
v -452.47 0.05 -131.85
v -449.87 0.05 -132.31
v -450.59 0.05 -130.99
v -448.12 0.05 -131.18
v -449.08 0.05 -130.02
v -440.46 0.05 -124.59
v -441.34 0.05 -123.37
v -440.17 0.05 -125.00
v -439.71 0.05 -123.58
f 18799 18800 18802
f 18799 18802 18801
f 18803 18804 18806
f 18803 18806 18805
o r1396506025_footway
v -440.16 0.05 -125.01
v -439.72 0.05 -123.57
v -434.52 0.05 -126.78
v -434.08 0.05 -125.34
o r1396506026_footway
v -434.53 0.05 -126.77
v -434.07 0.05 -125.35
v -432.96 0.05 -127.14
v -433.38 0.05 -125.70
v -405.24 0.05 -118.20
v -405.74 0.05 -116.78
v -404.21 0.05 -117.00
v -405.43 0.05 -116.12
f 18817 18818 18820
f 18817 18820 18819
o r1396506027_footway
v -404.21 0.05 -117.00
v -405.43 0.05 -116.12
v -400.95 0.05 -112.47
v -402.17 0.05 -111.59
o r1396506028_footway
v -461.30 0.05 -136.70
v -462.58 0.05 -135.92
v -460.38 0.05 -135.19
v -461.66 0.05 -134.41
o r1396506029_footway
v -496.01 0.05 -168.78
v -494.59 0.05 -168.32
v -495.77 0.05 -169.51
v -494.35 0.05 -169.05
v -489.72 0.05 -188.19
v -488.30 0.05 -187.73
o r1396506030_footway
v -473.83 0.05 -162.48
v -474.29 0.05 -161.04
v -471.27 0.05 -161.67
v -471.73 0.05 -160.23
o r1396506031_footway
v -373.71 0.05 -125.20
v -372.27 0.05 -124.76
v -373.16 0.05 -126.95
v -371.72 0.05 -126.51
o r1396506032_footway
v -460.98 0.05 -158.30
v -461.44 0.05 -156.88
v -457.83 0.05 -157.27
v -458.29 0.05 -155.85
o r1396506033_footway
v -446.69 0.05 -243.31
v -446.41 0.05 -241.83
v -445.16 0.05 -243.60
v -444.88 0.05 -242.12
o r1396506034_footway
v -434.02 0.05 -241.22
v -434.50 0.05 -239.80
v -432.05 0.05 -240.57
v -432.53 0.05 -239.15
o r1396506035_footway
v -345.41 0.05 -210.96
v -344.95 0.05 -212.38
v -369.70 0.05 -218.71
v -369.24 0.05 -220.13
o r1396506036_footway
v -369.70 0.05 -218.70
v -369.24 0.05 -220.14
v -372.75 0.05 -219.66
v -372.29 0.05 -221.10
o r1396506037_footway
v -342.91 0.05 -210.16
v -342.45 0.05 -211.60
v -345.41 0.05 -210.95
v -344.95 0.05 -212.39
o r1396506038_footway
v -345.89 0.05 -211.90
v -344.47 0.05 -211.44
v -345.06 0.05 -214.49
v -343.64 0.05 -214.03
o r1396506039_footway
v -376.99 0.05 -109.77
v -378.41 0.05 -110.25
v -377.44 0.05 -108.44
v -378.86 0.05 -108.92
o r1396506040_footway
v -376.75 0.05 -107.04
v -376.27 0.05 -108.46
v -378.11 0.05 -107.50
v -377.63 0.05 -108.92
o r1396506041_footway
v -357.43 0.05 -101.29
v -356.97 0.05 -102.71
v -359.41 0.05 -101.94
v -358.95 0.05 -103.36
o r1396506042_footway
v -355.86 0.05 -103.68
v -357.28 0.05 -104.14
v -356.49 0.05 -101.77
v -357.91 0.05 -102.23
o r1396506043_footway
v -355.25 0.05 -123.67
v -355.71 0.05 -122.25
v -351.48 0.05 -122.43
v -351.94 0.05 -121.01
o r1396506044_footway
v -351.00 0.05 -121.48
v -352.42 0.05 -121.96
v -352.17 0.05 -118.03
v -353.59 0.05 -118.51
o r1396506045_footway
v -350.97 0.05 -123.93
v -351.43 0.05 -122.51
v -313.55 0.05 -111.66
v -314.01 0.05 -110.24
o r1396506046_footway
v -313.55 0.05 -111.66
v -314.01 0.05 -110.24
v -304.29 0.05 -108.63
v -304.75 0.05 -107.21
o r1396506047_footway
v -410.72 0.05 -350.51
v -412.14 0.05 -350.97
v -411.38 0.05 -348.44
v -412.80 0.05 -348.90
o r1396506048_footway
v -434.93 0.05 -271.45
v -434.45 0.05 -272.87
v -438.28 0.05 -272.60
v -437.80 0.05 -274.02
o r1396506049_footway
v -421.69 0.05 -256.33
v -421.95 0.05 -257.81
v -422.84 0.05 -256.35
v -421.98 0.05 -257.59
v -425.40 0.05 -258.71
v -424.12 0.05 -259.51
v -428.58 0.05 -265.42
v -427.22 0.05 -266.06
v -430.89 0.05 -270.29
v -429.53 0.05 -270.93
f 18915 18916 18918
f 18915 18918 18917
o r1396506050_footway
v -420.34 0.05 -259.27
v -421.76 0.05 -259.73
v -421.11 0.05 -256.84
v -422.53 0.05 -257.30
o r1396506051_footway
v -323.79 0.05 -278.11
v -322.37 0.05 -277.65
v -312.05 0.05 -313.91
v -310.63 0.05 -313.45
v -312.15 0.05 -314.49
v -310.65 0.05 -314.59
o r1396506052_footway
v -325.13 0.05 -274.03
v -323.71 0.05 -273.57
v -324.72 0.05 -275.31
v -323.30 0.05 -274.85
v -323.79 0.05 -278.12
v -322.37 0.05 -277.64
o r1396506053_footway
v -322.50 0.05 -205.80
v -323.92 0.05 -206.28
v -323.00 0.05 -204.31
v -324.42 0.05 -204.79
o r1396506054_footway
v -326.37 0.05 -205.44
v -326.85 0.05 -204.02
v -323.72 0.05 -204.55
v -324.20 0.05 -203.13
o r1410096995_service
v -195.03 0.05 -334.42
v -195.91 0.05 -330.52
v -191.92 0.05 -333.72
v -192.80 0.05 -329.82
v -181.36 0.05 -331.37
v -182.22 0.05 -327.47
o r1410096996_service
v -291.89 0.05 -336.49
v -292.95 0.05 -332.63
v -282.72 0.05 -333.95
v -283.78 0.05 -330.09
v -280.55 0.05 -333.39
v -281.55 0.05 -329.51
o r1422283930_footway
v 461.79 0.05 -357.94
v 463.21 0.05 -357.48
v 462.00 0.05 -358.58
v 463.42 0.05 -358.12
o r1422283931_footway
v 463.95 0.05 -364.59
v 465.37 0.05 -364.13
v 464.16 0.05 -365.23
v 465.58 0.05 -364.77
o r1428317267_service
v 327.18 0.05 19.93
v 326.06 0.05 23.77
v 339.82 0.05 23.65
v 338.58 0.05 27.45
v 358.52 0.05 30.21
v 357.20 0.05 33.99
o r1446926553_footway
v -548.19 0.05 154.90
v -548.65 0.05 156.32
v -516.35 0.05 165.27
v -516.81 0.05 166.69
o r1446932215_footway
v -455.09 0.05 124.16
v -453.67 0.05 124.64
v -446.66 0.05 98.89
v -445.24 0.05 99.37
o r1447241512_service
v -496.56 0.05 170.91
v -500.36 0.05 169.69
v -497.04 0.05 172.41
v -500.84 0.05 171.17
v -498.76 0.05 177.69
v -502.56 0.05 176.45
v -500.52 0.05 183.11
v -504.32 0.05 181.87
f 18983 18984 18986
f 18983 18986 18985
o r1466764589_primary
v 41.49 0.05 -209.86
v 32.09 0.05 -213.28
v 38.47 0.05 -201.57
v 28.97 0.05 -204.67
v 11.71 0.05 -118.33
v 2.19 0.05 -121.39
v 8.55 0.05 -108.59
v -0.97 0.05 -111.69
f 18991 18992 18994
f 18991 18994 18993
o r1489375181_service
v 217.56 0.05 17.94
v 218.76 0.05 14.12
v 206.48 0.05 14.45
v 207.68 0.05 10.63
v 121.45 0.05 -12.35
v 122.65 0.05 -16.17
v 113.82 0.05 -14.77
v 115.04 0.05 -18.59
f 18999 19000 19002
f 18999 19002 19001
o r1489375182_secondary
v 221.97 0.05 17.26
v 214.35 0.05 14.80
v 220.60 0.05 21.49
v 212.98 0.05 19.03
o r1505491831_secondary
v 5.65 0.05 113.06
v 3.19 0.05 120.68
v 54.91 0.05 128.94
v 52.47 0.05 136.56
v 67.14 0.05 132.79
v 64.74 0.05 140.43
o r1505491832_service
v -11.08 0.05 159.58
v -7.26 0.05 160.78
v -1.01 0.05 127.28
v 2.81 0.05 128.48
v 2.51 0.05 116.26
v 6.33 0.05 117.48
o r1505491833_service
v 2.51 0.05 116.26
v 6.33 0.05 117.48
v 5.15 0.05 107.97
v 8.95 0.05 109.21
v 32.47 0.05 23.90
v 36.27 0.05 25.14
v 35.97 0.05 13.03
v 39.77 0.05 14.25
f 19023 19024 19026
f 19023 19026 19025
o r1505491834_secondary
v 97.97 0.05 37.15
v 100.43 0.05 29.53
v 85.70 0.05 33.19
v 88.14 0.05 25.57
v 36.65 0.05 17.45
v 39.09 0.05 9.83
o r1507886834_service
v -238.34 0.05 203.30
v -239.46 0.05 207.14
v -228.90 0.05 206.08
v -230.02 0.05 209.92
v -224.94 0.05 207.21
v -226.04 0.05 211.05
o r1507886835_service
v -224.28 0.05 205.56
v -223.08 0.05 201.74
v -228.26 0.05 204.30
v -227.06 0.05 200.48
v -237.65 0.05 201.32
v -236.45 0.05 197.50
o r1507886836_footway
v -217.15 0.05 172.14
v -218.57 0.05 171.66
v -217.30 0.05 172.58
v -218.72 0.05 172.12
v -226.11 0.05 200.03
v -227.53 0.05 199.57
o r1507886837_footway
v -226.11 0.05 200.03
v -227.53 0.05 199.57
v -226.95 0.05 202.62
v -228.37 0.05 202.16
v -228.75 0.05 208.23
v -230.17 0.05 207.77
v -229.78 0.05 211.42
v -231.20 0.05 210.96
f 19055 19056 19058
f 19055 19058 19057
o r1507886838_service
v -257.05 0.05 215.62
v -258.23 0.05 219.44
v -254.72 0.05 216.34
v -255.92 0.05 220.16
v -243.69 0.05 219.81
v -244.89 0.05 223.63
o r1507886839_service
v -386.38 0.05 294.14
v -383.98 0.05 297.34
v -381.97 0.05 290.85
v -379.97 0.05 294.31
v -377.58 0.05 289.09
v -376.40 0.05 292.91
v -373.09 0.05 288.13
v -372.89 0.05 292.13
v -368.65 0.05 288.66
v -369.39 0.05 292.58
v -365.55 0.05 289.51
v -366.63 0.05 293.37
f 19069 19070 19072
f 19069 19072 19071
f 19073 19074 19076
f 19073 19076 19075
o r1507886840_footway
v -369.61 0.05 294.33
v -370.51 0.05 293.13
v -371.34 0.05 295.47
v -372.74 0.05 294.95
v -381.89 0.05 327.45
v -383.31 0.05 326.99
o r1507886841_footway
v -362.58 0.05 273.77
v -364.00 0.05 273.29
v -363.52 0.05 276.59
v -364.94 0.05 276.11
v -368.31 0.05 290.86
v -369.73 0.05 290.38
v -369.35 0.05 293.97
v -370.77 0.05 293.49
f 19087 19088 19090
f 19087 19090 19089
o r1507886842_service
v -362.21 0.05 279.00
v -361.11 0.05 275.16
v -364.78 0.05 278.27
v -363.68 0.05 274.43
v -366.11 0.05 277.85
v -364.29 0.05 274.29
v -368.74 0.05 276.25
v -366.18 0.05 273.17
v -371.49 0.05 273.36
v -368.23 0.05 271.02
v -374.17 0.05 268.75
v -370.65 0.05 266.87
v -376.41 0.05 264.20
v -372.81 0.05 262.44
f 19095 19096 19098
f 19095 19098 19097
f 19099 19100 19102
f 19099 19102 19101
o r1512783804_footway
v 358.01 0.05 -347.74
v 356.85 0.05 -348.68
v 351.89 0.05 -340.18
v 350.73 0.05 -341.12
o r1530786797_footway
v 374.20 0.05 -204.76
v 374.70 0.05 -206.18
v 365.28 0.05 -207.93
v 365.78 0.05 -209.35
o r1530786798_footway
v 387.29 0.05 -226.22
v 387.75 0.05 -227.64
v 381.32 0.05 -228.17
v 381.78 0.05 -229.59
o r1530786799_footway
v 381.29 0.05 -228.18
v 381.81 0.05 -229.58
v 372.84 0.05 -231.25
v 373.36 0.05 -232.65
o r1530786800_footway
v 313.04 0.05 -226.71
v 312.58 0.05 -225.29
v 365.76 0.05 -209.35
v 365.30 0.05 -207.93
o r1530786801_footway
v 307.51 0.05 -228.53
v 307.05 0.05 -227.11
v 313.04 0.05 -226.71
v 312.58 0.05 -225.29
o r1530786802_footway
v 320.14 0.05 -248.59
v 319.70 0.05 -247.15
v 373.32 0.05 -232.67
v 372.88 0.05 -231.23
o r1530786803_footway
v 314.34 0.05 -250.37
v 313.90 0.05 -248.93
v 320.14 0.05 -248.59
v 319.70 0.05 -247.15
o r1530786806_footway
v 352.64 0.05 330.55
v 353.12 0.05 329.13
v 348.75 0.05 329.25
v 349.23 0.05 327.83
o r1530786807_footway
v 335.81 0.05 324.97
v 336.25 0.05 323.53
v 332.31 0.05 323.87
v 332.75 0.05 322.43
o r1530845204_footway
v -390.82 0.05 -360.19
v -389.40 0.05 -359.71
v -390.00 0.05 -362.57
v -388.58 0.05 -362.09
o r1534168436_cycleway
v 198.34 0.05 411.31
v 196.92 0.05 410.85
v 196.32 0.05 417.60
v 194.90 0.05 417.14
v 182.81 0.05 459.68
v 181.39 0.05 459.22
v 168.43 0.05 504.43
v 167.01 0.05 503.97
v 165.76 0.05 512.74
v 164.34 0.05 512.28
v 162.77 0.05 522.09
v 161.35 0.05 521.63
v 149.86 0.05 562.48
v 148.44 0.05 562.02
v 137.26 0.05 601.87
v 135.84 0.05 601.41
v 133.06 0.05 614.99
v 131.68 0.05 614.43
v 127.78 0.05 625.22
v 126.44 0.05 624.54
f 19153 19154 19156
f 19153 19156 19155
f 19157 19158 19160
f 19157 19160 19159
f 19161 19162 19164
f 19161 19164 19163
f 19165 19166 19168
f 19165 19168 19167
o r1534168798_secondary
v 232.73 0.05 311.61
v 240.33 0.05 314.07
v 234.87 0.05 305.01
v 242.47 0.05 307.47