# Hometown Zero Phase 0 preview

o b35345179_unknown
v 80.88 0.00 219.80
v 72.07 0.00 219.79
v 50.36 0.00 219.80
v 43.96 0.00 219.78
v -0.65 0.00 219.61
v 25.07 0.00 241.77
v 146.05 0.00 242.43
v 140.97 0.00 237.64
v 122.74 0.00 220.22
v 80.88 5.60 219.80
v 72.07 5.60 219.79
v 50.36 5.60 219.80
v 43.96 5.60 219.78
v -0.65 5.60 219.61
v 25.07 5.60 241.77
v 146.05 5.60 242.43
v 140.97 5.60 237.64
v 122.74 5.60 220.22
f 1 2 11
f 1 11 10
f 2 3 12
f 2 12 11
f 3 4 13
f 3 13 12
f 4 5 14
f 4 14 13
f 5 6 15
f 5 15 14
f 6 7 16
f 6 16 15
f 7 8 17
f 7 17 16
f 8 9 18
f 8 18 17
f 9 1 10
f 9 10 18
f 17 18 10
f 10 11 12
f 13 14 15
f 15 16 17
f 17 10 12
f 12 13 15
f 15 17 12
o b36869314_retail
v 466.63 0.00 -235.81
v 470.33 0.00 -238.11
v 509.59 0.00 -241.85
v 539.17 0.00 -244.41
v 546.39 0.00 -249.02
v 537.51 0.00 -263.31
v 535.79 0.00 -265.98
v 515.46 0.00 -298.50
v 511.88 0.00 -304.23
v 495.23 0.00 -330.67
v 483.70 0.00 -329.80
v 471.41 0.00 -320.18
v 471.32 0.00 -318.33
v 466.59 0.00 -315.34
v 462.83 0.00 -312.99
v 459.62 0.00 -311.03
v 467.90 0.00 -297.63
v 476.17 0.00 -283.78
v 447.84 0.00 -266.89
v 457.32 0.00 -251.20
v 457.91 0.00 -251.54
v 466.63 12.80 -235.81
v 470.33 12.80 -238.11
v 509.59 12.80 -241.85
v 539.17 12.80 -244.41
v 546.39 12.80 -249.02
v 537.51 12.80 -263.31
v 535.79 12.80 -265.98
v 515.46 12.80 -298.50
v 511.88 12.80 -304.23
v 495.23 12.80 -330.67
v 483.70 12.80 -329.80
v 471.41 12.80 -320.18
v 471.32 12.80 -318.33
v 466.59 12.80 -315.34
v 462.83 12.80 -312.99
v 459.62 12.80 -311.03
v 467.90 12.80 -297.63
v 476.17 12.80 -283.78
v 447.84 12.80 -266.89
v 457.32 12.80 -251.20
v 457.91 12.80 -251.54
f 19 20 41
f 19 41 40
f 20 21 42
f 20 42 41
f 21 22 43
f 21 43 42
f 22 23 44
f 22 44 43
f 23 24 45
f 23 45 44
f 24 25 46
f 24 46 45
f 25 26 47
f 25 47 46
f 26 27 48
f 26 48 47
f 27 28 49
f 27 49 48
f 28 29 50
f 28 50 49
f 29 30 51
f 29 51 50
f 30 31 52
f 30 52 51
f 31 32 53
f 31 53 52
f 32 33 54
f 32 54 53
f 33 34 55
f 33 55 54
f 34 35 56
f 34 56 55
f 35 36 57
f 35 57 56
f 36 37 58
f 36 58 57
f 37 38 59
f 37 59 58
f 38 39 60
f 38 60 59
f 39 19 40
f 39 40 60
f 60 40 41
f 42 43 44
f 44 45 46
f 47 48 49
f 49 50 51
f 54 55 56
f 57 58 59
f 60 41 42
f 42 44 46
f 46 47 49
f 49 51 52
f 53 54 56
f 57 59 60
f 60 42 46
f 46 49 52
f 52 53 56
f 57 60 46
f 46 52 56
f 56 57 46
o b44130355_retail
v 393.55 0.00 -169.87
v 401.16 0.00 -157.57
v 404.75 0.00 -156.85
v 421.48 0.00 -167.05
v 460.45 0.00 -190.94
v 461.26 0.00 -194.66
v 454.67 0.00 -205.26
v 441.14 0.00 -227.03
v 434.86 0.00 -237.17
v 434.16 0.00 -238.31
v 407.95 0.00 -280.52
v 404.17 0.00 -281.36
v 360.94 0.00 -254.63
v 351.39 0.00 -243.64
v 351.23 0.00 -238.16
v 359.10 0.00 -225.44
v 386.21 0.00 -181.69
v 387.89 0.00 -178.99
v 393.55 22.40 -169.87
v 401.16 22.40 -157.57
v 404.75 22.40 -156.85
v 421.48 22.40 -167.05
v 460.45 22.40 -190.94
v 461.26 22.40 -194.66
v 454.67 22.40 -205.26
v 441.14 22.40 -227.03
v 434.86 22.40 -237.17
v 434.16 22.40 -238.31
v 407.95 22.40 -280.52
v 404.17 22.40 -281.36
v 360.94 22.40 -254.63
v 351.39 22.40 -243.64
v 351.23 22.40 -238.16
v 359.10 22.40 -225.44
v 386.21 22.40 -181.69
v 387.89 22.40 -178.99
f 61 62 80
f 61 80 79
f 62 63 81
f 62 81 80
f 63 64 82
f 63 82 81
f 64 65 83
f 64 83 82
f 65 66 84
f 65 84 83
f 66 67 85
f 66 85 84
f 67 68 86
f 67 86 85
f 68 69 87
f 68 87 86
f 69 70 88
f 69 88 87
f 70 71 89
f 70 89 88
f 71 72 90
f 71 90 89
f 72 73 91
f 72 91 90
f 73 74 92
f 73 92 91
f 74 75 93
f 74 93 92
f 75 76 94
f 75 94 93
f 76 77 95
f 76 95 94
f 77 78 96
f 77 96 95
f 78 61 79
f 78 79 96
f 79 80 81
f 81 82 83
f 83 84 85
f 87 88 89
f 89 90 91
f 91 92 93
f 93 94 95
f 96 79 81
f 81 83 85
f 86 87 89
f 89 91 93
f 93 95 96
f 96 81 85
f 86 89 93
f 93 96 85
f 85 86 93
o b68665991_residential
v 207.75 0.00 -195.14
v 185.91 0.00 -170.52
v 190.17 0.00 -166.80
v 193.82 0.00 -163.60
v 206.03 0.00 -152.93
v 213.44 0.00 -146.45
v 214.28 0.00 -147.42
v 230.08 0.00 -165.24
v 235.27 0.00 -171.08
v 232.54 0.00 -173.46
v 210.36 0.00 -192.85
v 207.75 5.10 -195.14
v 185.91 5.10 -170.52
v 190.17 5.10 -166.80
v 193.82 5.10 -163.60
v 206.03 5.10 -152.93
v 213.44 5.10 -146.45
v 214.28 5.10 -147.42
v 230.08 5.10 -165.24
v 235.27 5.10 -171.08
v 232.54 5.10 -173.46
v 210.36 5.10 -192.85
f 97 98 109
f 97 109 108
f 98 99 110
f 98 110 109
f 99 100 111
f 99 111 110
f 100 101 112
f 100 112 111
f 101 102 113
f 101 113 112
f 102 103 114
f 102 114 113
f 103 104 115
f 103 115 114
f 104 105 116
f 104 116 115
f 105 106 117
f 105 117 116
f 106 107 118
f 106 118 117
f 107 97 108
f 107 108 118
f 118 108 109
f 110 111 112
f 112 113 114
f 115 116 117
f 117 118 109
f 110 112 114
f 114 115 117
f 117 109 110
f 110 114 117
o b94026095_residential
v 297.27 0.00 -138.12
v 317.99 0.00 -104.11
v 320.68 0.00 -105.72
v 327.26 0.00 -109.68
v 343.96 0.00 -119.71
v 346.62 0.00 -121.31
v 341.58 0.00 -129.59
v 325.90 0.00 -155.32
v 316.44 0.00 -149.64
v 308.08 0.00 -144.61
v 297.77 0.00 -138.42
v 297.27 22.40 -138.12
v 317.99 22.40 -104.11
v 320.68 22.40 -105.72
v 327.26 22.40 -109.68
v 343.96 22.40 -119.71
v 346.62 22.40 -121.31
v 341.58 22.40 -129.59
v 325.90 22.40 -155.32
v 316.44 22.40 -149.64
v 308.08 22.40 -144.61
v 297.77 22.40 -138.42
f 119 120 131
f 119 131 130
f 120 121 132
f 120 132 131
f 121 122 133
f 121 133 132
f 122 123 134
f 122 134 133
f 123 124 135
f 123 135 134
f 124 125 136
f 124 136 135
f 125 126 137
f 125 137 136
f 126 127 138
f 126 138 137
f 127 128 139
f 127 139 138
f 128 129 140
f 128 140 139
f 129 119 130
f 129 130 140
f 140 130 131
f 131 132 133
f 133 134 135
f 135 136 137
f 137 138 139
f 139 140 131
f 133 135 137
f 137 139 131
f 131 133 137
o b140628794_unknown
v 296.47 0.00 240.40
v 295.57 0.00 240.92
v 321.90 0.00 285.55
v 323.67 0.00 284.52
v 331.91 0.00 279.72
v 305.58 0.00 235.10
v 296.47 7.10 240.40
v 295.57 7.10 240.92
v 321.90 7.10 285.55
v 323.67 7.10 284.52
v 331.91 7.10 279.72
v 305.58 7.10 235.10
f 141 142 148
f 141 148 147
f 142 143 149
f 142 149 148
f 143 144 150
f 143 150 149
f 144 145 151
f 144 151 150
f 145 146 152
f 145 152 151
f 146 141 147
f 146 147 152
f 151 152 147
f 147 148 149
f 149 150 151
f 151 147 149
o b140628856_retail
v 479.48 0.00 18.65
v 460.90 0.00 -11.37
v 431.99 0.00 6.38
v 450.92 0.00 36.45
v 479.48 9.60 18.65
v 460.90 9.60 -11.37
v 431.99 9.60 6.38
v 450.92 9.60 36.45
f 153 154 158
f 153 158 157
f 154 155 159
f 154 159 158
f 155 156 160
f 155 160 159
f 156 153 157
f 156 157 160
f 159 160 157
f 157 158 159
o b140628857_retail
v 298.73 0.00 280.15
v 277.57 0.00 246.18
v 266.57 0.00 252.48
v 268.57 0.00 255.55
v 245.50 0.00 269.82
v 264.96 0.00 301.04
v 298.73 16.00 280.15
v 277.57 16.00 246.18
v 266.57 16.00 252.48
v 268.57 16.00 255.55
v 245.50 16.00 269.82
v 264.96 16.00 301.04
f 161 162 168
f 161 168 167
f 162 163 169
f 162 169 168
f 163 164 170
f 163 170 169
f 164 165 171
f 164 171 170
f 165 166 172
f 165 172 171
f 166 161 167
f 166 167 172
f 171 172 167
f 167 168 169
f 170 171 167
f 167 169 170
o b166910699_retail
v 225.70 0.00 362.85
v 218.60 0.00 362.73
v 211.42 0.00 362.69
v 210.42 0.00 362.69
v 199.65 0.00 362.65
v 194.27 0.00 362.63
v 180.67 0.00 362.57
v 169.81 0.00 362.53
v 167.98 0.00 362.52
v 163.66 0.00 362.49
v 152.11 0.00 362.45
v 145.86 0.00 362.43
v 139.37 0.00 362.41
v 139.25 0.00 362.39
v 134.45 0.00 362.31
v 129.39 0.00 362.27
v 129.42 0.00 358.44
v 123.51 0.00 358.39
v 123.48 0.00 363.22
v 127.98 0.00 363.26
v 127.94 0.00 370.62
v 126.79 0.00 371.70
v 126.92 0.00 382.14
v 127.86 0.00 383.72
v 127.80 0.00 393.28
v 134.38 0.00 393.32
v 138.88 0.00 393.35
v 145.60 0.00 393.42
v 146.38 0.00 393.39
v 148.91 0.00 393.40
v 152.27 0.00 393.42
v 152.65 0.00 393.42
v 158.79 0.00 393.41
v 164.88 0.00 393.50
v 170.08 0.00 393.53
v 170.09 0.00 392.93
v 189.59 0.00 393.04
v 193.36 0.00 393.06
v 199.56 0.00 393.10
v 199.63 0.00 396.85
v 229.92 0.00 397.20
v 229.94 0.00 400.72
v 252.71 0.00 400.85
v 254.56 0.00 399.75
v 250.41 0.00 393.78
v 249.24 0.00 391.89
v 242.12 0.00 380.35
v 239.12 0.00 375.48
v 231.33 0.00 362.88
v 225.70 5.80 362.85
v 218.60 5.80 362.73
v 211.42 5.80 362.69
v 210.42 5.80 362.69
v 199.65 5.80 362.65
v 194.27 5.80 362.63
v 180.67 5.80 362.57
v 169.81 5.80 362.53
v 167.98 5.80 362.52
v 163.66 5.80 362.49
v 152.11 5.80 362.45
v 145.86 5.80 362.43
v 139.37 5.80 362.41
v 139.25 5.80 362.39
v 134.45 5.80 362.31
v 129.39 5.80 362.27
v 129.42 5.80 358.44
v 123.51 5.80 358.39
v 123.48 5.80 363.22
v 127.98 5.80 363.26
v 127.94 5.80 370.62
v 126.79 5.80 371.70
v 126.92 5.80 382.14
v 127.86 5.80 383.72
v 127.80 5.80 393.28
v 134.38 5.80 393.32
v 138.88 5.80 393.35
v 145.60 5.80 393.42
v 146.38 5.80 393.39
v 148.91 5.80 393.40
v 152.27 5.80 393.42
v 152.65 5.80 393.42
v 158.79 5.80 393.41
v 164.88 5.80 393.50
v 170.08 5.80 393.53
v 170.09 5.80 392.93
v 189.59 5.80 393.04
v 193.36 5.80 393.06
v 199.56 5.80 393.10
v 199.63 5.80 396.85
v 229.92 5.80 397.20
v 229.94 5.80 400.72
v 252.71 5.80 400.85
v 254.56 5.80 399.75
v 250.41 5.80 393.78
v 249.24 5.80 391.89
v 242.12 5.80 380.35
v 239.12 5.80 375.48
v 231.33 5.80 362.88
f 173 174 223
f 173 223 222
f 174 175 224
f 174 224 223
f 175 176 225
f 175 225 224
f 176 177 226
f 176 226 225
f 177 178 227
f 177 227 226
f 178 179 228
f 178 228 227
f 179 180 229
f 179 229 228
f 180 181 230
f 180 230 229
f 181 182 231
f 181 231 230
f 182 183 232
f 182 232 231
f 183 184 233
f 183 233 232
f 184 185 234
f 184 234 233
f 185 186 235
f 185 235 234
f 186 187 236
f 186 236 235
f 187 188 237
f 187 237 236
f 188 189 238
f 188 238 237
f 189 190 239
f 189 239 238
f 190 191 240
f 190 240 239
f 191 192 241
f 191 241 240
f 192 193 242
f 192 242 241
f 193 194 243
f 193 243 242
f 194 195 244
f 194 244 243
f 195 196 245
f 195 245 244
f 196 197 246
f 196 246 245
f 197 198 247
f 197 247 246
f 198 199 248
f 198 248 247
f 199 200 249
f 199 249 248
f 200 201 250
f 200 250 249
f 201 202 251
f 201 251 250
f 202 203 252
f 202 252 251
f 203 204 253
f 203 253 252
f 204 205 254
f 204 254 253
f 205 206 255
f 205 255 254
f 206 207 256
f 206 256 255
f 207 208 257
f 207 257 256
f 208 209 258
f 208 258 257
f 209 210 259
f 209 259 258
f 210 211 260
f 210 260 259
f 211 212 261
f 211 261 260
f 212 213 262
f 212 262 261
f 213 214 263
f 213 263 262
f 214 215 264
f 214 264 263
f 215 216 265
f 215 265 264
f 216 217 266
f 216 266 265
f 217 218 267
f 217 267 266
f 218 219 268
f 218 268 267
f 219 220 269
f 219 269 268
f 220 221 270
f 220 270 269
f 221 173 222
f 221 222 270
f 269 270 222
f 222 223 224
f 227 228 229
f 230 231 232
f 232 233 234
f 234 235 236
f 237 238 239
f 239 240 241
f 242 243 244
f 245 246 247
f 248 249 250
f 251 252 253
f 254 255 256
f 257 258 259
f 260 261 262
f 262 263 264
f 264 265 266
f 268 269 222
f 222 224 225
f 229 230 232
f 234 236 237
f 237 239 241
f 242 244 245
f 245 247 248
f 248 250 251
f 251 253 254
f 254 256 257
f 262 264 266
f 267 268 222
f 222 225 226
f 229 232 234
f 234 237 241
f 242 245 248
f 248 251 254
f 260 262 266
f 266 267 222
f 222 226 227
f 227 229 234
f 234 241 242
f 242 248 254
f 260 266 222
f 222 227 234
f 234 242 254
f 259 260 222
f 222 234 254
f 257 259 222
f 222 254 257
o b166911086_office
v 432.72 0.00 259.43
v 435.99 0.00 260.80
v 439.46 0.00 261.59
v 443.02 0.00 261.80
v 446.55 0.00 261.39
v 449.97 0.00 260.41
v 459.33 0.00 255.72
v 459.60 0.00 256.14
v 494.47 0.00 234.74
v 490.82 0.00 228.76
v 488.28 0.00 224.61
v 490.46 0.00 223.30
v 480.80 0.00 207.49
v 462.43 0.00 177.44
v 443.86 0.00 147.05
v 414.25 0.00 164.90
v 415.18 0.00 166.44
v 413.91 0.00 167.20
v 413.35 0.00 166.31
v 412.93 0.00 166.56
v 403.66 0.00 172.15
v 404.20 0.00 173.04
v 402.69 0.00 173.96
v 387.10 0.00 183.35
v 385.96 0.00 184.04
v 388.04 0.00 187.45
v 385.45 0.00 189.02
v 384.42 0.00 189.64
v 395.74 0.00 208.16
v 397.55 0.00 207.07
v 418.72 0.00 241.71
v 420.65 0.00 244.86
v 425.88 0.00 253.21
v 426.87 0.00 253.18
v 427.82 0.00 253.44
v 428.67 0.00 253.94
v 429.32 0.00 254.68
v 429.73 0.00 255.58
v 429.87 0.00 256.55
v 429.72 0.00 257.51
v 432.72 22.90 259.43
v 435.99 22.90 260.80
v 439.46 22.90 261.59
v 443.02 22.90 261.80
v 446.55 22.90 261.39
v 449.97 22.90 260.41
v 459.33 22.90 255.72
v 459.60 22.90 256.14
v 494.47 22.90 234.74
v 490.82 22.90 228.76
v 488.28 22.90 224.61
v 490.46 22.90 223.30
v 480.80 22.90 207.49
v 462.43 22.90 177.44
v 443.86 22.90 147.05
v 414.25 22.90 164.90
v 415.18 22.90 166.44
v 413.91 22.90 167.20
v 413.35 22.90 166.31
v 412.93 22.90 166.56
v 403.66 22.90 172.15
v 404.20 22.90 173.04
v 402.69 22.90 173.96
v 387.10 22.90 183.35
v 385.96 22.90 184.04
v 388.04 22.90 187.45
v 385.45 22.90 189.02
v 384.42 22.90 189.64
v 395.74 22.90 208.16
v 397.55 22.90 207.07
v 418.72 22.90 241.71
v 420.65 22.90 244.86
v 425.88 22.90 253.21
v 426.87 22.90 253.18
v 427.82 22.90 253.44
v 428.67 22.90 253.94
v 429.32 22.90 254.68
v 429.73 22.90 255.58
v 429.87 22.90 256.55
v 429.72 22.90 257.51
f 271 272 312
f 271 312 311
f 272 273 313
f 272 313 312
f 273 274 314
f 273 314 313
f 274 275 315
f 274 315 314
f 275 276 316
f 275 316 315
f 276 277 317
f 276 317 316
f 277 278 318
f 277 318 317
f 278 279 319
f 278 319 318
f 279 280 320
f 279 320 319
f 280 281 321
f 280 321 320
f 281 282 322
f 281 322 321
f 282 283 323
f 282 323 322
f 283 284 324
f 283 324 323
f 284 285 325
f 284 325 324
f 285 286 326
f 285 326 325
f 286 287 327
f 286 327 326
f 287 288 328
f 287 328 327
f 288 289 329
f 288 329 328
f 289 290 330
f 289 330 329
f 290 291 331
f 290 331 330
f 291 292 332
f 291 332 331
f 292 293 333
f 292 333 332
f 293 294 334
f 293 334 333
f 294 295 335
f 294 335 334
f 295 296 336
f 295 336 335
f 296 297 337
f 296 337 336
f 297 298 338
f 297 338 337
f 298 299 339
f 298 339 338
f 299 300 340
f 299 340 339
f 300 301 341
f 300 341 340
f 301 302 342
f 301 342 341
f 302 303 343
f 302 343 342
f 303 304 344
f 303 344 343
f 304 305 345
f 304 345 344
f 305 306 346
f 305 346 345
f 306 307 347
f 306 347 346
f 307 308 348
f 307 348 347
f 308 309 349
f 308 349 348
f 309 310 350
f 309 350 349
f 310 271 311
f 310 311 350
f 349 350 311
f 311 312 313
f 313 314 315
f 315 316 317
f 317 318 319
f 319 320 321
f 321 322 323
f 324 325 326
f 328 329 330
f 330 331 332
f 333 334 335
f 337 338 339
f 340 341 342
f 342 343 344
f 348 349 311
f 311 313 315
f 315 317 319
f 321 323 324
f 324 326 327
f 328 330 332
f 333 335 336
f 336 337 339
f 340 342 344
f 347 348 311
f 311 315 319
f 321 324 327
f 327 328 332
f 332 333 336
f 336 339 340
f 340 344 345
f 347 311 319
f 319 321 327
f 327 332 336
f 336 340 345
f 346 347 319
f 319 327 336
f 336 345 346
f 346 319 336
o b173339734_office
v 402.44 0.00 -42.26
v 409.43 0.00 -31.03
v 423.94 0.00 -39.93
v 427.89 0.00 -33.59
v 413.31 0.00 -24.65
v 421.01 0.00 -12.26
v 448.74 0.00 -29.26
v 430.10 0.00 -59.23
v 402.44 51.00 -42.26
v 409.43 51.00 -31.03
v 423.94 51.00 -39.93
v 427.89 51.00 -33.59
v 413.31 51.00 -24.65
v 421.01 51.00 -12.26
v 448.74 51.00 -29.26
v 430.10 51.00 -59.23
f 351 352 360
f 351 360 359
f 352 353 361
f 352 361 360
f 353 354 362
f 353 362 361
f 354 355 363
f 354 363 362
f 355 356 364
f 355 364 363
f 356 357 365
f 356 365 364
f 357 358 366
f 357 366 365
f 358 351 359
f 358 359 366
f 366 359 360
f 362 363 364
f 366 360 361
f 362 364 365
f 365 366 361
f 361 362 365
o b173339778_unknown
v 388.00 0.00 7.36
v 415.69 0.00 -9.37
v 397.34 0.00 -39.29
v 369.66 0.00 -22.55
v 388.00 25.60 7.36
v 415.69 25.60 -9.37
v 397.34 25.60 -39.29
v 369.66 25.60 -22.55
f 367 368 372
f 367 372 371
f 368 369 373
f 368 373 372
f 369 370 374
f 369 374 373
f 370 367 371
f 370 371 374
f 373 374 371
f 371 372 373
o b173341060_unknown
v 431.12 0.00 70.27
v 428.53 0.00 71.88
v 457.20 0.00 117.64
v 485.05 0.00 100.61
v 456.45 0.00 54.60
v 454.08 0.00 56.05
v 431.12 29.00 70.27
v 428.53 29.00 71.88
v 457.20 29.00 117.64
v 485.05 29.00 100.61
v 456.45 29.00 54.60
v 454.08 29.00 56.05
f 375 376 382
f 375 382 381
f 376 377 383
f 376 383 382
f 377 378 384
f 377 384 383
f 378 379 385
f 378 385 384
f 379 380 386
f 379 386 385
f 380 375 381
f 380 381 386
f 385 386 381
f 381 382 383
f 383 384 385
f 385 381 383
o b184797695_residential
v -50.27 0.00 -266.25
v -52.90 0.00 -263.26
v -38.22 0.00 -250.49
v -23.40 0.00 -267.31
v -38.08 0.00 -280.08
v -50.27 9.60 -266.25
v -52.90 9.60 -263.26
v -38.22 9.60 -250.49
v -23.40 9.60 -267.31
v -38.08 9.60 -280.08
f 387 388 393
f 387 393 392
f 388 389 394
f 388 394 393
f 389 390 395
f 389 395 394
f 390 391 396
f 390 396 395
f 391 387 392
f 391 392 396
f 395 396 392
f 392 393 394
f 394 395 392
o b184798620_residential
v -38.22 0.00 -250.49
v -45.62 0.00 -242.09
v -31.65 0.00 -229.95
v -9.42 0.00 -255.16
v -23.40 0.00 -267.31
v -38.22 12.80 -250.49
v -45.62 12.80 -242.09
v -31.65 12.80 -229.95
v -9.42 12.80 -255.16
v -23.40 12.80 -267.31
f 397 398 403
f 397 403 402
f 398 399 404
f 398 404 403
f 399 400 405
f 399 405 404
f 400 401 406
f 400 406 405
f 401 397 402
f 401 402 406
f 405 406 402
f 402 403 404
f 404 405 402
o b184870422_retail
v 128.59 0.00 110.10
v 129.54 0.00 111.60
v 130.00 0.00 112.35
v 130.53 0.00 113.20
v 133.73 0.00 111.15
v 134.20 0.00 110.85
v 135.75 0.00 113.16
v 178.48 0.00 86.69
v 174.06 0.00 79.74
v 168.44 0.00 70.86
v 154.38 0.00 48.53
v 140.60 0.00 57.08
v 140.07 0.00 56.25
v 137.64 0.00 57.76
v 135.16 0.00 53.83
v 138.70 0.00 51.64
v 141.98 0.00 49.60
v 140.52 0.00 47.29
v 138.85 0.00 44.62
v 138.11 0.00 43.46
v 131.25 0.00 47.72
v 122.02 0.00 33.05
v 106.49 0.00 42.69
v 92.15 0.00 51.60
v 128.59 11.10 110.10
v 129.54 11.10 111.60
v 130.00 11.10 112.35
v 130.53 11.10 113.20
v 133.73 11.10 111.15
v 134.20 11.10 110.85
v 135.75 11.10 113.16
v 178.48 11.10 86.69
v 174.06 11.10 79.74
v 168.44 11.10 70.86
v 154.38 11.10 48.53
v 140.60 11.10 57.08
v 140.07 11.10 56.25
v 137.64 11.10 57.76
v 135.16 11.10 53.83
v 138.70 11.10 51.64
v 141.98 11.10 49.60
v 140.52 11.10 47.29
v 138.85 11.10 44.62
v 138.11 11.10 43.46
v 131.25 11.10 47.72
v 122.02 11.10 33.05
v 106.49 11.10 42.69
v 92.15 11.10 51.60
f 407 408 432
f 407 432 431
f 408 409 433
f 408 433 432
f 409 410 434
f 409 434 433
f 410 411 435
f 410 435 434
f 411 412 436
f 411 436 435
f 412 413 437
f 412 437 436
f 413 414 438
f 413 438 437
f 414 415 439
f 414 439 438
f 415 416 440
f 415 440 439
f 416 417 441
f 416 441 440
f 417 418 442
f 417 442 441
f 418 419 443
f 418 443 442
f 419 420 444
f 419 444 443
f 420 421 445
f 420 445 444
f 421 422 446
f 421 446 445
f 422 423 447
f 422 447 446
f 423 424 448
f 423 448 447
f 424 425 449
f 424 449 448
f 425 426 450
f 425 450 449
f 426 427 451
f 426 451 450
f 427 428 452
f 427 452 451
f 428 429 453
f 428 453 452
f 429 430 454
f 429 454 453
f 430 407 431
f 430 431 454
f 453 454 431
f 432 433 434
f 436 437 438
f 440 441 442
f 442 443 444
f 445 446 447
f 448 449 450
f 451 452 453
f 453 431 432
f 432 434 435
f 436 438 439
f 439 440 442
f 445 447 448
f 448 450 451
f 451 453 432
f 432 435 436
f 436 439 442
f 445 448 451
f 451 432 436
f 436 442 444
f 444 445 451
f 451 436 444
o b184870423_industrial
v 269.69 0.00 232.22
v 264.71 0.00 224.23
v 250.88 0.00 202.07
v 230.63 0.00 214.52
v 219.66 0.00 221.28
v 218.22 0.00 222.15
v 227.44 0.00 236.92
v 232.24 0.00 244.63
v 237.04 0.00 252.32
v 269.69 9.60 232.22
v 264.71 9.60 224.23
v 250.88 9.60 202.07
v 230.63 9.60 214.52
v 219.66 9.60 221.28
v 218.22 9.60 222.15
v 227.44 9.60 236.92
v 232.24 9.60 244.63
v 237.04 9.60 252.32
f 455 456 465
f 455 465 464
f 456 457 466
f 456 466 465
f 457 458 467
f 457 467 466
f 458 459 468
f 458 468 467
f 459 460 469
f 459 469 468
f 460 461 470
f 460 470 469
f 461 462 471
f 461 471 470
f 462 463 472
f 462 472 471
f 463 455 464
f 463 464 472
f 471 472 464
f 464 465 466
f 466 467 468
f 468 469 470
f 470 471 464
f 464 466 468
f 468 470 464
o b184870424_retail
v 54.03 0.00 -46.17
v 51.36 0.00 -43.21
v 44.89 0.00 -36.06
v 33.74 0.00 -23.71
v 37.88 0.00 -19.34
v 65.50 0.00 9.85
v 79.46 0.00 24.54
v 88.51 0.00 38.45
v 86.93 0.00 39.44
v 85.35 0.00 40.45
v 88.62 0.00 45.80
v 90.85 0.00 49.46
v 91.42 0.00 50.40
v 105.97 0.00 41.41
v 115.00 0.00 35.89
v 136.17 0.00 22.96
v 111.73 0.00 2.39
v 108.10 0.00 -0.66
v 107.16 0.00 -1.46
v 103.49 0.00 -4.54
v 95.91 0.00 -10.93
v 91.37 0.00 -14.75
v 89.59 0.00 -16.24
v 66.04 0.00 -36.18
v 60.83 0.00 -40.60
v 56.36 0.00 -44.26
v 54.03 3.20 -46.17
v 51.36 3.20 -43.21
v 44.89 3.20 -36.06
v 33.74 3.20 -23.71
v 37.88 3.20 -19.34
v 65.50 3.20 9.85
v 79.46 3.20 24.54
v 88.51 3.20 38.45
v 86.93 3.20 39.44
v 85.35 3.20 40.45
v 88.62 3.20 45.80
v 90.85 3.20 49.46
v 91.42 3.20 50.40
v 105.97 3.20 41.41
v 115.00 3.20 35.89
v 136.17 3.20 22.96
v 111.73 3.20 2.39
v 108.10 3.20 -0.66
v 107.16 3.20 -1.46
v 103.49 3.20 -4.54
v 95.91 3.20 -10.93
v 91.37 3.20 -14.75
v 89.59 3.20 -16.24
v 66.04 3.20 -36.18
v 60.83 3.20 -40.60
v 56.36 3.20 -44.26
f 473 474 500
f 473 500 499
f 474 475 501
f 474 501 500
f 475 476 502
f 475 502 501
f 476 477 503
f 476 503 502
f 477 478 504
f 477 504 503
f 478 479 505
f 478 505 504
f 479 480 506
f 479 506 505
f 480 481 507
f 480 507 506
f 481 482 508
f 481 508 507
f 482 483 509
f 482 509 508
f 483 484 510
f 483 510 509
f 484 485 511
f 484 511 510
f 485 486 512
f 485 512 511
f 486 487 513
f 486 513 512
f 487 488 514
f 487 514 513
f 488 489 515
f 488 515 514
f 489 490 516
f 489 516 515
f 490 491 517
f 490 517 516
f 491 492 518
f 491 518 517
f 492 493 519
f 492 519 518
f 493 494 520
f 493 520 519
f 494 495 521
f 494 521 520
f 495 496 522
f 495 522 521
f 496 497 523
f 496 523 522
f 497 498 524
f 497 524 523
f 498 473 499
f 498 499 524
f 524 499 500
f 500 501 502
f 503 504 505
f 506 507 508
f 510 511 512
f 513 514 515
f 516 517 518
f 518 519 520
f 522 523 524
f 524 500 502
f 502 503 505
f 506 508 509
f 509 510 512
f 512 513 515
f 518 520 521
f 521 522 524
f 524 502 505
f 506 509 512
f 512 515 516
f 521 524 505
f 505 506 512
f 512 516 518
f 518 521 505
f 505 512 518
o b189283343_residential
v 267.74 0.00 -178.70
v 289.27 0.00 -203.18
v 274.94 0.00 -215.60
v 261.95 0.00 -226.87
v 250.15 0.00 -213.44
v 248.28 0.00 -211.32
v 242.32 0.00 -216.49
v 234.46 0.00 -207.55
v 267.74 10.70 -178.70
v 289.27 10.70 -203.18
v 274.94 10.70 -215.60
v 261.95 10.70 -226.87
v 250.15 10.70 -213.44
v 248.28 10.70 -211.32
v 242.32 10.70 -216.49
v 234.46 10.70 -207.55
f 525 526 534
f 525 534 533
f 526 527 535
f 526 535 534
f 527 528 536
f 527 536 535
f 528 529 537
f 528 537 536
f 529 530 538
f 529 538 537
f 530 531 539
f 530 539 538
f 531 532 540
f 531 540 539
f 532 525 533
f 532 533 540
f 539 540 533
f 533 534 535
f 535 536 537
f 538 539 533
f 533 535 537
f 537 538 533
o b189283346_civic
v 242.32 0.00 -216.49
v 256.27 0.00 -232.30
v 247.39 0.00 -240.03
v 232.41 0.00 -223.04
v 228.80 0.00 -226.18
v 243.76 0.00 -243.13
v 234.06 0.00 -251.58
v 233.90 0.00 -251.40
v 206.91 0.00 -274.88
v 185.29 0.00 -250.36
v 234.46 0.00 -207.55
v 242.32 19.20 -216.49
v 256.27 19.20 -232.30
v 247.39 19.20 -240.03
v 232.41 19.20 -223.04
v 228.80 19.20 -226.18
v 243.76 19.20 -243.13
v 234.06 19.20 -251.58
v 233.90 19.20 -251.40
v 206.91 19.20 -274.88
v 185.29 19.20 -250.36
v 234.46 19.20 -207.55
f 541 542 553
f 541 553 552
f 542 543 554
f 542 554 553
f 543 544 555
f 543 555 554
f 544 545 556
f 544 556 555
f 545 546 557
f 545 557 556
f 546 547 558
f 546 558 557
f 547 548 559
f 547 559 558
f 548 549 560
f 548 560 559
f 549 550 561
f 549 561 560
f 550 551 562
f 550 562 561
f 551 541 552
f 551 552 562
f 561 562 552
f 552 553 554
f 556 557 558
f 559 560 561
f 552 554 555
f 556 558 559
f 561 552 555
f 556 559 561
f 561 555 556
o b189460316_residential
v 336.65 0.00 341.80
v 330.45 0.00 331.44
v 318.80 0.00 311.99
v 318.65 0.00 311.74
v 309.05 0.00 317.42
v 281.89 0.00 333.47
v 283.19 0.00 335.63
v 293.68 0.00 353.16
v 299.89 0.00 363.52
v 321.24 0.00 350.91
v 336.65 9.30 341.80
v 330.45 9.30 331.44
v 318.80 9.30 311.99
v 318.65 9.30 311.74
v 309.05 9.30 317.42
v 281.89 9.30 333.47
v 283.19 9.30 335.63
v 293.68 9.30 353.16
v 299.89 9.30 363.52
v 321.24 9.30 350.91
f 563 564 574
f 563 574 573
f 564 565 575
f 564 575 574
f 565 566 576
f 565 576 575
f 566 567 577
f 566 577 576
f 567 568 578
f 567 578 577
f 568 569 579
f 568 579 578
f 569 570 580
f 569 580 579
f 570 571 581
f 570 581 580
f 571 572 582
f 571 582 581
f 572 563 573
f 572 573 582
f 581 582 573
f 573 574 575
f 575 576 577
f 577 578 579
f 579 580 581
f 581 573 575
f 575 577 579
f 579 581 575
o b206858876_retail
v 257.84 0.00 78.31
v 268.72 0.00 71.39
v 277.65 0.00 65.70
v 263.41 0.00 41.52
v 235.81 0.00 58.46
v 257.84 9.60 78.31
v 268.72 9.60 71.39
v 277.65 9.60 65.70
v 263.41 9.60 41.52
v 235.81 9.60 58.46
f 583 584 589
f 583 589 588
f 584 585 590
f 584 590 589
f 585 586 591
f 585 591 590
f 586 587 592
f 586 592 591
f 587 583 588
f 587 588 592
f 591 592 588
f 588 589 590
f 590 591 588
o b206858888_retail
v 219.39 0.00 26.07
v 218.44 0.00 26.66
v 214.92 0.00 28.86
v 226.17 0.00 45.63
v 231.95 0.00 54.24
v 235.81 0.00 58.46
v 263.41 0.00 41.52
v 244.32 0.00 10.78
v 219.39 9.60 26.07
v 218.44 9.60 26.66
v 214.92 9.60 28.86
v 226.17 9.60 45.63
v 231.95 9.60 54.24
v 235.81 9.60 58.46
v 263.41 9.60 41.52
v 244.32 9.60 10.78
f 593 594 602
f 593 602 601
f 594 595 603
f 594 603 602
f 595 596 604
f 595 604 603
f 596 597 605
f 596 605 604
f 597 598 606
f 597 606 605
f 598 599 607
f 598 607 606
f 599 600 608
f 599 608 607
f 600 593 601
f 600 601 608
f 607 608 601
f 601 602 603
f 603 604 605
f 605 606 607
f 607 601 603
f 603 605 607
o b206877616_medical
v 94.24 0.00 -120.34
v 116.37 0.00 -145.59
v 104.65 0.00 -155.60
v 104.63 0.00 -156.48
v 104.37 0.00 -157.21
v 103.92 0.00 -157.46
v 103.26 0.00 -157.53
v 102.76 0.00 -157.34
v 102.29 0.00 -156.97
v 102.02 0.00 -155.78
v 81.04 0.00 -131.89
v 94.24 16.00 -120.34
v 116.37 16.00 -145.59
v 104.65 16.00 -155.60
v 104.63 16.00 -156.48
v 104.37 16.00 -157.21
v 103.92 16.00 -157.46
v 103.26 16.00 -157.53
v 102.76 16.00 -157.34
v 102.29 16.00 -156.97
v 102.02 16.00 -155.78
v 81.04 16.00 -131.89
f 609 610 621
f 609 621 620
f 610 611 622
f 610 622 621
f 611 612 623
f 611 623 622
f 612 613 624
f 612 624 623
f 613 614 625
f 613 625 624
f 614 615 626
f 614 626 625
f 615 616 627
f 615 627 626
f 616 617 628
f 616 628 627
f 617 618 629
f 617 629 628
f 618 619 630
f 618 630 629
f 619 609 620
f 619 620 630
f 629 630 620
f 620 621 622
f 622 623 624
f 624 625 626
f 626 627 628
f 628 629 620
f 620 622 624
f 624 626 628
f 628 620 624
o b206880345_residential
v -13.63 0.00 -217.06
v -15.75 0.00 -214.64
v 22.45 0.00 -181.84
v 27.36 0.00 -177.63
v 37.86 0.00 -189.68
v 35.31 0.00 -191.86
v 44.19 0.00 -202.07
v 38.85 0.00 -206.65
v 42.28 0.00 -210.59
v 5.72 0.00 -241.97
v -7.58 0.00 -226.71
v -14.97 0.00 -218.22
v -13.63 54.40 -217.06
v -15.75 54.40 -214.64
v 22.45 54.40 -181.84
v 27.36 54.40 -177.63
v 37.86 54.40 -189.68
v 35.31 54.40 -191.86
v 44.19 54.40 -202.07
v 38.85 54.40 -206.65
v 42.28 54.40 -210.59
v 5.72 54.40 -241.97
v -7.58 54.40 -226.71
v -14.97 54.40 -218.22
f 631 632 644
f 631 644 643
f 632 633 645
f 632 645 644
f 633 634 646
f 633 646 645
f 634 635 647
f 634 647 646
f 635 636 648
f 635 648 647
f 636 637 649
f 636 649 648
f 637 638 650
f 637 650 649
f 638 639 651
f 638 651 650
f 639 640 652
f 639 652 651
f 640 641 653
f 640 653 652
f 641 642 654
f 641 654 653
f 642 631 643
f 642 643 654
f 653 654 643
f 643 644 645
f 645 646 647
f 648 649 650
f 650 651 652
f 652 653 643
f 643 645 647
f 648 650 652
f 643 647 648
f 648 652 643
o b206883222_residential
v 177.43 0.00 -126.96
v 201.66 0.00 -105.99
v 220.40 0.00 -127.33
v 223.60 0.00 -130.98
v 210.02 0.00 -142.74
v 195.69 0.00 -126.41
v 185.04 0.00 -135.63
v 177.43 38.10 -126.96
v 201.66 38.10 -105.99
v 220.40 38.10 -127.33
v 223.60 38.10 -130.98
v 210.02 38.10 -142.74
v 195.69 38.10 -126.41
v 185.04 38.10 -135.63
f 655 656 663
f 655 663 662
f 656 657 664
f 656 664 663
f 657 658 665
f 657 665 664
f 658 659 666
f 658 666 665
f 659 660 667
f 659 667 666
f 660 661 668
f 660 668 667
f 661 655 662
f 661 662 668
f 667 668 662
f 663 664 665
f 665 666 667
f 667 662 663
f 663 665 667
o b206883226_retail
v 140.37 0.00 -158.54
v 162.41 0.00 -183.78
v 141.93 0.00 -201.40
v 119.90 0.00 -176.16
v 140.37 35.20 -158.54
v 162.41 35.20 -183.78
v 141.93 35.20 -201.40
v 119.90 35.20 -176.16
f 669 670 674
f 669 674 673
f 670 671 675
f 670 675 674
f 671 672 676
f 671 676 675
f 672 669 673
f 672 673 676
f 675 676 673
f 673 674 675
o b221357249_office
v 395.87 0.00 -326.62
v 417.13 0.00 -351.09
v 391.13 0.00 -374.45
v 369.26 0.00 -349.33
v 395.87 6.40 -326.62
v 417.13 6.40 -351.09
v 391.13 6.40 -374.45
v 369.26 6.40 -349.33
f 677 678 682
f 677 682 681
f 678 679 683
f 678 683 682
f 679 680 684
f 679 684 683
f 680 677 681
f 680 681 684
f 683 684 681
f 681 682 683
o b223920786_residential
v -446.94 0.00 -455.58
v -447.50 0.00 -455.05
v -448.83 0.00 -455.04
v -451.24 0.00 -452.23
v -451.18 0.00 -450.97
v -470.97 0.00 -428.38
v -416.01 0.00 -380.59
v -396.33 0.00 -403.10
v -395.11 0.00 -403.29
v -392.62 0.00 -406.12
v -392.84 0.00 -407.32
v -392.50 0.00 -407.79
v -411.40 0.00 -424.52
v -412.15 0.00 -423.87
v -413.37 0.00 -423.80
v -415.63 0.00 -421.04
v -415.49 0.00 -419.93
v -415.94 0.00 -419.39
v -414.12 0.00 -417.70
v -423.23 0.00 -407.09
v -422.18 0.00 -406.01
v -423.96 0.00 -403.97
v -427.45 0.00 -406.95
v -422.95 0.00 -412.21
v -424.23 0.00 -413.62
v -421.37 0.00 -417.11
v -422.89 0.00 -418.68
v -422.15 0.00 -419.74
v -423.90 0.00 -421.43
v -423.15 0.00 -422.42
v -428.49 0.00 -427.02
v -429.39 0.00 -426.15
v -431.24 0.00 -427.62
v -432.37 0.00 -426.74
v -433.88 0.00 -428.11
v -437.23 0.00 -424.54
v -438.82 0.00 -425.83
v -443.05 0.00 -420.55
v -445.48 0.00 -422.46
v -438.13 0.00 -431.27
v -437.40 0.00 -430.88
v -434.01 0.00 -435.07
v -432.35 0.00 -433.97
v -432.02 0.00 -434.43
v -430.51 0.00 -434.55
v -428.47 0.00 -437.33
v -428.61 0.00 -438.60
v -428.08 0.00 -439.05
v -446.94 19.20 -455.58
v -447.50 19.20 -455.05
v -448.83 19.20 -455.04
v -451.24 19.20 -452.23
v -451.18 19.20 -450.97
v -470.97 19.20 -428.38
v -416.01 19.20 -380.59
v -396.33 19.20 -403.10
v -395.11 19.20 -403.29
v -392.62 19.20 -406.12
v -392.84 19.20 -407.32
v -392.50 19.20 -407.79
v -411.40 19.20 -424.52
v -412.15 19.20 -423.87
v -413.37 19.20 -423.80
v -415.63 19.20 -421.04
v -415.49 19.20 -419.93
v -415.94 19.20 -419.39
v -414.12 19.20 -417.70
v -423.23 19.20 -407.09
v -422.18 19.20 -406.01
v -423.96 19.20 -403.97
v -427.45 19.20 -406.95
v -422.95 19.20 -412.21
v -424.23 19.20 -413.62
v -421.37 19.20 -417.11
v -422.89 19.20 -418.68
v -422.15 19.20 -419.74
v -423.90 19.20 -421.43
v -423.15 19.20 -422.42
v -428.49 19.20 -427.02
v -429.39 19.20 -426.15
v -431.24 19.20 -427.62
v -432.37 19.20 -426.74
v -433.88 19.20 -428.11
v -437.23 19.20 -424.54
v -438.82 19.20 -425.83
v -443.05 19.20 -420.55
v -445.48 19.20 -422.46
v -438.13 19.20 -431.27
v -437.40 19.20 -430.88
v -434.01 19.20 -435.07
v -432.35 19.20 -433.97
v -432.02 19.20 -434.43
v -430.51 19.20 -434.55
v -428.47 19.20 -437.33
v -428.61 19.20 -438.60
v -428.08 19.20 -439.05
f 685 686 734
f 685 734 733
f 686 687 735
f 686 735 734
f 687 688 736
f 687 736 735
f 688 689 737
f 688 737 736
f 689 690 738
f 689 738 737
f 690 691 739
f 690 739 738
f 691 692 740
f 691 740 739
f 692 693 741
f 692 741 740
f 693 694 742
f 693 742 741
f 694 695 743
f 694 743 742
f 695 696 744
f 695 744 743
f 696 697 745
f 696 745 744
f 697 698 746
f 697 746 745
f 698 699 747
f 698 747 746
f 699 700 748
f 699 748 747
f 700 701 749
f 700 749 748
f 701 702 750
f 701 750 749
f 702 703 751
f 702 751 750
f 703 704 752
f 703 752 751
f 704 705 753
f 704 753 752
f 705 706 754
f 705 754 753
f 706 707 755
f 706 755 754
f 707 708 756
f 707 756 755
f 708 709 757
f 708 757 756
f 709 710 758
f 709 758 757
f 710 711 759
f 710 759 758
f 711 712 760
f 711 760 759
f 712 713 761
f 712 761 760
f 713 714 762
f 713 762 761
f 714 715 763
f 714 763 762
f 715 716 764
f 715 764 763
f 716 717 765
f 716 765 764
f 717 718 766
f 717 766 765
f 718 719 767
f 718 767 766
f 719 720 768
f 719 768 767
f 720 721 769
f 720 769 768
f 721 722 770
f 721 770 769
f 722 723 771
f 722 771 770
f 723 724 772
f 723 772 771
f 724 725 773
f 724 773 772
f 725 726 774
f 725 774 773
f 726 727 775
f 726 775 774
f 727 728 776
f 727 776 775
f 728 729 777
f 728 777 776
f 729 730 778
f 729 778 777
f 730 731 779
f 730 779 778
f 731 732 780
f 731 780 779
f 732 685 733
f 732 733 780
f 779 780 733
f 734 735 736
f 740 741 742
f 743 744 745
f 746 747 748
f 749 750 751
f 751 752 753
f 755 756 757
f 757 758 759
f 759 760 761
f 761 762 763
f 764 765 766
f 766 767 768
f 768 769 770
f 772 773 774
f 774 775 776
f 776 777 778
f 778 779 733
f 734 736 737
f 740 742 743
f 743 745 746
f 746 748 749
f 755 757 759
f 759 761 763
f 764 766 768
f 774 776 778
f 778 733 734
f 734 737 738
f 739 740 743
f 743 746 749
f 755 759 763
f 764 768 770
f 774 778 734
f 743 749 751
f 755 763 764
f 772 774 734
f 739 743 751
f 755 764 770
f 771 772 734
f 739 751 753
f 755 770 771
f 771 734 738
f 739 753 754
f 755 771 738
f 738 739 754
f 754 755 738
o b223920789_office
v -431.14 0.00 -346.87
v -425.90 0.00 -353.16
v -433.43 0.00 -364.55
v -431.39 0.00 -366.87
v -485.16 0.00 -413.55
v -508.94 0.00 -386.54
v -445.75 0.00 -331.69
v -432.53 0.00 -346.71
v -431.14 16.00 -346.87
v -425.90 16.00 -353.16
v -433.43 16.00 -364.55
v -431.39 16.00 -366.87
v -485.16 16.00 -413.55
v -508.94 16.00 -386.54
v -445.75 16.00 -331.69
v -432.53 16.00 -346.71
f 781 782 790
f 781 790 789
f 782 783 791
f 782 791 790
f 783 784 792
f 783 792 791
f 784 785 793
f 784 793 792
f 785 786 794
f 785 794 793
f 786 787 795
f 786 795 794
f 787 788 796
f 787 796 795
f 788 781 789
f 788 789 796
f 796 789 790
f 791 792 793
f 793 794 795
f 796 790 791
f 791 793 795
f 795 796 791
o b223921989_residential
v -336.37 0.00 -358.19
v -358.87 0.00 -331.92
v -334.17 0.00 -309.09
v -333.76 0.00 -309.42
v -324.82 0.00 -301.81
v -324.70 0.00 -301.14
v -324.61 0.00 -300.66
v -318.47 0.00 -295.68
v -312.48 0.00 -302.46
v -298.74 0.00 -318.00
v -297.46 0.00 -318.21
v -295.15 0.00 -320.83
v -295.25 0.00 -322.15
v -294.74 0.00 -322.98
v -301.43 0.00 -328.77
v -313.93 0.00 -339.44
v -314.45 0.00 -338.90
v -315.82 0.00 -338.94
v -318.05 0.00 -336.04
v -317.76 0.00 -335.01
v -318.28 0.00 -334.46
v -316.69 0.00 -332.91
v -325.87 0.00 -322.11
v -324.87 0.00 -321.20
v -326.54 0.00 -319.28
v -329.52 0.00 -321.98
v -325.40 0.00 -327.10
v -326.72 0.00 -328.48
v -324.61 0.00 -330.95
v -326.31 0.00 -332.63
v -324.68 0.00 -334.86
v -326.35 0.00 -336.46
v -325.53 0.00 -337.51
v -328.20 0.00 -339.68
v -329.46 0.00 -338.22
v -330.23 0.00 -338.73
v -331.34 0.00 -337.32
v -333.71 0.00 -339.32
v -336.35 0.00 -336.44
v -338.79 0.00 -338.53
v -340.28 0.00 -336.82
v -342.98 0.00 -339.03
v -343.70 0.00 -338.52
v -345.83 0.00 -340.55
v -343.41 0.00 -343.38
v -341.48 0.00 -341.69
v -340.47 0.00 -342.62
v -339.04 0.00 -341.47
v -336.96 0.00 -343.88
v -335.49 0.00 -342.76
v -334.82 0.00 -343.39
v -334.05 0.00 -342.81
v -333.03 0.00 -343.86
v -333.78 0.00 -344.72
v -330.20 0.00 -348.82
v -329.17 0.00 -348.19
v -328.72 0.00 -348.64
v -329.61 0.00 -349.56
v -328.27 0.00 -351.26
v -336.37 9.50 -358.19
v -358.87 9.50 -331.92
v -334.17 9.50 -309.09
v -333.76 9.50 -309.42
v -324.82 9.50 -301.81
v -324.70 9.50 -301.14
v -324.61 9.50 -300.66
v -318.47 9.50 -295.68
v -312.48 9.50 -302.46
v -298.74 9.50 -318.00
v -297.46 9.50 -318.21
v -295.15 9.50 -320.83
v -295.25 9.50 -322.15
v -294.74 9.50 -322.98
v -301.43 9.50 -328.77
v -313.93 9.50 -339.44
v -314.45 9.50 -338.90
v -315.82 9.50 -338.94
v -318.05 9.50 -336.04
v -317.76 9.50 -335.01
v -318.28 9.50 -334.46
v -316.69 9.50 -332.91
v -325.87 9.50 -322.11
v -324.87 9.50 -321.20
v -326.54 9.50 -319.28
v -329.52 9.50 -321.98
v -325.40 9.50 -327.10
v -326.72 9.50 -328.48
v -324.61 9.50 -330.95
v -326.31 9.50 -332.63
v -324.68 9.50 -334.86
v -326.35 9.50 -336.46
v -325.53 9.50 -337.51
v -328.20 9.50 -339.68
v -329.46 9.50 -338.22
v -330.23 9.50 -338.73
v -331.34 9.50 -337.32
v -333.71 9.50 -339.32
v -336.35 9.50 -336.44
v -338.79 9.50 -338.53
v -340.28 9.50 -336.82
v -342.98 9.50 -339.03
v -343.70 9.50 -338.52
v -345.83 9.50 -340.55
v -343.41 9.50 -343.38
v -341.48 9.50 -341.69
v -340.47 9.50 -342.62
v -339.04 9.50 -341.47
v -336.96 9.50 -343.88
v -335.49 9.50 -342.76
v -334.82 9.50 -343.39
v -334.05 9.50 -342.81
v -333.03 9.50 -343.86
v -333.78 9.50 -344.72
v -330.20 9.50 -348.82
v -329.17 9.50 -348.19
v -328.72 9.50 -348.64
v -329.61 9.50 -349.56
v -328.27 9.50 -351.26
f 797 798 857
f 797 857 856
f 798 799 858
f 798 858 857
f 799 800 859
f 799 859 858
f 800 801 860
f 800 860 859
f 801 802 861
f 801 861 860
f 802 803 862
f 802 862 861
f 803 804 863
f 803 863 862
f 804 805 864
f 804 864 863
f 805 806 865
f 805 865 864
f 806 807 866
f 806 866 865
f 807 808 867
f 807 867 866
f 808 809 868
f 808 868 867
f 809 810 869
f 809 869 868
f 810 811 870
f 810 870 869
f 811 812 871
f 811 871 870
f 812 813 872
f 812 872 871
f 813 814 873
f 813 873 872
f 814 815 874
f 814 874 873
f 815 816 875
f 815 875 874
f 816 817 876
f 816 876 875
f 817 818 877
f 817 877 876
f 818 819 878
f 818 878 877
f 819 820 879
f 819 879 878
f 820 821 880
f 820 880 879
f 821 822 881
f 821 881 880
f 822 823 882
f 822 882 881
f 823 824 883
f 823 883 882
f 824 825 884
f 824 884 883
f 825 826 885
f 825 885 884
f 826 827 886
f 826 886 885
f 827 828 887
f 827 887 886
f 828 829 888
f 828 888 887
f 829 830 889
f 829 889 888
f 830 831 890
f 830 890 889
f 831 832 891
f 831 891 890
f 832 833 892
f 832 892 891
f 833 834 893
f 833 893 892
f 834 835 894
f 834 894 893
f 835 836 895
f 835 895 894
f 836 837 896
f 836 896 895
f 837 838 897
f 837 897 896
f 838 839 898
f 838 898 897
f 839 840 899
f 839 899 898
f 840 841 900
f 840 900 899
f 841 842 901
f 841 901 900
f 842 843 902
f 842 902 901
f 843 844 903
f 843 903 902
f 844 845 904
f 844 904 903
f 845 846 905
f 845 905 904
f 846 847 906
f 846 906 905
f 847 848 907
f 847 907 906
f 848 849 908
f 848 908 907
f 849 850 909
f 849 909 908
f 850 851 910
f 850 910 909
f 851 852 911
f 851 911 910
f 852 853 912
f 852 912 911
f 853 854 913
f 853 913 912
f 854 855 914
f 854 914 913
f 855 797 856
f 855 856 914
f 913 914 856
f 857 858 859
f 860 861 862
f 862 863 864
f 865 866 867
f 868 869 870
f 870 871 872
f 872 873 874
f 875 876 877
f 877 878 879
f 881 882 883
f 883 884 885
f 885 886 887
f 887 888 889
f 890 891 892
f 892 893 894
f 894 895 896
f 896 897 898
f 900 901 902
f 902 903 904
f 904 905 906
f 906 907 908
f 910 911 912
f 857 859 860
f 860 862 864
f 865 867 868
f 868 870 872
f 872 874 875
f 881 883 885
f 885 887 889
f 900 902 904
f 904 906 908
f 910 912 913
f 857 860 864
f 864 865 868
f 868 872 875
f 881 885 889
f 904 908 909
f 909 910 913
f 868 875 877
f 881 889 890
f 900 904 909
f 909 913 856
f 864 868 877
f 881 890 892
f 900 909 856
f 864 877 879
f 881 892 894
f 899 900 856
f 864 879 880
f 881 894 896
f 899 856 857
f 857 864 880
f 881 896 898
f 898 899 857
f 857 880 881
f 881 898 857
o b223921990_unknown
v -294.49 0.00 -377.04
v -308.87 0.00 -389.44
v -332.62 0.00 -362.28
v -318.23 0.00 -349.88
v -294.49 11.60 -377.04
v -308.87 11.60 -389.44
v -332.62 11.60 -362.28
v -318.23 11.60 -349.88
f 915 916 920
f 915 920 919
f 916 917 921
f 916 921 920
f 917 918 922
f 917 922 921
f 918 915 919
f 918 919 922
f 921 922 919
f 919 920 921
o b223921991_unknown
v -349.68 0.00 -425.61
v -373.67 0.00 -398.30
v -359.98 0.00 -386.45
v -335.99 0.00 -413.76
v -349.68 7.20 -425.61
v -373.67 7.20 -398.30
v -359.98 7.20 -386.45
v -335.99 7.20 -413.76
f 923 924 928
f 923 928 927
f 924 925 929
f 924 929 928
f 925 926 930
f 925 930 929
f 926 923 927
f 926 927 930
f 929 930 927
f 927 928 929
o b223921992_unknown
v -432.94 0.00 -321.64
v -391.41 0.00 -285.44
v -390.62 0.00 -286.33
v -362.19 0.00 -261.55
v -362.99 0.00 -260.64
v -356.53 0.00 -255.00
v -347.04 0.00 -265.74
v -333.45 0.00 -281.11
v -388.89 0.00 -329.44
v -388.29 0.00 -330.13
v -392.37 0.00 -333.68
v -392.90 0.00 -333.07
v -409.80 0.00 -347.80
v -432.94 22.40 -321.64
v -391.41 22.40 -285.44
v -390.62 22.40 -286.33
v -362.19 22.40 -261.55
v -362.99 22.40 -260.64
v -356.53 22.40 -255.00
v -347.04 22.40 -265.74
v -333.45 22.40 -281.11
v -388.89 22.40 -329.44
v -388.29 22.40 -330.13
v -392.37 22.40 -333.68
v -392.90 22.40 -333.07
v -409.80 22.40 -347.80
f 931 932 945
f 931 945 944
f 932 933 946
f 932 946 945
f 933 934 947
f 933 947 946
f 934 935 948
f 934 948 947
f 935 936 949
f 935 949 948
f 936 937 950
f 936 950 949
f 937 938 951
f 937 951 950
f 938 939 952
f 938 952 951
f 939 940 953
f 939 953 952
f 940 941 954
f 940 954 953
f 941 942 955
f 941 955 954
f 942 943 956
f 942 956 955
f 943 931 944
f 943 944 956
f 955 956 944
f 944 945 946
f 947 948 949
f 950 951 952
f 952 953 954
f 955 944 946
f 947 949 950
f 950 952 954
f 954 955 946
f 946 947 950
f 950 954 946
o b223921999_residential
v -289.34 0.00 -355.81
v -285.92 0.00 -352.87
v -291.97 0.00 -345.92
v -295.70 0.00 -349.14
v -305.36 0.00 -338.79
v -291.01 0.00 -326.44
v -267.27 0.00 -353.61
v -281.13 0.00 -365.53
v -289.34 19.20 -355.81
v -285.92 19.20 -352.87
v -291.97 19.20 -345.92
v -295.70 19.20 -349.14
v -305.36 19.20 -338.79
v -291.01 19.20 -326.44
v -267.27 19.20 -353.61
v -281.13 19.20 -365.53
f 957 958 966
f 957 966 965
f 958 959 967
f 958 967 966
f 959 960 968
f 959 968 967
f 960 961 969
f 960 969 968
f 961 962 970
f 961 970 969
f 962 963 971
f 962 971 970
f 963 964 972
f 963 972 971
f 964 957 965
f 964 965 972
f 971 972 965
f 967 968 969
f 969 970 971
f 971 965 966
f 967 969 971
f 971 966 967
o b223922000_unknown
v -305.39 0.00 -357.49
v -299.43 0.00 -364.32
v -292.36 0.00 -358.24
v -294.31 0.00 -355.98
v -291.38 0.00 -353.46
v -289.34 0.00 -355.81
v -281.13 0.00 -365.53
v -294.49 0.00 -377.04
v -318.23 0.00 -349.88
v -305.36 0.00 -338.79
v -295.70 0.00 -349.14
v -305.39 11.00 -357.49
v -299.43 11.00 -364.32
v -292.36 11.00 -358.24
v -294.31 11.00 -355.98
v -291.38 11.00 -353.46
v -289.34 11.00 -355.81
v -281.13 11.00 -365.53
v -294.49 11.00 -377.04
v -318.23 11.00 -349.88
v -305.36 11.00 -338.79
v -295.70 11.00 -349.14
f 973 974 985
f 973 985 984
f 974 975 986
f 974 986 985
f 975 976 987
f 975 987 986
f 976 977 988
f 976 988 987
f 977 978 989
f 977 989 988
f 978 979 990
f 978 990 989
f 979 980 991
f 979 991 990
f 980 981 992
f 980 992 991
f 981 982 993
f 981 993 992
f 982 983 994
f 982 994 993
f 983 973 984
f 983 984 994
f 993 994 984
f 986 987 988
f 988 989 990
f 992 993 984
f 986 988 990
f 991 992 984
f 985 986 990
f 991 984 985
f 985 990 991
o b223926935_office
v -317.33 0.00 -207.47
v -271.74 0.00 -168.09
v -270.70 0.00 -167.48
v -268.30 0.00 -166.92
v -267.30 0.00 -167.07
v -265.83 0.00 -167.29
v -263.72 0.00 -168.55
v -260.28 0.00 -165.49
v -246.73 0.00 -180.40
v -250.17 0.00 -183.30
v -246.40 0.00 -192.89
v -309.72 0.00 -216.72
v -317.33 12.80 -207.47
v -271.74 12.80 -168.09
v -270.70 12.80 -167.48
v -268.30 12.80 -166.92
v -267.30 12.80 -167.07
v -265.83 12.80 -167.29
v -263.72 12.80 -168.55
v -260.28 12.80 -165.49
v -246.73 12.80 -180.40
v -250.17 12.80 -183.30
v -246.40 12.80 -192.89
v -309.72 12.80 -216.72
f 995 996 1008
f 995 1008 1007
f 996 997 1009
f 996 1009 1008
f 997 998 1010
f 997 1010 1009
f 998 999 1011
f 998 1011 1010
f 999 1000 1012
f 999 1012 1011
f 1000 1001 1013
f 1000 1013 1012
f 1001 1002 1014
f 1001 1014 1013
f 1002 1003 1015
f 1002 1015 1014
f 1003 1004 1016
f 1003 1016 1015
f 1004 1005 1017
f 1004 1017 1016
f 1005 1006 1018
f 1005 1018 1017
f 1006 995 1007
f 1006 1007 1018
f 1017 1018 1007
f 1007 1008 1009
f 1009 1010 1011
f 1011 1012 1013
f 1013 1014 1015
f 1016 1017 1007
f 1007 1009 1011
f 1011 1013 1015
f 1015 1016 1007
f 1007 1011 1015
o b223926939_office
v -307.15 0.00 -259.13
v -308.38 0.00 -259.78
v -310.83 0.00 -260.56
v -314.07 0.00 -260.73
v -317.25 0.00 -259.95
v -320.03 0.00 -258.30
v -322.25 0.00 -255.91
v -323.66 0.00 -252.99
v -324.17 0.00 -249.79
v -323.72 0.00 -246.58
v -322.89 0.00 -244.77
v -322.36 0.00 -243.64
v -320.21 0.00 -241.22
v -317.44 0.00 -239.52
v -314.28 0.00 -238.68
v -311.05 0.00 -238.78
v -297.53 0.00 -226.54
v -297.98 0.00 -226.05
v -298.32 0.00 -225.83
v -227.96 0.00 -202.06
v -220.92 0.00 -209.58
v -222.79 0.00 -211.16
v -214.26 0.00 -220.81
v -224.44 0.00 -229.34
v -232.53 0.00 -234.67
v -250.15 0.00 -242.81
v -306.18 0.00 -261.97
v -307.15 35.20 -259.13
v -308.38 35.20 -259.78
v -310.83 35.20 -260.56
v -314.07 35.20 -260.73
v -317.25 35.20 -259.95
v -320.03 35.20 -258.30
v -322.25 35.20 -255.91
v -323.66 35.20 -252.99
v -324.17 35.20 -249.79
v -323.72 35.20 -246.58
v -322.89 35.20 -244.77
v -322.36 35.20 -243.64
v -320.21 35.20 -241.22
v -317.44 35.20 -239.52
v -314.28 35.20 -238.68
v -311.05 35.20 -238.78
v -297.53 35.20 -226.54
v -297.98 35.20 -226.05
v -298.32 35.20 -225.83
v -227.96 35.20 -202.06
v -220.92 35.20 -209.58
v -222.79 35.20 -211.16
v -214.26 35.20 -220.81
v -224.44 35.20 -229.34
v -232.53 35.20 -234.67
v -250.15 35.20 -242.81
v -306.18 35.20 -261.97
f 1019 1020 1047
f 1019 1047 1046
f 1020 1021 1048
f 1020 1048 1047
f 1021 1022 1049
f 1021 1049 1048
f 1022 1023 1050
f 1022 1050 1049
f 1023 1024 1051
f 1023 1051 1050
f 1024 1025 1052
f 1024 1052 1051
f 1025 1026 1053
f 1025 1053 1052
f 1026 1027 1054
f 1026 1054 1053
f 1027 1028 1055
f 1027 1055 1054
f 1028 1029 1056
f 1028 1056 1055
f 1029 1030 1057
f 1029 1057 1056
f 1030 1031 1058
f 1030 1058 1057
f 1031 1032 1059
f 1031 1059 1058
f 1032 1033 1060
f 1032 1060 1059
f 1033 1034 1061
f 1033 1061 1060
f 1034 1035 1062
f 1034 1062 1061
f 1035 1036 1063
f 1035 1063 1062
f 1036 1037 1064
f 1036 1064 1063
f 1037 1038 1065
f 1037 1065 1064
f 1038 1039 1066
f 1038 1066 1065
f 1039 1040 1067
f 1039 1067 1066
f 1040 1041 1068
f 1040 1068 1067
f 1041 1042 1069
f 1041 1069 1068
f 1042 1043 1070
f 1042 1070 1069
f 1043 1044 1071
f 1043 1071 1070
f 1044 1045 1072
f 1044 1072 1071
f 1045 1019 1046
f 1045 1046 1072
f 1071 1072 1046
f 1046 1047 1048
f 1048 1049 1050
f 1050 1051 1052
f 1052 1053 1054
f 1054 1055 1056
f 1056 1057 1058
f 1058 1059 1060
f 1063 1064 1065
f 1065 1066 1067
f 1067 1068 1069
f 1069 1070 1071
f 1046 1048 1050
f 1050 1052 1054
f 1054 1056 1058
f 1058 1060 1061
f 1062 1063 1065
f 1065 1067 1069
f 1069 1071 1046
f 1046 1050 1054
f 1054 1058 1061
f 1061 1062 1065
f 1065 1069 1046
f 1046 1054 1061
f 1061 1065 1046
o b223926972_unknown
v -307.81 0.00 -154.95
v -317.18 0.00 -154.91
v -317.21 0.00 -156.17
v -322.47 0.00 -156.14
v -322.52 0.00 -154.88
v -332.73 0.00 -154.76
v -336.36 0.00 -153.75
v -339.33 0.00 -151.44
v -341.18 0.00 -148.17
v -341.65 0.00 -144.44
v -340.64 0.00 -140.83
v -338.32 0.00 -137.87
v -335.04 0.00 -136.02
v -332.67 0.00 -135.59
v -307.20 0.00 -135.51
v -299.69 0.00 -129.53
v -299.85 0.00 -127.71
v -276.93 0.00 -128.31
v -307.81 7.00 -154.95
v -317.18 7.00 -154.91
v -317.21 7.00 -156.17
v -322.47 7.00 -156.14
v -322.52 7.00 -154.88
v -332.73 7.00 -154.76
v -336.36 7.00 -153.75
v -339.33 7.00 -151.44
v -341.18 7.00 -148.17
v -341.65 7.00 -144.44
v -340.64 7.00 -140.83
v -338.32 7.00 -137.87
v -335.04 7.00 -136.02
v -332.67 7.00 -135.59
v -307.20 7.00 -135.51
v -299.69 7.00 -129.53
v -299.85 7.00 -127.71
v -276.93 7.00 -128.31
f 1073 1074 1092
f 1073 1092 1091
f 1074 1075 1093
f 1074 1093 1092
f 1075 1076 1094
f 1075 1094 1093
f 1076 1077 1095
f 1076 1095 1094
f 1077 1078 1096
f 1077 1096 1095
f 1078 1079 1097
f 1078 1097 1096
f 1079 1080 1098
f 1079 1098 1097
f 1080 1081 1099
f 1080 1099 1098
f 1081 1082 1100
f 1081 1100 1099
f 1082 1083 1101
f 1082 1101 1100
f 1083 1084 1102
f 1083 1102 1101
f 1084 1085 1103
f 1084 1103 1102
f 1085 1086 1104
f 1085 1104 1103
f 1086 1087 1105
f 1086 1105 1104
f 1087 1088 1106
f 1087 1106 1105
f 1088 1089 1107
f 1088 1107 1106
f 1089 1090 1108
f 1089 1108 1107
f 1090 1073 1091
f 1090 1091 1108
f 1108 1091 1092
f 1092 1093 1094
f 1095 1096 1097
f 1097 1098 1099
f 1099 1100 1101
f 1101 1102 1103
f 1103 1104 1105
f 1106 1107 1108
f 1108 1092 1094
f 1095 1097 1099
f 1099 1101 1103
f 1105 1106 1108
f 1108 1094 1095
f 1095 1099 1103
f 1105 1108 1095
f 1095 1103 1105
o b223926973_residential
v -184.02 0.00 -363.28
v -156.40 0.00 -339.30
v -139.31 0.00 -358.62
v -141.87 0.00 -361.20
v -146.92 0.00 -365.53
v -147.85 0.00 -364.47
v -157.64 0.00 -372.87
v -156.57 0.00 -374.11
v -161.75 0.00 -378.56
v -167.39 0.00 -382.25
v -184.02 4.70 -363.28
v -156.40 4.70 -339.30
v -139.31 4.70 -358.62
v -141.87 4.70 -361.20
v -146.92 4.70 -365.53
v -147.85 4.70 -364.47
v -157.64 4.70 -372.87
v -156.57 4.70 -374.11
v -161.75 4.70 -378.56
v -167.39 4.70 -382.25
f 1109 1110 1120
f 1109 1120 1119
f 1110 1111 1121
f 1110 1121 1120
f 1111 1112 1122
f 1111 1122 1121
f 1112 1113 1123
f 1112 1123 1122
f 1113 1114 1124
f 1113 1124 1123
f 1114 1115 1125
f 1114 1125 1124
f 1115 1116 1126
f 1115 1126 1125
f 1116 1117 1127
f 1116 1127 1126
f 1117 1118 1128
f 1117 1128 1127
f 1118 1109 1119
f 1118 1119 1128
f 1127 1128 1119
f 1119 1120 1121
f 1121 1122 1123
f 1125 1126 1127
f 1121 1123 1124
f 1125 1127 1119
f 1119 1121 1124
f 1124 1125 1119
o b223926977_residential
v -253.59 0.00 -311.82
v -265.89 0.00 -297.62
v -280.24 0.00 -282.02
v -285.40 0.00 -275.93
v -265.33 0.00 -269.10
v -262.52 0.00 -277.02
v -263.08 0.00 -278.52
v -259.30 0.00 -289.58
v -257.05 0.00 -288.69
v -256.12 0.00 -291.99
v -251.84 0.00 -290.93
v -252.08 0.00 -289.88
v -249.41 0.00 -289.47
v -248.73 0.00 -287.71
v -250.00 0.00 -284.52
v -247.32 0.00 -283.73
v -247.93 0.00 -281.98
v -245.79 0.00 -281.22
v -246.69 0.00 -278.66
v -243.63 0.00 -277.60
v -244.31 0.00 -275.71
v -242.32 0.00 -275.01
v -243.58 0.00 -271.40
v -244.86 0.00 -270.82
v -247.37 0.00 -263.01
v -217.61 0.00 -252.90
v -215.78 0.00 -254.72
v -219.76 0.00 -257.81
v -250.04 0.00 -311.49
v -253.59 19.20 -311.82
v -265.89 19.20 -297.62
v -280.24 19.20 -282.02
v -285.40 19.20 -275.93
v -265.33 19.20 -269.10
v -262.52 19.20 -277.02
v -263.08 19.20 -278.52
v -259.30 19.20 -289.58
v -257.05 19.20 -288.69
v -256.12 19.20 -291.99
v -251.84 19.20 -290.93
v -252.08 19.20 -289.88
v -249.41 19.20 -289.47
v -248.73 19.20 -287.71
v -250.00 19.20 -284.52
v -247.32 19.20 -283.73
v -247.93 19.20 -281.98
v -245.79 19.20 -281.22
v -246.69 19.20 -278.66
v -243.63 19.20 -277.60
v -244.31 19.20 -275.71
v -242.32 19.20 -275.01
v -243.58 19.20 -271.40
v -244.86 19.20 -270.82
v -247.37 19.20 -263.01
v -217.61 19.20 -252.90
v -215.78 19.20 -254.72
v -219.76 19.20 -257.81
v -250.04 19.20 -311.49
f 1129 1130 1159
f 1129 1159 1158
f 1130 1131 1160
f 1130 1160 1159
f 1131 1132 1161
f 1131 1161 1160
f 1132 1133 1162
f 1132 1162 1161
f 1133 1134 1163
f 1133 1163 1162
f 1134 1135 1164
f 1134 1164 1163
f 1135 1136 1165
f 1135 1165 1164
f 1136 1137 1166
f 1136 1166 1165
f 1137 1138 1167
f 1137 1167 1166
f 1138 1139 1168
f 1138 1168 1167
f 1139 1140 1169
f 1139 1169 1168
f 1140 1141 1170
f 1140 1170 1169
f 1141 1142 1171
f 1141 1171 1170
f 1142 1143 1172
f 1142 1172 1171
f 1143 1144 1173
f 1143 1173 1172
f 1144 1145 1174
f 1144 1174 1173
f 1145 1146 1175
f 1145 1175 1174
f 1146 1147 1176
f 1146 1176 1175
f 1147 1148 1177
f 1147 1177 1176
f 1148 1149 1178
f 1148 1178 1177
f 1149 1150 1179
f 1149 1179 1178
f 1150 1151 1180
f 1150 1180 1179
f 1151 1152 1181
f 1151 1181 1180
f 1152 1153 1182
f 1152 1182 1181
f 1153 1154 1183
f 1153 1183 1182
f 1154 1155 1184
f 1154 1184 1183
f 1155 1156 1185
f 1155 1185 1184
f 1156 1157 1186
f 1156 1186 1185
f 1157 1129 1158
f 1157 1158 1186
f 1185 1186 1158
f 1159 1160 1161
f 1161 1162 1163
f 1165 1166 1167
f 1168 1169 1170
f 1171 1172 1173
f 1173 1174 1175
f 1175 1176 1177
f 1177 1178 1179
f 1180 1181 1182
f 1182 1183 1184
f 1161 1163 1164
f 1171 1173 1175
f 1180 1182 1184
f 1159 1161 1164
f 1170 1171 1175
f 1179 1180 1184
f 1158 1159 1164
f 1170 1175 1177
f 1179 1184 1185
f 1158 1164 1165
f 1170 1177 1179
f 1179 1185 1158
f 1158 1165 1167
f 1170 1179 1158
f 1158 1167 1168
f 1168 1170 1158
o b223926985_unknown
v -185.43 0.00 -309.17
v -158.26 0.00 -285.55
v -134.25 0.00 -312.78
v -161.42 0.00 -336.41
v -185.43 12.80 -309.17
v -158.26 12.80 -285.55
v -134.25 12.80 -312.78
v -161.42 12.80 -336.41
f 1187 1188 1192
f 1187 1192 1191
f 1188 1189 1193
f 1188 1193 1192
f 1189 1190 1194
f 1189 1194 1193
f 1190 1187 1191
f 1190 1191 1194
f 1193 1194 1191
f 1191 1192 1193
o b223926987_retail
v -86.82 0.00 -376.60
v -88.22 0.00 -376.58
v -97.63 0.00 -365.67
v -90.86 0.00 -359.72
v -68.54 0.00 -385.03
v -74.80 0.00 -390.32
v -86.82 9.60 -376.60
v -88.22 9.60 -376.58
v -97.63 9.60 -365.67
v -90.86 9.60 -359.72
v -68.54 9.60 -385.03
v -74.80 9.60 -390.32
f 1195 1196 1202
f 1195 1202 1201
f 1196 1197 1203
f 1196 1203 1202
f 1197 1198 1204
f 1197 1204 1203
f 1198 1199 1205
f 1198 1205 1204
f 1199 1200 1206
f 1199 1206 1205
f 1200 1195 1201
f 1200 1201 1206
f 1205 1206 1201
f 1201 1202 1203
f 1203 1204 1205
f 1205 1201 1203
o b223927903_residential
v -242.33 0.00 -156.86
v -242.99 0.00 -157.33
v -243.77 0.00 -156.43
v -243.45 0.00 -156.09
v -247.92 0.00 -149.16
v -246.59 0.00 -147.97
v -235.39 0.00 -137.90
v -232.50 0.00 -141.03
v -228.96 0.00 -138.48
v -227.45 0.00 -137.84
v -226.49 0.00 -137.69
v -225.16 0.00 -137.78
v -223.57 0.00 -138.37
v -222.54 0.00 -139.15
v -219.13 0.00 -142.84
v -209.68 0.00 -134.96
v -219.44 0.00 -124.42
v -209.45 0.00 -115.62
v -208.88 0.00 -115.68
v -171.49 0.00 -83.05
v -171.27 0.00 -83.56
v -170.40 0.00 -83.63
v -170.30 0.00 -82.27
v -162.25 0.00 -83.24
v -162.81 0.00 -84.78
v -161.10 0.00 -84.94
v -160.33 0.00 -84.21
v -141.29 0.00 -106.26
v -146.35 0.00 -110.54
v -143.80 0.00 -114.24
v -149.37 0.00 -118.92
v -148.30 0.00 -120.16
v -160.49 0.00 -130.67
v -160.34 0.00 -130.90
v -172.72 0.00 -141.36
v -172.61 0.00 -141.65
v -192.19 0.00 -158.29
v -192.04 0.00 -158.56
v -198.93 0.00 -164.51
v -221.01 0.00 -181.21
v -242.33 25.60 -156.86
v -242.99 25.60 -157.33
v -243.77 25.60 -156.43
v -243.45 25.60 -156.09
v -247.92 25.60 -149.16
v -246.59 25.60 -147.97
v -235.39 25.60 -137.90
v -232.50 25.60 -141.03
v -228.96 25.60 -138.48
v -227.45 25.60 -137.84
v -226.49 25.60 -137.69
v -225.16 25.60 -137.78
v -223.57 25.60 -138.37
v -222.54 25.60 -139.15
v -219.13 25.60 -142.84
v -209.68 25.60 -134.96
v -219.44 25.60 -124.42
v -209.45 25.60 -115.62
v -208.88 25.60 -115.68
v -171.49 25.60 -83.05
v -171.27 25.60 -83.56
v -170.40 25.60 -83.63
v -170.30 25.60 -82.27
v -162.25 25.60 -83.24
v -162.81 25.60 -84.78
v -161.10 25.60 -84.94
v -160.33 25.60 -84.21
v -141.29 25.60 -106.26
v -146.35 25.60 -110.54
v -143.80 25.60 -114.24
v -149.37 25.60 -118.92
v -148.30 25.60 -120.16
v -160.49 25.60 -130.67
v -160.34 25.60 -130.90
v -172.72 25.60 -141.36
v -172.61 25.60 -141.65
v -192.19 25.60 -158.29
v -192.04 25.60 -158.56
v -198.93 25.60 -164.51
v -221.01 25.60 -181.21
f 1207 1208 1248
f 1207 1248 1247
f 1208 1209 1249
f 1208 1249 1248
f 1209 1210 1250
f 1209 1250 1249
f 1210 1211 1251
f 1210 1251 1250
f 1211 1212 1252
f 1211 1252 1251
f 1212 1213 1253
f 1212 1253 1252
f 1213 1214 1254
f 1213 1254 1253
f 1214 1215 1255
f 1214 1255 1254
f 1215 1216 1256
f 1215 1256 1255
f 1216 1217 1257
f 1216 1257 1256
f 1217 1218 1258
f 1217 1258 1257
f 1218 1219 1259
f 1218 1259 1258
f 1219 1220 1260
f 1219 1260 1259
f 1220 1221 1261
f 1220 1261 1260
f 1221 1222 1262
f 1221 1262 1261
f 1222 1223 1263
f 1222 1263 1262
f 1223 1224 1264
f 1223 1264 1263
f 1224 1225 1265
f 1224 1265 1264
f 1225 1226 1266
f 1225 1266 1265
f 1226 1227 1267
f 1226 1267 1266
f 1227 1228 1268
f 1227 1268 1267
f 1228 1229 1269
f 1228 1269 1268
f 1229 1230 1270
f 1229 1270 1269
f 1230 1231 1271
f 1230 1271 1270
f 1231 1232 1272
f 1231 1272 1271
f 1232 1233 1273
f 1232 1273 1272
f 1233 1234 1274
f 1233 1274 1273
f 1234 1235 1275
f 1234 1275 1274
f 1235 1236 1276
f 1235 1276 1275
f 1236 1237 1277
f 1236 1277 1276
f 1237 1238 1278
f 1237 1278 1277
f 1238 1239 1279
f 1238 1279 1278
f 1239 1240 1280
f 1239 1280 1279
f 1240 1241 1281
f 1240 1281 1280
f 1241 1242 1282
f 1241 1282 1281
f 1242 1243 1283
f 1242 1283 1282
f 1243 1244 1284
f 1243 1284 1283
f 1244 1245 1285
f 1244 1285 1284
f 1245 1246 1286
f 1245 1286 1285
f 1246 1207 1247
f 1246 1247 1286
f 1285 1286 1247
f 1247 1248 1249
f 1250 1251 1252
f 1252 1253 1254
f 1254 1255 1256
f 1256 1257 1258
f 1258 1259 1260
f 1262 1263 1264
f 1265 1266 1267
f 1268 1269 1270
f 1272 1273 1274
f 1275 1276 1277
f 1277 1278 1279
f 1279 1280 1281
f 1281 1282 1283
f 1283 1284 1285
f 1285 1247 1249
f 1250 1252 1254
f 1254 1256 1258
f 1258 1260 1261
f 1262 1264 1265
f 1265 1267 1268
f 1268 1270 1271
f 1271 1272 1274
f 1275 1277 1279
f 1279 1281 1283
f 1283 1285 1249
f 1250 1254 1258
f 1262 1265 1268
f 1268 1271 1274
f 1275 1279 1283
f 1283 1249 1250
f 1250 1258 1261
f 1262 1268 1274
f 1275 1283 1250
f 1261 1262 1274
f 1274 1275 1250
f 1250 1261 1274
o b223927909_unknown
v -139.61 0.00 -204.84
v -142.98 0.00 -206.02
v -138.26 0.00 -195.94
v -134.69 0.00 -190.68
v -130.95 0.00 -186.29
v -120.00 0.00 -176.91
v -114.98 0.00 -172.61
v -96.87 0.00 -157.09
v -89.43 0.00 -165.58
v -130.47 0.00 -201.93
v -139.61 10.80 -204.84
v -142.98 10.80 -206.02
v -138.26 10.80 -195.94
v -134.69 10.80 -190.68
v -130.95 10.80 -186.29
v -120.00 10.80 -176.91
v -114.98 10.80 -172.61
v -96.87 10.80 -157.09
v -89.43 10.80 -165.58
v -130.47 10.80 -201.93
f 1287 1288 1298
f 1287 1298 1297
f 1288 1289 1299
f 1288 1299 1298
f 1289 1290 1300
f 1289 1300 1299
f 1290 1291 1301
f 1290 1301 1300
f 1291 1292 1302
f 1291 1302 1301
f 1292 1293 1303
f 1292 1303 1302
f 1293 1294 1304
f 1293 1304 1303
f 1294 1295 1305
f 1294 1305 1304
f 1295 1296 1306
f 1295 1306 1305
f 1296 1287 1297
f 1296 1297 1306
f 1305 1306 1297
f 1297 1298 1299
f 1299 1300 1301
f 1301 1302 1303
f 1303 1304 1305
f 1305 1297 1299
f 1299 1301 1303
f 1303 1305 1299
o b223927910_retail
v -9.77 0.00 -310.25
v -20.06 0.00 -298.84
v 5.84 0.00 -276.06
v 8.72 0.00 -276.29
v 17.50 0.00 -286.38
v -9.77 13.70 -310.25
v -20.06 13.70 -298.84
v 5.84 13.70 -276.06
v 8.72 13.70 -276.29
v 17.50 13.70 -286.38
f 1307 1308 1313
f 1307 1313 1312
f 1308 1309 1314
f 1308 1314 1313
f 1309 1310 1315
f 1309 1315 1314
f 1310 1311 1316
f 1310 1316 1315
f 1311 1307 1312
f 1311 1312 1316
f 1315 1316 1312
f 1312 1313 1314
f 1314 1315 1312
o b223927914_unknown
v -115.35 0.00 -218.26
v -114.36 0.00 -219.07
v -126.66 0.00 -230.33
v -125.87 0.00 -231.24
v -134.99 0.00 -239.12
v -135.52 0.00 -238.52
v -147.53 0.00 -248.97
v -147.86 0.00 -248.59
v -150.41 0.00 -250.83
v -156.37 0.00 -256.03
v -168.03 0.00 -242.88
v -163.54 0.00 -235.09
v -115.35 22.40 -218.26
v -114.36 22.40 -219.07
v -126.66 22.40 -230.33
v -125.87 22.40 -231.24
v -134.99 22.40 -239.12
v -135.52 22.40 -238.52
v -147.53 22.40 -248.97
v -147.86 22.40 -248.59
v -150.41 22.40 -250.83
v -156.37 22.40 -256.03
v -168.03 22.40 -242.88
v -163.54 22.40 -235.09
f 1317 1318 1330
f 1317 1330 1329
f 1318 1319 1331
f 1318 1331 1330
f 1319 1320 1332
f 1319 1332 1331
f 1320 1321 1333
f 1320 1333 1332
f 1321 1322 1334
f 1321 1334 1333
f 1322 1323 1335
f 1322 1335 1334
f 1323 1324 1336
f 1323 1336 1335
f 1324 1325 1337
f 1324 1337 1336
f 1325 1326 1338
f 1325 1338 1337
f 1326 1327 1339
f 1326 1339 1338
f 1327 1328 1340
f 1327 1340 1339
f 1328 1317 1329
f 1328 1329 1340
f 1339 1340 1329
f 1329 1330 1331
f 1331 1332 1333
f 1334 1335 1336
f 1336 1337 1338
f 1338 1339 1329
f 1329 1331 1333
f 1336 1338 1329
f 1329 1333 1334
f 1334 1336 1329
o b223927916_unknown
v -31.53 0.00 -384.65
v -35.03 0.00 -380.67
v -25.16 0.00 -372.13
v -17.90 0.00 -380.40
v -19.69 0.00 -381.96
v -14.42 0.00 -387.97
v -28.08 0.00 -399.78
v -37.11 0.00 -389.48
v -31.53 4.90 -384.65
v -35.03 4.90 -380.67
v -25.16 4.90 -372.13
v -17.90 4.90 -380.40
v -19.69 4.90 -381.96
v -14.42 4.90 -387.97
v -28.08 4.90 -399.78
v -37.11 4.90 -389.48
f 1341 1342 1350
f 1341 1350 1349
f 1342 1343 1351
f 1342 1351 1350
f 1343 1344 1352
f 1343 1352 1351
f 1344 1345 1353
f 1344 1353 1352
f 1345 1346 1354
f 1345 1354 1353
f 1346 1347 1355
f 1346 1355 1354
f 1347 1348 1356
f 1347 1356 1355
f 1348 1341 1349
f 1348 1349 1356
f 1355 1356 1349
f 1349 1350 1351
f 1351 1352 1353
f 1353 1354 1355
f 1355 1349 1351
f 1351 1353 1355
o b223927921_residential
v -85.17 0.00 -282.53
v -66.58 0.00 -303.66
v -75.22 0.00 -311.16
v -84.05 0.00 -318.81
v -90.25 0.00 -324.21
v -89.72 0.00 -324.80
v -91.93 0.00 -326.72
v -92.50 0.00 -326.08
v -93.29 0.00 -326.77
v -93.84 0.00 -326.15
v -94.50 0.00 -326.72
v -114.20 0.00 -304.37
v -113.06 0.00 -303.38
v -113.97 0.00 -302.35
v -87.78 0.00 -279.59
v -86.19 0.00 -281.39
v -85.17 12.80 -282.53
v -66.58 12.80 -303.66
v -75.22 12.80 -311.16
v -84.05 12.80 -318.81
v -90.25 12.80 -324.21
v -89.72 12.80 -324.80
v -91.93 12.80 -326.72
v -92.50 12.80 -326.08
v -93.29 12.80 -326.77
v -93.84 12.80 -326.15
v -94.50 12.80 -326.72
v -114.20 12.80 -304.37
v -113.06 12.80 -303.38
v -113.97 12.80 -302.35
v -87.78 12.80 -279.59
v -86.19 12.80 -281.39
f 1357 1358 1374
f 1357 1374 1373
f 1358 1359 1375
f 1358 1375 1374
f 1359 1360 1376
f 1359 1376 1375
f 1360 1361 1377
f 1360 1377 1376
f 1361 1362 1378
f 1361 1378 1377
f 1362 1363 1379
f 1362 1379 1378
f 1363 1364 1380
f 1363 1380 1379
f 1364 1365 1381
f 1364 1381 1380
f 1365 1366 1382
f 1365 1382 1381
f 1366 1367 1383
f 1366 1383 1382
f 1367 1368 1384
f 1367 1384 1383
f 1368 1369 1385
f 1368 1385 1384
f 1369 1370 1386
f 1369 1386 1385
f 1370 1371 1387
f 1370 1387 1386
f 1371 1372 1388
f 1371 1388 1387
f 1372 1357 1373
f 1372 1373 1388
f 1388 1373 1374
f 1374 1375 1376
f 1377 1378 1379
f 1380 1381 1382
f 1382 1383 1384
f 1385 1386 1387
f 1387 1388 1374
f 1377 1379 1380
f 1380 1382 1384
f 1385 1387 1374
f 1376 1377 1380
f 1380 1384 1385
f 1385 1374 1376
f 1376 1380 1385
o b223927925_unknown
v -50.27 0.00 -347.23
v -63.54 0.00 -358.95
v -74.75 0.00 -346.37
v -61.51 0.00 -334.70
v -50.27 4.90 -347.23
v -63.54 4.90 -358.95
v -74.75 4.90 -346.37
v -61.51 4.90 -334.70
f 1389 1390 1394
f 1389 1394 1393
f 1390 1391 1395
f 1390 1395 1394
f 1391 1392 1396
f 1391 1396 1395
f 1392 1389 1393
f 1392 1393 1396
f 1395 1396 1393
f 1393 1394 1395
o b223927930_retail
v -73.62 0.00 -182.78
v -117.00 0.00 -197.40
v -117.98 0.00 -194.82
v -116.10 0.00 -194.23
v -114.83 0.00 -193.15
v -114.05 0.00 -193.94
v -85.26 0.00 -169.60
v -73.62 12.80 -182.78
v -117.00 12.80 -197.40
v -117.98 12.80 -194.82
v -116.10 12.80 -194.23
v -114.83 12.80 -193.15
v -114.05 12.80 -193.94
v -85.26 12.80 -169.60
f 1397 1398 1405
f 1397 1405 1404
f 1398 1399 1406
f 1398 1406 1405
f 1399 1400 1407
f 1399 1407 1406
f 1400 1401 1408
f 1400 1408 1407
f 1401 1402 1409
f 1401 1409 1408
f 1402 1403 1410
f 1402 1410 1409
f 1403 1397 1404
f 1403 1404 1410
f 1409 1410 1404
f 1405 1406 1407
f 1407 1408 1409
f 1409 1404 1405
f 1405 1407 1409
o b223927932_office
v -87.43 0.00 -223.41
v -78.13 0.00 -215.22
v -69.29 0.00 -225.13
v -62.07 0.00 -233.23
v -54.35 0.00 -241.87
v -63.66 0.00 -250.05
v -87.43 6.40 -223.41
v -78.13 6.40 -215.22
v -69.29 6.40 -225.13
v -62.07 6.40 -233.23
v -54.35 6.40 -241.87
v -63.66 6.40 -250.05
f 1411 1412 1418
f 1411 1418 1417
f 1412 1413 1419
f 1412 1419 1418
f 1413 1414 1420
f 1413 1420 1419
f 1414 1415 1421
f 1414 1421 1420
f 1415 1416 1422
f 1415 1422 1421
f 1416 1411 1417
f 1416 1417 1422
f 1421 1422 1417
f 1417 1418 1419
f 1420 1421 1417
f 1417 1419 1420
o b223927935_residential
v -53.36 0.00 -242.98
v -54.35 0.00 -241.87
v -62.07 0.00 -233.23
v -60.16 0.00 -231.55
v -67.39 0.00 -223.45
v -69.29 0.00 -225.13
v -78.13 0.00 -215.22
v -59.30 0.00 -198.66
v -34.54 0.00 -226.42
v -53.36 19.20 -242.98
v -54.35 19.20 -241.87
v -62.07 19.20 -233.23
v -60.16 19.20 -231.55
v -67.39 19.20 -223.45
v -69.29 19.20 -225.13
v -78.13 19.20 -215.22
v -59.30 19.20 -198.66
v -34.54 19.20 -226.42
f 1423 1424 1433
f 1423 1433 1432
f 1424 1425 1434
f 1424 1434 1433
f 1425 1426 1435
f 1425 1435 1434
f 1426 1427 1436
f 1426 1436 1435
f 1427 1428 1437
f 1427 1437 1436
f 1428 1429 1438
f 1428 1438 1437
f 1429 1430 1439
f 1429 1439 1438
f 1430 1431 1440
f 1430 1440 1439
f 1431 1423 1432
f 1431 1432 1440
f 1439 1440 1432
f 1433 1434 1435
f 1436 1437 1438
f 1439 1432 1433
f 1436 1438 1439
f 1439 1433 1435
f 1435 1436 1439
o b223928482_unknown
v 215.16 0.00 -397.73
v 173.83 0.00 -433.50
v 152.31 0.00 -408.98
v 193.64 0.00 -373.22
v 215.16 22.40 -397.73
v 173.83 22.40 -433.50
v 152.31 22.40 -408.98
v 193.64 22.40 -373.22
f 1441 1442 1446
f 1441 1446 1445
f 1442 1443 1447
f 1442 1447 1446
f 1443 1444 1448
f 1443 1448 1447
f 1444 1441 1445
f 1444 1445 1448
f 1447 1448 1445
f 1445 1446 1447
o b223928486_retail
v 215.48 0.00 -316.96
v 188.26 0.00 -341.02
v 166.48 0.00 -316.51
v 194.24 0.00 -292.65
v 215.48 6.40 -316.96
v 188.26 6.40 -341.02
v 166.48 6.40 -316.51
v 194.24 6.40 -292.65
f 1449 1450 1454
f 1449 1454 1453
f 1450 1451 1455
f 1450 1455 1454
f 1451 1452 1456
f 1451 1456 1455
f 1452 1449 1453
f 1452 1453 1456
f 1455 1456 1453
f 1453 1454 1455
o b223928488_residential
v 148.82 0.00 -325.44
v 109.48 0.00 -359.55
v 87.68 0.00 -334.77
v 127.01 0.00 -300.65
v 148.82 19.20 -325.44
v 109.48 19.20 -359.55
v 87.68 19.20 -334.77
v 127.01 19.20 -300.65
f 1457 1458 1462
f 1457 1462 1461
f 1458 1459 1463
f 1458 1463 1462
f 1459 1460 1464
f 1459 1464 1463
f 1460 1457 1461
f 1460 1461 1464
f 1463 1464 1461
f 1461 1462 1463
o b223928492_unknown
v 232.02 0.00 -389.37
v 245.78 0.00 -377.44
v 259.24 0.00 -365.53
v 280.93 0.00 -390.43
v 253.74 0.00 -414.07
v 232.02 12.80 -389.37
v 245.78 12.80 -377.44
v 259.24 12.80 -365.53
v 280.93 12.80 -390.43
v 253.74 12.80 -414.07
f 1465 1466 1471
f 1465 1471 1470
f 1466 1467 1472
f 1466 1472 1471
f 1467 1468 1473
f 1467 1473 1472
f 1468 1469 1474
f 1468 1474 1473
f 1469 1465 1470
f 1469 1470 1474
f 1473 1474 1470
f 1471 1472 1473
f 1473 1470 1471
o b223929016_unknown
v 394.16 0.00 -377.99
v 415.76 0.00 -402.58
v 405.39 0.00 -411.56
v 395.14 0.00 -420.44
v 373.54 0.00 -395.84
v 394.16 19.20 -377.99
v 415.76 19.20 -402.58
v 405.39 19.20 -411.56
v 395.14 19.20 -420.44
v 373.54 19.20 -395.84
f 1475 1476 1481
f 1475 1481 1480
f 1476 1477 1482
f 1476 1482 1481
f 1477 1478 1483
f 1477 1483 1482
f 1478 1479 1484
f 1478 1484 1483
f 1479 1475 1480
f 1479 1480 1484
f 1483 1484 1480
f 1480 1481 1482
f 1482 1483 1480
o b223929020_unknown
v 314.49 0.00 -231.57
v 309.41 0.00 -236.00
v 309.14 0.00 -235.70
v 291.37 0.00 -251.22
v 291.74 0.00 -251.63
v 286.82 0.00 -255.93
v 286.50 0.00 -255.57
v 264.90 0.00 -231.17
v 292.66 0.00 -206.93
v 314.49 6.50 -231.57
v 309.41 6.50 -236.00
v 309.14 6.50 -235.70
v 291.37 6.50 -251.22
v 291.74 6.50 -251.63
v 286.82 6.50 -255.93
v 286.50 6.50 -255.57
v 264.90 6.50 -231.17
v 292.66 6.50 -206.93
f 1485 1486 1495
f 1485 1495 1494
f 1486 1487 1496
f 1486 1496 1495
f 1487 1488 1497
f 1487 1497 1496
f 1488 1489 1498
f 1488 1498 1497
f 1489 1490 1499
f 1489 1499 1498
f 1490 1491 1500
f 1490 1500 1499
f 1491 1492 1501
f 1491 1501 1500
f 1492 1493 1502
f 1492 1502 1501
f 1493 1485 1494
f 1493 1494 1502
f 1501 1502 1494
f 1494 1495 1496
f 1497 1498 1499
f 1499 1500 1501
f 1501 1494 1496
f 1497 1499 1501
f 1501 1496 1497
o b223929036_retail
v 331.21 0.00 -252.02
v 378.24 0.00 -305.67
v 365.75 0.00 -316.86
v 353.96 0.00 -326.96
v 307.10 0.00 -273.46
v 318.58 0.00 -263.07
v 331.21 9.60 -252.02
v 378.24 9.60 -305.67
v 365.75 9.60 -316.86
v 353.96 9.60 -326.96
v 307.10 9.60 -273.46
v 318.58 9.60 -263.07
f 1503 1504 1510
f 1503 1510 1509
f 1504 1505 1511
f 1504 1511 1510
f 1505 1506 1512
f 1505 1512 1511
f 1506 1507 1513
f 1506 1513 1512
f 1507 1508 1514
f 1507 1514 1513
f 1508 1503 1509
f 1508 1509 1514
f 1513 1514 1509
f 1509 1510 1511
f 1511 1512 1513
f 1513 1509 1511
o b223937026_weapons_outdoors
v 475.37 0.00 -348.82
v 475.50 0.00 -350.49
v 457.93 0.00 -366.13
v 457.10 0.00 -366.32
v 456.37 0.00 -366.09
v 413.18 0.00 -316.96
v 413.63 0.00 -316.72
v 413.78 0.00 -315.53
v 415.88 0.00 -313.44
v 416.41 0.00 -313.35
v 416.86 0.00 -312.87
v 475.37 19.20 -348.82
v 475.50 19.20 -350.49
v 457.93 19.20 -366.13
v 457.10 19.20 -366.32
v 456.37 19.20 -366.09
v 413.18 19.20 -316.96
v 413.63 19.20 -316.72
v 413.78 19.20 -315.53
v 415.88 19.20 -313.44
v 416.41 19.20 -313.35
v 416.86 19.20 -312.87
f 1515 1516 1527
f 1515 1527 1526
f 1516 1517 1528
f 1516 1528 1527
f 1517 1518 1529
f 1517 1529 1528
f 1518 1519 1530
f 1518 1530 1529
f 1519 1520 1531
f 1519 1531 1530
f 1520 1521 1532
f 1520 1532 1531
f 1521 1522 1533
f 1521 1533 1532
f 1522 1523 1534
f 1522 1534 1533
f 1523 1524 1535
f 1523 1535 1534
f 1524 1525 1536
f 1524 1536 1535
f 1525 1515 1526
f 1525 1526 1536
f 1535 1536 1526
f 1526 1527 1528
f 1528 1529 1530
f 1530 1531 1532
f 1532 1533 1534
f 1534 1535 1526
f 1526 1528 1530
f 1530 1532 1534
f 1534 1526 1530
o b231355696_unknown
v -27.69 0.00 -133.31
v -39.06 0.00 -120.13
v -45.44 0.00 -125.57
v -51.12 0.00 -119.03
v -52.72 0.00 -120.40
v -58.93 0.00 -113.25
v -57.56 0.00 -112.08
v -57.32 0.00 -112.05
v -58.63 0.00 -110.84
v -51.84 0.00 -104.80
v -50.84 0.00 -105.96
v -32.56 0.00 -90.41
v -31.18 0.00 -89.24
v -7.77 0.00 -116.37
v -27.69 16.00 -133.31
v -39.06 16.00 -120.13
v -45.44 16.00 -125.57
v -51.12 16.00 -119.03
v -52.72 16.00 -120.40
v -58.93 16.00 -113.25
v -57.56 16.00 -112.08
v -57.32 16.00 -112.05
v -58.63 16.00 -110.84
v -51.84 16.00 -104.80
v -50.84 16.00 -105.96
v -32.56 16.00 -90.41
v -31.18 16.00 -89.24
v -7.77 16.00 -116.37
f 1537 1538 1552
f 1537 1552 1551
f 1538 1539 1553
f 1538 1553 1552
f 1539 1540 1554
f 1539 1554 1553
f 1540 1541 1555
f 1540 1555 1554
f 1541 1542 1556
f 1541 1556 1555
f 1542 1543 1557
f 1542 1557 1556
f 1543 1544 1558
f 1543 1558 1557
f 1544 1545 1559
f 1544 1559 1558
f 1545 1546 1560
f 1545 1560 1559
f 1546 1547 1561
f 1546 1561 1560
f 1547 1548 1562
f 1547 1562 1561
f 1548 1549 1563
f 1548 1563 1562
f 1549 1550 1564
f 1549 1564 1563
f 1550 1537 1551
f 1550 1551 1564
f 1563 1564 1551
f 1552 1553 1554
f 1554 1555 1556
f 1556 1557 1558
f 1558 1559 1560
f 1561 1562 1563
f 1563 1551 1552
f 1552 1554 1556
f 1558 1560 1561
f 1561 1563 1552
f 1552 1556 1558
f 1558 1561 1552
o b231355697_unknown
v 30.55 0.00 -125.87
v 28.39 0.00 -127.76
v 33.45 0.00 -133.53
v 0.17 0.00 -162.33
v -4.78 0.00 -156.65
v -6.36 0.00 -158.02
v -9.19 0.00 -154.78
v 27.81 0.00 -122.71
v 30.55 12.80 -125.87
v 28.39 12.80 -127.76
v 33.45 12.80 -133.53
v 0.17 12.80 -162.33
v -4.78 12.80 -156.65
v -6.36 12.80 -158.02
v -9.19 12.80 -154.78
v 27.81 12.80 -122.71
f 1565 1566 1574
f 1565 1574 1573
f 1566 1567 1575
f 1566 1575 1574
f 1567 1568 1576
f 1567 1576 1575
f 1568 1569 1577
f 1568 1577 1576
f 1569 1570 1578
f 1569 1578 1577
f 1570 1571 1579
f 1570 1579 1578
f 1571 1572 1580
f 1571 1580 1579
f 1572 1565 1573
f 1572 1573 1580
f 1579 1580 1573
f 1574 1575 1576
f 1577 1578 1579
f 1579 1573 1574
f 1574 1576 1577
f 1577 1579 1574
o b231355698_retail
v 44.49 0.00 -286.17
v 22.86 0.00 -261.08
v 36.17 0.00 -249.79
v 50.19 0.00 -237.85
v 71.82 0.00 -262.92
v 44.49 6.30 -286.17
v 22.86 6.30 -261.08
v 36.17 6.30 -249.79
v 50.19 6.30 -237.85
v 71.82 6.30 -262.92
f 1581 1582 1587
f 1581 1587 1586
f 1582 1583 1588
f 1582 1588 1587
f 1583 1584 1589
f 1583 1589 1588
f 1584 1585 1590
f 1584 1590 1589
f 1585 1581 1586
f 1585 1586 1590
f 1589 1590 1586
f 1586 1587 1588
f 1588 1589 1586
o b231355699_retail
v 69.77 0.00 -219.71
v 104.65 0.00 -189.76
v 126.44 0.00 -214.79
v 91.55 0.00 -244.74
v 69.77 9.60 -219.71
v 104.65 9.60 -189.76
v 126.44 9.60 -214.79
v 91.55 9.60 -244.74
f 1591 1592 1596
f 1591 1596 1595
f 1592 1593 1597
f 1592 1597 1596
f 1593 1594 1598
f 1593 1598 1597
f 1594 1591 1595
f 1594 1595 1598
f 1597 1598 1595
f 1595 1596 1597
o b231355700_residential
v 70.51 0.00 -307.05
v 69.68 0.00 -307.77
v 69.17 0.00 -307.19
v 65.78 0.00 -310.14
v 48.20 0.00 -290.26
v 85.06 0.00 -258.13
v 89.46 0.00 -254.31
v 111.05 0.00 -278.74
v 102.44 0.00 -286.24
v 74.01 0.00 -311.02
v 70.51 76.80 -307.05
v 69.68 76.80 -307.77
v 69.17 76.80 -307.19
v 65.78 76.80 -310.14
v 48.20 76.80 -290.26
v 85.06 76.80 -258.13
v 89.46 76.80 -254.31
v 111.05 76.80 -278.74
v 102.44 76.80 -286.24
v 74.01 76.80 -311.02
f 1599 1600 1610
f 1599 1610 1609
f 1600 1601 1611
f 1600 1611 1610
f 1601 1602 1612
f 1601 1612 1611
f 1602 1603 1613
f 1602 1613 1612
f 1603 1604 1614
f 1603 1614 1613
f 1604 1605 1615
f 1604 1615 1614
f 1605 1606 1616
f 1605 1616 1615
f 1606 1607 1617
f 1606 1617 1616
f 1607 1608 1618
f 1607 1618 1617
f 1608 1599 1609
f 1608 1609 1618
f 1617 1618 1609
f 1609 1610 1611
f 1611 1612 1613
f 1613 1614 1615
f 1615 1616 1617
f 1617 1609 1611
f 1611 1613 1615
f 1615 1617 1611
o b231355701_unknown
v -60.09 0.00 -173.55
v -75.07 0.00 -156.60
v -78.47 0.00 -152.76
v -83.25 0.00 -147.34
v -84.57 0.00 -145.86
v -89.48 0.00 -140.30
v -83.15 0.00 -134.78
v -84.49 0.00 -133.27
v -71.23 0.00 -121.63
v -69.71 0.00 -123.37
v -65.22 0.00 -128.55
v -63.84 0.00 -130.14
v -58.90 0.00 -135.84
v -57.74 0.00 -137.17
v -40.50 0.00 -156.47
v -52.26 0.00 -166.72
v -60.09 25.60 -173.55
v -75.07 25.60 -156.60
v -78.47 25.60 -152.76
v -83.25 25.60 -147.34
v -84.57 25.60 -145.86
v -89.48 25.60 -140.30
v -83.15 25.60 -134.78
v -84.49 25.60 -133.27
v -71.23 25.60 -121.63
v -69.71 25.60 -123.37
v -65.22 25.60 -128.55
v -63.84 25.60 -130.14
v -58.90 25.60 -135.84
v -57.74 25.60 -137.17
v -40.50 25.60 -156.47
v -52.26 25.60 -166.72
f 1619 1620 1636
f 1619 1636 1635
f 1620 1621 1637
f 1620 1637 1636
f 1621 1622 1638
f 1621 1638 1637
f 1622 1623 1639
f 1622 1639 1638
f 1623 1624 1640
f 1623 1640 1639
f 1624 1625 1641
f 1624 1641 1640
f 1625 1626 1642
f 1625 1642 1641
f 1626 1627 1643
f 1626 1643 1642
f 1627 1628 1644
f 1627 1644 1643
f 1628 1629 1645
f 1628 1645 1644
f 1629 1630 1646
f 1629 1646 1645
f 1630 1631 1647
f 1630 1647 1646
f 1631 1632 1648
f 1631 1648 1647
f 1632 1633 1649
f 1632 1649 1648
f 1633 1634 1650
f 1633 1650 1649
f 1634 1619 1635
f 1634 1635 1650
f 1650 1635 1636
f 1636 1637 1638
f 1638 1639 1640
f 1641 1642 1643
f 1643 1644 1645
f 1645 1646 1647
f 1648 1649 1650
f 1650 1636 1638
f 1638 1640 1641
f 1641 1643 1645
f 1647 1648 1650
f 1650 1638 1641
f 1641 1645 1647
f 1647 1650 1641
o b231355702_residential
v 12.70 0.00 -159.44
v 16.76 0.00 -156.01
v 17.50 0.00 -156.87
v 21.68 0.00 -153.33
v 22.56 0.00 -154.36
v 25.85 0.00 -151.57
v 24.57 0.00 -150.07
v 25.51 0.00 -149.28
v 26.86 0.00 -150.86
v 30.93 0.00 -147.43
v 29.42 0.00 -145.67
v 33.70 0.00 -142.04
v 34.58 0.00 -143.07
v 35.99 0.00 -141.88
v 35.48 0.00 -141.29
v 38.31 0.00 -138.90
v 49.23 0.00 -151.63
v 48.80 0.00 -151.99
v 51.71 0.00 -155.39
v 52.14 0.00 -155.02
v 57.42 0.00 -161.19
v 53.29 0.00 -164.67
v 55.78 0.00 -167.58
v 43.30 0.00 -178.14
v 39.71 0.00 -173.93
v 38.69 0.00 -174.80
v 35.62 0.00 -171.22
v 36.54 0.00 -170.44
v 35.26 0.00 -168.95
v 47.79 0.00 -158.35
v 42.59 0.00 -152.27
v 30.01 0.00 -162.90
v 29.65 0.00 -162.47
v 25.37 0.00 -166.10
v 24.77 0.00 -165.40
v 20.73 0.00 -168.82
v 12.70 5.50 -159.44
v 16.76 5.50 -156.01
v 17.50 5.50 -156.87
v 21.68 5.50 -153.33
v 22.56 5.50 -154.36
v 25.85 5.50 -151.57
v 24.57 5.50 -150.07
v 25.51 5.50 -149.28
v 26.86 5.50 -150.86
v 30.93 5.50 -147.43
v 29.42 5.50 -145.67
v 33.70 5.50 -142.04
v 34.58 5.50 -143.07
v 35.99 5.50 -141.88
v 35.48 5.50 -141.29
v 38.31 5.50 -138.90
v 49.23 5.50 -151.63
v 48.80 5.50 -151.99
v 51.71 5.50 -155.39
v 52.14 5.50 -155.02
v 57.42 5.50 -161.19
v 53.29 5.50 -164.67
v 55.78 5.50 -167.58
v 43.30 5.50 -178.14
v 39.71 5.50 -173.93
v 38.69 5.50 -174.80
v 35.62 5.50 -171.22
v 36.54 5.50 -170.44
v 35.26 5.50 -168.95
v 47.79 5.50 -158.35
v 42.59 5.50 -152.27
v 30.01 5.50 -162.90
v 29.65 5.50 -162.47
v 25.37 5.50 -166.10
v 24.77 5.50 -165.40
v 20.73 5.50 -168.82
f 1651 1652 1688
f 1651 1688 1687
f 1652 1653 1689
f 1652 1689 1688
f 1653 1654 1690
f 1653 1690 1689
f 1654 1655 1691
f 1654 1691 1690
f 1655 1656 1692
f 1655 1692 1691
f 1656 1657 1693
f 1656 1693 1692
f 1657 1658 1694
f 1657 1694 1693
f 1658 1659 1695
f 1658 1695 1694
f 1659 1660 1696
f 1659 1696 1695
f 1660 1661 1697
f 1660 1697 1696
f 1661 1662 1698
f 1661 1698 1697
f 1662 1663 1699
f 1662 1699 1698
f 1663 1664 1700
f 1663 1700 1699
f 1664 1665 1701
f 1664 1701 1700
f 1665 1666 1702
f 1665 1702 1701
f 1666 1667 1703
f 1666 1703 1702
f 1667 1668 1704
f 1667 1704 1703
f 1668 1669 1705
f 1668 1705 1704
f 1669 1670 1706
f 1669 1706 1705
f 1670 1671 1707
f 1670 1707 1706
f 1671 1672 1708
f 1671 1708 1707
f 1672 1673 1709
f 1672 1709 1708
f 1673 1674 1710
f 1673 1710 1709
f 1674 1675 1711
f 1674 1711 1710
f 1675 1676 1712
f 1675 1712 1711
f 1676 1677 1713
f 1676 1713 1712
f 1677 1678 1714
f 1677 1714 1713
f 1678 1679 1715
f 1678 1715 1714
f 1679 1680 1716
f 1679 1716 1715
f 1680 1681 1717
f 1680 1717 1716
f 1681 1682 1718
f 1681 1718 1717
f 1682 1683 1719
f 1682 1719 1718
f 1683 1684 1720
f 1683 1720 1719
f 1684 1685 1721
f 1684 1721 1720
f 1685 1686 1722
f 1685 1722 1721
f 1686 1651 1687
f 1686 1687 1722
f 1721 1722 1687
f 1687 1688 1689
f 1689 1690 1691
f 1692 1693 1694
f 1696 1697 1698
f 1700 1701 1702
f 1702 1703 1704
f 1705 1706 1707
f 1708 1709 1710
f 1711 1712 1713
f 1714 1715 1716
f 1717 1718 1719
f 1719 1720 1721
f 1721 1687 1689
f 1692 1694 1695
f 1696 1698 1699
f 1700 1702 1704
f 1705 1707 1708
f 1708 1710 1711
f 1711 1713 1714
f 1717 1719 1721
f 1721 1689 1691
f 1691 1692 1695
f 1696 1699 1700
f 1700 1704 1705
f 1705 1708 1711
f 1711 1714 1716
f 1717 1721 1691
f 1696 1700 1705
f 1705 1711 1716
f 1717 1691 1695
f 1705 1716 1717
f 1717 1695 1696
f 1696 1705 1717
o b231355703_unknown
v 66.88 0.00 -166.27
v 62.91 0.00 -161.74
v 64.26 0.00 -160.60
v 56.29 0.00 -151.52
v 56.92 0.00 -151.01
v 51.41 0.00 -144.73
v 50.79 0.00 -145.29
v 36.69 0.00 -129.14
v 37.54 0.00 -128.40
v 32.82 0.00 -123.00
v 32.12 0.00 -123.63
v 30.03 0.00 -121.25
v 37.04 0.00 -115.18
v 40.23 0.00 -115.62
v 47.45 0.00 -124.01
v 47.37 0.00 -125.63
v 48.34 0.00 -126.75
v 49.27 0.00 -125.94
v 53.70 0.00 -130.99
v 53.44 0.00 -132.36
v 54.22 0.00 -133.08
v 55.75 0.00 -133.07
v 57.38 0.00 -134.94
v 57.20 0.00 -136.42
v 57.91 0.00 -137.22
v 59.32 0.00 -137.21
v 60.25 0.00 -138.29
v 60.31 0.00 -140.79
v 57.37 0.00 -143.37
v 61.35 0.00 -147.95
v 64.18 0.00 -145.48
v 66.53 0.00 -145.66
v 69.32 0.00 -148.85
v 68.51 0.00 -149.54
v 69.29 0.00 -150.46
v 70.85 0.00 -150.59
v 76.94 0.00 -157.61
v 66.88 12.80 -166.27
v 62.91 12.80 -161.74
v 64.26 12.80 -160.60
v 56.29 12.80 -151.52
v 56.92 12.80 -151.01
v 51.41 12.80 -144.73
v 50.79 12.80 -145.29
v 36.69 12.80 -129.14
v 37.54 12.80 -128.40
v 32.82 12.80 -123.00
v 32.12 12.80 -123.63
v 30.03 12.80 -121.25
v 37.04 12.80 -115.18
v 40.23 12.80 -115.62
v 47.45 12.80 -124.01
v 47.37 12.80 -125.63
v 48.34 12.80 -126.75
v 49.27 12.80 -125.94
v 53.70 12.80 -130.99
v 53.44 12.80 -132.36
v 54.22 12.80 -133.08
v 55.75 12.80 -133.07
v 57.38 12.80 -134.94
v 57.20 12.80 -136.42
v 57.91 12.80 -137.22
v 59.32 12.80 -137.21
v 60.25 12.80 -138.29
v 60.31 12.80 -140.79
v 57.37 12.80 -143.37
v 61.35 12.80 -147.95
v 64.18 12.80 -145.48
v 66.53 12.80 -145.66
v 69.32 12.80 -148.85
v 68.51 12.80 -149.54
v 69.29 12.80 -150.46
v 70.85 12.80 -150.59
v 76.94 12.80 -157.61
f 1723 1724 1761
f 1723 1761 1760
f 1724 1725 1762
f 1724 1762 1761
f 1725 1726 1763
f 1725 1763 1762
f 1726 1727 1764
f 1726 1764 1763
f 1727 1728 1765
f 1727 1765 1764
f 1728 1729 1766
f 1728 1766 1765
f 1729 1730 1767
f 1729 1767 1766
f 1730 1731 1768
f 1730 1768 1767
f 1731 1732 1769
f 1731 1769 1768
f 1732 1733 1770
f 1732 1770 1769
f 1733 1734 1771
f 1733 1771 1770
f 1734 1735 1772
f 1734 1772 1771
f 1735 1736 1773
f 1735 1773 1772
f 1736 1737 1774
f 1736 1774 1773
f 1737 1738 1775
f 1737 1775 1774
f 1738 1739 1776
f 1738 1776 1775
f 1739 1740 1777
f 1739 1777 1776
f 1740 1741 1778
f 1740 1778 1777
f 1741 1742 1779
f 1741 1779 1778
f 1742 1743 1780
f 1742 1780 1779
f 1743 1744 1781
f 1743 1781 1780
f 1744 1745 1782
f 1744 1782 1781
f 1745 1746 1783
f 1745 1783 1782
f 1746 1747 1784
f 1746 1784 1783
f 1747 1748 1785
f 1747 1785 1784
f 1748 1749 1786
f 1748 1786 1785
f 1749 1750 1787
f 1749 1787 1786
f 1750 1751 1788
f 1750 1788 1787
f 1751 1752 1789
f 1751 1789 1788
f 1752 1753 1790
f 1752 1790 1789
f 1753 1754 1791
f 1753 1791 1790
f 1754 1755 1792
f 1754 1792 1791
f 1755 1756 1793
f 1755 1793 1792
f 1756 1757 1794
f 1756 1794 1793
f 1757 1758 1795
f 1757 1795 1794
f 1758 1759 1796
f 1758 1796 1795
f 1759 1723 1760
f 1759 1760 1796
f 1795 1796 1760
f 1760 1761 1762
f 1762 1763 1764
f 1765 1766 1767
f 1769 1770 1771
f 1771 1772 1773
f 1773 1774 1775
f 1776 1777 1778
f 1780 1781 1782
f 1784 1785 1786
f 1786 1787 1788
f 1789 1790 1791
f 1791 1792 1793
f 1794 1795 1760
f 1765 1767 1768
f 1769 1771 1773
f 1776 1778 1779
f 1780 1782 1783
f 1784 1786 1788
f 1789 1791 1793
f 1793 1794 1760
f 1764 1765 1768
f 1768 1769 1773
f 1779 1780 1783
f 1783 1784 1788
f 1789 1793 1760
f 1764 1768 1773
f 1779 1783 1788
f 1788 1789 1760
f 1762 1764 1773
f 1776 1779 1788
f 1788 1760 1762
f 1762 1773 1775
f 1775 1776 1788
f 1788 1762 1775
o b231355705_residential
v -17.26 0.00 -215.94
v -20.46 0.00 -212.27
v -20.90 0.00 -212.65
v -36.60 0.00 -194.62
v -36.26 0.00 -194.33
v -39.07 0.00 -191.10
v -39.81 0.00 -191.73
v -42.70 0.00 -188.42
v -40.06 0.00 -186.14
v -42.23 0.00 -183.65
v -38.75 0.00 -180.67
v -38.36 0.00 -181.11
v -35.71 0.00 -178.83
v -36.06 0.00 -178.43
v -20.33 0.00 -164.93
v -20.05 0.00 -165.25
v -17.40 0.00 -162.98
v -15.87 0.00 -164.75
v -12.72 0.00 -162.05
v -9.63 0.00 -165.61
v -9.04 0.00 -165.10
v -6.57 0.00 -167.94
v -7.08 0.00 -168.39
v -4.12 0.00 -171.78
v -5.46 0.00 -172.93
v -3.86 0.00 -174.77
v -1.40 0.00 -172.66
v 1.56 0.00 -176.07
v -3.65 0.00 -180.54
v -3.06 0.00 -181.22
v -4.99 0.00 -182.88
v -5.58 0.00 -182.19
v -12.56 0.00 -188.18
v -10.24 0.00 -190.85
v -10.92 0.00 -191.43
v -9.46 0.00 -193.10
v -8.92 0.00 -192.64
v -4.13 0.00 -198.13
v -2.72 0.00 -196.92
v 0.27 0.00 -200.36
v 1.91 0.00 -198.95
v -4.11 0.00 -192.03
v -4.59 0.00 -192.45
v -6.81 0.00 -189.89
v 6.58 0.00 -178.38
v 8.71 0.00 -180.82
v 10.48 0.00 -179.31
v 11.66 0.00 -180.67
v 12.77 0.00 -179.73
v 13.06 0.00 -180.06
v 14.52 0.00 -178.81
v 16.34 0.00 -180.89
v 19.36 0.00 -178.29
v 22.45 0.00 -181.84
v -15.75 0.00 -214.64
v -17.26 22.40 -215.94
v -20.46 22.40 -212.27
v -20.90 22.40 -212.65
v -36.60 22.40 -194.62
v -36.26 22.40 -194.33
v -39.07 22.40 -191.10
v -39.81 22.40 -191.73
v -42.70 22.40 -188.42
v -40.06 22.40 -186.14
v -42.23 22.40 -183.65
v -38.75 22.40 -180.67
v -38.36 22.40 -181.11
v -35.71 22.40 -178.83
v -36.06 22.40 -178.43
v -20.33 22.40 -164.93
v -20.05 22.40 -165.25
v -17.40 22.40 -162.98
v -15.87 22.40 -164.75
v -12.72 22.40 -162.05
v -9.63 22.40 -165.61
v -9.04 22.40 -165.10
v -6.57 22.40 -167.94
v -7.08 22.40 -168.39
v -4.12 22.40 -171.78
v -5.46 22.40 -172.93
v -3.86 22.40 -174.77
v -1.40 22.40 -172.66
v 1.56 22.40 -176.07
v -3.65 22.40 -180.54
v -3.06 22.40 -181.22
v -4.99 22.40 -182.88
v -5.58 22.40 -182.19
v -12.56 22.40 -188.18
v -10.24 22.40 -190.85
v -10.92 22.40 -191.43
v -9.46 22.40 -193.10
v -8.92 22.40 -192.64
v -4.13 22.40 -198.13
v -2.72 22.40 -196.92
v 0.27 22.40 -200.36
v 1.91 22.40 -198.95
v -4.11 22.40 -192.03
v -4.59 22.40 -192.45
v -6.81 22.40 -189.89
v 6.58 22.40 -178.38
v 8.71 22.40 -180.82
v 10.48 22.40 -179.31
v 11.66 22.40 -180.67
v 12.77 22.40 -179.73
v 13.06 22.40 -180.06
v 14.52 22.40 -178.81
v 16.34 22.40 -180.89
v 19.36 22.40 -178.29
v 22.45 22.40 -181.84
v -15.75 22.40 -214.64
f 1797 1798 1853
f 1797 1853 1852
f 1798 1799 1854
f 1798 1854 1853
f 1799 1800 1855
f 1799 1855 1854
f 1800 1801 1856
f 1800 1856 1855
f 1801 1802 1857
f 1801 1857 1856
f 1802 1803 1858
f 1802 1858 1857
f 1803 1804 1859
f 1803 1859 1858
f 1804 1805 1860
f 1804 1860 1859
f 1805 1806 1861
f 1805 1861 1860
f 1806 1807 1862
f 1806 1862 1861
f 1807 1808 1863
f 1807 1863 1862
f 1808 1809 1864
f 1808 1864 1863
f 1809 1810 1865
f 1809 1865 1864
f 1810 1811 1866
f 1810 1866 1865
f 1811 1812 1867
f 1811 1867 1866
f 1812 1813 1868
f 1812 1868 1867
f 1813 1814 1869
f 1813 1869 1868
f 1814 1815 1870
f 1814 1870 1869
f 1815 1816 1871
f 1815 1871 1870
f 1816 1817 1872
f 1816 1872 1871
f 1817 1818 1873
f 1817 1873 1872
f 1818 1819 1874
f 1818 1874 1873
f 1819 1820 1875
f 1819 1875 1874
f 1820 1821 1876
f 1820 1876 1875
f 1821 1822 1877
f 1821 1877 1876
f 1822 1823 1878
f 1822 1878 1877
f 1823 1824 1879
f 1823 1879 1878
f 1824 1825 1880
f 1824 1880 1879
f 1825 1826 1881
f 1825 1881 1880
f 1826 1827 1882
f 1826 1882 1881
f 1827 1828 1883
f 1827 1883 1882
f 1828 1829 1884
f 1828 1884 1883
f 1829 1830 1885
f 1829 1885 1884
f 1830 1831 1886
f 1830 1886 1885
f 1831 1832 1887
f 1831 1887 1886
f 1832 1833 1888
f 1832 1888 1887
f 1833 1834 1889
f 1833 1889 1888
f 1834 1835 1890
f 1834 1890 1889
f 1835 1836 1891
f 1835 1891 1890
f 1836 1837 1892
f 1836 1892 1891
f 1837 1838 1893
f 1837 1893 1892
f 1838 1839 1894
f 1838 1894 1893
f 1839 1840 1895
f 1839 1895 1894
f 1840 1841 1896
f 1840 1896 1895
f 1841 1842 1897
f 1841 1897 1896
f 1842 1843 1898
f 1842 1898 1897
f 1843 1844 1899
f 1843 1899 1898
f 1844 1845 1900
f 1844 1900 1899
f 1845 1846 1901
f 1845 1901 1900
f 1846 1847 1902
f 1846 1902 1901
f 1847 1848 1903
f 1847 1903 1902
f 1848 1849 1904
f 1848 1904 1903
f 1849 1850 1905
f 1849 1905 1904
f 1850 1851 1906
f 1850 1906 1905
f 1851 1797 1852
f 1851 1852 1906
f 1906 1852 1853
f 1853 1854 1855
f 1857 1858 1859
f 1860 1861 1862
f 1864 1865 1866
f 1867 1868 1869
f 1869 1870 1871
f 1871 1872 1873
f 1874 1875 1876
f 1877 1878 1879
f 1880 1881 1882
f 1884 1885 1886
f 1887 1888 1889
f 1889 1890 1891
f 1893 1894 1895
f 1895 1896 1897
f 1897 1898 1899
f 1899 1900 1901
f 1901 1902 1903
f 1903 1904 1905
f 1906 1853 1855
f 1857 1859 1860
f 1860 1862 1863
f 1864 1866 1867
f 1867 1869 1871
f 1871 1873 1874
f 1877 1879 1880
f 1880 1882 1883
f 1893 1895 1897
f 1899 1901 1903
f 1906 1855 1856
f 1856 1857 1860
f 1860 1863 1864
f 1864 1867 1871
f 1871 1874 1876
f 1876 1877 1880
f 1892 1893 1897
f 1897 1899 1903
f 1906 1856 1860
f 1860 1864 1871
f 1871 1876 1880
f 1892 1897 1903
f 1860 1871 1880
f 1892 1903 1905
f 1860 1880 1883
f 1891 1892 1905
f 1860 1883 1884
f 1891 1905 1906
f 1906 1860 1884
f 1889 1891 1906
f 1906 1884 1886
f 1887 1889 1906
f 1906 1886 1887
o b231357659_retail
v 83.68 0.00 -48.95
v 82.01 0.00 -47.12
v 81.29 0.00 -46.39
v 93.26 0.00 -35.38
v 93.02 0.00 -32.81
v 92.93 0.00 -32.00
v 106.20 0.00 -20.77
v 104.81 0.00 -20.21
v 100.94 0.00 -18.64
v 93.32 0.00 -15.53
v 91.37 0.00 -14.75
v 95.91 0.00 -10.93
v 103.49 0.00 -4.54
v 107.16 0.00 -1.46
v 108.10 0.00 -0.66
v 109.81 0.00 -1.26
v 117.48 0.00 -4.05
v 121.60 0.00 -5.54
v 122.98 0.00 -6.07
v 132.91 0.00 2.61
v 141.45 0.00 10.06
v 157.75 0.00 24.31
v 164.94 0.00 30.72
v 169.18 0.00 36.94
v 169.75 0.00 36.48
v 171.62 0.00 34.78
v 175.79 0.00 31.07
v 178.08 0.00 29.04
v 162.96 0.00 15.88
v 125.44 0.00 -16.77
v 85.76 0.00 -51.29
v 83.68 6.40 -48.95
v 82.01 6.40 -47.12
v 81.29 6.40 -46.39
v 93.26 6.40 -35.38
v 93.02 6.40 -32.81
v 92.93 6.40 -32.00
v 106.20 6.40 -20.77
v 104.81 6.40 -20.21
v 100.94 6.40 -18.64
v 93.32 6.40 -15.53
v 91.37 6.40 -14.75
v 95.91 6.40 -10.93
v 103.49 6.40 -4.54
v 107.16 6.40 -1.46
v 108.10 6.40 -0.66
v 109.81 6.40 -1.26
v 117.48 6.40 -4.05
v 121.60 6.40 -5.54
v 122.98 6.40 -6.07
v 132.91 6.40 2.61
v 141.45 6.40 10.06
v 157.75 6.40 24.31
v 164.94 6.40 30.72
v 169.18 6.40 36.94
v 169.75 6.40 36.48
v 171.62 6.40 34.78
v 175.79 6.40 31.07
v 178.08 6.40 29.04
v 162.96 6.40 15.88
v 125.44 6.40 -16.77
v 85.76 6.40 -51.29
f 1907 1908 1939
f 1907 1939 1938
f 1908 1909 1940
f 1908 1940 1939
f 1909 1910 1941
f 1909 1941 1940
f 1910 1911 1942
f 1910 1942 1941
f 1911 1912 1943
f 1911 1943 1942
f 1912 1913 1944
f 1912 1944 1943
f 1913 1914 1945
f 1913 1945 1944
f 1914 1915 1946
f 1914 1946 1945
f 1915 1916 1947
f 1915 1947 1946
f 1916 1917 1948
f 1916 1948 1947
f 1917 1918 1949
f 1917 1949 1948
f 1918 1919 1950
f 1918 1950 1949
f 1919 1920 1951
f 1919 1951 1950
f 1920 1921 1952
f 1920 1952 1951
f 1921 1922 1953
f 1921 1953 1952
f 1922 1923 1954
f 1922 1954 1953
f 1923 1924 1955
f 1923 1955 1954
f 1924 1925 1956
f 1924 1956 1955
f 1925 1926 1957
f 1925 1957 1956
f 1926 1927 1958
f 1926 1958 1957
f 1927 1928 1959
f 1927 1959 1958
f 1928 1929 1960
f 1928 1960 1959
f 1929 1930 1961
f 1929 1961 1960
f 1930 1931 1962
f 1930 1962 1961
f 1931 1932 1963
f 1931 1963 1962
f 1932 1933 1964
f 1932 1964 1963
f 1933 1934 1965
f 1933 1965 1964
f 1934 1935 1966
f 1934 1966 1965
f 1935 1936 1967
f 1935 1967 1966
f 1936 1937 1968
f 1936 1968 1967
f 1937 1907 1938
f 1937 1938 1968
f 1967 1968 1938
f 1939 1940 1941
f 1942 1943 1944
f 1944 1945 1946
f 1947 1948 1949
f 1949 1950 1951
f 1951 1952 1953
f 1954 1955 1956
f 1956 1957 1958
f 1960 1961 1962
f 1964 1965 1966
f 1966 1967 1938
f 1938 1939 1941
f 1941 1942 1944
f 1944 1946 1947
f 1947 1949 1951
f 1951 1953 1954
f 1960 1962 1963
f 1963 1964 1966
f 1966 1938 1941
f 1944 1947 1951
f 1951 1954 1956
f 1959 1960 1963
f 1963 1966 1941
f 1944 1951 1956
f 1958 1959 1963
f 1963 1941 1944
f 1944 1956 1958
f 1958 1963 1944
o b231357660_retail
v 239.81 0.00 98.57
v 216.80 0.00 112.80
v 215.81 0.00 113.40
v 214.95 0.00 113.90
v 215.18 0.00 114.31
v 217.31 0.00 117.65
v 220.28 0.00 122.35
v 222.06 0.00 121.26
v 234.10 0.00 113.96
v 235.52 0.00 113.06
v 239.18 0.00 119.20
v 245.86 0.00 115.38
v 246.55 0.00 114.99
v 255.12 0.00 110.08
v 248.78 0.00 99.92
v 251.67 0.00 98.27
v 250.05 0.00 96.86
v 246.81 0.00 94.25
v 239.81 12.40 98.57
v 216.80 12.40 112.80
v 215.81 12.40 113.40
v 214.95 12.40 113.90
v 215.18 12.40 114.31
v 217.31 12.40 117.65
v 220.28 12.40 122.35
v 222.06 12.40 121.26
v 234.10 12.40 113.96
v 235.52 12.40 113.06
v 239.18 12.40 119.20
v 245.86 12.40 115.38
v 246.55 12.40 114.99
v 255.12 12.40 110.08
v 248.78 12.40 99.92
v 251.67 12.40 98.27
v 250.05 12.40 96.86
v 246.81 12.40 94.25
f 1969 1970 1988
f 1969 1988 1987
f 1970 1971 1989
f 1970 1989 1988
f 1971 1972 1990
f 1971 1990 1989
f 1972 1973 1991
f 1972 1991 1990
f 1973 1974 1992
f 1973 1992 1991
f 1974 1975 1993
f 1974 1993 1992
f 1975 1976 1994
f 1975 1994 1993
f 1976 1977 1995
f 1976 1995 1994
f 1977 1978 1996
f 1977 1996 1995
f 1978 1979 1997
f 1978 1997 1996
f 1979 1980 1998
f 1979 1998 1997
f 1980 1981 1999
f 1980 1999 1998
f 1981 1982 2000
f 1981 2000 1999
f 1982 1983 2001
f 1982 2001 2000
f 1983 1984 2002
f 1983 2002 2001
f 1984 1985 2003
f 1984 2003 2002
f 1985 1986 2004
f 1985 2004 2003
f 1986 1969 1987
f 1986 1987 2004
f 2003 2004 1987
f 1989 1990 1991
f 1992 1993 1994
f 1994 1995 1996
f 1996 1997 1998
f 1998 1999 2000
f 2001 2002 2003
f 2003 1987 1988
f 1988 1989 1991
f 1991 1992 1994
f 1996 1998 2000
f 2001 2003 1988
f 1988 1991 1994
f 1996 2000 2001
f 2001 1988 1994
f 1994 1996 2001
o b231357661_unknown
v 45.68 0.00 -80.98
v 46.18 0.00 -81.71
v 46.23 0.00 -82.79
v 45.72 0.00 -83.65
v 41.61 0.00 -87.27
v 40.57 0.00 -87.44
v 39.60 0.00 -87.01
v 38.97 0.00 -85.90
v 39.30 0.00 -84.53
v 43.64 0.00 -80.73
v 44.81 0.00 -80.56
v 45.68 3.20 -80.98
v 46.18 3.20 -81.71
v 46.23 3.20 -82.79
v 45.72 3.20 -83.65
v 41.61 3.20 -87.27
v 40.57 3.20 -87.44
v 39.60 3.20 -87.01
v 38.97 3.20 -85.90
v 39.30 3.20 -84.53
v 43.64 3.20 -80.73
v 44.81 3.20 -80.56
f 2005 2006 2017
f 2005 2017 2016
f 2006 2007 2018
f 2006 2018 2017
f 2007 2008 2019
f 2007 2019 2018
f 2008 2009 2020
f 2008 2020 2019
f 2009 2010 2021
f 2009 2021 2020
f 2010 2011 2022
f 2010 2022 2021
f 2011 2012 2023
f 2011 2023 2022
f 2012 2013 2024
f 2012 2024 2023
f 2013 2014 2025
f 2013 2025 2024
f 2014 2015 2026
f 2014 2026 2025
f 2015 2005 2016
f 2015 2016 2026
f 2025 2026 2016
f 2016 2017 2018
f 2018 2019 2020
f 2020 2021 2022
f 2022 2023 2024
f 2024 2025 2016
f 2016 2018 2020
f 2020 2022 2024
f 2024 2016 2020
o b231357663_residential
v 132.60 0.00 -80.17
v 126.57 0.00 -73.30
v 153.53 0.00 -50.00
v 153.24 0.00 -49.67
v 154.45 0.00 -48.62
v 160.78 0.00 -55.82
v 132.60 6.40 -80.17
v 126.57 6.40 -73.30
v 153.53 6.40 -50.00
v 153.24 6.40 -49.67
v 154.45 6.40 -48.62
v 160.78 6.40 -55.82
f 2027 2028 2034
f 2027 2034 2033
f 2028 2029 2035
f 2028 2035 2034
f 2029 2030 2036
f 2029 2036 2035
f 2030 2031 2037
f 2030 2037 2036
f 2031 2032 2038
f 2031 2038 2037
f 2032 2027 2033
f 2032 2033 2038
f 2038 2033 2034
f 2035 2036 2037
f 2038 2034 2035
f 2035 2037 2038
o b231359020_retail
v 191.28 0.00 106.73
v 185.14 0.00 97.07
v 181.74 0.00 91.49
v 169.69 0.00 98.75
v 175.99 0.00 109.08
v 168.34 0.00 113.69
v 162.43 0.00 104.01
v 151.09 0.00 110.84
v 160.01 0.00 125.66
v 191.28 7.00 106.73
v 185.14 7.00 97.07
v 181.74 7.00 91.49
v 169.69 7.00 98.75
v 175.99 7.00 109.08
v 168.34 7.00 113.69
v 162.43 7.00 104.01
v 151.09 7.00 110.84
v 160.01 7.00 125.66
f 2039 2040 2049
f 2039 2049 2048
f 2040 2041 2050
f 2040 2050 2049
f 2041 2042 2051
f 2041 2051 2050
f 2042 2043 2052
f 2042 2052 2051
f 2043 2044 2053
f 2043 2053 2052
f 2044 2045 2054
f 2044 2054 2053
f 2045 2046 2055
f 2045 2055 2054
f 2046 2047 2056
f 2046 2056 2055
f 2047 2039 2048
f 2047 2048 2056
f 2049 2050 2051
f 2053 2054 2055
f 2048 2049 2051
f 2053 2055 2056
f 2048 2051 2052
f 2052 2053 2056
f 2056 2048 2052
o b231359025_unknown
v 175.89 0.00 85.89
v 174.98 0.00 84.49
v 138.06 0.00 106.69
v 138.62 0.00 107.63
v 139.80 0.00 109.62
v 176.81 0.00 87.29
v 175.89 10.30 85.89
v 174.98 10.30 84.49
v 138.06 10.30 106.69
v 138.62 10.30 107.63
v 139.80 10.30 109.62
v 176.81 10.30 87.29
f 2057 2058 2064
f 2057 2064 2063
f 2058 2059 2065
f 2058 2065 2064
f 2059 2060 2066
f 2059 2066 2065
f 2060 2061 2067
f 2060 2067 2066
f 2061 2062 2068
f 2061 2068 2067
f 2062 2057 2063
f 2062 2063 2068
f 2067 2068 2063
f 2063 2064 2065
f 2066 2067 2063
f 2063 2065 2066
o b231359028_unknown
v 140.70 0.00 36.29
v 145.24 0.00 38.66
v 149.37 0.00 37.38
v 145.54 0.00 32.07
v 141.31 0.00 28.09
v 128.02 0.00 35.07
v 131.87 0.00 41.36
v 140.70 9.70 36.29
v 145.24 9.70 38.66
v 149.37 9.70 37.38
v 145.54 9.70 32.07
v 141.31 9.70 28.09
v 128.02 9.70 35.07
v 131.87 9.70 41.36
f 2069 2070 2077
f 2069 2077 2076
f 2070 2071 2078
f 2070 2078 2077
f 2071 2072 2079
f 2071 2079 2078
f 2072 2073 2080
f 2072 2080 2079
f 2073 2074 2081
f 2073 2081 2080
f 2074 2075 2082
f 2074 2082 2081
f 2075 2069 2076
f 2075 2076 2082
f 2081 2082 2076
f 2076 2077 2078
f 2078 2079 2080
f 2080 2081 2076
f 2076 2078 2080
o b231359960_unknown
v 176.64 0.00 -221.86
v 174.21 0.00 -223.93
v 172.38 0.00 -221.79
v 152.71 0.00 -198.78
v 162.69 0.00 -190.32
v 184.19 0.00 -215.46
v 176.64 5.60 -221.86
v 174.21 5.60 -223.93
v 172.38 5.60 -221.79
v 152.71 5.60 -198.78
v 162.69 5.60 -190.32
v 184.19 5.60 -215.46
f 2083 2084 2090
f 2083 2090 2089
f 2084 2085 2091
f 2084 2091 2090
f 2085 2086 2092
f 2085 2092 2091
f 2086 2087 2093
f 2086 2093 2092
f 2087 2088 2094
f 2087 2094 2093
f 2088 2083 2089
f 2088 2089 2094
f 2093 2094 2089
f 2089 2090 2091
f 2091 2092 2093
f 2093 2089 2091
o b231359962_residential
v 234.80 0.00 -142.24
v 241.82 0.00 -150.16
v 249.41 0.00 -158.72
v 235.27 0.00 -171.08
v 230.08 0.00 -165.24
v 214.28 0.00 -147.42
v 213.44 0.00 -146.45
v 227.58 0.00 -134.10
v 234.80 7.70 -142.24
v 241.82 7.70 -150.16
v 249.41 7.70 -158.72
v 235.27 7.70 -171.08
v 230.08 7.70 -165.24
v 214.28 7.70 -147.42
v 213.44 7.70 -146.45
v 227.58 7.70 -134.10
f 2095 2096 2104
f 2095 2104 2103
f 2096 2097 2105
f 2096 2105 2104
f 2097 2098 2106
f 2097 2106 2105
f 2098 2099 2107
f 2098 2107 2106
f 2099 2100 2108
f 2099 2108 2107
f 2100 2101 2109
f 2100 2109 2108
f 2101 2102 2110
f 2101 2110 2109
f 2102 2095 2103
f 2102 2103 2110
f 2109 2110 2103
f 2104 2105 2106
f 2106 2107 2108
f 2108 2109 2103
f 2103 2104 2106
f 2106 2108 2103
o b231359965_residential
v 147.02 0.00 -152.82
v 160.88 0.00 -140.89
v 182.91 0.00 -166.14
v 169.05 0.00 -178.07
v 147.02 19.20 -152.82
v 160.88 19.20 -140.89
v 182.91 19.20 -166.14
v 169.05 19.20 -178.07
f 2111 2112 2116
f 2111 2116 2115
f 2112 2113 2117
f 2112 2117 2116
f 2113 2114 2118
f 2113 2118 2117
f 2114 2111 2115
f 2114 2115 2118
f 2117 2118 2115
f 2115 2116 2117
o b231360587_food
v 169.67 0.00 -34.26
v 168.22 0.00 -36.54
v 160.10 0.00 -27.02
v 152.65 0.00 -18.28
v 150.75 0.00 -16.05
v 162.88 0.00 -5.43
v 168.78 0.00 -9.15
v 170.39 0.00 -10.18
v 180.83 0.00 -16.78
v 169.67 11.40 -34.26
v 168.22 11.40 -36.54
v 160.10 11.40 -27.02
v 152.65 11.40 -18.28
v 150.75 11.40 -16.05
v 162.88 11.40 -5.43
v 168.78 11.40 -9.15
v 170.39 11.40 -10.18
v 180.83 11.40 -16.78
f 2119 2120 2129
f 2119 2129 2128
f 2120 2121 2130
f 2120 2130 2129
f 2121 2122 2131
f 2121 2131 2130
f 2122 2123 2132
f 2122 2132 2131
f 2123 2124 2133
f 2123 2133 2132
f 2124 2125 2134
f 2124 2134 2133
f 2125 2126 2135
f 2125 2135 2134
f 2126 2127 2136
f 2126 2136 2135
f 2127 2119 2128
f 2127 2128 2136
f 2135 2136 2128
f 2128 2129 2130
f 2130 2131 2132
f 2132 2133 2134
f 2134 2135 2128
f 2128 2130 2132
f 2132 2134 2128
o b231360589_retail
v 239.49 0.00 -109.25
v 234.04 0.00 -109.73
v 227.32 0.00 -101.70
v 227.30 0.00 -98.98
v 223.79 0.00 -95.24
v 223.31 0.00 -92.40
v 217.26 0.00 -84.94
v 216.93 0.00 -82.15
v 223.23 0.00 -71.66
v 226.03 0.00 -70.58
v 233.61 0.00 -75.40
v 253.03 0.00 -87.40
v 239.49 38.40 -109.25
v 234.04 38.40 -109.73
v 227.32 38.40 -101.70
v 227.30 38.40 -98.98
v 223.79 38.40 -95.24
v 223.31 38.40 -92.40
v 217.26 38.40 -84.94
v 216.93 38.40 -82.15
v 223.23 38.40 -71.66
v 226.03 38.40 -70.58
v 233.61 38.40 -75.40
v 253.03 38.40 -87.40
f 2137 2138 2150
f 2137 2150 2149
f 2138 2139 2151
f 2138 2151 2150
f 2139 2140 2152
f 2139 2152 2151
f 2140 2141 2153
f 2140 2153 2152
f 2141 2142 2154
f 2141 2154 2153
f 2142 2143 2155
f 2142 2155 2154
f 2143 2144 2156
f 2143 2156 2155
f 2144 2145 2157
f 2144 2157 2156
f 2145 2146 2158
f 2145 2158 2157
f 2146 2147 2159
f 2146 2159 2158
f 2147 2148 2160
f 2147 2160 2159
f 2148 2137 2149
f 2148 2149 2160
f 2159 2160 2149
f 2149 2150 2151
f 2152 2153 2154
f 2154 2155 2156
f 2156 2157 2158
f 2158 2159 2149
f 2149 2151 2152
f 2154 2156 2158
f 2158 2149 2152
f 2152 2154 2158
o b231361925_residential
v 412.19 0.00 144.29
v 433.08 0.00 131.41
v 376.40 0.00 40.28
v 351.88 0.00 56.33
v 352.39 0.00 57.15
v 349.50 0.00 58.93
v 377.07 0.00 103.29
v 379.51 0.00 101.77
v 393.89 0.00 124.87
v 391.59 0.00 126.29
v 405.38 0.00 148.49
v 412.19 9.60 144.29
v 433.08 9.60 131.41
v 376.40 9.60 40.28
v 351.88 9.60 56.33
v 352.39 9.60 57.15
v 349.50 9.60 58.93
v 377.07 9.60 103.29
v 379.51 9.60 101.77
v 393.89 9.60 124.87
v 391.59 9.60 126.29
v 405.38 9.60 148.49
f 2161 2162 2173
f 2161 2173 2172
f 2162 2163 2174
f 2162 2174 2173
f 2163 2164 2175
f 2163 2175 2174
f 2164 2165 2176
f 2164 2176 2175
f 2165 2166 2177
f 2165 2177 2176
f 2166 2167 2178
f 2166 2178 2177
f 2167 2168 2179
f 2167 2179 2178
f 2168 2169 2180
f 2168 2180 2179
f 2169 2170 2181
f 2169 2181 2180
f 2170 2171 2182
f 2170 2182 2181
f 2171 2161 2172
f 2171 2172 2182
f 2181 2182 2172
f 2172 2173 2174
f 2174 2175 2176
f 2176 2177 2178
f 2180 2181 2172
f 2172 2174 2176
f 2176 2178 2179
f 2179 2180 2172
f 2172 2176 2179
o b231361927_residential
v 351.88 0.00 138.69
v 371.89 0.00 170.72
v 402.22 0.00 152.03
v 401.42 0.00 150.74
v 400.77 0.00 149.70
v 399.96 0.00 150.21
v 381.40 0.00 120.50
v 352.80 0.00 138.13
v 351.88 16.00 138.69
v 371.89 16.00 170.72
v 402.22 16.00 152.03
v 401.42 16.00 150.74
v 400.77 16.00 149.70
v 399.96 16.00 150.21
v 381.40 16.00 120.50
v 352.80 16.00 138.13
f 2183 2184 2192
f 2183 2192 2191
f 2184 2185 2193
f 2184 2193 2192
f 2185 2186 2194
f 2185 2194 2193
f 2186 2187 2195
f 2186 2195 2194
f 2187 2188 2196
f 2187 2196 2195
f 2188 2189 2197
f 2188 2197 2196
f 2189 2190 2198
f 2189 2198 2197
f 2190 2183 2191
f 2190 2191 2198
f 2198 2191 2192
f 2192 2193 2194
f 2194 2195 2196
f 2196 2197 2198
f 2198 2192 2194
f 2194 2196 2198
o b231361929_unknown
v 230.63 0.00 214.52
v 250.88 0.00 202.07
v 241.21 0.00 186.57
v 206.95 0.00 207.66
v 207.20 0.00 208.07
v 206.77 0.00 208.33
v 214.84 0.00 221.28
v 218.33 0.00 219.13
v 219.66 0.00 221.28
v 230.63 19.20 214.52
v 250.88 19.20 202.07
v 241.21 19.20 186.57
v 206.95 19.20 207.66
v 207.20 19.20 208.07
v 206.77 19.20 208.33
v 214.84 19.20 221.28
v 218.33 19.20 219.13
v 219.66 19.20 221.28
f 2199 2200 2209
f 2199 2209 2208
f 2200 2201 2210
f 2200 2210 2209
f 2201 2202 2211
f 2201 2211 2210
f 2202 2203 2212
f 2202 2212 2211
f 2203 2204 2213
f 2203 2213 2212
f 2204 2205 2214
f 2204 2214 2213
f 2205 2206 2215
f 2205 2215 2214
f 2206 2207 2216
f 2206 2216 2215
f 2207 2199 2208
f 2207 2208 2216
f 2215 2216 2208
f 2208 2209 2210
f 2210 2211 2212
f 2212 2213 2214
f 2215 2208 2210
f 2210 2212 2214
f 2214 2215 2210
o b231361931_food
v 275.30 0.00 183.14
v 269.89 0.00 174.34
v 274.40 0.00 171.60
v 274.92 0.00 172.44
v 280.32 0.00 169.16
v 280.91 0.00 170.12
v 286.32 0.00 166.84
v 286.74 0.00 167.52
v 292.47 0.00 164.04
v 288.39 0.00 157.42
v 284.35 0.00 159.87
v 281.91 0.00 155.93
v 285.88 0.00 153.52
v 280.48 0.00 144.74
v 274.76 0.00 148.21
v 275.16 0.00 148.86
v 269.61 0.00 152.25
v 270.09 0.00 153.03
v 264.45 0.00 156.47
v 264.84 0.00 157.12
v 259.25 0.00 160.53
v 259.72 0.00 161.29
v 253.04 0.00 165.36
v 256.79 0.00 171.45
v 257.63 0.00 170.94
v 258.68 0.00 172.64
v 257.98 0.00 173.06
v 261.76 0.00 179.21
v 264.65 0.00 177.45
v 270.10 0.00 186.30
v 275.30 44.40 183.14
v 269.89 44.40 174.34
v 274.40 44.40 171.60
v 274.92 44.40 172.44
v 280.32 44.40 169.16
v 280.91 44.40 170.12
v 286.32 44.40 166.84
v 286.74 44.40 167.52
v 292.47 44.40 164.04
v 288.39 44.40 157.42
v 284.35 44.40 159.87
v 281.91 44.40 155.93
v 285.88 44.40 153.52
v 280.48 44.40 144.74
v 274.76 44.40 148.21
v 275.16 44.40 148.86
v 269.61 44.40 152.25
v 270.09 44.40 153.03
v 264.45 44.40 156.47
v 264.84 44.40 157.12
v 259.25 44.40 160.53
v 259.72 44.40 161.29
v 253.04 44.40 165.36
v 256.79 44.40 171.45
v 257.63 44.40 170.94
v 258.68 44.40 172.64
v 257.98 44.40 173.06
v 261.76 44.40 179.21
v 264.65 44.40 177.45
v 270.10 44.40 186.30
f 2217 2218 2248
f 2217 2248 2247
f 2218 2219 2249
f 2218 2249 2248
f 2219 2220 2250
f 2219 2250 2249
f 2220 2221 2251
f 2220 2251 2250
f 2221 2222 2252
f 2221 2252 2251
f 2222 2223 2253
f 2222 2253 2252
f 2223 2224 2254
f 2223 2254 2253
f 2224 2225 2255
f 2224 2255 2254
f 2225 2226 2256
f 2225 2256 2255
f 2226 2227 2257
f 2226 2257 2256
f 2227 2228 2258
f 2227 2258 2257
f 2228 2229 2259
f 2228 2259 2258
f 2229 2230 2260
f 2229 2260 2259
f 2230 2231 2261
f 2230 2261 2260
f 2231 2232 2262
f 2231 2262 2261
f 2232 2233 2263
f 2232 2263 2262
f 2233 2234 2264
f 2233 2264 2263
f 2234 2235 2265
f 2234 2265 2264
f 2235 2236 2266
f 2235 2266 2265
f 2236 2237 2267
f 2236 2267 2266
f 2237 2238 2268
f 2237 2268 2267
f 2238 2239 2269
f 2238 2269 2268
f 2239 2240 2270
f 2239 2270 2269
f 2240 2241 2271
f 2240 2271 2270
f 2241 2242 2272
f 2241 2272 2271
f 2242 2243 2273
f 2242 2273 2272
f 2243 2244 2274
f 2243 2274 2273
f 2244 2245 2275
f 2244 2275 2274
f 2245 2246 2276
f 2245 2276 2275
f 2246 2217 2247
f 2246 2247 2276
f 2275 2276 2247
f 2249 2250 2251
f 2251 2252 2253
f 2253 2254 2255
f 2255 2256 2257
f 2258 2259 2260
f 2260 2261 2262
f 2262 2263 2264
f 2264 2265 2266
f 2266 2267 2268
f 2268 2269 2270
f 2272 2273 2274
f 2275 2247 2248
f 2251 2253 2255
f 2258 2260 2262
f 2264 2266 2268
f 2268 2270 2271
f 2272 2274 2275
f 2275 2248 2249
f 2249 2251 2255
f 2257 2258 2262
f 2264 2268 2271
f 2271 2272 2275
f 2249 2255 2257
f 2257 2262 2264
f 2264 2271 2275
f 2275 2249 2257
f 2257 2264 2275
o b231361932_retail
v 344.16 0.00 60.06
v 314.94 0.00 77.76
v 324.12 0.00 92.72
v 333.63 0.00 86.96
v 332.65 0.00 85.37
v 352.37 0.00 73.42
v 344.16 9.60 60.06
v 314.94 9.60 77.76
v 324.12 9.60 92.72
v 333.63 9.60 86.96
v 332.65 9.60 85.37
v 352.37 9.60 73.42
f 2277 2278 2284
f 2277 2284 2283
f 2278 2279 2285
f 2278 2285 2284
f 2279 2280 2286
f 2279 2286 2285
f 2280 2281 2287
f 2280 2287 2286
f 2281 2282 2288
f 2281 2288 2287
f 2282 2277 2283
f 2282 2283 2288
f 2287 2288 2283
f 2283 2284 2285
f 2285 2286 2287
f 2287 2283 2285
o b231361933_medical
v 333.21 0.00 41.46
v 323.52 0.00 26.04
v 294.71 0.00 43.57
v 304.16 0.00 59.14
v 333.21 6.40 41.46
v 323.52 6.40 26.04
v 294.71 6.40 43.57
v 304.16 6.40 59.14
f 2289 2290 2294
f 2289 2294 2293
f 2290 2291 2295
f 2290 2295 2294
f 2291 2292 2296
f 2291 2296 2295
f 2292 2289 2293
f 2292 2293 2296
f 2295 2296 2293
f 2293 2294 2295
o b231361934_residential
v 322.57 0.00 -46.70
v 323.22 0.00 -47.09
v 309.86 0.00 -68.71
v 281.37 0.00 -51.36
v 294.73 0.00 -29.74
v 322.57 12.80 -46.70
v 323.22 12.80 -47.09
v 309.86 12.80 -68.71
v 281.37 12.80 -51.36
v 294.73 12.80 -29.74
f 2297 2298 2303
f 2297 2303 2302
f 2298 2299 2304
f 2298 2304 2303
f 2299 2300 2305
f 2299 2305 2304
f 2300 2301 2306
f 2300 2306 2305
f 2301 2297 2302
f 2301 2302 2306
f 2305 2306 2302
f 2302 2303 2304
f 2304 2305 2302
o b231361935_unknown
v 276.90 0.00 -48.68
v 248.41 0.00 -31.14
v 266.32 0.00 -2.24
v 267.07 0.00 -2.72
v 278.04 0.00 -9.43
v 265.59 0.00 -29.57
v 270.52 0.00 -32.55
v 283.00 0.00 -12.51
v 295.19 0.00 -19.72
v 276.90 12.80 -48.68
v 248.41 12.80 -31.14
v 266.32 12.80 -2.24
v 267.07 12.80 -2.72
v 278.04 12.80 -9.43
v 265.59 12.80 -29.57
v 270.52 12.80 -32.55
v 283.00 12.80 -12.51
v 295.19 12.80 -19.72
f 2307 2308 2317
f 2307 2317 2316
f 2308 2309 2318
f 2308 2318 2317
f 2309 2310 2319
f 2309 2319 2318
f 2310 2311 2320
f 2310 2320 2319
f 2311 2312 2321
f 2311 2321 2320
f 2312 2313 2322
f 2312 2322 2321
f 2313 2314 2323
f 2313 2323 2322
f 2314 2315 2324
f 2314 2324 2323
f 2315 2307 2316
f 2315 2316 2324
f 2323 2324 2316
f 2317 2318 2319
f 2319 2320 2321
f 2322 2323 2316
f 2317 2319 2321
f 2321 2322 2316
f 2316 2317 2321
o b231361940_unknown
v 300.93 0.00 178.12
v 301.62 0.00 177.70
v 299.46 0.00 174.24
v 298.71 0.00 174.70
v 297.50 0.00 172.75
v 288.72 0.00 178.16
v 289.53 0.00 179.45
v 276.06 0.00 187.74
v 275.24 0.00 186.44
v 267.96 0.00 190.91
v 271.52 0.00 196.62
v 271.72 0.00 196.50
v 274.19 0.00 200.44
v 273.73 0.00 200.73
v 277.31 0.00 206.47
v 287.64 0.00 200.10
v 285.22 0.00 196.22
v 295.67 0.00 189.79
v 298.17 0.00 193.80
v 307.24 0.00 188.22
v 300.93 22.40 178.12
v 301.62 22.40 177.70
v 299.46 22.40 174.24
v 298.71 22.40 174.70
v 297.50 22.40 172.75
v 288.72 22.40 178.16
v 289.53 22.40 179.45
v 276.06 22.40 187.74
v 275.24 22.40 186.44
v 267.96 22.40 190.91
v 271.52 22.40 196.62
v 271.72 22.40 196.50
v 274.19 22.40 200.44
v 273.73 22.40 200.73
v 277.31 22.40 206.47
v 287.64 22.40 200.10
v 285.22 22.40 196.22
v 295.67 22.40 189.79
v 298.17 22.40 193.80
v 307.24 22.40 188.22
f 2325 2326 2346
f 2325 2346 2345
f 2326 2327 2347
f 2326 2347 2346
f 2327 2328 2348
f 2327 2348 2347
f 2328 2329 2349
f 2328 2349 2348
f 2329 2330 2350
f 2329 2350 2349
f 2330 2331 2351
f 2330 2351 2350
f 2331 2332 2352
f 2331 2352 2351
f 2332 2333 2353
f 2332 2353 2352
f 2333 2334 2354
f 2333 2354 2353
f 2334 2335 2355
f 2334 2355 2354
f 2335 2336 2356
f 2335 2356 2355
f 2336 2337 2357
f 2336 2357 2356
f 2337 2338 2358
f 2337 2358 2357
f 2338 2339 2359
f 2338 2359 2358
f 2339 2340 2360
f 2339 2360 2359
f 2340 2341 2361
f 2340 2361 2360
f 2341 2342 2362
f 2341 2362 2361
f 2342 2343 2363
f 2342 2363 2362
f 2343 2344 2364
f 2343 2364 2363
f 2344 2325 2345
f 2344 2345 2364
f 2363 2364 2345
f 2345 2346 2347
f 2348 2349 2350
f 2352 2353 2354
f 2354 2355 2356
f 2357 2358 2359
f 2359 2360 2361
f 2362 2363 2345
f 2345 2347 2348
f 2348 2350 2351
f 2352 2354 2356
f 2357 2359 2361
f 2361 2362 2345
f 2345 2348 2351
f 2351 2352 2356
f 2356 2357 2361
f 2361 2345 2351
f 2351 2356 2361
o b231362092_residential
v -123.82 0.00 -93.47
v -122.49 0.00 -92.31
v -124.55 0.00 -89.97
v -125.82 0.00 -91.07
v -128.43 0.00 -88.13
v -126.11 0.00 -86.11
v -127.55 0.00 -84.47
v -129.87 0.00 -86.50
v -133.09 0.00 -82.85
v -130.82 0.00 -80.87
v -132.82 0.00 -78.60
v -134.69 0.00 -80.24
v -138.17 0.00 -76.31
v -136.20 0.00 -74.60
v -145.24 0.00 -64.36
v -141.66 0.00 -61.24
v -143.61 0.00 -59.03
v -136.47 0.00 -52.82
v -138.65 0.00 -50.36
v -133.38 0.00 -45.77
v -129.39 0.00 -50.30
v -128.13 0.00 -49.20
v -120.61 0.00 -57.71
v -121.84 0.00 -58.79
v -119.64 0.00 -61.27
v -117.78 0.00 -59.66
v -114.92 0.00 -62.91
v -116.08 0.00 -63.91
v -113.74 0.00 -66.57
v -116.18 0.00 -68.70
v -114.09 0.00 -71.08
v -112.28 0.00 -69.51
v -108.03 0.00 -74.32
v -103.92 0.00 -70.73
v -105.20 0.00 -69.29
v -97.07 0.00 -62.21
v -99.79 0.00 -59.14
v -97.21 0.00 -56.89
v -101.63 0.00 -51.89
v -104.31 0.00 -54.22
v -107.43 0.00 -50.70
v -105.31 0.00 -48.86
v -115.01 0.00 -37.86
v -113.49 0.00 -36.53
v -117.28 0.00 -32.24
v -111.86 0.00 -27.52
v -110.19 0.00 -29.43
v -103.43 0.00 -23.55
v -101.25 0.00 -26.00
v -98.09 0.00 -23.25
v -90.71 0.00 -31.60
v -92.12 0.00 -32.83
v -90.13 0.00 -35.07
v -88.16 0.00 -33.36
v -84.79 0.00 -37.17
v -85.87 0.00 -38.13
v -83.52 0.00 -40.80
v -84.68 0.00 -41.82
v -82.57 0.00 -44.20
v -80.39 0.00 -42.30
v -77.34 0.00 -45.76
v -78.54 0.00 -46.80
v -74.86 0.00 -50.97
v -73.77 0.00 -50.02
v -71.03 0.00 -53.13
v -72.61 0.00 -54.51
v -121.02 0.00 -96.66
v -123.82 16.00 -93.47
v -122.49 16.00 -92.31
v -124.55 16.00 -89.97
v -125.82 16.00 -91.07
v -128.43 16.00 -88.13
v -126.11 16.00 -86.11
v -127.55 16.00 -84.47
v -129.87 16.00 -86.50
v -133.09 16.00 -82.85
v -130.82 16.00 -80.87
v -132.82 16.00 -78.60
v -134.69 16.00 -80.24
v -138.17 16.00 -76.31
v -136.20 16.00 -74.60
v -145.24 16.00 -64.36
v -141.66 16.00 -61.24
v -143.61 16.00 -59.03
v -136.47 16.00 -52.82
v -138.65 16.00 -50.36
v -133.38 16.00 -45.77
v -129.39 16.00 -50.30
v -128.13 16.00 -49.20
v -120.61 16.00 -57.71
v -121.84 16.00 -58.79
v -119.64 16.00 -61.27
v -117.78 16.00 -59.66
v -114.92 16.00 -62.91
v -116.08 16.00 -63.91
v -113.74 16.00 -66.57
v -116.18 16.00 -68.70
v -114.09 16.00 -71.08
v -112.28 16.00 -69.51
v -108.03 16.00 -74.32
v -103.92 16.00 -70.73
v -105.20 16.00 -69.29
v -97.07 16.00 -62.21
v -99.79 16.00 -59.14
v -97.21 16.00 -56.89
v -101.63 16.00 -51.89
v -104.31 16.00 -54.22
v -107.43 16.00 -50.70
v -105.31 16.00 -48.86
v -115.01 16.00 -37.86
v -113.49 16.00 -36.53
v -117.28 16.00 -32.24
v -111.86 16.00 -27.52
v -110.19 16.00 -29.43
v -103.43 16.00 -23.55
v -101.25 16.00 -26.00
v -98.09 16.00 -23.25
v -90.71 16.00 -31.60
v -92.12 16.00 -32.83
v -90.13 16.00 -35.07
v -88.16 16.00 -33.36
v -84.79 16.00 -37.17
v -85.87 16.00 -38.13
v -83.52 16.00 -40.80
v -84.68 16.00 -41.82
v -82.57 16.00 -44.20
v -80.39 16.00 -42.30
v -77.34 16.00 -45.76
v -78.54 16.00 -46.80
v -74.86 16.00 -50.97
v -73.77 16.00 -50.02
v -71.03 16.00 -53.13
v -72.61 16.00 -54.51
v -121.02 16.00 -96.66
f 2365 2366 2433
f 2365 2433 2432
f 2366 2367 2434
f 2366 2434 2433
f 2367 2368 2435
f 2367 2435 2434
f 2368 2369 2436
f 2368 2436 2435
f 2369 2370 2437
f 2369 2437 2436
f 2370 2371 2438
f 2370 2438 2437
f 2371 2372 2439
f 2371 2439 2438
f 2372 2373 2440
f 2372 2440 2439
f 2373 2374 2441
f 2373 2441 2440
f 2374 2375 2442
f 2374 2442 2441
f 2375 2376 2443
f 2375 2443 2442
f 2376 2377 2444
f 2376 2444 2443
f 2377 2378 2445
f 2377 2445 2444
f 2378 2379 2446
f 2378 2446 2445
f 2379 2380 2447
f 2379 2447 2446
f 2380 2381 2448
f 2380 2448 2447
f 2381 2382 2449
f 2381 2449 2448
f 2382 2383 2450
f 2382 2450 2449
f 2383 2384 2451
f 2383 2451 2450
f 2384 2385 2452
f 2384 2452 2451
f 2385 2386 2453
f 2385 2453 2452
f 2386 2387 2454
f 2386 2454 2453
f 2387 2388 2455
f 2387 2455 2454
f 2388 2389 2456
f 2388 2456 2455
f 2389 2390 2457
f 2389 2457 2456
f 2390 2391 2458
f 2390 2458 2457
f 2391 2392 2459
f 2391 2459 2458
f 2392 2393 2460
f 2392 2460 2459
f 2393 2394 2461
f 2393 2461 2460
f 2394 2395 2462
f 2394 2462 2461
f 2395 2396 2463
f 2395 2463 2462
f 2396 2397 2464
f 2396 2464 2463
f 2397 2398 2465
f 2397 2465 2464
f 2398 2399 2466
f 2398 2466 2465
f 2399 2400 2467
f 2399 2467 2466
f 2400 2401 2468
f 2400 2468 2467
f 2401 2402 2469
f 2401 2469 2468
f 2402 2403 2470
f 2402 2470 2469
f 2403 2404 2471
f 2403 2471 2470
f 2404 2405 2472
f 2404 2472 2471
f 2405 2406 2473
f 2405 2473 2472
f 2406 2407 2474
f 2406 2474 2473
f 2407 2408 2475
f 2407 2475 2474
f 2408 2409 2476
f 2408 2476 2475
f 2409 2410 2477
f 2409 2477 2476
f 2410 2411 2478
f 2410 2478 2477
f 2411 2412 2479
f 2411 2479 2478
f 2412 2413 2480
f 2412 2480 2479
f 2413 2414 2481
f 2413 2481 2480
f 2414 2415 2482
f 2414 2482 2481
f 2415 2416 2483
f 2415 2483 2482
f 2416 2417 2484
f 2416 2484 2483
f 2417 2418 2485
f 2417 2485 2484
f 2418 2419 2486
f 2418 2486 2485
f 2419 2420 2487
f 2419 2487 2486
f 2420 2421 2488
f 2420 2488 2487
f 2421 2422 2489
f 2421 2489 2488
f 2422 2423 2490
f 2422 2490 2489
f 2423 2424 2491
f 2423 2491 2490
f 2424 2425 2492
f 2424 2492 2491
f 2425 2426 2493
f 2425 2493 2492
f 2426 2427 2494
f 2426 2494 2493
f 2427 2428 2495
f 2427 2495 2494
f 2428 2429 2496
f 2428 2496 2495
f 2429 2430 2497
f 2429 2497 2496
f 2430 2431 2498
f 2430 2498 2497
f 2431 2365 2432
f 2431 2432 2498
f 2497 2498 2432
f 2434 2435 2436
f 2438 2439 2440
f 2442 2443 2444
f 2445 2446 2447
f 2447 2448 2449
f 2449 2450 2451
f 2452 2453 2454
f 2456 2457 2458
f 2459 2460 2461
f 2462 2463 2464
f 2465 2466 2467
f 2467 2468 2469
f 2470 2471 2472
f 2473 2474 2475
f 2475 2476 2477
f 2478 2479 2480
f 2480 2481 2482
f 2484 2485 2486
f 2487 2488 2489
f 2490 2491 2492
f 2494 2495 2496
f 2496 2497 2432
f 2434 2436 2437
f 2438 2440 2441
f 2442 2444 2445
f 2445 2447 2449
f 2449 2451 2452
f 2452 2454 2455
f 2456 2458 2459
f 2470 2472 2473
f 2473 2475 2477
f 2478 2480 2482
f 2484 2486 2487
f 2490 2492 2493
f 2494 2496 2432
f 2433 2434 2437
f 2438 2441 2442
f 2442 2445 2449
f 2449 2452 2455
f 2456 2459 2461
f 2470 2473 2477
f 2478 2482 2483
f 2484 2487 2489
f 2490 2493 2494
f 2494 2432 2433
f 2438 2442 2449
f 2449 2455 2456
f 2469 2470 2477
f 2478 2483 2484
f 2437 2438 2449
f 2449 2456 2461
f 2469 2477 2478
f 2478 2484 2489
f 2433 2437 2449
f 2449 2461 2462
f 2469 2478 2489
f 2433 2449 2462
f 2467 2469 2489
f 2433 2462 2464
f 2467 2489 2490
f 2494 2433 2464
f 2465 2467 2490
f 2494 2464 2465
f 2465 2490 2494
o b231362093_residential
v -48.80 0.00 -19.96
v -47.08 0.00 -18.48
v -45.46 0.00 -20.34
v -41.59 0.00 -17.00
v -43.18 0.00 -15.19
v -41.28 0.00 -13.55
v -43.39 0.00 -11.14
v -39.36 0.00 -7.65
v -37.30 0.00 -10.00
v -34.79 0.00 -7.84
v -33.47 0.00 -9.35
v -29.80 0.00 -6.19
v -31.08 0.00 -4.73
v -29.70 0.00 -3.54
v -36.83 0.00 4.61
v -38.59 0.00 3.08
v -41.92 0.00 6.88
v -41.16 0.00 7.54
v -50.90 0.00 18.66
v -47.87 0.00 21.28
v -49.57 0.00 23.21
v -47.67 0.00 24.86
v -48.81 0.00 26.16
v -40.20 0.00 33.59
v -38.75 0.00 31.92
v -36.98 0.00 33.45
v -35.44 0.00 31.68
v -32.47 0.00 34.23
v -19.02 0.00 18.87
v -20.61 0.00 17.50
v -15.63 0.00 11.81
v -13.87 0.00 13.32
v -11.14 0.00 10.21
v -12.81 0.00 8.79
v -10.33 0.00 5.95
v -8.89 0.00 7.20
v -5.83 0.00 3.70
v -59.71 0.00 -42.80
v -62.23 0.00 -39.92
v -59.95 0.00 -37.95
v -62.15 0.00 -35.44
v -64.11 0.00 -37.14
v -67.29 0.00 -33.52
v -65.34 0.00 -31.84
v -70.74 0.00 -25.66
v -71.94 0.00 -26.70
v -74.80 0.00 -23.41
v -73.02 0.00 -21.88
v -75.60 0.00 -18.92
v -77.41 0.00 -20.48
v -85.59 0.00 -11.14
v -82.46 0.00 -8.45
v -83.84 0.00 -6.88
v -82.01 0.00 -5.29
v -83.44 0.00 -3.65
v -75.15 0.00 3.50
v -73.90 0.00 2.08
v -72.14 0.00 3.60
v -70.28 0.00 1.48
v -67.97 0.00 3.48
v -58.34 0.00 -7.52
v -56.97 0.00 -6.32
v -53.74 0.00 -10.00
v -55.89 0.00 -11.86
v -48.80 16.00 -19.96
v -47.08 16.00 -18.48
v -45.46 16.00 -20.34
v -41.59 16.00 -17.00
v -43.18 16.00 -15.19
v -41.28 16.00 -13.55
v -43.39 16.00 -11.14
v -39.36 16.00 -7.65
v -37.30 16.00 -10.00
v -34.79 16.00 -7.84
v -33.47 16.00 -9.35
v -29.80 16.00 -6.19
v -31.08 16.00 -4.73
v -29.70 16.00 -3.54
v -36.83 16.00 4.61
v -38.59 16.00 3.08
v -41.92 16.00 6.88
v -41.16 16.00 7.54
v -50.90 16.00 18.66
v -47.87 16.00 21.28
v -49.57 16.00 23.21
v -47.67 16.00 24.86
v -48.81 16.00 26.16
v -40.20 16.00 33.59
v -38.75 16.00 31.92
v -36.98 16.00 33.45
v -35.44 16.00 31.68
v -32.47 16.00 34.23
v -19.02 16.00 18.87
v -20.61 16.00 17.50
v -15.63 16.00 11.81
v -13.87 16.00 13.32
v -11.14 16.00 10.21
v -12.81 16.00 8.79
v -10.33 16.00 5.95
v -8.89 16.00 7.20
v -5.83 16.00 3.70
v -59.71 16.00 -42.80
v -62.23 16.00 -39.92
v -59.95 16.00 -37.95
v -62.15 16.00 -35.44
v -64.11 16.00 -37.14
v -67.29 16.00 -33.52
v -65.34 16.00 -31.84
v -70.74 16.00 -25.66
v -71.94 16.00 -26.70
v -74.80 16.00 -23.41
v -73.02 16.00 -21.88
v -75.60 16.00 -18.92
v -77.41 16.00 -20.48
v -85.59 16.00 -11.14
v -82.46 16.00 -8.45
v -83.84 16.00 -6.88
v -82.01 16.00 -5.29
v -83.44 16.00 -3.65
v -75.15 16.00 3.50
v -73.90 16.00 2.08
v -72.14 16.00 3.60
v -70.28 16.00 1.48
v -67.97 16.00 3.48
v -58.34 16.00 -7.52
v -56.97 16.00 -6.32
v -53.74 16.00 -10.00
v -55.89 16.00 -11.86
f 2499 2500 2564
f 2499 2564 2563
f 2500 2501 2565
f 2500 2565 2564
f 2501 2502 2566
f 2501 2566 2565
f 2502 2503 2567
f 2502 2567 2566
f 2503 2504 2568
f 2503 2568 2567
f 2504 2505 2569
f 2504 2569 2568
f 2505 2506 2570
f 2505 2570 2569
f 2506 2507 2571
f 2506 2571 2570
f 2507 2508 2572
f 2507 2572 2571
f 2508 2509 2573
f 2508 2573 2572
f 2509 2510 2574
f 2509 2574 2573
f 2510 2511 2575
f 2510 2575 2574
f 2511 2512 2576
f 2511 2576 2575
f 2512 2513 2577
f 2512 2577 2576
f 2513 2514 2578
f 2513 2578 2577
f 2514 2515 2579
f 2514 2579 2578
f 2515 2516 2580
f 2515 2580 2579
f 2516 2517 2581
f 2516 2581 2580
f 2517 2518 2582
f 2517 2582 2581
f 2518 2519 2583
f 2518 2583 2582
f 2519 2520 2584
f 2519 2584 2583
f 2520 2521 2585
f 2520 2585 2584
f 2521 2522 2586
f 2521 2586 2585
f 2522 2523 2587
f 2522 2587 2586
f 2523 2524 2588
f 2523 2588 2587
f 2524 2525 2589
f 2524 2589 2588
f 2525 2526 2590
f 2525 2590 2589
f 2526 2527 2591
f 2526 2591 2590
f 2527 2528 2592
f 2527 2592 2591
f 2528 2529 2593
f 2528 2593 2592
f 2529 2530 2594
f 2529 2594 2593
f 2530 2531 2595
f 2530 2595 2594
f 2531 2532 2596
f 2531 2596 2595
f 2532 2533 2597
f 2532 2597 2596
f 2533 2534 2598
f 2533 2598 2597
f 2534 2535 2599
f 2534 2599 2598
f 2535 2536 2600
f 2535 2600 2599
f 2536 2537 2601
f 2536 2601 2600
f 2537 2538 2602
f 2537 2602 2601
f 2538 2539 2603
f 2538 2603 2602
f 2539 2540 2604
f 2539 2604 2603
f 2540 2541 2605
f 2540 2605 2604
f 2541 2542 2606
f 2541 2606 2605
f 2542 2543 2607
f 2542 2607 2606
f 2543 2544 2608
f 2543 2608 2607
f 2544 2545 2609
f 2544 2609 2608
f 2545 2546 2610
f 2545 2610 2609
f 2546 2547 2611
f 2546 2611 2610
f 2547 2548 2612
f 2547 2612 2611
f 2548 2549 2613
f 2548 2613 2612
f 2549 2550 2614
f 2549 2614 2613
f 2550 2551 2615
f 2550 2615 2614
f 2551 2552 2616
f 2551 2616 2615
f 2552 2553 2617
f 2552 2617 2616
f 2553 2554 2618
f 2553 2618 2617
f 2554 2555 2619
f 2554 2619 2618
f 2555 2556 2620
f 2555 2620 2619
f 2556 2557 2621
f 2556 2621 2620
f 2557 2558 2622
f 2557 2622 2621
f 2558 2559 2623
f 2558 2623 2622
f 2559 2560 2624
f 2559 2624 2623
f 2560 2561 2625
f 2560 2625 2624
f 2561 2562 2626
f 2561 2626 2625
f 2562 2499 2563
f 2562 2563 2626
f 2563 2564 2565
f 2566 2567 2568
f 2568 2569 2570
f 2571 2572 2573
f 2574 2575 2576
f 2577 2578 2579
f 2580 2581 2582
f 2582 2583 2584
f 2584 2585 2586
f 2587 2588 2589
f 2589 2590 2591
f 2593 2594 2595
f 2597 2598 2599
f 2599 2600 2601
f 2603 2604 2605
f 2607 2608 2609
f 2611 2612 2613
f 2614 2615 2616
f 2616 2617 2618
f 2619 2620 2621
f 2621 2622 2623
f 2623 2624 2625
f 2566 2568 2570
f 2577 2579 2580
f 2580 2582 2584
f 2584 2586 2587
f 2587 2589 2591
f 2593 2595 2596
f 2599 2601 2602
f 2603 2605 2606
f 2607 2609 2610
f 2611 2613 2614
f 2614 2616 2618
f 2619 2621 2623
f 2623 2625 2626
f 2566 2570 2571
f 2577 2580 2584
f 2584 2587 2591
f 2593 2596 2597
f 2597 2599 2602
f 2603 2606 2607
f 2610 2611 2614
f 2614 2618 2619
f 2619 2623 2626
f 2566 2571 2573
f 2576 2577 2584
f 2584 2591 2592
f 2597 2602 2603
f 2603 2607 2610
f 2610 2614 2619
f 2619 2626 2563
f 2566 2573 2574
f 2576 2584 2592
f 2603 2610 2619
f 2574 2576 2592
f 2603 2619 2563
f 2574 2592 2593
f 2603 2563 2565
f 2574 2593 2597
f 2597 2603 2565
f 2566 2574 2597
f 2597 2565 2566
o b231362094_residential
v 23.50 0.00 45.05
v 24.20 0.00 44.15
v 25.91 0.00 45.84
v 22.82 0.00 49.47
v 24.95 0.00 51.17
v 23.21 0.00 53.38
v 20.89 0.00 51.28
v 18.88 0.00 53.79
v 15.96 0.00 52.59
v 14.48 0.00 56.51
v 16.49 0.00 58.01
v 14.26 0.00 60.63
v 12.56 0.00 59.43
v 10.15 0.00 62.34
v 9.33 0.00 61.44
v 8.56 0.00 64.56
v 5.50 0.00 67.87
v 7.75 0.00 69.67
v 5.58 0.00 71.94
v 5.89 0.00 72.20
v 7.05 0.00 74.99
v 10.29 0.00 75.29
v 13.91 0.00 78.09
v 12.98 0.00 78.79
v 16.54 0.00 81.90
v 19.23 0.00 79.39
v 21.35 0.00 80.98
v 27.21 0.00 77.37
v 26.91 0.00 76.86
v 31.51 0.00 71.53
v 33.64 0.00 73.63
v 37.26 0.00 71.62
v 35.27 0.00 68.81
v 37.24 0.00 66.90
v 40.07 0.00 69.51
v 43.50 0.00 67.69
v 42.28 0.00 65.58
v 40.99 0.00 64.08
v 43.07 0.00 61.67
v 46.41 0.00 64.88
v 47.66 0.00 64.10
v 49.64 0.00 62.76
v 48.42 0.00 60.75
v 42.57 0.00 55.25
v 43.49 0.00 54.04
v 30.05 0.00 35.80
v 1.87 0.00 11.18
v -0.95 0.00 14.37
v 0.08 0.00 14.99
v -3.44 0.00 19.31
v -6.48 0.00 18.02
v -8.08 0.00 21.63
v -5.95 0.00 23.33
v -7.65 0.00 25.94
v -8.89 0.00 25.05
v -11.08 0.00 27.76
v -13.73 0.00 26.25
v -15.44 0.00 30.38
v -13.51 0.00 31.88
v -15.62 0.00 34.60
v -17.13 0.00 33.29
v -19.62 0.00 36.20
v -20.55 0.00 35.51
v -21.44 0.00 38.42
v -24.14 0.00 42.04
v -21.02 0.00 44.24
v -23.86 0.00 46.96
v -19.91 0.00 50.56
v -19.01 0.00 49.75
v -15.88 0.00 52.46
v -16.17 0.00 52.93
v -15.05 0.00 56.07
v -12.19 0.00 56.41
v -10.33 0.00 54.25
v -7.90 0.00 56.15
v -5.22 0.00 53.14
v -2.27 0.00 51.73
v -2.98 0.00 50.53
v -1.09 0.00 48.21
v -0.05 0.00 48.81
v 2.66 0.00 45.60
v 4.06 0.00 46.80
v 7.07 0.00 45.09
v 6.46 0.00 43.38
v 4.26 0.00 41.28
v 8.80 0.00 36.25
v 11.32 0.00 38.66
v 15.81 0.00 33.53
v 19.35 0.00 36.93
v 17.34 0.00 39.44
v 23.50 16.00 45.05
v 24.20 16.00 44.15
v 25.91 16.00 45.84
v 22.82 16.00 49.47
v 24.95 16.00 51.17
v 23.21 16.00 53.38
v 20.89 16.00 51.28
v 18.88 16.00 53.79
v 15.96 16.00 52.59
v 14.48 16.00 56.51
v 16.49 16.00 58.01
v 14.26 16.00 60.63
v 12.56 16.00 59.43
v 10.15 16.00 62.34
v 9.33 16.00 61.44
v 8.56 16.00 64.56
v 5.50 16.00 67.87
v 7.75 16.00 69.67
v 5.58 16.00 71.94
v 5.89 16.00 72.20
v 7.05 16.00 74.99
v 10.29 16.00 75.29
v 13.91 16.00 78.09
v 12.98 16.00 78.79
v 16.54 16.00 81.90
v 19.23 16.00 79.39
v 21.35 16.00 80.98
v 27.21 16.00 77.37
v 26.91 16.00 76.86
v 31.51 16.00 71.53
v 33.64 16.00 73.63
v 37.26 16.00 71.62
v 35.27 16.00 68.81
v 37.24 16.00 66.90
v 40.07 16.00 69.51
v 43.50 16.00 67.69
v 42.28 16.00 65.58
v 40.99 16.00 64.08
v 43.07 16.00 61.67
v 46.41 16.00 64.88
v 47.66 16.00 64.10
v 49.64 16.00 62.76
v 48.42 16.00 60.75
v 42.57 16.00 55.25
v 43.49 16.00 54.04
v 30.05 16.00 35.80
v 1.87 16.00 11.18
v -0.95 16.00 14.37
v 0.08 16.00 14.99
v -3.44 16.00 19.31
v -6.48 16.00 18.02
v -8.08 16.00 21.63
v -5.95 16.00 23.33
v -7.65 16.00 25.94
v -8.89 16.00 25.05
v -11.08 16.00 27.76
v -13.73 16.00 26.25
v -15.44 16.00 30.38
v -13.51 16.00 31.88
v -15.62 16.00 34.60
v -17.13 16.00 33.29
v -19.62 16.00 36.20
v -20.55 16.00 35.51
v -21.44 16.00 38.42
v -24.14 16.00 42.04
v -21.02 16.00 44.24
v -23.86 16.00 46.96
v -19.91 16.00 50.56
v -19.01 16.00 49.75
v -15.88 16.00 52.46
v -16.17 16.00 52.93
v -15.05 16.00 56.07
v -12.19 16.00 56.41
v -10.33 16.00 54.25
v -7.90 16.00 56.15
v -5.22 16.00 53.14
v -2.27 16.00 51.73
v -2.98 16.00 50.53
v -1.09 16.00 48.21
v -0.05 16.00 48.81
v 2.66 16.00 45.60
v 4.06 16.00 46.80
v 7.07 16.00 45.09
v 6.46 16.00 43.38
v 4.26 16.00 41.28
v 8.80 16.00 36.25
v 11.32 16.00 38.66
v 15.81 16.00 33.53
v 19.35 16.00 36.93
v 17.34 16.00 39.44
f 2627 2628 2718
f 2627 2718 2717
f 2628 2629 2719
f 2628 2719 2718
f 2629 2630 2720
f 2629 2720 2719
f 2630 2631 2721
f 2630 2721 2720
f 2631 2632 2722
f 2631 2722 2721
f 2632 2633 2723
f 2632 2723 2722
f 2633 2634 2724
f 2633 2724 2723
f 2634 2635 2725
f 2634 2725 2724
f 2635 2636 2726
f 2635 2726 2725
f 2636 2637 2727
f 2636 2727 2726
f 2637 2638 2728
f 2637 2728 2727
f 2638 2639 2729
f 2638 2729 2728
f 2639 2640 2730
f 2639 2730 2729
f 2640 2641 2731
f 2640 2731 2730
f 2641 2642 2732
f 2641 2732 2731
f 2642 2643 2733
f 2642 2733 2732
f 2643 2644 2734
f 2643 2734 2733
f 2644 2645 2735
f 2644 2735 2734
f 2645 2646 2736
f 2645 2736 2735
f 2646 2647 2737
f 2646 2737 2736
f 2647 2648 2738
f 2647 2738 2737
f 2648 2649 2739
f 2648 2739 2738
f 2649 2650 2740
f 2649 2740 2739
f 2650 2651 2741
f 2650 2741 2740
f 2651 2652 2742
f 2651 2742 2741
f 2652 2653 2743
f 2652 2743 2742
f 2653 2654 2744
f 2653 2744 2743
f 2654 2655 2745
f 2654 2745 2744
f 2655 2656 2746
f 2655 2746 2745
f 2656 2657 2747
f 2656 2747 2746
f 2657 2658 2748
f 2657 2748 2747
f 2658 2659 2749
f 2658 2749 2748
f 2659 2660 2750
f 2659 2750 2749
f 2660 2661 2751
f 2660 2751 2750
f 2661 2662 2752
f 2661 2752 2751
f 2662 2663 2753
f 2662 2753 2752
f 2663 2664 2754
f 2663 2754 2753
f 2664 2665 2755
f 2664 2755 2754
f 2665 2666 2756
f 2665 2756 2755
f 2666 2667 2757
f 2666 2757 2756
f 2667 2668 2758
f 2667 2758 2757
f 2668 2669 2759
f 2668 2759 2758
f 2669 2670 2760
f 2669 2760 2759
f 2670 2671 2761
f 2670 2761 2760
f 2671 2672 2762
f 2671 2762 2761
f 2672 2673 2763
f 2672 2763 2762
f 2673 2674 2764
f 2673 2764 2763
f 2674 2675 2765
f 2674 2765 2764
f 2675 2676 2766
f 2675 2766 2765
f 2676 2677 2767
f 2676 2767 2766
f 2677 2678 2768
f 2677 2768 2767
f 2678 2679 2769
f 2678 2769 2768
f 2679 2680 2770
f 2679 2770 2769
f 2680 2681 2771
f 2680 2771 2770
f 2681 2682 2772
f 2681 2772 2771
f 2682 2683 2773
f 2682 2773 2772
f 2683 2684 2774
f 2683 2774 2773
f 2684 2685 2775
f 2684 2775 2774
f 2685 2686 2776
f 2685 2776 2775
f 2686 2687 2777
f 2686 2777 2776
f 2687 2688 2778
f 2687 2778 2777
f 2688 2689 2779
f 2688 2779 2778
f 2689 2690 2780
f 2689 2780 2779
f 2690 2691 2781
f 2690 2781 2780
f 2691 2692 2782
f 2691 2782 2781
f 2692 2693 2783
f 2692 2783 2782
f 2693 2694 2784
f 2693 2784 2783
f 2694 2695 2785
f 2694 2785 2784
f 2695 2696 2786
f 2695 2786 2785
f 2696 2697 2787
f 2696 2787 2786
f 2697 2698 2788
f 2697 2788 2787
f 2698 2699 2789
f 2698 2789 2788
f 2699 2700 2790
f 2699 2790 2789
f 2700 2701 2791
f 2700 2791 2790
f 2701 2702 2792
f 2701 2792 2791
f 2702 2703 2793
f 2702 2793 2792
f 2703 2704 2794
f 2703 2794 2793
f 2704 2705 2795
f 2704 2795 2794
f 2705 2706 2796
f 2705 2796 2795
f 2706 2707 2797
f 2706 2797 2796
f 2707 2708 2798
f 2707 2798 2797
f 2708 2709 2799
f 2708 2799 2798
f 2709 2710 2800
f 2709 2800 2799
f 2710 2711 2801
f 2710 2801 2800
f 2711 2712 2802
f 2711 2802 2801
f 2712 2713 2803
f 2712 2803 2802
f 2713 2714 2804
f 2713 2804 2803
f 2714 2715 2805
f 2714 2805 2804
f 2715 2716 2806
f 2715 2806 2805
f 2716 2627 2717
f 2716 2717 2806
f 2805 2806 2717
f 2719 2720 2721
f 2722 2723 2724
f 2724 2725 2726
f 2728 2729 2730
f 2730 2731 2732
f 2732 2733 2734
f 2734 2735 2736
f 2736 2737 2738
f 2739 2740 2741
f 2742 2743 2744
f 2746 2747 2748
f 2750 2751 2752
f 2752 2753 2754
f 2755 2756 2757
f 2757 2758 2759
f 2760 2761 2762
f 2763 2764 2765
f 2766 2767 2768
f 2770 2771 2772
f 2772 2773 2774
f 2776 2777 2778
f 2778 2779 2780
f 2780 2781 2782
f 2782 2783 2784
f 2786 2787 2788
f 2788 2789 2790
f 2790 2791 2792
f 2792 2793 2794
f 2795 2796 2797
f 2797 2798 2799
f 2799 2800 2801
f 2802 2803 2804
f 2805 2717 2718
f 2722 2724 2726
f 2728 2730 2732
f 2734 2736 2738
f 2739 2741 2742
f 2742 2744 2745
f 2746 2748 2749
f 2750 2752 2754
f 2755 2757 2759
f 2760 2762 2763
f 2766 2768 2769
f 2770 2772 2774
f 2776 2778 2780
f 2780 2782 2784
f 2786 2788 2790
f 2790 2792 2794
f 2797 2799 2801
f 2805 2718 2719
f 2722 2726 2727
f 2728 2732 2734
f 2734 2738 2739
f 2739 2742 2745
f 2746 2749 2750
f 2750 2754 2755
f 2755 2759 2760
f 2760 2763 2765
f 2765 2766 2769
f 2770 2774 2775
f 2776 2780 2784
f 2785 2786 2790
f 2790 2794 2795
f 2795 2797 2801
f 2722 2727 2728
f 2728 2734 2739
f 2739 2745 2746
f 2746 2750 2755
f 2755 2760 2765
f 2765 2769 2770
f 2770 2775 2776
f 2776 2784 2785
f 2785 2790 2795
f 2722 2728 2739
f 2739 2746 2755
f 2770 2776 2785
f 2785 2795 2801
f 2721 2722 2739
f 2765 2770 2785
f 2785 2801 2802
f 2721 2739 2755
f 2765 2785 2802
f 2719 2721 2755
f 2765 2802 2804
f 2805 2719 2755
f 2765 2804 2805
f 2805 2755 2765
o b231362204_retail
v 244.32 0.00 10.78
v 224.68 0.00 -20.86
v 208.20 0.00 -10.78
v 195.68 0.00 -3.19
v 208.20 0.00 17.87
v 212.43 0.00 15.45
v 215.83 0.00 20.47
v 219.39 0.00 26.07
v 244.32 16.00 10.78
v 224.68 16.00 -20.86
v 208.20 16.00 -10.78
v 195.68 16.00 -3.19
v 208.20 16.00 17.87
v 212.43 16.00 15.45
v 215.83 16.00 20.47
v 219.39 16.00 26.07
f 2807 2808 2816
f 2807 2816 2815
f 2808 2809 2817
f 2808 2817 2816
f 2809 2810 2818
f 2809 2818 2817
f 2810 2811 2819
f 2810 2819 2818
f 2811 2812 2820
f 2811 2820 2819
f 2812 2813 2821
f 2812 2821 2820
f 2813 2814 2822
f 2813 2822 2821
f 2814 2807 2815
f 2814 2815 2822
f 2821 2822 2815
f 2815 2816 2817
f 2817 2818 2819
f 2820 2821 2815
f 2817 2819 2820
f 2820 2815 2817
o b231362501_unknown
v 118.01 0.00 246.61
v 118.00 0.00 252.04
v 126.18 0.00 252.05
v 126.18 0.00 251.03
v 129.17 0.00 251.03
v 129.18 0.00 246.64
v 118.01 8.70 246.61
v 118.00 8.70 252.04
v 126.18 8.70 252.05
v 126.18 8.70 251.03
v 129.17 8.70 251.03
v 129.18 8.70 246.64
f 2823 2824 2830
f 2823 2830 2829
f 2824 2825 2831
f 2824 2831 2830
f 2825 2826 2832
f 2825 2832 2831
f 2826 2827 2833
f 2826 2833 2832
f 2827 2828 2834
f 2827 2834 2833
f 2828 2823 2829
f 2828 2829 2834
f 2833 2834 2829
f 2829 2830 2831
f 2832 2833 2829
f 2829 2831 2832
o b232079584_unknown
v 310.83 0.00 -197.83
v 306.98 0.00 -193.35
v 349.88 0.00 -123.43
v 378.50 0.00 -140.91
v 363.89 0.00 -164.31
v 362.20 0.00 -167.03
v 339.79 0.00 -202.92
v 337.75 0.00 -204.96
v 335.39 0.00 -206.61
v 332.76 0.00 -207.82
v 329.96 0.00 -208.52
v 327.07 0.00 -208.72
v 324.19 0.00 -208.40
v 321.42 0.00 -207.57
v 318.85 0.00 -206.26
v 316.55 0.00 -204.51
v 310.83 28.80 -197.83
v 306.98 28.80 -193.35
v 349.88 28.80 -123.43
v 378.50 28.80 -140.91
v 363.89 28.80 -164.31
v 362.20 28.80 -167.03
v 339.79 28.80 -202.92
v 337.75 28.80 -204.96
v 335.39 28.80 -206.61
v 332.76 28.80 -207.82
v 329.96 28.80 -208.52
v 327.07 28.80 -208.72
v 324.19 28.80 -208.40
v 321.42 28.80 -207.57
v 318.85 28.80 -206.26
v 316.55 28.80 -204.51
f 2835 2836 2852
f 2835 2852 2851
f 2836 2837 2853
f 2836 2853 2852
f 2837 2838 2854
f 2837 2854 2853
f 2838 2839 2855
f 2838 2855 2854
f 2839 2840 2856
f 2839 2856 2855
f 2840 2841 2857
f 2840 2857 2856
f 2841 2842 2858
f 2841 2858 2857
f 2842 2843 2859
f 2842 2859 2858
f 2843 2844 2860
f 2843 2860 2859
f 2844 2845 2861
f 2844 2861 2860
f 2845 2846 2862
f 2845 2862 2861
f 2846 2847 2863
f 2846 2863 2862
f 2847 2848 2864
f 2847 2864 2863
f 2848 2849 2865
f 2848 2865 2864
f 2849 2850 2866
f 2849 2866 2865
f 2850 2835 2851
f 2850 2851 2866
f 2865 2866 2851
f 2851 2852 2853
f 2853 2854 2855
f 2855 2856 2857
f 2857 2858 2859
f 2859 2860 2861
f 2861 2862 2863
f 2863 2864 2865
f 2865 2851 2853
f 2853 2855 2857
f 2857 2859 2861
f 2861 2863 2865
f 2865 2853 2857
f 2857 2861 2865
o b232079585_residential
v 360.35 0.00 -101.92
v 330.23 0.00 -83.98
v 339.31 0.00 -68.95
v 350.56 0.00 -75.66
v 348.48 0.00 -79.11
v 356.84 0.00 -84.09
v 357.57 0.00 -82.89
v 360.73 0.00 -84.78
v 361.96 0.00 -82.75
v 362.49 0.00 -83.06
v 366.77 0.00 -85.60
v 365.37 0.00 -87.91
v 367.19 0.00 -89.00
v 361.32 0.00 -98.72
v 362.02 0.00 -99.14
v 360.35 22.40 -101.92
v 330.23 22.40 -83.98
v 339.31 22.40 -68.95
v 350.56 22.40 -75.66
v 348.48 22.40 -79.11
v 356.84 22.40 -84.09
v 357.57 22.40 -82.89
v 360.73 22.40 -84.78
v 361.96 22.40 -82.75
v 362.49 22.40 -83.06
v 366.77 22.40 -85.60
v 365.37 22.40 -87.91
v 367.19 22.40 -89.00
v 361.32 22.40 -98.72
v 362.02 22.40 -99.14
f 2867 2868 2883
f 2867 2883 2882
f 2868 2869 2884
f 2868 2884 2883
f 2869 2870 2885
f 2869 2885 2884
f 2870 2871 2886
f 2870 2886 2885
f 2871 2872 2887
f 2871 2887 2886
f 2872 2873 2888
f 2872 2888 2887
f 2873 2874 2889
f 2873 2889 2888
f 2874 2875 2890
f 2874 2890 2889
f 2875 2876 2891
f 2875 2891 2890
f 2876 2877 2892
f 2876 2892 2891
f 2877 2878 2893
f 2877 2893 2892
f 2878 2879 2894
f 2878 2894 2893
f 2879 2880 2895
f 2879 2895 2894
f 2880 2881 2896
f 2880 2896 2895
f 2881 2867 2882
f 2881 2882 2896
f 2895 2896 2882
f 2882 2883 2884
f 2884 2885 2886
f 2887 2888 2889
f 2889 2890 2891
f 2891 2892 2893
f 2893 2894 2895
f 2895 2882 2884
f 2889 2891 2893
f 2895 2884 2886
f 2887 2889 2893
f 2895 2886 2887
f 2887 2893 2895
o b232079586_unknown
v 350.47 0.00 -53.86
v 369.66 0.00 -22.55
v 397.34 0.00 -39.29
v 378.15 0.00 -70.59
v 350.47 12.80 -53.86
v 369.66 12.80 -22.55
v 397.34 12.80 -39.29
v 378.15 12.80 -70.59
f 2897 2898 2902
f 2897 2902 2901
f 2898 2899 2903
f 2898 2903 2902
f 2899 2900 2904
f 2899 2904 2903
f 2900 2897 2901
f 2900 2901 2904
f 2903 2904 2901
f 2901 2902 2903
o b232079589_unknown
v 362.20 0.00 -167.03
v 363.89 0.00 -164.31
v 387.89 0.00 -178.99
v 386.21 0.00 -181.69
v 362.20 9.10 -167.03
v 363.89 9.10 -164.31
v 387.89 9.10 -178.99
v 386.21 9.10 -181.69
f 2905 2906 2910
f 2905 2910 2909
f 2906 2907 2911
f 2906 2911 2910
f 2907 2908 2912
f 2907 2912 2911
f 2908 2905 2909
f 2908 2909 2912
f 2911 2912 2909
f 2909 2910 2911
o b232079590_retail
v 387.59 0.00 -76.39
v 401.79 0.00 -85.10
v 410.63 0.00 -90.53
v 392.63 0.00 -119.47
v 387.56 0.00 -116.37
v 364.97 0.00 -102.50
v 374.57 0.00 -87.06
v 382.97 0.00 -73.56
v 387.59 9.60 -76.39
v 401.79 9.60 -85.10
v 410.63 9.60 -90.53
v 392.63 9.60 -119.47
v 387.56 9.60 -116.37
v 364.97 9.60 -102.50
v 374.57 9.60 -87.06
v 382.97 9.60 -73.56
f 2913 2914 2922
f 2913 2922 2921
f 2914 2915 2923
f 2914 2923 2922
f 2915 2916 2924
f 2915 2924 2923
f 2916 2917 2925
f 2916 2925 2924
f 2917 2918 2926
f 2917 2926 2925
f 2918 2919 2927
f 2918 2927 2926
f 2919 2920 2928
f 2919 2928 2927
f 2920 2913 2921
f 2920 2921 2928
f 2927 2928 2921
f 2921 2922 2923
f 2923 2924 2925
f 2925 2926 2927
f 2927 2921 2923
f 2923 2925 2927
o b232079592_residential
v 392.52 0.00 -58.20
v 397.09 0.00 -61.01
v 395.47 0.00 -63.60
v 409.65 0.00 -72.32
v 411.27 0.00 -69.71
v 420.19 0.00 -75.17
v 410.63 0.00 -90.53
v 401.79 0.00 -85.10
v 403.33 0.00 -82.62
v 389.14 0.00 -73.92
v 387.59 0.00 -76.39
v 382.97 0.00 -73.56
v 392.52 25.60 -58.20
v 397.09 25.60 -61.01
v 395.47 25.60 -63.60
v 409.65 25.60 -72.32
v 411.27 25.60 -69.71
v 420.19 25.60 -75.17
v 410.63 25.60 -90.53
v 401.79 25.60 -85.10
v 403.33 25.60 -82.62
v 389.14 25.60 -73.92
v 387.59 25.60 -76.39
v 382.97 25.60 -73.56
f 2929 2930 2942
f 2929 2942 2941
f 2930 2931 2943
f 2930 2943 2942
f 2931 2932 2944
f 2931 2944 2943
f 2932 2933 2945
f 2932 2945 2944
f 2933 2934 2946
f 2933 2946 2945
f 2934 2935 2947
f 2934 2947 2946
f 2935 2936 2948
f 2935 2948 2947
f 2936 2937 2949
f 2936 2949 2948
f 2937 2938 2950
f 2937 2950 2949
f 2938 2939 2951
f 2938 2951 2950
f 2939 2940 2952
f 2939 2952 2951
f 2940 2929 2941
f 2940 2941 2952
f 2951 2952 2941
f 2941 2942 2943
f 2944 2945 2946
f 2946 2947 2948
f 2950 2951 2941
f 2946 2948 2949
f 2949 2950 2941
f 2944 2946 2949
f 2949 2941 2943
f 2943 2944 2949
o b232079814_unknown
v 354.38 0.00 273.98
v 336.98 0.00 245.86
v 341.48 0.00 243.12
v 340.00 0.00 240.72
v 338.62 0.00 238.48
v 334.14 0.00 241.21
v 327.77 0.00 230.93
v 321.99 0.00 234.46
v 314.54 0.00 239.00
v 323.92 0.00 254.16
v 326.73 0.00 258.71
v 341.17 0.00 282.04
v 354.38 5.40 273.98
v 336.98 5.40 245.86
v 341.48 5.40 243.12
v 340.00 5.40 240.72
v 338.62 5.40 238.48
v 334.14 5.40 241.21
v 327.77 5.40 230.93
v 321.99 5.40 234.46
v 314.54 5.40 239.00
v 323.92 5.40 254.16
v 326.73 5.40 258.71
v 341.17 5.40 282.04
f 2953 2954 2966
f 2953 2966 2965
f 2954 2955 2967
f 2954 2967 2966
f 2955 2956 2968
f 2955 2968 2967
f 2956 2957 2969
f 2956 2969 2968
f 2957 2958 2970
f 2957 2970 2969
f 2958 2959 2971
f 2958 2971 2970
f 2959 2960 2972
f 2959 2972 2971
f 2960 2961 2973
f 2960 2973 2972
f 2961 2962 2974
f 2961 2974 2973
f 2962 2963 2975
f 2962 2975 2974
f 2963 2964 2976
f 2963 2976 2975
f 2964 2953 2965
f 2964 2965 2976
f 2975 2976 2965
f 2966 2967 2968
f 2968 2969 2970
f 2970 2971 2972
f 2972 2973 2974
f 2974 2975 2965
f 2966 2968 2970
f 2970 2972 2974
f 2974 2965 2966
f 2966 2970 2974
o b232079816_industrial
v 264.96 0.00 301.04
v 274.78 0.00 316.31
v 277.85 0.00 314.48
v 283.98 0.00 324.31
v 292.63 0.00 319.41
v 288.93 0.00 313.62
v 292.17 0.00 311.60
v 299.22 0.00 322.56
v 318.04 0.00 311.58
v 298.73 0.00 280.15
v 264.96 6.40 301.04
v 274.78 6.40 316.31
v 277.85 6.40 314.48
v 283.98 6.40 324.31
v 292.63 6.40 319.41
v 288.93 6.40 313.62
v 292.17 6.40 311.60
v 299.22 6.40 322.56
v 318.04 6.40 311.58
v 298.73 6.40 280.15
f 2977 2978 2988
f 2977 2988 2987
f 2978 2979 2989
f 2978 2989 2988
f 2979 2980 2990
f 2979 2990 2989
f 2980 2981 2991
f 2980 2991 2990
f 2981 2982 2992
f 2981 2992 2991
f 2982 2983 2993
f 2982 2993 2992
f 2983 2984 2994
f 2983 2994 2993
f 2984 2985 2995
f 2984 2995 2994
f 2985 2986 2996
f 2985 2996 2995
f 2986 2977 2987
f 2986 2987 2996
f 2995 2996 2987
f 2987 2988 2989
f 2989 2990 2991
f 2993 2994 2995
f 2987 2989 2991
f 2993 2995 2987
f 2987 2991 2992
f 2992 2993 2987
o b232079818_unknown
v 331.98 0.00 282.06
v 330.47 0.00 283.12
v 329.48 0.00 284.66
v 329.16 0.00 286.46
v 329.56 0.00 288.26
v 330.61 0.00 289.75
v 332.16 0.00 290.74
v 333.97 0.00 291.06
v 335.76 0.00 290.66
v 337.27 0.00 289.61
v 338.26 0.00 288.07
v 338.59 0.00 286.27
v 338.19 0.00 284.47
v 337.14 0.00 282.97
v 335.58 0.00 281.99
v 333.78 0.00 281.67
v 331.98 6.20 282.06
v 330.47 6.20 283.12
v 329.48 6.20 284.66
v 329.16 6.20 286.46
v 329.56 6.20 288.26
v 330.61 6.20 289.75
v 332.16 6.20 290.74
v 333.97 6.20 291.06
v 335.76 6.20 290.66
v 337.27 6.20 289.61
v 338.26 6.20 288.07
v 338.59 6.20 286.27
v 338.19 6.20 284.47
v 337.14 6.20 282.97
v 335.58 6.20 281.99
v 333.78 6.20 281.67
f 2997 2998 3014
f 2997 3014 3013
f 2998 2999 3015
f 2998 3015 3014
f 2999 3000 3016
f 2999 3016 3015
f 3000 3001 3017
f 3000 3017 3016
f 3001 3002 3018
f 3001 3018 3017
f 3002 3003 3019
f 3002 3019 3018
f 3003 3004 3020
f 3003 3020 3019
f 3004 3005 3021
f 3004 3021 3020
f 3005 3006 3022
f 3005 3022 3021
f 3006 3007 3023
f 3006 3023 3022
f 3007 3008 3024
f 3007 3024 3023
f 3008 3009 3025
f 3008 3025 3024
f 3009 3010 3026
f 3009 3026 3025
f 3010 3011 3027
f 3010 3027 3026
f 3011 3012 3028
f 3011 3028 3027
f 3012 2997 3013
f 3012 3013 3028
f 3027 3028 3013
f 3013 3014 3015
f 3015 3016 3017
f 3017 3018 3019
f 3019 3020 3021
f 3021 3022 3023
f 3023 3024 3025
f 3025 3026 3027
f 3027 3013 3015
f 3015 3017 3019
f 3019 3021 3023
f 3023 3025 3027
f 3027 3015 3019
f 3019 3023 3027
o b234436232_unknown
v -347.44 0.00 -119.94
v -347.44 0.00 -107.12
v -347.45 0.00 -103.10
v -338.94 0.00 -103.16
v -338.99 0.00 -119.91
v -339.00 0.00 -123.38
v -347.44 0.00 -123.46
v -347.44 11.90 -119.94
v -347.44 11.90 -107.12
v -347.45 11.90 -103.10
v -338.94 11.90 -103.16
v -338.99 11.90 -119.91
v -339.00 11.90 -123.38
v -347.44 11.90 -123.46
f 3029 3030 3037
f 3029 3037 3036
f 3030 3031 3038
f 3030 3038 3037
f 3031 3032 3039
f 3031 3039 3038
f 3032 3033 3040
f 3032 3040 3039
f 3033 3034 3041
f 3033 3041 3040
f 3034 3035 3042
f 3034 3042 3041
f 3035 3029 3036
f 3035 3036 3042
f 3041 3042 3036
f 3037 3038 3039
f 3040 3041 3036
f 3036 3037 3039
f 3039 3040 3036
o b234436233_civic
v -455.60 0.00 -218.05
v -455.56 0.00 -196.48
v -447.76 0.00 -196.35
v -442.24 0.00 -196.26
v -442.16 0.00 -186.13
v -425.04 0.00 -186.07
v -425.20 0.00 -170.51
v -412.23 0.00 -170.49
v -412.22 0.00 -159.61
v -399.19 0.00 -159.50
v -399.35 0.00 -149.69
v -377.53 0.00 -149.59
v -381.79 0.00 -144.49
v -377.62 0.00 -140.88
v -373.16 0.00 -137.04
v -371.37 0.00 -139.04
v -358.51 0.00 -153.90
v -358.62 0.00 -157.02
v -355.74 0.00 -157.04
v -355.56 0.00 -169.73
v -358.62 0.00 -169.77
v -358.58 0.00 -173.19
v -361.70 0.00 -176.05
v -358.71 0.00 -179.46
v -355.75 0.00 -182.82
v -348.97 0.00 -180.29
v -345.99 0.00 -183.76
v -344.01 0.00 -186.08
v -374.88 0.00 -212.59
v -372.83 0.00 -215.10
v -387.23 0.00 -227.58
v -391.33 0.00 -222.98
v -400.63 0.00 -223.07
v -405.24 0.00 -217.54
v -455.60 9.60 -218.05
v -455.56 9.60 -196.48
v -447.76 9.60 -196.35
v -442.24 9.60 -196.26
v -442.16 9.60 -186.13
v -425.04 9.60 -186.07
v -425.20 9.60 -170.51
v -412.23 9.60 -170.49
v -412.22 9.60 -159.61
v -399.19 9.60 -159.50
v -399.35 9.60 -149.69
v -377.53 9.60 -149.59
v -381.79 9.60 -144.49
v -377.62 9.60 -140.88
v -373.16 9.60 -137.04
v -371.37 9.60 -139.04
v -358.51 9.60 -153.90
v -358.62 9.60 -157.02
v -355.74 9.60 -157.04
v -355.56 9.60 -169.73
v -358.62 9.60 -169.77
v -358.58 9.60 -173.19
v -361.70 9.60 -176.05
v -358.71 9.60 -179.46
v -355.75 9.60 -182.82
v -348.97 9.60 -180.29
v -345.99 9.60 -183.76
v -344.01 9.60 -186.08
v -374.88 9.60 -212.59
v -372.83 9.60 -215.10
v -387.23 9.60 -227.58
v -391.33 9.60 -222.98
v -400.63 9.60 -223.07
v -405.24 9.60 -217.54
f 3043 3044 3078
f 3043 3078 3077
f 3044 3045 3079
f 3044 3079 3078
f 3045 3046 3080
f 3045 3080 3079
f 3046 3047 3081
f 3046 3081 3080
f 3047 3048 3082
f 3047 3082 3081
f 3048 3049 3083
f 3048 3083 3082
f 3049 3050 3084
f 3049 3084 3083
f 3050 3051 3085
f 3050 3085 3084
f 3051 3052 3086
f 3051 3086 3085
f 3052 3053 3087
f 3052 3087 3086
f 3053 3054 3088
f 3053 3088 3087
f 3054 3055 3089
f 3054 3089 3088
f 3055 3056 3090
f 3055 3090 3089
f 3056 3057 3091
f 3056 3091 3090
f 3057 3058 3092
f 3057 3092 3091
f 3058 3059 3093
f 3058 3093 3092
f 3059 3060 3094
f 3059 3094 3093
f 3060 3061 3095
f 3060 3095 3094
f 3061 3062 3096
f 3061 3096 3095
f 3062 3063 3097
f 3062 3097 3096
f 3063 3064 3098
f 3063 3098 3097
f 3064 3065 3099
f 3064 3099 3098
f 3065 3066 3100
f 3065 3100 3099
f 3066 3067 3101
f 3066 3101 3100
f 3067 3068 3102
f 3067 3102 3101
f 3068 3069 3103
f 3068 3103 3102
f 3069 3070 3104
f 3069 3104 3103
f 3070 3071 3105
f 3070 3105 3104
f 3071 3072 3106
f 3071 3106 3105
f 3072 3073 3107
f 3072 3107 3106
f 3073 3074 3108
f 3073 3108 3107
f 3074 3075 3109
f 3074 3109 3108
f 3075 3076 3110
f 3075 3110 3109
f 3076 3043 3077
f 3076 3077 3110
f 3110 3077 3078
f 3078 3079 3080
f 3080 3081 3082
f 3082 3083 3084
f 3084 3085 3086
f 3086 3087 3088
f 3088 3089 3090
f 3090 3091 3092
f 3092 3093 3094
f 3094 3095 3096
f 3097 3098 3099
f 3101 3102 3103
f 3103 3104 3105
f 3105 3106 3107
f 3108 3109 3110
f 3110 3078 3080
f 3082 3084 3086
f 3088 3090 3092
f 3092 3094 3096
f 3101 3103 3105
f 3105 3107 3108
f 3108 3110 3080
f 3082 3086 3088
f 3088 3092 3096
f 3100 3101 3105
f 3105 3108 3080
f 3088 3096 3097
f 3099 3100 3105
f 3105 3080 3082
f 3082 3088 3097
f 3099 3105 3082
f 3082 3097 3099
o b239631181_residential
v -339.18 0.00 -361.50
v -376.29 0.00 -394.29
v -400.08 0.00 -367.73
v -362.97 0.00 -334.95
v -339.18 19.20 -361.50
v -376.29 19.20 -394.29
v -400.08 19.20 -367.73
v -362.97 19.20 -334.95
f 3111 3112 3116
f 3111 3116 3115
f 3112 3113 3117
f 3112 3117 3116
f 3113 3114 3118
f 3113 3118 3117
f 3114 3111 3115
f 3114 3115 3118
f 3117 3118 3115
f 3115 3116 3117
o b240455072_unknown
v 210.22 0.00 -279.12
v 224.29 0.00 -266.84
v 245.79 0.00 -291.12
v 231.72 0.00 -303.40
v 210.22 6.40 -279.12
v 224.29 6.40 -266.84
v 245.79 6.40 -291.12
v 231.72 6.40 -303.40
f 3119 3120 3124
f 3119 3124 3123
f 3120 3121 3125
f 3120 3125 3124
f 3121 3122 3126
f 3121 3126 3125
f 3122 3119 3123
f 3122 3123 3126
f 3125 3126 3123
f 3123 3124 3125
o b240455074_residential
v 146.02 0.00 -241.66
v 150.17 0.00 -242.26
v 146.29 0.00 -246.86
v 142.14 0.00 -251.22
v 137.72 0.00 -255.33
v 133.06 0.00 -259.15
v 131.26 0.00 -260.45
v 130.09 0.00 -259.14
v 127.23 0.00 -261.65
v 128.16 0.00 -262.71
v 128.87 0.00 -263.49
v 111.37 0.00 -278.77
v 89.57 0.00 -254.14
v 124.42 0.00 -223.71
v 126.12 0.00 -225.23
v 129.49 0.00 -224.11
v 129.12 0.00 -223.29
v 133.12 0.00 -221.99
v 135.61 0.00 -224.76
v 134.71 0.00 -225.40
v 146.94 0.00 -238.30
v 145.71 0.00 -239.33
v 146.02 22.00 -241.66
v 150.17 22.00 -242.26
v 146.29 22.00 -246.86
v 142.14 22.00 -251.22
v 137.72 22.00 -255.33
v 133.06 22.00 -259.15
v 131.26 22.00 -260.45
v 130.09 22.00 -259.14
v 127.23 22.00 -261.65
v 128.16 22.00 -262.71
v 128.87 22.00 -263.49
v 111.37 22.00 -278.77
v 89.57 22.00 -254.14
v 124.42 22.00 -223.71
v 126.12 22.00 -225.23
v 129.49 22.00 -224.11
v 129.12 22.00 -223.29
v 133.12 22.00 -221.99
v 135.61 22.00 -224.76
v 134.71 22.00 -225.40
v 146.94 22.00 -238.30
v 145.71 22.00 -239.33
f 3127 3128 3150
f 3127 3150 3149
f 3128 3129 3151
f 3128 3151 3150
f 3129 3130 3152
f 3129 3152 3151
f 3130 3131 3153
f 3130 3153 3152
f 3131 3132 3154
f 3131 3154 3153
f 3132 3133 3155
f 3132 3155 3154
f 3133 3134 3156
f 3133 3156 3155
f 3134 3135 3157
f 3134 3157 3156
f 3135 3136 3158
f 3135 3158 3157
f 3136 3137 3159
f 3136 3159 3158
f 3137 3138 3160
f 3137 3160 3159
f 3138 3139 3161
f 3138 3161 3160
f 3139 3140 3162
f 3139 3162 3161
f 3140 3141 3163
f 3140 3163 3162
f 3141 3142 3164
f 3141 3164 3163
f 3142 3143 3165
f 3142 3165 3164
f 3143 3144 3166
f 3143 3166 3165
f 3144 3145 3167
f 3144 3167 3166
f 3145 3146 3168
f 3145 3168 3167
f 3146 3147 3169
f 3146 3169 3168
f 3147 3148 3170
f 3147 3170 3169
f 3148 3127 3149
f 3148 3149 3170
f 3149 3150 3151
f 3151 3152 3153
f 3153 3154 3155
f 3158 3159 3160
f 3160 3161 3162
f 3164 3165 3166
f 3166 3167 3168
f 3168 3169 3170
f 3170 3149 3151
f 3151 3153 3155
f 3157 3158 3160
f 3160 3162 3163
f 3164 3166 3168
f 3168 3170 3151
f 3151 3155 3156
f 3157 3160 3163
f 3163 3164 3168
f 3168 3151 3156
f 3156 3157 3163
f 3163 3168 3156
o b240586483_residential
v 294.73 0.00 -29.74
v 318.27 0.00 8.36
v 333.19 0.00 -0.74
v 346.11 0.00 -8.61
v 322.57 0.00 -46.70
v 294.73 16.00 -29.74
v 318.27 16.00 8.36
v 333.19 16.00 -0.74
v 346.11 16.00 -8.61
v 322.57 16.00 -46.70
f 3171 3172 3177
f 3171 3177 3176
f 3172 3173 3178
f 3172 3178 3177
f 3173 3174 3179
f 3173 3179 3178
f 3174 3175 3180
f 3174 3180 3179
f 3175 3171 3176
f 3175 3176 3180
f 3179 3180 3176
f 3176 3177 3178
f 3178 3179 3176
o b240736161_residential
v 438.10 0.00 63.91
v 429.17 0.00 49.46
v 426.55 0.00 45.21
v 433.14 0.00 41.20
v 435.76 0.00 45.44
v 444.70 0.00 59.91
v 455.58 0.00 53.28
v 427.52 0.00 7.85
v 425.97 0.00 8.79
v 399.30 0.00 25.04
v 415.81 0.00 51.75
v 416.23 0.00 51.50
v 427.78 0.00 70.19
v 438.10 26.00 63.91
v 429.17 26.00 49.46
v 426.55 26.00 45.21
v 433.14 26.00 41.20
v 435.76 26.00 45.44
v 444.70 26.00 59.91
v 455.58 26.00 53.28
v 427.52 26.00 7.85
v 425.97 26.00 8.79
v 399.30 26.00 25.04
v 415.81 26.00 51.75
v 416.23 26.00 51.50
v 427.78 26.00 70.19
f 3181 3182 3195
f 3181 3195 3194
f 3182 3183 3196
f 3182 3196 3195
f 3183 3184 3197
f 3183 3197 3196
f 3184 3185 3198
f 3184 3198 3197
f 3185 3186 3199
f 3185 3199 3198
f 3186 3187 3200
f 3186 3200 3199
f 3187 3188 3201
f 3187 3201 3200
f 3188 3189 3202
f 3188 3202 3201
f 3189 3190 3203
f 3189 3203 3202
f 3190 3191 3204
f 3190 3204 3203
f 3191 3192 3205
f 3191 3205 3204
f 3192 3193 3206
f 3192 3206 3205
f 3193 3181 3194
f 3193 3194 3206
f 3205 3206 3194
f 3198 3199 3200
f 3200 3201 3202
f 3202 3203 3204
f 3205 3194 3195
f 3197 3198 3200
f 3202 3204 3205
f 3205 3195 3196
f 3197 3200 3202
f 3202 3205 3196
f 3196 3197 3202
o b241166733_residential
v -175.59 0.00 -400.23
v -180.83 0.00 -404.76
v -190.36 0.00 -413.00
v -212.42 0.00 -387.82
v -197.65 0.00 -375.06
v -175.59 25.60 -400.23
v -180.83 25.60 -404.76
v -190.36 25.60 -413.00
v -212.42 25.60 -387.82
v -197.65 25.60 -375.06
f 3207 3208 3213
f 3207 3213 3212
f 3208 3209 3214
f 3208 3214 3213
f 3209 3210 3215
f 3209 3215 3214
f 3210 3211 3216
f 3210 3216 3215
f 3211 3207 3212
f 3211 3212 3216
f 3215 3216 3212
f 3213 3214 3215
f 3215 3212 3213
o b296789534_unknown
v 140.52 0.00 47.29
v 141.98 0.00 49.60
v 156.08 0.00 46.44
v 172.64 0.00 42.72
v 171.50 0.00 40.73
v 171.13 0.00 40.20
v 169.18 0.00 36.94
v 152.85 0.00 41.08
v 138.85 0.00 44.62
v 140.52 7.00 47.29
v 141.98 7.00 49.60
v 156.08 7.00 46.44
v 172.64 7.00 42.72
v 171.50 7.00 40.73
v 171.13 7.00 40.20
v 169.18 7.00 36.94
v 152.85 7.00 41.08
v 138.85 7.00 44.62
f 3217 3218 3227
f 3217 3227 3226
f 3218 3219 3228
f 3218 3228 3227
f 3219 3220 3229
f 3219 3229 3228
f 3220 3221 3230
f 3220 3230 3229
f 3221 3222 3231
f 3221 3231 3230
f 3222 3223 3232
f 3222 3232 3231
f 3223 3224 3233
f 3223 3233 3232
f 3224 3225 3234
f 3224 3234 3233
f 3225 3217 3226
f 3225 3226 3234
f 3233 3234 3226
f 3226 3227 3228
f 3228 3229 3230
f 3231 3232 3233
f 3233 3226 3228
f 3228 3230 3231
f 3231 3233 3228
o b331163045_residential
v 439.81 0.00 -280.00
v 452.35 0.00 -287.51
v 451.99 0.00 -288.09
v 449.54 0.00 -292.14
v 464.91 0.00 -301.34
v 456.84 0.00 -314.62
v 428.50 0.00 -297.63
v 439.38 0.00 -279.73
v 439.81 38.40 -280.00
v 452.35 38.40 -287.51
v 451.99 38.40 -288.09
v 449.54 38.40 -292.14
v 464.91 38.40 -301.34
v 456.84 38.40 -314.62
v 428.50 38.40 -297.63
v 439.38 38.40 -279.73
f 3235 3236 3244
f 3235 3244 3243
f 3236 3237 3245
f 3236 3245 3244
f 3237 3238 3246
f 3237 3246 3245
f 3238 3239 3247
f 3238 3247 3246
f 3239 3240 3248
f 3239 3248 3247
f 3240 3241 3249
f 3240 3249 3248
f 3241 3242 3250
f 3241 3250 3249
f 3242 3235 3243
f 3242 3243 3250
f 3249 3250 3243
f 3243 3244 3245
f 3246 3247 3248
f 3248 3249 3243
f 3243 3245 3246
f 3246 3248 3243
o b331307150_unknown
v 447.84 0.00 -266.89
v 476.17 0.00 -283.78
v 467.90 0.00 -297.63
v 451.99 0.00 -288.09
v 452.35 0.00 -287.51
v 439.81 0.00 -280.00
v 447.84 12.80 -266.89
v 476.17 12.80 -283.78
v 467.90 12.80 -297.63
v 451.99 12.80 -288.09
v 452.35 12.80 -287.51
v 439.81 12.80 -280.00
f 3251 3252 3258
f 3251 3258 3257
f 3252 3253 3259
f 3252 3259 3258
f 3253 3254 3260
f 3253 3260 3259
f 3254 3255 3261
f 3254 3261 3260
f 3255 3256 3262
f 3255 3262 3261
f 3256 3251 3257
f 3256 3257 3262
f 3261 3262 3257
f 3257 3258 3259
f 3259 3260 3261
f 3261 3257 3259
o b331309048_residential
v 378.25 0.00 -384.56
v 369.97 0.00 -391.81
v 367.71 0.00 -389.43
v 362.93 0.00 -393.67
v 362.66 0.00 -396.51
v 361.58 0.00 -399.16
v 359.78 0.00 -401.39
v 357.41 0.00 -403.02
v 354.67 0.00 -403.90
v 351.69 0.00 -403.61
v 346.80 0.00 -407.95
v 348.67 0.00 -410.46
v 340.34 0.00 -417.74
v 335.70 0.00 -417.17
v 331.27 0.00 -415.85
v 326.42 0.00 -412.81
v 323.64 0.00 -410.04
v 320.52 0.00 -404.50
v 318.95 0.00 -398.98
v 318.83 0.00 -393.46
v 327.16 0.00 -386.17
v 330.50 0.00 -386.74
v 333.99 0.00 -383.86
v 334.44 0.00 -381.04
v 335.66 0.00 -378.46
v 337.58 0.00 -376.32
v 340.04 0.00 -374.83
v 342.83 0.00 -374.10
v 345.70 0.00 -374.20
v 348.31 0.00 -372.04
v 348.47 0.00 -367.51
v 356.73 0.00 -360.28
v 362.23 0.00 -361.10
v 367.54 0.00 -363.36
v 372.67 0.00 -367.14
v 375.09 0.00 -370.22
v 377.52 0.00 -375.38
v 378.27 0.00 -379.91
v 378.25 100.00 -384.56
v 369.97 100.00 -391.81
v 367.71 100.00 -389.43
v 362.93 100.00 -393.67
v 362.66 100.00 -396.51
v 361.58 100.00 -399.16
v 359.78 100.00 -401.39
v 357.41 100.00 -403.02
v 354.67 100.00 -403.90
v 351.69 100.00 -403.61
v 346.80 100.00 -407.95
v 348.67 100.00 -410.46
v 340.34 100.00 -417.74
v 335.70 100.00 -417.17
v 331.27 100.00 -415.85
v 326.42 100.00 -412.81
v 323.64 100.00 -410.04
v 320.52 100.00 -404.50
v 318.95 100.00 -398.98
v 318.83 100.00 -393.46
v 327.16 100.00 -386.17
v 330.50 100.00 -386.74
v 333.99 100.00 -383.86
v 334.44 100.00 -381.04
v 335.66 100.00 -378.46
v 337.58 100.00 -376.32
v 340.04 100.00 -374.83
v 342.83 100.00 -374.10
v 345.70 100.00 -374.20
v 348.31 100.00 -372.04
v 348.47 100.00 -367.51
v 356.73 100.00 -360.28
v 362.23 100.00 -361.10
v 367.54 100.00 -363.36
v 372.67 100.00 -367.14
v 375.09 100.00 -370.22
v 377.52 100.00 -375.38
v 378.27 100.00 -379.91
f 3263 3264 3302
f 3263 3302 3301
f 3264 3265 3303
f 3264 3303 3302
f 3265 3266 3304
f 3265 3304 3303
f 3266 3267 3305
f 3266 3305 3304
f 3267 3268 3306
f 3267 3306 3305
f 3268 3269 3307
f 3268 3307 3306
f 3269 3270 3308
f 3269 3308 3307
f 3270 3271 3309
f 3270 3309 3308
f 3271 3272 3310
f 3271 3310 3309
f 3272 3273 3311
f 3272 3311 3310
f 3273 3274 3312
f 3273 3312 3311
f 3274 3275 3313
f 3274 3313 3312
f 3275 3276 3314
f 3275 3314 3313
f 3276 3277 3315
f 3276 3315 3314
f 3277 3278 3316
f 3277 3316 3315
f 3278 3279 3317
f 3278 3317 3316
f 3279 3280 3318
f 3279 3318 3317
f 3280 3281 3319
f 3280 3319 3318
f 3281 3282 3320
f 3281 3320 3319
f 3282 3283 3321
f 3282 3321 3320
f 3283 3284 3322
f 3283 3322 3321
f 3284 3285 3323
f 3284 3323 3322
f 3285 3286 3324
f 3285 3324 3323
f 3286 3287 3325
f 3286 3325 3324
f 3287 3288 3326
f 3287 3326 3325
f 3288 3289 3327
f 3288 3327 3326
f 3289 3290 3328
f 3289 3328 3327
f 3290 3291 3329
f 3290 3329 3328
f 3291 3292 3330
f 3291 3330 3329
f 3292 3293 3331
f 3292 3331 3330
f 3293 3294 3332
f 3293 3332 3331
f 3294 3295 3333
f 3294 3333 3332
f 3295 3296 3334
f 3295 3334 3333
f 3296 3297 3335
f 3296 3335 3334
f 3297 3298 3336
f 3297 3336 3335
f 3298 3299 3337
f 3298 3337 3336
f 3299 3300 3338
f 3299 3338 3337
f 3300 3263 3301
f 3300 3301 3338
f 3337 3338 3301
f 3301 3302 3303
f 3304 3305 3306
f 3306 3307 3308
f 3308 3309 3310
f 3311 3312 3313
f 3313 3314 3315
f 3315 3316 3317
f 3317 3318 3319
f 3319 3320 3321
f 3323 3324 3325
f 3325 3326 3327
f 3327 3328 3329
f 3330 3331 3332
f 3332 3333 3334
f 3334 3335 3336
f 3336 3337 3301
f 3304 3306 3308
f 3311 3313 3315
f 3315 3317 3319
f 3319 3321 3322
f 3323 3325 3327
f 3330 3332 3334
f 3334 3336 3301
f 3304 3308 3310
f 3310 3311 3315
f 3315 3319 3322
f 3323 3327 3329
f 3329 3330 3334
f 3334 3301 3303
f 3303 3304 3310
f 3310 3315 3322
f 3322 3323 3329
f 3329 3334 3303
f 3303 3310 3322
f 3322 3329 3303
o b331309049_unknown
v 378.27 0.00 -379.91
v 377.52 0.00 -375.38
v 375.09 0.00 -370.22
v 372.67 0.00 -367.14
v 367.54 0.00 -363.36
v 362.23 0.00 -361.10
v 356.73 0.00 -360.28
v 368.25 0.00 -349.90
v 389.75 0.00 -374.53
v 378.25 0.00 -384.56
v 378.27 6.40 -379.91
v 377.52 6.40 -375.38
v 375.09 6.40 -370.22
v 372.67 6.40 -367.14
v 367.54 6.40 -363.36
v 362.23 6.40 -361.10
v 356.73 6.40 -360.28
v 368.25 6.40 -349.90
v 389.75 6.40 -374.53
v 378.25 6.40 -384.56
f 3339 3340 3350
f 3339 3350 3349
f 3340 3341 3351
f 3340 3351 3350
f 3341 3342 3352
f 3341 3352 3351
f 3342 3343 3353
f 3342 3353 3352
f 3343 3344 3354
f 3343 3354 3353
f 3344 3345 3355
f 3344 3355 3354
f 3345 3346 3356
f 3345 3356 3355
f 3346 3347 3357
f 3346 3357 3356
f 3347 3348 3358
f 3347 3358 3357
f 3348 3339 3349
f 3348 3349 3358
f 3357 3358 3349
f 3354 3355 3356
f 3357 3349 3350
f 3353 3354 3356
f 3356 3357 3350
f 3352 3353 3356
f 3356 3350 3351
f 3351 3352 3356
o b331422723_office
v 30.52 0.00 -385.28
v 58.01 0.00 -361.57
v 79.36 0.00 -385.96
v 51.92 0.00 -409.64
v 30.52 6.40 -385.28
v 58.01 6.40 -361.57
v 79.36 6.40 -385.96
v 51.92 6.40 -409.64
f 3359 3360 3364
f 3359 3364 3363
f 3360 3361 3365
f 3360 3365 3364
f 3361 3362 3366
f 3361 3366 3365
f 3362 3359 3363
f 3362 3363 3366
f 3365 3366 3363
f 3363 3364 3365
o b331422725_unknown
v 51.92 0.00 -409.64
v 37.95 0.00 -421.69
v 36.46 0.00 -419.99
v 16.60 0.00 -397.30
v 30.52 0.00 -385.28
v 51.92 3.20 -409.64
v 37.95 3.20 -421.69
v 36.46 3.20 -419.99
v 16.60 3.20 -397.30
v 30.52 3.20 -385.28
f 3367 3368 3373
f 3367 3373 3372
f 3368 3369 3374
f 3368 3374 3373
f 3369 3370 3375
f 3369 3375 3374
f 3370 3371 3376
f 3370 3376 3375
f 3371 3367 3372
f 3371 3372 3376
f 3375 3376 3372
f 3372 3373 3374
f 3374 3375 3372
o b357283829_unknown
v 364.70 0.00 268.88
v 371.14 0.00 279.20
v 399.47 0.00 262.01
v 393.19 0.00 251.47
v 364.70 9.60 268.88
v 371.14 9.60 279.20
v 399.47 9.60 262.01
v 393.19 9.60 251.47
f 3377 3378 3382
f 3377 3382 3381
f 3378 3379 3383
f 3378 3383 3382
f 3379 3380 3384
f 3379 3384 3383
f 3380 3377 3381
f 3380 3381 3384
f 3383 3384 3381
f 3381 3382 3383
o b357283830_residential
v 332.58 0.00 217.06
v 342.61 0.00 233.25
v 344.55 0.00 236.39
v 357.57 0.00 257.38
v 364.70 0.00 268.88
v 393.19 0.00 251.47
v 379.14 0.00 228.81
v 375.05 0.00 222.21
v 365.50 0.00 206.81
v 361.06 0.00 199.65
v 351.95 0.00 205.23
v 337.99 0.00 213.76
v 332.58 5.70 217.06
v 342.61 5.70 233.25
v 344.55 5.70 236.39
v 357.57 5.70 257.38
v 364.70 5.70 268.88
v 393.19 5.70 251.47
v 379.14 5.70 228.81
v 375.05 5.70 222.21
v 365.50 5.70 206.81
v 361.06 5.70 199.65
v 351.95 5.70 205.23
v 337.99 5.70 213.76
f 3385 3386 3398
f 3385 3398 3397
f 3386 3387 3399
f 3386 3399 3398
f 3387 3388 3400
f 3387 3400 3399
f 3388 3389 3401
f 3388 3401 3400
f 3389 3390 3402
f 3389 3402 3401
f 3390 3391 3403
f 3390 3403 3402
f 3391 3392 3404
f 3391 3404 3403
f 3392 3393 3405
f 3392 3405 3404
f 3393 3394 3406
f 3393 3406 3405
f 3394 3395 3407
f 3394 3407 3406
f 3395 3396 3408
f 3395 3408 3407
f 3396 3385 3397
f 3396 3397 3408
f 3408 3397 3398
f 3398 3399 3400
f 3400 3401 3402
f 3403 3404 3405
f 3405 3406 3407
f 3407 3408 3398
f 3398 3400 3402
f 3403 3405 3407
f 3407 3398 3402
f 3402 3403 3407
o b357834361_unknown
v 285.88 0.00 29.07
v 294.71 0.00 43.57
v 323.52 0.00 26.04
v 314.37 0.00 11.46
v 285.88 6.40 29.07
v 294.71 6.40 43.57
v 323.52 6.40 26.04
v 314.37 6.40 11.46
f 3409 3410 3414
f 3409 3414 3413
f 3410 3411 3415
f 3410 3415 3414
f 3411 3412 3416
f 3411 3416 3415
f 3412 3409 3413
f 3412 3413 3416
f 3415 3416 3413
f 3413 3414 3415
o b358242160_residential
v 155.30 0.00 -329.98
v 153.75 0.00 -328.16
v 166.48 0.00 -316.51
v 188.26 0.00 -341.02
v 175.20 0.00 -352.72
v 155.30 25.60 -329.98
v 153.75 25.60 -328.16
v 166.48 25.60 -316.51
v 188.26 25.60 -341.02
v 175.20 25.60 -352.72
f 3417 3418 3423
f 3417 3423 3422
f 3418 3419 3424
f 3418 3424 3423
f 3419 3420 3425
f 3419 3425 3424
f 3420 3421 3426
f 3420 3426 3425
f 3421 3417 3422
f 3421 3422 3426
f 3425 3426 3422
f 3422 3423 3424
f 3424 3425 3422
o b358272087_unknown
v 127.01 0.00 -300.65
v 141.39 0.00 -288.18
v 163.20 0.00 -312.96
v 148.82 0.00 -325.44
v 127.01 8.10 -300.65
v 141.39 8.10 -288.18
v 163.20 8.10 -312.96
v 148.82 8.10 -325.44
f 3427 3428 3432
f 3427 3432 3431
f 3428 3429 3433
f 3428 3433 3432
f 3429 3430 3434
f 3429 3434 3433
f 3430 3427 3431
f 3430 3431 3434
f 3433 3434 3431
f 3431 3432 3433
o b358272088_retail
v 141.39 0.00 -288.18
v 155.32 0.00 -276.10
v 177.13 0.00 -300.88
v 163.20 0.00 -312.96
v 141.39 4.20 -288.18
v 155.32 4.20 -276.10
v 177.13 4.20 -300.88
v 163.20 4.20 -312.96
f 3435 3436 3440
f 3435 3440 3439
f 3436 3437 3441
f 3436 3441 3440
f 3437 3438 3442
f 3437 3442 3441
f 3438 3435 3439
f 3438 3439 3442
f 3441 3442 3439
f 3439 3440 3441
o b358272089_residential
v 155.32 0.00 -276.10
v 169.63 0.00 -263.68
v 191.44 0.00 -288.47
v 177.13 0.00 -300.88
v 155.32 28.80 -276.10
v 169.63 28.80 -263.68
v 191.44 28.80 -288.47
v 177.13 28.80 -300.88
f 3443 3444 3448
f 3443 3448 3447
f 3444 3445 3449
f 3444 3449 3448
f 3445 3446 3450
f 3445 3450 3449
f 3446 3443 3447
f 3446 3447 3450
f 3449 3450 3447
f 3447 3448 3449
o b360771044_unknown
v -293.43 0.00 -293.51
v -280.24 0.00 -282.02
v -265.89 0.00 -297.62
v -279.44 0.00 -309.42
v -293.43 7.40 -293.51
v -280.24 7.40 -282.02
v -265.89 7.40 -297.62
v -279.44 7.40 -309.42
f 3451 3452 3456
f 3451 3456 3455
f 3452 3453 3457
f 3452 3457 3456
f 3453 3454 3458
f 3453 3458 3457
f 3454 3451 3455
f 3454 3455 3458
f 3457 3458 3455
f 3455 3456 3457
o b360789237_unknown
v 173.25 0.00 -181.53
v 180.22 0.00 -175.42
v 201.68 0.00 -200.14
v 194.79 0.00 -206.01
v 173.25 5.00 -181.53
v 180.22 5.00 -175.42
v 201.68 5.00 -200.14
v 194.79 5.00 -206.01
f 3459 3460 3464
f 3459 3464 3463
f 3460 3461 3465
f 3460 3465 3464
f 3461 3462 3466
f 3461 3466 3465
f 3462 3459 3463
f 3462 3463 3466
f 3465 3466 3463
f 3463 3464 3465
o b360789238_unknown
v 180.22 0.00 -175.42
v 185.91 0.00 -170.52
v 207.75 0.00 -195.14
v 201.68 0.00 -200.14
v 180.22 8.00 -175.42
v 185.91 8.00 -170.52
v 207.75 8.00 -195.14
v 201.68 8.00 -200.14
f 3467 3468 3472
f 3467 3472 3471
f 3468 3469 3473
f 3468 3473 3472
f 3469 3470 3474
f 3469 3474 3473
f 3470 3467 3471
f 3470 3471 3474
f 3473 3474 3471
f 3471 3472 3473
o b360929649_unknown
v 224.29 0.00 -266.84
v 237.72 0.00 -255.10
v 259.22 0.00 -279.39
v 245.79 0.00 -291.12
v 224.29 9.60 -266.84
v 237.72 9.60 -255.10
v 259.22 9.60 -279.39
v 245.79 9.60 -291.12
f 3475 3476 3480
f 3475 3480 3479
f 3476 3477 3481
f 3476 3481 3480
f 3477 3478 3482
f 3477 3482 3481
f 3478 3475 3479
f 3478 3479 3482
f 3481 3482 3479
f 3479 3480 3481
o b360929650_residential
v 237.72 0.00 -255.10
v 237.62 0.00 -254.99
v 251.30 0.00 -243.04
v 272.91 0.00 -267.44
v 259.22 0.00 -279.39
v 237.72 19.20 -255.10
v 237.62 19.20 -254.99
v 251.30 19.20 -243.04
v 272.91 19.20 -267.44
v 259.22 19.20 -279.39
f 3483 3484 3489
f 3483 3489 3488
f 3484 3485 3490
f 3484 3490 3489
f 3485 3486 3491
f 3485 3491 3490
f 3486 3487 3492
f 3486 3492 3491
f 3487 3483 3488
f 3487 3488 3492
f 3491 3492 3488
f 3488 3489 3490
f 3490 3491 3488
o b360929651_retail
v 251.30 0.00 -243.04
v 264.90 0.00 -231.17
v 286.50 0.00 -255.57
v 272.91 0.00 -267.44
v 251.30 19.20 -243.04
v 264.90 19.20 -231.17
v 286.50 19.20 -255.57
v 272.91 19.20 -267.44
f 3493 3494 3498
f 3493 3498 3497
f 3494 3495 3499
f 3494 3499 3498
f 3495 3496 3500
f 3495 3500 3499
f 3496 3493 3497
f 3496 3497 3500
f 3499 3500 3497
f 3497 3498 3499
o b360947360_food
v 294.62 0.00 -93.15
v 278.56 0.00 -118.64
v 267.00 0.00 -111.47
v 250.49 0.00 -101.21
v 254.25 0.00 -95.25
v 268.62 0.00 -72.45
v 293.41 0.00 -87.85
v 294.62 37.80 -93.15
v 278.56 37.80 -118.64
v 267.00 37.80 -111.47
v 250.49 37.80 -101.21
v 254.25 37.80 -95.25
v 268.62 37.80 -72.45
v 293.41 37.80 -87.85
f 3501 3502 3509
f 3501 3509 3508
f 3502 3503 3510
f 3502 3510 3509
f 3503 3504 3511
f 3503 3511 3510
f 3504 3505 3512
f 3504 3512 3511
f 3505 3506 3513
f 3505 3513 3512
f 3506 3507 3514
f 3506 3514 3513
f 3507 3501 3508
f 3507 3508 3514
f 3513 3514 3508
f 3508 3509 3510
f 3510 3511 3512
f 3512 3513 3508
f 3508 3510 3512
o b360950554_retail
v 94.24 0.00 -120.34
v 108.64 0.00 -107.90
v 109.10 0.00 -108.42
v 113.82 0.00 -113.80
v 109.26 0.00 -117.74
v 120.95 0.00 -131.07
v 125.51 0.00 -127.13
v 130.77 0.00 -133.15
v 116.37 0.00 -145.59
v 94.24 25.60 -120.34
v 108.64 25.60 -107.90
v 109.10 25.60 -108.42
v 113.82 25.60 -113.80
v 109.26 25.60 -117.74
v 120.95 25.60 -131.07
v 125.51 25.60 -127.13
v 130.77 25.60 -133.15
v 116.37 25.60 -145.59
f 3515 3516 3525
f 3515 3525 3524
f 3516 3517 3526
f 3516 3526 3525
f 3517 3518 3527
f 3517 3527 3526
f 3518 3519 3528
f 3518 3528 3527
f 3519 3520 3529
f 3519 3529 3528
f 3520 3521 3530
f 3520 3530 3529
f 3521 3522 3531
f 3521 3531 3530
f 3522 3523 3532
f 3522 3532 3531
f 3523 3515 3524
f 3523 3524 3532
f 3524 3525 3526
f 3526 3527 3528
f 3529 3530 3531
f 3524 3526 3528
f 3529 3531 3532
f 3532 3524 3528
f 3528 3529 3532
o b360950557_retail
v 125.51 0.00 -127.13
v 113.82 0.00 -113.80
v 109.10 0.00 -108.42
v 116.00 0.00 -102.46
v 137.66 0.00 -127.19
v 130.77 0.00 -133.15
v 125.51 16.00 -127.13
v 113.82 16.00 -113.80
v 109.10 16.00 -108.42
v 116.00 16.00 -102.46
v 137.66 16.00 -127.19
v 130.77 16.00 -133.15
f 3533 3534 3540
f 3533 3540 3539
f 3534 3535 3541
f 3534 3541 3540
f 3535 3536 3542
f 3535 3542 3541
f 3536 3537 3543
f 3536 3543 3542
f 3537 3538 3544
f 3537 3544 3543
f 3538 3533 3539
f 3538 3539 3544
f 3543 3544 3539
f 3540 3541 3542
f 3542 3543 3539
f 3539 3540 3542
o b360950559_unknown
v 116.00 0.00 -102.46
v 115.27 0.00 -101.63
v 122.15 0.00 -95.67
v 122.40 0.00 -95.96
v 144.55 0.00 -121.23
v 141.11 0.00 -124.20
v 137.66 0.00 -127.19
v 116.00 16.00 -102.46
v 115.27 16.00 -101.63
v 122.15 16.00 -95.67
v 122.40 16.00 -95.96
v 144.55 16.00 -121.23
v 141.11 16.00 -124.20
v 137.66 16.00 -127.19
f 3545 3546 3553
f 3545 3553 3552
f 3546 3547 3554
f 3546 3554 3553
f 3547 3548 3555
f 3547 3555 3554
f 3548 3549 3556
f 3548 3556 3555
f 3549 3550 3557
f 3549 3557 3556
f 3550 3551 3558
f 3550 3558 3557
f 3551 3545 3552
f 3551 3552 3558
f 3557 3558 3552
f 3552 3553 3554
f 3555 3556 3557
f 3557 3552 3554
f 3554 3555 3557
o b360950561_retail
v 122.40 0.00 -95.96
v 136.28 0.00 -83.97
v 144.55 0.00 -93.40
v 158.43 0.00 -109.24
v 151.49 0.00 -115.24
v 146.47 0.00 -119.58
v 145.55 0.00 -120.37
v 144.55 0.00 -121.23
v 122.40 16.00 -95.96
v 136.28 16.00 -83.97
v 144.55 16.00 -93.40
v 158.43 16.00 -109.24
v 151.49 16.00 -115.24
v 146.47 16.00 -119.58
v 145.55 16.00 -120.37
v 144.55 16.00 -121.23
f 3559 3560 3568
f 3559 3568 3567
f 3560 3561 3569
f 3560 3569 3568
f 3561 3562 3570
f 3561 3570 3569
f 3562 3563 3571
f 3562 3571 3570
f 3563 3564 3572
f 3563 3572 3571
f 3564 3565 3573
f 3564 3573 3572
f 3565 3566 3574
f 3565 3574 3573
f 3566 3559 3567
f 3566 3567 3574
f 3573 3574 3567
f 3567 3568 3569
f 3569 3570 3571
f 3571 3572 3573
f 3573 3567 3569
f 3569 3571 3573
o b360950564_residential
v 144.55 0.00 -93.40
v 172.04 0.00 -69.64
v 185.92 0.00 -85.48
v 158.43 0.00 -109.24
v 144.55 8.70 -93.40
v 172.04 8.70 -69.64
v 185.92 8.70 -85.48
v 158.43 8.70 -109.24
f 3575 3576 3580
f 3575 3580 3579
f 3576 3577 3581
f 3576 3581 3580
f 3577 3578 3582
f 3577 3582 3581
f 3578 3575 3579
f 3578 3579 3582
f 3581 3582 3579
f 3579 3580 3581
o b360950567_retail
v 136.28 0.00 -83.97
v 163.77 0.00 -60.20
v 172.04 0.00 -69.64
v 144.55 0.00 -93.40
v 136.28 6.40 -83.97
v 163.77 6.40 -60.20
v 172.04 6.40 -69.64
v 144.55 6.40 -93.40
f 3583 3584 3588
f 3583 3588 3587
f 3584 3585 3589
f 3584 3589 3588
f 3585 3586 3590
f 3585 3590 3589
f 3586 3583 3587
f 3586 3587 3590
f 3589 3590 3587
f 3587 3588 3589
o b362819087_unknown
v 54.58 0.00 -328.31
v 27.12 0.00 -352.06
v 5.55 0.00 -327.46
v 33.01 0.00 -303.72
v 54.58 38.40 -328.31
v 27.12 38.40 -352.06
v 5.55 38.40 -327.46
v 33.01 38.40 -303.72
f 3591 3592 3596
f 3591 3596 3595
f 3592 3593 3597
f 3592 3597 3596
f 3593 3594 3598
f 3593 3598 3597
f 3594 3591 3595
f 3594 3595 3598
f 3597 3598 3595
f 3595 3596 3597
o b362819088_unknown
v -8.41 0.00 -339.52
v 5.55 0.00 -327.46
v 27.12 0.00 -352.06
v 13.16 0.00 -364.12
v -8.41 9.50 -339.52
v 5.55 9.50 -327.46
v 27.12 9.50 -352.06
v 13.16 9.50 -364.12
f 3599 3600 3604
f 3599 3604 3603
f 3600 3601 3605
f 3600 3605 3604
f 3601 3602 3606
f 3601 3606 3605
f 3602 3599 3603
f 3602 3603 3606
f 3605 3606 3603
f 3603 3604 3605
o b362819089_residential
v 13.16 0.00 -364.12
v -0.32 0.00 -375.78
v -21.83 0.00 -351.26
v -16.25 0.00 -346.44
v -15.99 0.00 -346.72
v -12.91 0.00 -344.06
v -13.22 0.00 -343.69
v -8.41 0.00 -339.52
v 13.16 10.20 -364.12
v -0.32 10.20 -375.78
v -21.83 10.20 -351.26
v -16.25 10.20 -346.44
v -15.99 10.20 -346.72
v -12.91 10.20 -344.06
v -13.22 10.20 -343.69
v -8.41 10.20 -339.52
f 3607 3608 3616
f 3607 3616 3615
f 3608 3609 3617
f 3608 3617 3616
f 3609 3610 3618
f 3609 3618 3617
f 3610 3611 3619
f 3610 3619 3618
f 3611 3612 3620
f 3611 3620 3619
f 3612 3613 3621
f 3612 3621 3620
f 3613 3614 3622
f 3613 3622 3621
f 3614 3607 3615
f 3614 3615 3622
f 3621 3622 3615
f 3615 3616 3617
f 3617 3618 3619
f 3620 3621 3615
f 3615 3617 3619
f 3619 3620 3615
o b362819090_residential
v -19.69 0.00 -381.96
v -17.90 0.00 -380.40
v -25.16 0.00 -372.13
v -35.03 0.00 -380.67
v -31.53 0.00 -384.65
v -37.11 0.00 -389.48
v -49.59 0.00 -375.26
v -21.83 0.00 -351.26
v -0.32 0.00 -375.78
v -14.42 0.00 -387.97
v -19.69 9.60 -381.96
v -17.90 9.60 -380.40
v -25.16 9.60 -372.13
v -35.03 9.60 -380.67
v -31.53 9.60 -384.65
v -37.11 9.60 -389.48
v -49.59 9.60 -375.26
v -21.83 9.60 -351.26
v -0.32 9.60 -375.78
v -14.42 9.60 -387.97
f 3623 3624 3634
f 3623 3634 3633
f 3624 3625 3635
f 3624 3635 3634
f 3625 3626 3636
f 3625 3636 3635
f 3626 3627 3637
f 3626 3637 3636
f 3627 3628 3638
f 3627 3638 3637
f 3628 3629 3639
f 3628 3639 3638
f 3629 3630 3640
f 3629 3640 3639
f 3630 3631 3641
f 3630 3641 3640
f 3631 3632 3642
f 3631 3642 3641
f 3632 3623 3633
f 3632 3633 3642
f 3641 3642 3633
f 3636 3637 3638
f 3641 3633 3634
f 3636 3638 3639
f 3640 3641 3634
f 3635 3636 3639
f 3640 3634 3635
f 3635 3639 3640
o b362828788_weapons_outdoors
v -33.79 0.00 -310.46
v -20.32 0.00 -298.61
v -20.06 0.00 -298.84
v -9.77 0.00 -310.25
v 2.02 0.00 -323.34
v -11.70 0.00 -335.79
v -33.79 10.80 -310.46
v -20.32 10.80 -298.61
v -20.06 10.80 -298.84
v -9.77 10.80 -310.25
v 2.02 10.80 -323.34
v -11.70 10.80 -335.79
f 3643 3644 3650
f 3643 3650 3649
f 3644 3645 3651
f 3644 3651 3650
f 3645 3646 3652
f 3645 3652 3651
f 3646 3647 3653
f 3646 3653 3652
f 3647 3648 3654
f 3647 3654 3653
f 3648 3643 3649
f 3648 3649 3654
f 3653 3654 3649
f 3649 3650 3651
f 3651 3652 3653
f 3653 3649 3651
o b362828789_unknown
v -9.77 0.00 -310.25
v 17.50 0.00 -286.38
v 29.22 0.00 -299.91
v 2.02 0.00 -323.34
v -9.77 6.40 -310.25
v 17.50 6.40 -286.38
v 29.22 6.40 -299.91
v 2.02 6.40 -323.34
f 3655 3656 3660
f 3655 3660 3659
f 3656 3657 3661
f 3656 3661 3660
f 3657 3658 3662
f 3657 3662 3661
f 3658 3655 3659
f 3658 3659 3662
f 3661 3662 3659
f 3659 3660 3661
o b362828790_retail
v -64.36 0.00 -278.48
v -50.27 0.00 -266.25
v -38.08 0.00 -280.08
v -52.17 0.00 -292.31
v -64.36 3.20 -278.48
v -50.27 3.20 -266.25
v -38.08 3.20 -280.08
v -52.17 3.20 -292.31
f 3663 3664 3668
f 3663 3668 3667
f 3664 3665 3669
f 3664 3669 3668
f 3665 3666 3670
f 3665 3670 3669
f 3666 3663 3667
f 3666 3667 3670
f 3669 3670 3667
f 3667 3668 3669
o b362828791_retail
v -66.58 0.00 -303.66
v -85.17 0.00 -282.53
v -86.19 0.00 -281.39
v -72.38 0.00 -269.39
v -64.36 0.00 -278.48
v -52.17 0.00 -292.31
v -65.98 0.00 -304.32
v -66.58 3.20 -303.66
v -85.17 3.20 -282.53
v -86.19 3.20 -281.39
v -72.38 3.20 -269.39
v -64.36 3.20 -278.48
v -52.17 3.20 -292.31
v -65.98 3.20 -304.32
f 3671 3672 3679
f 3671 3679 3678
f 3672 3673 3680
f 3672 3680 3679
f 3673 3674 3681
f 3673 3681 3680
f 3674 3675 3682
f 3674 3682 3681
f 3675 3676 3683
f 3675 3683 3682
f 3676 3677 3684
f 3676 3684 3683
f 3677 3671 3678
f 3677 3678 3684
f 3683 3684 3678
f 3679 3680 3681
f 3681 3682 3683
f 3683 3678 3679
f 3679 3681 3683
o b362842408_retail
v 91.55 0.00 -244.74
v 84.96 0.00 -250.40
v 63.18 0.00 -225.37
v 69.77 0.00 -219.71
v 91.55 4.60 -244.74
v 84.96 4.60 -250.40
v 63.18 4.60 -225.37
v 69.77 4.60 -219.71
f 3685 3686 3690
f 3685 3690 3689
f 3686 3687 3691
f 3686 3691 3690
f 3687 3688 3692
f 3687 3692 3691
f 3688 3685 3689
f 3688 3689 3692
f 3691 3692 3689
f 3689 3690 3691
o b362856925_civic
v -100.76 0.00 -235.10
v -87.43 0.00 -223.41
v -63.66 0.00 -250.05
v -77.06 0.00 -261.97
v -100.76 6.40 -235.10
v -87.43 6.40 -223.41
v -63.66 6.40 -250.05
v -77.06 6.40 -261.97
f 3693 3694 3698
f 3693 3698 3697
f 3694 3695 3699
f 3694 3699 3698
f 3695 3696 3700
f 3695 3700 3699
f 3696 3693 3697
f 3696 3697 3700
f 3699 3700 3697
f 3697 3698 3699
o b362997557_residential
v -106.75 0.00 -340.09
v -120.79 0.00 -352.35
v -143.09 0.00 -327.15
v -129.06 0.00 -314.91
v -106.75 9.60 -340.09
v -120.79 9.60 -352.35
v -143.09 9.60 -327.15
v -129.06 9.60 -314.91
f 3701 3702 3706
f 3701 3706 3705
f 3702 3703 3707
f 3702 3707 3706
f 3703 3704 3708
f 3703 3708 3707
f 3704 3701 3705
f 3704 3705 3708
f 3707 3708 3705
f 3705 3706 3707
o b362997558_unknown
v -120.79 0.00 -352.35
v -134.37 0.00 -364.20
v -139.31 0.00 -358.62
v -156.40 0.00 -339.30
v -156.67 0.00 -339.00
v -143.09 0.00 -327.15
v -120.79 9.60 -352.35
v -134.37 9.60 -364.20
v -139.31 9.60 -358.62
v -156.40 9.60 -339.30
v -156.67 9.60 -339.00
v -143.09 9.60 -327.15
f 3709 3710 3716
f 3709 3716 3715
f 3710 3711 3717
f 3710 3717 3716
f 3711 3712 3718
f 3711 3718 3717
f 3712 3713 3719
f 3712 3719 3718
f 3713 3714 3720
f 3713 3720 3719
f 3714 3709 3715
f 3714 3715 3720
f 3719 3720 3715
f 3715 3716 3717
f 3718 3719 3715
f 3715 3717 3718
o b362997559_residential
v -197.65 0.00 -375.06
v -184.02 0.00 -363.28
v -167.39 0.00 -382.25
v -161.96 0.00 -388.45
v -175.59 0.00 -400.23
v -197.65 12.80 -375.06
v -184.02 12.80 -363.28
v -167.39 12.80 -382.25
v -161.96 12.80 -388.45
v -175.59 12.80 -400.23
f 3721 3722 3727
f 3721 3727 3726
f 3722 3723 3728
f 3722 3728 3727
f 3723 3724 3729
f 3723 3729 3728
f 3724 3725 3730
f 3724 3730 3729
f 3725 3721 3726
f 3725 3726 3730
f 3729 3730 3726
f 3726 3727 3728
f 3728 3729 3726
o b363046815_civic
v 440.45 0.00 -129.21
v 441.34 0.00 -131.39
v 451.90 0.00 -137.85
v 447.14 0.00 -145.51
v 455.25 0.00 -150.49
v 451.83 0.00 -156.01
v 438.74 0.00 -147.97
v 434.94 0.00 -145.66
v 434.63 0.00 -146.13
v 425.58 0.00 -140.60
v 424.83 0.00 -141.82
v 413.74 0.00 -135.04
v 414.51 0.00 -133.79
v 420.54 0.00 -124.08
v 421.62 0.00 -124.74
v 431.87 0.00 -108.24
v 433.55 0.00 -105.54
v 449.17 0.00 -115.12
v 445.34 0.00 -121.28
v 446.19 0.00 -121.80
v 444.18 0.00 -125.02
v 443.37 0.00 -124.52
v 440.45 19.20 -129.21
v 441.34 19.20 -131.39
v 451.90 19.20 -137.85
v 447.14 19.20 -145.51
v 455.25 19.20 -150.49
v 451.83 19.20 -156.01
v 438.74 19.20 -147.97
v 434.94 19.20 -145.66
v 434.63 19.20 -146.13
v 425.58 19.20 -140.60
v 424.83 19.20 -141.82
v 413.74 19.20 -135.04
v 414.51 19.20 -133.79
v 420.54 19.20 -124.08
v 421.62 19.20 -124.74
v 431.87 19.20 -108.24
v 433.55 19.20 -105.54
v 449.17 19.20 -115.12
v 445.34 19.20 -121.28
v 446.19 19.20 -121.80
v 444.18 19.20 -125.02
v 443.37 19.20 -124.52
f 3731 3732 3754
f 3731 3754 3753
f 3732 3733 3755
f 3732 3755 3754
f 3733 3734 3756
f 3733 3756 3755
f 3734 3735 3757
f 3734 3757 3756
f 3735 3736 3758
f 3735 3758 3757
f 3736 3737 3759
f 3736 3759 3758
f 3737 3738 3760
f 3737 3760 3759
f 3738 3739 3761
f 3738 3761 3760
f 3739 3740 3762
f 3739 3762 3761
f 3740 3741 3763
f 3740 3763 3762
f 3741 3742 3764
f 3741 3764 3763
f 3742 3743 3765
f 3742 3765 3764
f 3743 3744 3766
f 3743 3766 3765
f 3744 3745 3767
f 3744 3767 3766
f 3745 3746 3768
f 3745 3768 3767
f 3746 3747 3769
f 3746 3769 3768
f 3747 3748 3770
f 3747 3770 3769
f 3748 3749 3771
f 3748 3771 3770
f 3749 3750 3772
f 3749 3772 3771
f 3750 3751 3773
f 3750 3773 3772
f 3751 3752 3774
f 3751 3774 3773
f 3752 3731 3753
f 3752 3753 3774
f 3754 3755 3756
f 3756 3757 3758
f 3760 3761 3762
f 3762 3763 3764
f 3764 3765 3766
f 3767 3768 3769
f 3769 3770 3771
f 3771 3772 3773
f 3756 3758 3759
f 3762 3764 3766
f 3767 3769 3771
f 3771 3773 3774
f 3754 3756 3759
f 3760 3762 3766
f 3767 3771 3774
f 3753 3754 3759
f 3759 3760 3766
f 3767 3774 3753
f 3759 3766 3767
f 3767 3753 3759
o b363046816_retail
v 433.55 0.00 -105.54
v 443.19 0.00 -90.01
v 470.98 0.00 -107.04
v 461.34 0.00 -122.57
v 449.17 0.00 -115.12
v 433.55 29.60 -105.54
v 443.19 29.60 -90.01
v 470.98 29.60 -107.04
v 461.34 29.60 -122.57
v 449.17 29.60 -115.12
f 3775 3776 3781
f 3775 3781 3780
f 3776 3777 3782
f 3776 3782 3781
f 3777 3778 3783
f 3777 3783 3782
f 3778 3779 3784
f 3778 3784 3783
f 3779 3775 3780
f 3779 3780 3784
f 3783 3784 3780
f 3780 3781 3782
f 3782 3783 3780
o b363046817_office
v 452.28 0.00 -75.39
v 459.56 0.00 -63.66
v 460.24 0.00 -62.57
v 470.67 0.00 -45.77
v 471.74 0.00 -44.05
v 496.42 0.00 -59.16
v 521.61 0.00 -74.59
v 531.90 0.00 -80.89
v 530.83 0.00 -82.62
v 520.40 0.00 -99.40
v 519.72 0.00 -100.50
v 515.59 0.00 -107.16
v 503.36 0.00 -126.86
v 475.90 0.00 -110.04
v 470.98 0.00 -107.04
v 443.19 0.00 -90.01
v 452.28 14.20 -75.39
v 459.56 14.20 -63.66
v 460.24 14.20 -62.57
v 470.67 14.20 -45.77
v 471.74 14.20 -44.05
v 496.42 14.20 -59.16
v 521.61 14.20 -74.59
v 531.90 14.20 -80.89
v 530.83 14.20 -82.62
v 520.40 14.20 -99.40
v 519.72 14.20 -100.50
v 515.59 14.20 -107.16
v 503.36 14.20 -126.86
v 475.90 14.20 -110.04
v 470.98 14.20 -107.04
v 443.19 14.20 -90.01
f 3785 3786 3802
f 3785 3802 3801
f 3786 3787 3803
f 3786 3803 3802
f 3787 3788 3804
f 3787 3804 3803
f 3788 3789 3805
f 3788 3805 3804
f 3789 3790 3806
f 3789 3806 3805
f 3790 3791 3807
f 3790 3807 3806
f 3791 3792 3808
f 3791 3808 3807
f 3792 3793 3809
f 3792 3809 3808
f 3793 3794 3810
f 3793 3810 3809
f 3794 3795 3811
f 3794 3811 3810
f 3795 3796 3812
f 3795 3812 3811
f 3796 3797 3813
f 3796 3813 3812
f 3797 3798 3814
f 3797 3814 3813
f 3798 3799 3815
f 3798 3815 3814
f 3799 3800 3816
f 3799 3816 3815
f 3800 3785 3801
f 3800 3801 3816
f 3815 3816 3801
f 3801 3802 3803
f 3803 3804 3805
f 3805 3806 3807
f 3807 3808 3809
f 3810 3811 3812
f 3812 3813 3814
f 3814 3815 3801
f 3801 3803 3805
f 3805 3807 3809
f 3810 3812 3814
f 3814 3801 3805
f 3805 3809 3810
f 3810 3814 3805
o b363197066_retail
v 313.29 0.00 185.01
v 321.62 0.00 198.49
v 326.28 0.00 195.63
v 327.30 0.00 197.28
v 334.40 0.00 192.90
v 333.66 0.00 191.67
v 337.49 0.00 189.30
v 338.23 0.00 190.50
v 345.75 0.00 185.88
v 345.12 0.00 184.87
v 350.31 0.00 181.66
v 341.63 0.00 167.67
v 313.29 48.10 185.01
v 321.62 48.10 198.49
v 326.28 48.10 195.63
v 327.30 48.10 197.28
v 334.40 48.10 192.90
v 333.66 48.10 191.67
v 337.49 48.10 189.30
v 338.23 48.10 190.50
v 345.75 48.10 185.88
v 345.12 48.10 184.87
v 350.31 48.10 181.66
v 341.63 48.10 167.67
f 3817 3818 3830
f 3817 3830 3829
f 3818 3819 3831
f 3818 3831 3830
f 3819 3820 3832
f 3819 3832 3831
f 3820 3821 3833
f 3820 3833 3832
f 3821 3822 3834
f 3821 3834 3833
f 3822 3823 3835
f 3822 3835 3834
f 3823 3824 3836
f 3823 3836 3835
f 3824 3825 3837
f 3824 3837 3836
f 3825 3826 3838
f 3825 3838 3837
f 3826 3827 3839
f 3826 3839 3838
f 3827 3828 3840
f 3827 3840 3839
f 3828 3817 3829
f 3828 3829 3840
f 3839 3840 3829
f 3829 3830 3831
f 3831 3832 3833
f 3835 3836 3837
f 3838 3839 3829
f 3829 3831 3833
f 3835 3837 3838
f 3829 3833 3834
f 3835 3838 3829
f 3829 3834 3835
o b363197067_retail
v 313.81 0.00 121.14
v 296.03 0.00 92.49
v 293.93 0.00 89.11
v 266.03 0.00 106.17
v 264.55 0.00 107.08
v 266.28 0.00 109.88
v 275.47 0.00 124.68
v 276.12 0.00 125.73
v 284.43 0.00 139.13
v 313.81 6.40 121.14
v 296.03 6.40 92.49
v 293.93 6.40 89.11
v 266.03 6.40 106.17
v 264.55 6.40 107.08
v 266.28 6.40 109.88
v 275.47 6.40 124.68
v 276.12 6.40 125.73
v 284.43 6.40 139.13
f 3841 3842 3851
f 3841 3851 3850
f 3842 3843 3852
f 3842 3852 3851
f 3843 3844 3853
f 3843 3853 3852
f 3844 3845 3854
f 3844 3854 3853
f 3845 3846 3855
f 3845 3855 3854
f 3846 3847 3856
f 3846 3856 3855
f 3847 3848 3857
f 3847 3857 3856
f 3848 3849 3858
f 3848 3858 3857
f 3849 3841 3850
f 3849 3850 3858
f 3857 3858 3850
f 3850 3851 3852
f 3852 3853 3854
f 3854 3855 3856
f 3856 3857 3850
f 3850 3852 3854
f 3854 3856 3850
o b363197068_retail
v 259.48 0.00 110.15
v 259.05 0.00 110.43
v 256.47 0.00 112.03
v 247.28 0.00 117.75
v 241.74 0.00 121.20
v 247.15 0.00 129.79
v 251.84 0.00 137.24
v 262.37 0.00 130.68
v 264.80 0.00 134.53
v 272.12 0.00 146.13
v 279.62 0.00 141.47
v 271.33 0.00 128.34
v 270.69 0.00 127.31
v 259.76 0.00 109.99
v 259.48 11.50 110.15
v 259.05 11.50 110.43
v 256.47 11.50 112.03
v 247.28 11.50 117.75
v 241.74 11.50 121.20
v 247.15 11.50 129.79
v 251.84 11.50 137.24
v 262.37 11.50 130.68
v 264.80 11.50 134.53
v 272.12 11.50 146.13
v 279.62 11.50 141.47
v 271.33 11.50 128.34
v 270.69 11.50 127.31
v 259.76 11.50 109.99
f 3859 3860 3874
f 3859 3874 3873
f 3860 3861 3875
f 3860 3875 3874
f 3861 3862 3876
f 3861 3876 3875
f 3862 3863 3877
f 3862 3877 3876
f 3863 3864 3878
f 3863 3878 3877
f 3864 3865 3879
f 3864 3879 3878
f 3865 3866 3880
f 3865 3880 3879
f 3866 3867 3881
f 3866 3881 3880
f 3867 3868 3882
f 3867 3882 3881
f 3868 3869 3883
f 3868 3883 3882
f 3869 3870 3884
f 3869 3884 3883
f 3870 3871 3885
f 3870 3885 3884
f 3871 3872 3886
f 3871 3886 3885
f 3872 3859 3873
f 3872 3873 3886
f 3885 3886 3873
f 3874 3875 3876
f 3876 3877 3878
f 3878 3879 3880
f 3881 3882 3883
f 3884 3885 3873
f 3874 3876 3878
f 3880 3881 3883
f 3883 3884 3873
f 3873 3874 3878
f 3880 3883 3873
f 3873 3878 3880
o b363197069_unknown
v 241.74 0.00 121.20
v 228.84 0.00 129.22
v 234.25 0.00 137.80
v 234.75 0.00 137.49
v 247.15 0.00 129.79
v 241.74 11.90 121.20
v 228.84 11.90 129.22
v 234.25 11.90 137.80
v 234.75 11.90 137.49
v 247.15 11.90 129.79
f 3887 3888 3893
f 3887 3893 3892
f 3888 3889 3894
f 3888 3894 3893
f 3889 3890 3895
f 3889 3895 3894
f 3890 3891 3896
f 3890 3896 3895
f 3891 3887 3892
f 3891 3892 3896
f 3895 3896 3892
f 3892 3893 3894
f 3894 3895 3892
o b363197070_retail
v 251.84 0.00 137.24
v 247.15 0.00 129.79
v 234.75 0.00 137.49
v 239.45 0.00 144.94
v 251.84 4.10 137.24
v 247.15 4.10 129.79
v 234.75 4.10 137.49
v 239.45 4.10 144.94
f 3897 3898 3902
f 3897 3902 3901
f 3898 3899 3903
f 3898 3903 3902
f 3899 3900 3904
f 3899 3904 3903
f 3900 3897 3901
f 3900 3901 3904
f 3903 3904 3901
f 3901 3902 3903
o b363197071_unknown
v 239.45 0.00 144.94
v 248.75 0.00 159.70
v 266.44 0.00 148.69
v 263.84 0.00 144.59
v 265.07 0.00 143.82
v 260.78 0.00 137.03
v 264.80 0.00 134.53
v 262.37 0.00 130.68
v 251.84 0.00 137.24
v 239.45 6.30 144.94
v 248.75 6.30 159.70
v 266.44 6.30 148.69
v 263.84 6.30 144.59
v 265.07 6.30 143.82
v 260.78 6.30 137.03
v 264.80 6.30 134.53
v 262.37 6.30 130.68
v 251.84 6.30 137.24
f 3905 3906 3915
f 3905 3915 3914
f 3906 3907 3916
f 3906 3916 3915
f 3907 3908 3917
f 3907 3917 3916
f 3908 3909 3918
f 3908 3918 3917
f 3909 3910 3919
f 3909 3919 3918
f 3910 3911 3920
f 3910 3920 3919
f 3911 3912 3921
f 3911 3921 3920
f 3912 3913 3922
f 3912 3922 3921
f 3913 3905 3914
f 3913 3914 3922
f 3922 3914 3915
f 3915 3916 3917
f 3917 3918 3919
f 3919 3920 3921
f 3921 3922 3915
f 3915 3917 3919
f 3919 3921 3915
o b363197072_retail
v 335.49 0.00 301.08
v 348.37 0.00 321.66
v 355.69 0.00 333.36
v 375.22 0.00 321.44
v 381.16 0.00 317.78
v 380.14 0.00 315.95
v 379.33 0.00 313.89
v 379.06 0.00 311.29
v 379.15 0.00 309.24
v 379.87 0.00 307.00
v 380.85 0.00 305.07
v 379.14 0.00 302.33
v 376.44 0.00 298.02
v 366.45 0.00 282.04
v 335.49 7.80 301.08
v 348.37 7.80 321.66
v 355.69 7.80 333.36
v 375.22 7.80 321.44
v 381.16 7.80 317.78
v 380.14 7.80 315.95
v 379.33 7.80 313.89
v 379.06 7.80 311.29
v 379.15 7.80 309.24
v 379.87 7.80 307.00
v 380.85 7.80 305.07
v 379.14 7.80 302.33
v 376.44 7.80 298.02
v 366.45 7.80 282.04
f 3923 3924 3938
f 3923 3938 3937
f 3924 3925 3939
f 3924 3939 3938
f 3925 3926 3940
f 3925 3940 3939
f 3926 3927 3941
f 3926 3941 3940
f 3927 3928 3942
f 3927 3942 3941
f 3928 3929 3943
f 3928 3943 3942
f 3929 3930 3944
f 3929 3944 3943
f 3930 3931 3945
f 3930 3945 3944
f 3931 3932 3946
f 3931 3946 3945
f 3932 3933 3947
f 3932 3947 3946
f 3933 3934 3948
f 3933 3948 3947
f 3934 3935 3949
f 3934 3949 3948
f 3935 3936 3950
f 3935 3950 3949
f 3936 3923 3937
f 3936 3937 3950
f 3949 3950 3937
f 3938 3939 3940
f 3940 3941 3942
f 3946 3947 3948
f 3948 3949 3937
f 3937 3938 3940
f 3940 3942 3943
f 3945 3946 3948
f 3948 3937 3940
f 3940 3943 3944
f 3944 3945 3948
f 3948 3940 3944
o b363197074_residential
v 371.14 0.00 279.20
v 381.31 0.00 295.13
v 385.73 0.00 302.06
v 388.54 0.00 302.09
v 391.51 0.00 302.53
v 394.18 0.00 303.95
v 396.06 0.00 305.78
v 397.46 0.00 307.72
v 420.50 0.00 294.07
v 414.21 0.00 284.44
v 409.86 0.00 277.83
v 399.47 0.00 262.01
v 371.14 9.00 279.20
v 381.31 9.00 295.13
v 385.73 9.00 302.06
v 388.54 9.00 302.09
v 391.51 9.00 302.53
v 394.18 9.00 303.95
v 396.06 9.00 305.78
v 397.46 9.00 307.72
v 420.50 9.00 294.07
v 414.21 9.00 284.44
v 409.86 9.00 277.83
v 399.47 9.00 262.01
f 3951 3952 3964
f 3951 3964 3963
f 3952 3953 3965
f 3952 3965 3964
f 3953 3954 3966
f 3953 3966 3965
f 3954 3955 3967
f 3954 3967 3966
f 3955 3956 3968
f 3955 3968 3967
f 3956 3957 3969
f 3956 3969 3968
f 3957 3958 3970
f 3957 3970 3969
f 3958 3959 3971
f 3958 3971 3970
f 3959 3960 3972
f 3959 3972 3971
f 3960 3961 3973
f 3960 3973 3972
f 3961 3962 3974
f 3961 3974 3973
f 3962 3951 3963
f 3962 3963 3974
f 3973 3974 3963
f 3964 3965 3966
f 3969 3970 3971
f 3971 3972 3973
f 3973 3963 3964
f 3964 3966 3967
f 3968 3969 3971
f 3971 3973 3964
f 3964 3967 3968
f 3968 3971 3964
o b363197077_residential
v 401.25 0.00 327.13
v 406.24 0.00 335.06
v 416.92 0.00 328.27
v 418.32 0.00 330.47
v 415.27 0.00 332.38
v 416.76 0.00 334.73
v 435.84 0.00 364.88
v 441.70 0.00 374.05
v 444.39 0.00 372.35
v 445.79 0.00 374.56
v 434.83 0.00 381.43
v 439.54 0.00 388.91
v 467.67 0.00 371.46
v 462.89 0.00 363.86
v 457.53 0.00 367.22
v 456.29 0.00 365.27
v 459.56 0.00 363.21
v 453.26 0.00 353.32
v 434.36 0.00 323.46
v 432.91 0.00 321.17
v 435.09 0.00 319.64
v 428.97 0.00 309.92
v 401.25 74.40 327.13
v 406.24 74.40 335.06
v 416.92 74.40 328.27
v 418.32 74.40 330.47
v 415.27 74.40 332.38
v 416.76 74.40 334.73
v 435.84 74.40 364.88
v 441.70 74.40 374.05
v 444.39 74.40 372.35
v 445.79 74.40 374.56
v 434.83 74.40 381.43
v 439.54 74.40 388.91
v 467.67 74.40 371.46
v 462.89 74.40 363.86
v 457.53 74.40 367.22
v 456.29 74.40 365.27
v 459.56 74.40 363.21
v 453.26 74.40 353.32
v 434.36 74.40 323.46
v 432.91 74.40 321.17
v 435.09 74.40 319.64
v 428.97 74.40 309.92
f 3975 3976 3998
f 3975 3998 3997
f 3976 3977 3999
f 3976 3999 3998
f 3977 3978 4000
f 3977 4000 3999
f 3978 3979 4001
f 3978 4001 4000
f 3979 3980 4002
f 3979 4002 4001
f 3980 3981 4003
f 3980 4003 4002
f 3981 3982 4004
f 3981 4004 4003
f 3982 3983 4005
f 3982 4005 4004
f 3983 3984 4006
f 3983 4006 4005
f 3984 3985 4007
f 3984 4007 4006
f 3985 3986 4008
f 3985 4008 4007
f 3986 3987 4009
f 3986 4009 4008
f 3987 3988 4010
f 3987 4010 4009
f 3988 3989 4011
f 3988 4011 4010
f 3989 3990 4012
f 3989 4012 4011
f 3990 3991 4013
f 3990 4013 4012
f 3991 3992 4014
f 3991 4014 4013
f 3992 3993 4015
f 3992 4015 4014
f 3993 3994 4016
f 3993 4016 4015
f 3994 3995 4017
f 3994 4017 4016
f 3995 3996 4018
f 3995 4018 4017
f 3996 3975 3997
f 3996 3997 4018
f 4017 4018 3997
f 3997 3998 3999
f 4000 4001 4002
f 4002 4003 4004
f 4006 4007 4008
f 4008 4009 4010
f 4012 4013 4014
f 4014 4015 4016
f 4016 4017 3997
f 4000 4002 4004
f 4008 4010 4011
f 4012 4014 4016
f 4016 3997 3999
f 4000 4004 4005
f 4006 4008 4011
f 4012 4016 3999
f 4000 4005 4006
f 4006 4011 4012
f 4012 3999 4000
f 4000 4006 4012
o b363197078_retail
v 402.30 0.00 338.69
v 396.80 0.00 330.22
v 366.43 0.00 348.81
v 371.57 0.00 357.01
v 393.93 0.00 392.68
v 398.55 0.00 399.99
v 399.55 0.00 399.37
v 401.25 0.00 402.08
v 400.11 0.00 402.79
v 404.95 0.00 410.48
v 435.69 0.00 391.41
v 427.64 0.00 378.63
v 420.56 0.00 383.02
v 416.95 0.00 377.41
v 416.12 0.00 375.96
v 412.37 0.00 378.29
v 410.12 0.00 374.71
v 406.99 0.00 376.64
v 393.10 0.00 353.68
v 397.09 0.00 351.33
v 394.55 0.00 347.49
v 396.65 0.00 346.10
v 395.92 0.00 344.91
v 394.99 0.00 343.40
v 402.30 50.30 338.69
v 396.80 50.30 330.22
v 366.43 50.30 348.81
v 371.57 50.30 357.01
v 393.93 50.30 392.68
v 398.55 50.30 399.99
v 399.55 50.30 399.37
v 401.25 50.30 402.08
v 400.11 50.30 402.79
v 404.95 50.30 410.48
v 435.69 50.30 391.41
v 427.64 50.30 378.63
v 420.56 50.30 383.02
v 416.95 50.30 377.41
v 416.12 50.30 375.96
v 412.37 50.30 378.29
v 410.12 50.30 374.71
v 406.99 50.30 376.64
v 393.10 50.30 353.68
v 397.09 50.30 351.33
v 394.55 50.30 347.49
v 396.65 50.30 346.10
v 395.92 50.30 344.91
v 394.99 50.30 343.40
f 4019 4020 4044
f 4019 4044 4043
f 4020 4021 4045
f 4020 4045 4044
f 4021 4022 4046
f 4021 4046 4045
f 4022 4023 4047
f 4022 4047 4046
f 4023 4024 4048
f 4023 4048 4047
f 4024 4025 4049
f 4024 4049 4048
f 4025 4026 4050
f 4025 4050 4049
f 4026 4027 4051
f 4026 4051 4050
f 4027 4028 4052
f 4027 4052 4051
f 4028 4029 4053
f 4028 4053 4052
f 4029 4030 4054
f 4029 4054 4053
f 4030 4031 4055
f 4030 4055 4054
f 4031 4032 4056
f 4031 4056 4055
f 4032 4033 4057
f 4032 4057 4056
f 4033 4034 4058
f 4033 4058 4057
f 4034 4035 4059
f 4034 4059 4058
f 4035 4036 4060
f 4035 4060 4059
f 4036 4037 4061
f 4036 4061 4060
f 4037 4038 4062
f 4037 4062 4061
f 4038 4039 4063
f 4038 4063 4062
f 4039 4040 4064
f 4039 4064 4063
f 4040 4041 4065
f 4040 4065 4064
f 4041 4042 4066
f 4041 4066 4065
f 4042 4019 4043
f 4042 4043 4066
f 4066 4043 4044
f 4044 4045 4046
f 4046 4047 4048
f 4050 4051 4052
f 4052 4053 4054
f 4056 4057 4058
f 4058 4059 4060
f 4061 4062 4063
f 4063 4064 4065
f 4066 4044 4046
f 4046 4048 4049
f 4050 4052 4054
f 4055 4056 4058
f 4063 4065 4066
f 4049 4050 4054
f 4055 4058 4060
f 4061 4063 4066
f 4049 4054 4055
f 4061 4066 4046
f 4049 4055 4060
f 4060 4061 4046
f 4046 4049 4060
o b363197081_unknown
v 368.10 0.00 390.75
v 349.19 0.00 359.98
v 314.55 0.00 380.99
v 333.57 0.00 411.93
v 345.08 0.00 404.75
v 355.87 0.00 398.22
v 368.10 22.20 390.75
v 349.19 22.20 359.98
v 314.55 22.20 380.99
v 333.57 22.20 411.93
v 345.08 22.20 404.75
v 355.87 22.20 398.22
f 4067 4068 4074
f 4067 4074 4073
f 4068 4069 4075
f 4068 4075 4074
f 4069 4070 4076
f 4069 4076 4075
f 4070 4071 4077
f 4070 4077 4076
f 4071 4072 4078
f 4071 4078 4077
f 4072 4067 4073
f 4072 4073 4078
f 4077 4078 4073
f 4073 4074 4075
f 4075 4076 4077
f 4077 4073 4075
o b363244504_unknown
v 27.65 0.00 -44.08
v 26.94 0.00 -44.56
v 26.10 0.00 -44.74
v 25.26 0.00 -44.58
v 24.54 0.00 -44.12
v 24.06 0.00 -43.42
v 23.88 0.00 -42.59
v 24.04 0.00 -41.75
v 24.50 0.00 -41.04
v 29.96 0.00 -35.48
v 30.67 0.00 -35.00
v 31.51 0.00 -34.82
v 32.35 0.00 -34.97
v 33.07 0.00 -35.44
v 33.55 0.00 -36.14
v 33.73 0.00 -36.98
v 33.57 0.00 -37.80
v 33.10 0.00 -38.52
v 27.65 11.30 -44.08
v 26.94 11.30 -44.56
v 26.10 11.30 -44.74
v 25.26 11.30 -44.58
v 24.54 11.30 -44.12
v 24.06 11.30 -43.42
v 23.88 11.30 -42.59
v 24.04 11.30 -41.75
v 24.50 11.30 -41.04
v 29.96 11.30 -35.48
v 30.67 11.30 -35.00
v 31.51 11.30 -34.82
v 32.35 11.30 -34.97
v 33.07 11.30 -35.44
v 33.55 11.30 -36.14
v 33.73 11.30 -36.98
v 33.57 11.30 -37.80
v 33.10 11.30 -38.52
f 4079 4080 4098
f 4079 4098 4097
f 4080 4081 4099
f 4080 4099 4098
f 4081 4082 4100
f 4081 4100 4099
f 4082 4083 4101
f 4082 4101 4100
f 4083 4084 4102
f 4083 4102 4101
f 4084 4085 4103
f 4084 4103 4102
f 4085 4086 4104
f 4085 4104 4103
f 4086 4087 4105
f 4086 4105 4104
f 4087 4088 4106
f 4087 4106 4105
f 4088 4089 4107
f 4088 4107 4106
f 4089 4090 4108
f 4089 4108 4107
f 4090 4091 4109
f 4090 4109 4108
f 4091 4092 4110
f 4091 4110 4109
f 4092 4093 4111
f 4092 4111 4110
f 4093 4094 4112
f 4093 4112 4111
f 4094 4095 4113
f 4094 4113 4112
f 4095 4096 4114
f 4095 4114 4113
f 4096 4079 4097
f 4096 4097 4114
f 4113 4114 4097
f 4097 4098 4099
f 4099 4100 4101
f 4101 4102 4103
f 4103 4104 4105
f 4105 4106 4107
f 4107 4108 4109
f 4109 4110 4111
f 4111 4112 4113
f 4113 4097 4099
f 4099 4101 4103
f 4103 4105 4107
f 4107 4109 4111
f 4111 4113 4099
f 4099 4103 4107
f 4107 4111 4099
o b363400648_unknown
v 285.33 0.00 81.30
v 259.01 0.00 97.83
v 259.66 0.00 98.84
v 260.35 0.00 99.92
v 260.80 0.00 100.64
v 263.48 0.00 98.96
v 287.12 0.00 84.11
v 287.59 0.00 83.66
v 287.85 0.00 83.07
v 287.87 0.00 82.42
v 287.67 0.00 81.82
v 287.19 0.00 81.35
v 286.59 0.00 81.08
v 285.94 0.00 81.07
v 285.33 4.40 81.30
v 259.01 4.40 97.83
v 259.66 4.40 98.84
v 260.35 4.40 99.92
v 260.80 4.40 100.64
v 263.48 4.40 98.96
v 287.12 4.40 84.11
v 287.59 4.40 83.66
v 287.85 4.40 83.07
v 287.87 4.40 82.42
v 287.67 4.40 81.82
v 287.19 4.40 81.35
v 286.59 4.40 81.08
v 285.94 4.40 81.07
f 4115 4116 4130
f 4115 4130 4129
f 4116 4117 4131
f 4116 4131 4130
f 4117 4118 4132
f 4117 4132 4131
f 4118 4119 4133
f 4118 4133 4132
f 4119 4120 4134
f 4119 4134 4133
f 4120 4121 4135
f 4120 4135 4134
f 4121 4122 4136
f 4121 4136 4135
f 4122 4123 4137
f 4122 4137 4136
f 4123 4124 4138
f 4123 4138 4137
f 4124 4125 4139
f 4124 4139 4138
f 4125 4126 4140
f 4125 4140 4139
f 4126 4127 4141
f 4126 4141 4140
f 4127 4128 4142
f 4127 4142 4141
f 4128 4115 4129
f 4128 4129 4142
f 4141 4142 4129
f 4129 4130 4131
f 4132 4133 4134
f 4134 4135 4136
f 4136 4137 4138
f 4138 4139 4140
f 4140 4141 4129
f 4129 4131 4132
f 4132 4134 4136
f 4136 4138 4140
f 4140 4129 4132
f 4132 4136 4140
o b367894552_residential
v 119.32 0.00 -63.96
v 108.57 0.00 -51.74
v 107.39 0.00 -50.40
v 133.87 0.00 -27.42
v 134.79 0.00 -28.48
v 143.95 0.00 -38.88
v 143.12 0.00 -39.60
v 146.18 0.00 -43.08
v 147.68 0.00 -41.77
v 153.13 0.00 -47.96
v 144.62 0.00 -55.35
v 139.61 0.00 -49.64
v 140.77 0.00 -48.64
v 139.73 0.00 -47.45
v 140.28 0.00 -46.98
v 139.68 0.00 -46.31
v 119.32 9.60 -63.96
v 108.57 9.60 -51.74
v 107.39 9.60 -50.40
v 133.87 9.60 -27.42
v 134.79 9.60 -28.48
v 143.95 9.60 -38.88
v 143.12 9.60 -39.60
v 146.18 9.60 -43.08
v 147.68 9.60 -41.77
v 153.13 9.60 -47.96
v 144.62 9.60 -55.35
v 139.61 9.60 -49.64
v 140.77 9.60 -48.64
v 139.73 9.60 -47.45
v 140.28 9.60 -46.98
v 139.68 9.60 -46.31
f 4143 4144 4160
f 4143 4160 4159
f 4144 4145 4161
f 4144 4161 4160
f 4145 4146 4162
f 4145 4162 4161
f 4146 4147 4163
f 4146 4163 4162
f 4147 4148 4164
f 4147 4164 4163
f 4148 4149 4165
f 4148 4165 4164
f 4149 4150 4166
f 4149 4166 4165
f 4150 4151 4167
f 4150 4167 4166
f 4151 4152 4168
f 4151 4168 4167
f 4152 4153 4169
f 4152 4169 4168
f 4153 4154 4170
f 4153 4170 4169
f 4154 4155 4171
f 4154 4171 4170
f 4155 4156 4172
f 4155 4172 4171
f 4156 4157 4173
f 4156 4173 4172
f 4157 4158 4174
f 4157 4174 4173
f 4158 4143 4159
f 4158 4159 4174
f 4174 4159 4160
f 4160 4161 4162
f 4163 4164 4165
f 4166 4167 4168
f 4168 4169 4170
f 4171 4172 4173
f 4174 4160 4162
f 4162 4163 4165
f 4168 4170 4171
f 4173 4174 4162
f 4166 4168 4171
f 4173 4162 4165
f 4165 4166 4171
f 4171 4173 4165
o b367894553_retail
v 108.57 0.00 -51.74
v 119.32 0.00 -63.96
v 126.82 0.00 -72.49
v 119.25 0.00 -79.05
v 112.14 0.00 -85.22
v 93.86 0.00 -64.43
v 92.71 0.00 -63.13
v 107.39 0.00 -50.40
v 108.57 3.20 -51.74
v 119.32 3.20 -63.96
v 126.82 3.20 -72.49
v 119.25 3.20 -79.05
v 112.14 3.20 -85.22
v 93.86 3.20 -64.43
v 92.71 3.20 -63.13
v 107.39 3.20 -50.40
f 4175 4176 4184
f 4175 4184 4183
f 4176 4177 4185
f 4176 4185 4184
f 4177 4178 4186
f 4177 4186 4185
f 4178 4179 4187
f 4178 4187 4186
f 4179 4180 4188
f 4179 4188 4187
f 4180 4181 4189
f 4180 4189 4188
f 4181 4182 4190
f 4181 4190 4189
f 4182 4175 4183
f 4182 4183 4190
f 4189 4190 4183
f 4183 4184 4185
f 4186 4187 4188
f 4188 4189 4183
f 4183 4185 4186
f 4186 4188 4183
o b367894554_retail
v 92.71 0.00 -63.13
v 93.86 0.00 -64.43
v 112.14 0.00 -85.22
v 118.48 0.00 -92.42
v 105.39 0.00 -103.77
v 80.66 0.00 -75.66
v 79.62 0.00 -74.48
v 92.71 6.40 -63.13
v 93.86 6.40 -64.43
v 112.14 6.40 -85.22
v 118.48 6.40 -92.42
v 105.39 6.40 -103.77
v 80.66 6.40 -75.66
v 79.62 6.40 -74.48
f 4191 4192 4199
f 4191 4199 4198
f 4192 4193 4200
f 4192 4200 4199
f 4193 4194 4201
f 4193 4201 4200
f 4194 4195 4202
f 4194 4202 4201
f 4195 4196 4203
f 4195 4203 4202
f 4196 4197 4204
f 4196 4204 4203
f 4197 4191 4198
f 4197 4198 4204
f 4203 4204 4198
f 4198 4199 4200
f 4200 4201 4202
f 4202 4203 4198
f 4198 4200 4202
o b367894555_retail
v 80.66 0.00 -75.66
v 105.39 0.00 -103.77
v 91.58 0.00 -115.76
v 89.74 0.00 -113.67
v 66.82 0.00 -87.64
v 65.81 0.00 -86.46
v 79.62 0.00 -74.48
v 80.66 9.60 -75.66
v 105.39 9.60 -103.77
v 91.58 9.60 -115.76
v 89.74 9.60 -113.67
v 66.82 9.60 -87.64
v 65.81 9.60 -86.46
v 79.62 9.60 -74.48
f 4205 4206 4213
f 4205 4213 4212
f 4206 4207 4214
f 4206 4214 4213
f 4207 4208 4215
f 4207 4215 4214
f 4208 4209 4216
f 4208 4216 4215
f 4209 4210 4217
f 4209 4217 4216
f 4210 4211 4218
f 4210 4218 4217
f 4211 4205 4212
f 4211 4212 4218
f 4217 4218 4212
f 4212 4213 4214
f 4215 4216 4217
f 4217 4212 4214
f 4214 4215 4217
o b367894556_residential
v 89.74 0.00 -113.67
v 75.91 0.00 -125.66
v 57.64 0.00 -104.89
v 56.75 0.00 -105.62
v 55.87 0.00 -106.36
v 50.40 0.00 -100.55
v 51.61 0.00 -99.44
v 65.81 0.00 -86.46
v 66.82 0.00 -87.64
v 89.74 9.60 -113.67
v 75.91 9.60 -125.66
v 57.64 9.60 -104.89
v 56.75 9.60 -105.62
v 55.87 9.60 -106.36
v 50.40 9.60 -100.55
v 51.61 9.60 -99.44
v 65.81 9.60 -86.46
v 66.82 9.60 -87.64
f 4219 4220 4229
f 4219 4229 4228
f 4220 4221 4230
f 4220 4230 4229
f 4221 4222 4231
f 4221 4231 4230
f 4222 4223 4232
f 4222 4232 4231
f 4223 4224 4233
f 4223 4233 4232
f 4224 4225 4234
f 4224 4234 4233
f 4225 4226 4235
f 4225 4235 4234
f 4226 4227 4236
f 4226 4236 4235
f 4227 4219 4228
f 4227 4228 4236
f 4236 4228 4229
f 4231 4232 4233
f 4233 4234 4235
f 4235 4236 4229
f 4230 4231 4233
f 4235 4229 4230
f 4230 4233 4235
o b368008771_unknown
v 255.81 0.00 79.66
v 256.45 0.00 80.12
v 257.20 0.00 80.37
v 257.98 0.00 80.41
v 258.75 0.00 80.21
v 259.42 0.00 79.80
v 278.12 0.00 67.95
v 278.70 0.00 67.58
v 279.37 0.00 66.98
v 279.80 0.00 66.17
v 279.93 0.00 65.26
v 279.76 0.00 64.38
v 265.02 0.00 40.57
v 264.12 0.00 41.10
v 263.41 0.00 41.52
v 277.65 0.00 65.70
v 268.72 0.00 71.39
v 257.84 0.00 78.31
v 235.81 0.00 58.46
v 234.81 0.00 59.07
v 233.60 0.00 59.75
v 254.01 0.00 78.04
v 255.81 9.30 79.66
v 256.45 9.30 80.12
v 257.20 9.30 80.37
v 257.98 9.30 80.41
v 258.75 9.30 80.21
v 259.42 9.30 79.80
v 278.12 9.30 67.95
v 278.70 9.30 67.58
v 279.37 9.30 66.98
v 279.80 9.30 66.17
v 279.93 9.30 65.26
v 279.76 9.30 64.38
v 265.02 9.30 40.57
v 264.12 9.30 41.10
v 263.41 9.30 41.52
v 277.65 9.30 65.70
v 268.72 9.30 71.39
v 257.84 9.30 78.31
v 235.81 9.30 58.46
v 234.81 9.30 59.07
v 233.60 9.30 59.75
v 254.01 9.30 78.04
f 4237 4238 4260
f 4237 4260 4259
f 4238 4239 4261
f 4238 4261 4260
f 4239 4240 4262
f 4239 4262 4261
f 4240 4241 4263
f 4240 4263 4262
f 4241 4242 4264
f 4241 4264 4263
f 4242 4243 4265
f 4242 4265 4264
f 4243 4244 4266
f 4243 4266 4265
f 4244 4245 4267
f 4244 4267 4266
f 4245 4246 4268
f 4245 4268 4267
f 4246 4247 4269
f 4246 4269 4268
f 4247 4248 4270
f 4247 4270 4269
f 4248 4249 4271
f 4248 4271 4270
f 4249 4250 4272
f 4249 4272 4271
f 4250 4251 4273
f 4250 4273 4272
f 4251 4252 4274
f 4251 4274 4273
f 4252 4253 4275
f 4252 4275 4274
f 4253 4254 4276
f 4253 4276 4275
f 4254 4255 4277
f 4254 4277 4276
f 4255 4256 4278
f 4255 4278 4277
f 4256 4257 4279
f 4256 4279 4278
f 4257 4258 4280
f 4257 4280 4279
f 4258 4237 4259
f 4258 4259 4280
f 4280 4259 4260
f 4260 4261 4262
f 4262 4263 4264
f 4264 4265 4266
f 4266 4267 4268
f 4268 4269 4270
f 4270 4271 4272
f 4272 4273 4274
f 4276 4277 4278
f 4278 4279 4280
f 4280 4260 4262
f 4262 4264 4266
f 4266 4268 4270
f 4270 4272 4274
f 4276 4278 4280
f 4262 4266 4270
f 4270 4274 4275
f 4276 4280 4262
f 4262 4270 4275
f 4275 4276 4262
o b396606862_retail
v 180.67 0.00 362.57
v 180.73 0.00 369.23
v 180.79 0.00 375.36
v 193.27 0.00 375.42
v 193.27 0.00 368.18
v 199.62 0.00 368.24
v 199.65 0.00 362.65
v 180.67 11.20 362.57
v 180.73 11.20 369.23
v 180.79 11.20 375.36
v 193.27 11.20 375.42
v 193.27 11.20 368.18
v 199.62 11.20 368.24
v 199.65 11.20 362.65
f 4281 4282 4289
f 4281 4289 4288
f 4282 4283 4290
f 4282 4290 4289
f 4283 4284 4291
f 4283 4291 4290
f 4284 4285 4292
f 4284 4292 4291
f 4285 4286 4293
f 4285 4293 4292
f 4286 4287 4294
f 4286 4294 4293
f 4287 4281 4288
f 4287 4288 4294
f 4293 4294 4288
f 4288 4289 4290
f 4290 4291 4292
f 4292 4293 4288
f 4288 4290 4292
o b396606865_retail
v 211.42 0.00 378.37
v 224.70 0.00 378.18
v 226.30 0.00 377.20
v 225.57 0.00 376.09
v 229.14 0.00 373.33
v 234.03 0.00 369.54
v 231.50 0.00 365.67
v 231.33 0.00 362.88
v 225.70 0.00 362.85
v 218.60 0.00 362.73
v 211.42 0.00 362.69
v 211.42 13.40 378.37
v 224.70 13.40 378.18
v 226.30 13.40 377.20
v 225.57 13.40 376.09
v 229.14 13.40 373.33
v 234.03 13.40 369.54
v 231.50 13.40 365.67
v 231.33 13.40 362.88
v 225.70 13.40 362.85
v 218.60 13.40 362.73
v 211.42 13.40 362.69
f 4295 4296 4307
f 4295 4307 4306
f 4296 4297 4308
f 4296 4308 4307
f 4297 4298 4309
f 4297 4309 4308
f 4298 4299 4310
f 4298 4310 4309
f 4299 4300 4311
f 4299 4311 4310
f 4300 4301 4312
f 4300 4312 4311
f 4301 4302 4313
f 4301 4313 4312
f 4302 4303 4314
f 4302 4314 4313
f 4303 4304 4315
f 4303 4315 4314
f 4304 4305 4316
f 4304 4316 4315
f 4305 4295 4306
f 4305 4306 4316
f 4315 4316 4306
f 4306 4307 4308
f 4309 4310 4311
f 4312 4313 4314
f 4314 4315 4306
f 4306 4308 4309
f 4309 4311 4312
f 4312 4314 4306
f 4306 4309 4312
o b396606866_unknown
v 173.45 0.00 369.16
v 178.50 0.00 375.32
v 180.79 0.00 375.36
v 180.73 0.00 369.23
v 173.45 9.50 369.16
v 178.50 9.50 375.32
v 180.79 9.50 375.36
v 180.73 9.50 369.23
f 4317 4318 4322
f 4317 4322 4321
f 4318 4319 4323
f 4318 4323 4322
f 4319 4320 4324
f 4319 4324 4323
f 4320 4317 4321
f 4320 4321 4324
f 4323 4324 4321
f 4321 4322 4323
o b396606869_retail
v 199.56 0.00 393.10
v 199.56 0.00 391.82
v 199.54 0.00 379.64
v 187.37 0.00 379.53
v 187.37 0.00 380.27
v 191.32 0.00 384.26
v 193.24 0.00 384.19
v 193.36 0.00 393.06
v 199.56 5.50 393.10
v 199.56 5.50 391.82
v 199.54 5.50 379.64
v 187.37 5.50 379.53
v 187.37 5.50 380.27
v 191.32 5.50 384.26
v 193.24 5.50 384.19
v 193.36 5.50 393.06
f 4325 4326 4334
f 4325 4334 4333
f 4326 4327 4335
f 4326 4335 4334
f 4327 4328 4336
f 4327 4336 4335
f 4328 4329 4337
f 4328 4337 4336
f 4329 4330 4338
f 4329 4338 4337
f 4330 4331 4339
f 4330 4339 4338
f 4331 4332 4340
f 4331 4340 4339
f 4332 4325 4333
f 4332 4333 4340
f 4339 4340 4333
f 4333 4334 4335
f 4335 4336 4337
f 4337 4338 4339
f 4339 4333 4335
f 4335 4337 4339
o b396606872_unknown
v 238.48 0.00 391.85
v 238.16 0.00 380.27
v 228.62 0.00 380.20
v 226.12 0.00 381.08
v 226.74 0.00 383.47
v 224.58 0.00 383.29
v 224.15 0.00 381.88
v 207.78 0.00 381.94
v 206.85 0.00 383.16
v 203.02 0.00 379.67
v 199.54 0.00 379.64
v 199.56 0.00 391.82
v 238.48 11.40 391.85
v 238.16 11.40 380.27
v 228.62 11.40 380.20
v 226.12 11.40 381.08
v 226.74 11.40 383.47
v 224.58 11.40 383.29
v 224.15 11.40 381.88
v 207.78 11.40 381.94
v 206.85 11.40 383.16
v 203.02 11.40 379.67
v 199.54 11.40 379.64
v 199.56 11.40 391.82
f 4341 4342 4354
f 4341 4354 4353
f 4342 4343 4355
f 4342 4355 4354
f 4343 4344 4356
f 4343 4356 4355
f 4344 4345 4357
f 4344 4357 4356
f 4345 4346 4358
f 4345 4358 4357
f 4346 4347 4359
f 4346 4359 4358
f 4347 4348 4360
f 4347 4360 4359
f 4348 4349 4361
f 4348 4361 4360
f 4349 4350 4362
f 4349 4362 4361
f 4350 4351 4363
f 4350 4363 4362
f 4351 4352 4364
f 4351 4364 4363
f 4352 4341 4353
f 4352 4353 4364
f 4364 4353 4354
f 4354 4355 4356
f 4358 4359 4360
f 4361 4362 4363
f 4354 4356 4357
f 4357 4358 4360
f 4361 4363 4364
f 4364 4354 4357
f 4357 4360 4361
f 4361 4364 4357
o b396606873_unknown
v 135.69 0.00 387.38
v 134.41 0.00 389.45
v 138.77 0.00 392.31
v 138.88 0.00 393.35
v 145.60 0.00 393.42
v 146.38 0.00 393.39
v 146.24 0.00 380.88
v 146.19 0.00 376.41
v 145.45 0.00 376.47
v 145.39 0.00 372.66
v 143.04 0.00 371.75
v 129.06 0.00 371.76
v 128.91 0.00 383.39
v 135.69 11.60 387.38
v 134.41 11.60 389.45
v 138.77 11.60 392.31
v 138.88 11.60 393.35
v 145.60 11.60 393.42
v 146.38 11.60 393.39
v 146.24 11.60 380.88
v 146.19 11.60 376.41
v 145.45 11.60 376.47
v 145.39 11.60 372.66
v 143.04 11.60 371.75
v 129.06 11.60 371.76
v 128.91 11.60 383.39
f 4365 4366 4379
f 4365 4379 4378
f 4366 4367 4380
f 4366 4380 4379
f 4367 4368 4381
f 4367 4381 4380
f 4368 4369 4382
f 4368 4382 4381
f 4369 4370 4383
f 4369 4383 4382
f 4370 4371 4384
f 4370 4384 4383
f 4371 4372 4385
f 4371 4385 4384
f 4372 4373 4386
f 4372 4386 4385
f 4373 4374 4387
f 4373 4387 4386
f 4374 4375 4388
f 4374 4388 4387
f 4375 4376 4389
f 4375 4389 4388
f 4376 4377 4390
f 4376 4390 4389
f 4377 4365 4378
f 4377 4378 4390
f 4389 4390 4378
f 4378 4379 4380
f 4380 4381 4382
f 4382 4383 4384
f 4384 4385 4386
f 4386 4387 4388
f 4388 4389 4378
f 4378 4380 4382
f 4382 4384 4386
f 4386 4388 4378
f 4378 4382 4386
o b396606874_unknown
v 242.12 0.00 380.35
v 238.16 0.00 380.27
v 238.48 0.00 391.85
v 245.58 0.00 391.86
v 249.24 0.00 391.89
v 242.12 11.70 380.35
v 238.16 11.70 380.27
v 238.48 11.70 391.85
v 245.58 11.70 391.86
v 249.24 11.70 391.89
f 4391 4392 4397
f 4391 4397 4396
f 4392 4393 4398
f 4392 4398 4397
f 4393 4394 4399
f 4393 4399 4398
f 4394 4395 4400
f 4394 4400 4399
f 4395 4391 4396
f 4395 4396 4400
f 4399 4400 4396
f 4396 4397 4398
f 4398 4399 4396
o b396606875_food
v 211.42 0.00 362.69
v 210.42 0.00 362.69
v 199.65 0.00 362.65
v 199.65 0.00 375.36
v 207.41 0.00 375.36
v 211.42 0.00 378.37
v 211.42 8.40 362.69
v 210.42 8.40 362.69
v 199.65 8.40 362.65
v 199.65 8.40 375.36
v 207.41 8.40 375.36
v 211.42 8.40 378.37
f 4401 4402 4408
f 4401 4408 4407
f 4402 4403 4409
f 4402 4409 4408
f 4403 4404 4410
f 4403 4410 4409
f 4404 4405 4411
f 4404 4411 4410
f 4405 4406 4412
f 4405 4412 4411
f 4406 4401 4407
f 4406 4407 4412
f 4411 4412 4407
f 4408 4409 4410
f 4410 4411 4407
f 4407 4408 4410
o b396606878_unknown
v 106.91 0.00 380.93
v 123.64 0.00 373.37
v 115.46 0.00 355.53
v 98.73 0.00 363.09
v 106.91 9.60 380.93
v 123.64 9.60 373.37
v 115.46 9.60 355.53
v 98.73 9.60 363.09
f 4413 4414 4418
f 4413 4418 4417
f 4414 4415 4419
f 4414 4419 4418
f 4415 4416 4420
f 4415 4420 4419
f 4416 4413 4417
f 4416 4417 4420
f 4419 4420 4417
f 4417 4418 4419
o b396606879_unknown
v 145.86 0.00 362.43
v 145.87 0.00 360.12
v 139.38 0.00 360.08
v 139.37 0.00 362.41
v 145.86 3.20 362.43
v 145.87 3.20 360.12
v 139.38 3.20 360.08
v 139.37 3.20 362.41
f 4421 4422 4426
f 4421 4426 4425
f 4422 4423 4427
f 4422 4427 4426
f 4423 4424 4428
f 4423 4428 4427
f 4424 4421 4425
f 4424 4425 4428
f 4427 4428 4425
f 4425 4426 4427
o b396606880_unknown
v 163.65 0.00 360.89
v 152.10 0.00 360.95
v 152.11 0.00 362.45
v 163.66 0.00 362.49
v 163.65 3.20 360.89
v 152.10 3.20 360.95
v 152.11 3.20 362.45
v 163.66 3.20 362.49
f 4429 4430 4434
f 4429 4434 4433
f 4430 4431 4435
f 4430 4435 4434
f 4431 4432 4436
f 4431 4436 4435
f 4432 4429 4433
f 4432 4433 4436
f 4435 4436 4433
f 4433 4434 4435
o b396606881_unknown
v 194.28 0.00 361.13
v 169.82 0.00 360.99
v 169.81 0.00 362.53
v 180.67 0.00 362.57
v 194.27 0.00 362.63
v 194.28 3.20 361.13
v 169.82 3.20 360.99
v 169.81 3.20 362.53
v 180.67 3.20 362.57
v 194.27 3.20 362.63
f 4437 4438 4443
f 4437 4443 4442
f 4438 4439 4444
f 4438 4444 4443
f 4439 4440 4445
f 4439 4445 4444
f 4440 4441 4446
f 4440 4446 4445
f 4441 4437 4442
f 4441 4442 4446
f 4445 4446 4442
f 4442 4443 4444
f 4444 4445 4442
o b396819740_unknown
v 152.65 0.00 -18.28
v 151.29 0.00 -19.42
v 150.71 0.00 -19.91
v 148.37 0.00 -17.27
v 148.40 0.00 -16.36
v 148.41 0.00 -15.14
v 162.90 0.00 -2.52
v 170.35 0.00 -7.02
v 169.84 0.00 -7.72
v 168.78 0.00 -9.15
v 162.88 0.00 -5.43
v 150.75 0.00 -16.05
v 152.65 11.60 -18.28
v 151.29 11.60 -19.42
v 150.71 11.60 -19.91
v 148.37 11.60 -17.27
v 148.40 11.60 -16.36
v 148.41 11.60 -15.14
v 162.90 11.60 -2.52
v 170.35 11.60 -7.02
v 169.84 11.60 -7.72
v 168.78 11.60 -9.15
v 162.88 11.60 -5.43
v 150.75 11.60 -16.05
f 4447 4448 4460
f 4447 4460 4459
f 4448 4449 4461
f 4448 4461 4460
f 4449 4450 4462
f 4449 4462 4461
f 4450 4451 4463
f 4450 4463 4462
f 4451 4452 4464
f 4451 4464 4463
f 4452 4453 4465
f 4452 4465 4464
f 4453 4454 4466
f 4453 4466 4465
f 4454 4455 4467
f 4454 4467 4466
f 4455 4456 4468
f 4455 4468 4467
f 4456 4457 4469
f 4456 4469 4468
f 4457 4458 4470
f 4457 4470 4469
f 4458 4447 4459
f 4458 4459 4470
f 4470 4459 4460
f 4460 4461 4462
f 4463 4464 4465
f 4465 4466 4467
f 4467 4468 4469
f 4470 4460 4462
f 4462 4463 4465
f 4465 4467 4469
f 4469 4470 4462
f 4462 4465 4469
o b397007178_unknown
v 333.19 0.00 -0.74
v 351.27 0.00 28.52
v 364.19 0.00 20.65
v 346.11 0.00 -8.61
v 333.19 22.40 -0.74
v 351.27 22.40 28.52
v 364.19 22.40 20.65
v 346.11 22.40 -8.61
f 4471 4472 4476
f 4471 4476 4475
f 4472 4473 4477
f 4472 4477 4476
f 4473 4474 4478
f 4473 4478 4477
f 4474 4471 4475
f 4474 4475 4478
f 4477 4478 4475
f 4475 4476 4477
o b397007179_retail
v 363.47 0.00 90.28
v 334.87 0.00 107.90
v 352.80 0.00 138.13
v 381.40 0.00 120.50
v 363.47 6.40 90.28
v 334.87 6.40 107.90
v 352.80 6.40 138.13
v 381.40 6.40 120.50
f 4479 4480 4484
f 4479 4484 4483
f 4480 4481 4485
f 4480 4485 4484
f 4481 4482 4486
f 4481 4486 4485
f 4482 4479 4483
f 4482 4483 4486
f 4485 4486 4483
f 4483 4484 4485
o b397007180_unknown
v -118.46 0.00 -383.84
v -95.97 0.00 -409.23
v -109.74 0.00 -421.26
v -132.23 0.00 -395.88
v -118.46 8.20 -383.84
v -95.97 8.20 -409.23
v -109.74 8.20 -421.26
v -132.23 8.20 -395.88
f 4487 4488 4492
f 4487 4492 4491
f 4488 4489 4493
f 4488 4493 4492
f 4489 4490 4494
f 4489 4494 4493
f 4490 4487 4491
f 4490 4491 4494
f 4493 4494 4491
f 4491 4492 4493
o b397007183_retail
v 218.22 0.00 222.15
v 227.44 0.00 236.92
v 239.84 0.00 229.28
v 230.63 0.00 214.52
v 219.66 0.00 221.28
v 218.22 9.60 222.15
v 227.44 9.60 236.92
v 239.84 9.60 229.28
v 230.63 9.60 214.52
v 219.66 9.60 221.28
f 4495 4496 4501
f 4495 4501 4500
f 4496 4497 4502
f 4496 4502 4501
f 4497 4498 4503
f 4497 4503 4502
f 4498 4499 4504
f 4498 4504 4503
f 4499 4495 4500
f 4499 4500 4504
f 4504 4500 4501
f 4501 4502 4503
f 4503 4504 4501
o b397007184_unknown
v 333.19 0.00 -0.74
v 318.27 0.00 8.36
v 336.35 0.00 37.62
v 351.27 0.00 28.52
v 333.19 6.40 -0.74
v 318.27 6.40 8.36
v 336.35 6.40 37.62
v 351.27 6.40 28.52
f 4505 4506 4510
f 4505 4510 4509
f 4506 4507 4511
f 4506 4511 4510
f 4507 4508 4512
f 4507 4512 4511
f 4508 4505 4509
f 4508 4509 4512
f 4511 4512 4509
f 4509 4510 4511
o b397007185_office
v 299.84 0.00 196.47
v 289.39 0.00 202.91
v 287.64 0.00 200.10
v 277.31 0.00 206.47
v 287.13 0.00 222.17
v 318.21 0.00 203.04
v 308.48 0.00 187.45
v 307.24 0.00 188.22
v 298.17 0.00 193.80
v 299.84 12.80 196.47
v 289.39 12.80 202.91
v 287.64 12.80 200.10
v 277.31 12.80 206.47
v 287.13 12.80 222.17
v 318.21 12.80 203.04
v 308.48 12.80 187.45
v 307.24 12.80 188.22
v 298.17 12.80 193.80
f 4513 4514 4523
f 4513 4523 4522
f 4514 4515 4524
f 4514 4524 4523
f 4515 4516 4525
f 4515 4525 4524
f 4516 4517 4526
f 4516 4526 4525
f 4517 4518 4527
f 4517 4527 4526
f 4518 4519 4528
f 4518 4528 4527
f 4519 4520 4529
f 4519 4529 4528
f 4520 4521 4530
f 4520 4530 4529
f 4521 4513 4522
f 4521 4522 4530
f 4529 4530 4522
f 4523 4524 4525
f 4525 4526 4527
f 4527 4528 4529
f 4523 4525 4527
f 4527 4529 4522
f 4522 4523 4527
o b397007189_unknown
v -175.38 0.00 -348.54
v -199.39 0.00 -321.32
v -185.43 0.00 -309.17
v -161.42 0.00 -336.41
v -175.38 6.40 -348.54
v -199.39 6.40 -321.32
v -185.43 6.40 -309.17
v -161.42 6.40 -336.41
f 4531 4532 4536
f 4531 4536 4535
f 4532 4533 4537
f 4532 4537 4536
f 4533 4534 4538
f 4533 4538 4537
f 4534 4531 4535
f 4534 4535 4538
f 4537 4538 4535
f 4535 4536 4537
o b397007191_office
v 160.01 0.00 125.66
v 169.72 0.00 141.48
v 197.04 0.00 124.93
v 200.98 0.00 122.54
v 191.28 0.00 106.73
v 160.01 6.40 125.66
v 169.72 6.40 141.48
v 197.04 6.40 124.93
v 200.98 6.40 122.54
v 191.28 6.40 106.73
f 4539 4540 4545
f 4539 4545 4544
f 4540 4541 4546
f 4540 4546 4545
f 4541 4542 4547
f 4541 4547 4546
f 4542 4543 4548
f 4542 4548 4547
f 4543 4539 4544
f 4543 4544 4548
f 4547 4548 4544
f 4544 4545 4546
f 4546 4547 4544
o b397010574_residential
v 88.08 0.00 -170.34
v 51.66 0.00 -201.71
v 50.93 0.00 -200.88
v 49.58 0.00 -202.05
v 38.83 0.00 -189.75
v 44.41 0.00 -184.94
v 44.76 0.00 -185.34
v 66.88 0.00 -166.27
v 76.94 0.00 -157.61
v 88.08 44.80 -170.34
v 51.66 44.80 -201.71
v 50.93 44.80 -200.88
v 49.58 44.80 -202.05
v 38.83 44.80 -189.75
v 44.41 44.80 -184.94
v 44.76 44.80 -185.34
v 66.88 44.80 -166.27
v 76.94 44.80 -157.61
f 4549 4550 4559
f 4549 4559 4558
f 4550 4551 4560
f 4550 4560 4559
f 4551 4552 4561
f 4551 4561 4560
f 4552 4553 4562
f 4552 4562 4561
f 4553 4554 4563
f 4553 4563 4562
f 4554 4555 4564
f 4554 4564 4563
f 4555 4556 4565
f 4555 4565 4564
f 4556 4557 4566
f 4556 4566 4565
f 4557 4549 4558
f 4557 4558 4566
f 4565 4566 4558
f 4558 4559 4560
f 4560 4561 4562
f 4562 4563 4564
f 4564 4565 4558
f 4558 4560 4562
f 4562 4564 4558
o b409363106_retail
v 182.12 0.00 -55.79
v 175.26 0.00 -47.82
v 176.83 0.00 -45.29
v 179.37 0.00 -41.19
v 173.79 0.00 -37.77
v 185.58 0.00 -18.75
v 198.09 0.00 -26.39
v 191.74 0.00 -36.62
v 186.83 0.00 -33.63
v 181.39 0.00 -42.41
v 187.94 0.00 -46.39
v 190.25 0.00 -47.81
v 201.92 0.00 -28.97
v 214.36 0.00 -36.57
v 194.02 0.00 -69.43
v 183.97 0.00 -57.96
v 182.12 9.40 -55.79
v 175.26 9.40 -47.82
v 176.83 9.40 -45.29
v 179.37 9.40 -41.19
v 173.79 9.40 -37.77
v 185.58 9.40 -18.75
v 198.09 9.40 -26.39
v 191.74 9.40 -36.62
v 186.83 9.40 -33.63
v 181.39 9.40 -42.41
v 187.94 9.40 -46.39
v 190.25 9.40 -47.81
v 201.92 9.40 -28.97
v 214.36 9.40 -36.57
v 194.02 9.40 -69.43
v 183.97 9.40 -57.96
f 4567 4568 4584
f 4567 4584 4583
f 4568 4569 4585
f 4568 4585 4584
f 4569 4570 4586
f 4569 4586 4585
f 4570 4571 4587
f 4570 4587 4586
f 4571 4572 4588
f 4571 4588 4587
f 4572 4573 4589
f 4572 4589 4588
f 4573 4574 4590
f 4573 4590 4589
f 4574 4575 4591
f 4574 4591 4590
f 4575 4576 4592
f 4575 4592 4591
f 4576 4577 4593
f 4576 4593 4592
f 4577 4578 4594
f 4577 4594 4593
f 4578 4579 4595
f 4578 4595 4594
f 4579 4580 4596
f 4579 4596 4595
f 4580 4581 4597
f 4580 4597 4596
f 4581 4582 4598
f 4581 4598 4597
f 4582 4567 4583
f 4582 4583 4598
f 4597 4598 4583
f 4583 4584 4585
f 4586 4587 4588
f 4588 4589 4590
f 4592 4593 4594
f 4594 4595 4596
f 4596 4597 4583
f 4583 4585 4586
f 4588 4590 4591
f 4594 4596 4583
f 4586 4588 4591
f 4592 4594 4583
f 4586 4591 4592
f 4592 4583 4586
o b421508942_retail
v 147.02 0.00 -152.82
v 169.05 0.00 -178.07
v 165.46 0.00 -181.15
v 162.41 0.00 -183.78
v 140.37 0.00 -158.54
v 147.02 19.20 -152.82
v 169.05 19.20 -178.07
v 165.46 19.20 -181.15
v 162.41 19.20 -183.78
v 140.37 19.20 -158.54
f 4599 4600 4605
f 4599 4605 4604
f 4600 4601 4606
f 4600 4606 4605
f 4601 4602 4607
f 4601 4607 4606
f 4602 4603 4608
f 4602 4608 4607
f 4603 4599 4604
f 4603 4604 4608
f 4607 4608 4604
f 4604 4605 4606
f 4606 4607 4604
o b421508943_unknown
v 392.52 0.00 -58.20
v 402.44 0.00 -42.26
v 430.10 0.00 -59.23
v 420.19 0.00 -75.17
v 411.27 0.00 -69.71
v 397.09 0.00 -61.01
v 392.52 6.40 -58.20
v 402.44 6.40 -42.26
v 430.10 6.40 -59.23
v 420.19 6.40 -75.17
v 411.27 6.40 -69.71
v 397.09 6.40 -61.01
f 4609 4610 4616
f 4609 4616 4615
f 4610 4611 4617
f 4610 4617 4616
f 4611 4612 4618
f 4611 4618 4617
f 4612 4613 4619
f 4612 4619 4618
f 4613 4614 4620
f 4613 4620 4619
f 4614 4609 4615
f 4614 4615 4620
f 4619 4620 4615
f 4615 4616 4617
f 4617 4618 4619
f 4619 4615 4617
o b429553385_retail
v 130.69 0.00 354.34
v 136.52 0.00 351.66
v 134.91 0.00 348.20
v 129.07 0.00 350.88
v 130.69 11.70 354.34
v 136.52 11.70 351.66
v 134.91 11.70 348.20
v 129.07 11.70 350.88
f 4621 4622 4626
f 4621 4626 4625
f 4622 4623 4627
f 4622 4627 4626
f 4623 4624 4628
f 4623 4628 4627
f 4624 4621 4625
f 4624 4625 4628
f 4627 4628 4625
f 4625 4626 4627
o b456870471_unknown
v 457.32 0.00 -251.20
v 457.91 0.00 -251.54
v 485.65 0.00 -268.08
v 476.17 0.00 -283.78
v 447.84 0.00 -266.89
v 457.32 5.80 -251.20
v 457.91 5.80 -251.54
v 485.65 5.80 -268.08
v 476.17 5.80 -283.78
v 447.84 5.80 -266.89
f 4629 4630 4635
f 4629 4635 4634
f 4630 4631 4636
f 4630 4636 4635
f 4631 4632 4637
f 4631 4637 4636
f 4632 4633 4638
f 4632 4638 4637
f 4633 4629 4634
f 4633 4634 4638
f 4637 4638 4634
f 4634 4635 4636
f 4636 4637 4634
o b484790716_residential
v -78.70 0.00 -262.34
v -80.99 0.00 -264.36
v -96.86 0.00 -278.35
v -118.28 0.00 -297.22
v -118.74 0.00 -296.70
v -134.16 0.00 -279.46
v -134.76 0.00 -279.99
v -137.27 0.00 -277.17
v -136.67 0.00 -276.65
v -141.95 0.00 -270.75
v -137.48 0.00 -266.80
v -104.66 0.00 -237.87
v -102.38 0.00 -235.87
v -78.70 8.60 -262.34
v -80.99 8.60 -264.36
v -96.86 8.60 -278.35
v -118.28 8.60 -297.22
v -118.74 8.60 -296.70
v -134.16 8.60 -279.46
v -134.76 8.60 -279.99
v -137.27 8.60 -277.17
v -136.67 8.60 -276.65
v -141.95 8.60 -270.75
v -137.48 8.60 -266.80
v -104.66 8.60 -237.87
v -102.38 8.60 -235.87
f 4639 4640 4653
f 4639 4653 4652
f 4640 4641 4654
f 4640 4654 4653
f 4641 4642 4655
f 4641 4655 4654
f 4642 4643 4656
f 4642 4656 4655
f 4643 4644 4657
f 4643 4657 4656
f 4644 4645 4658
f 4644 4658 4657
f 4645 4646 4659
f 4645 4659 4658
f 4646 4647 4660
f 4646 4660 4659
f 4647 4648 4661
f 4647 4661 4660
f 4648 4649 4662
f 4648 4662 4661
f 4649 4650 4663
f 4649 4663 4662
f 4650 4651 4664
f 4650 4664 4663
f 4651 4639 4652
f 4651 4652 4664
f 4663 4664 4652
f 4652 4653 4654
f 4654 4655 4656
f 4657 4658 4659
f 4660 4661 4662
f 4662 4663 4652
f 4652 4654 4656
f 4657 4659 4660
f 4660 4662 4652
f 4652 4656 4657
f 4657 4660 4652
o b494777672_residential
v 304.08 0.00 -191.12
v 281.86 0.00 -163.42
v 280.70 0.00 -161.96
v 285.41 0.00 -157.59
v 287.88 0.00 -153.54
v 288.40 0.00 -153.85
v 293.19 0.00 -145.97
v 292.68 0.00 -145.66
v 297.27 0.00 -138.12
v 297.77 0.00 -138.42
v 308.08 0.00 -144.61
v 316.44 0.00 -149.64
v 325.90 0.00 -155.32
v 323.88 0.00 -158.64
v 304.08 5.10 -191.12
v 281.86 5.10 -163.42
v 280.70 5.10 -161.96
v 285.41 5.10 -157.59
v 287.88 5.10 -153.54
v 288.40 5.10 -153.85
v 293.19 5.10 -145.97
v 292.68 5.10 -145.66
v 297.27 5.10 -138.12
v 297.77 5.10 -138.42
v 308.08 5.10 -144.61
v 316.44 5.10 -149.64
v 325.90 5.10 -155.32
v 323.88 5.10 -158.64
f 4665 4666 4680
f 4665 4680 4679
f 4666 4667 4681
f 4666 4681 4680
f 4667 4668 4682
f 4667 4682 4681
f 4668 4669 4683
f 4668 4683 4682
f 4669 4670 4684
f 4669 4684 4683
f 4670 4671 4685
f 4670 4685 4684
f 4671 4672 4686
f 4671 4686 4685
f 4672 4673 4687
f 4672 4687 4686
f 4673 4674 4688
f 4673 4688 4687
f 4674 4675 4689
f 4674 4689 4688
f 4675 4676 4690
f 4675 4690 4689
f 4676 4677 4691
f 4676 4691 4690
f 4677 4678 4692
f 4677 4692 4691
f 4678 4665 4679
f 4678 4679 4692
f 4691 4692 4679
f 4679 4680 4681
f 4682 4683 4684
f 4685 4686 4687
f 4687 4688 4689
f 4690 4691 4679
f 4679 4681 4682
f 4685 4687 4689
f 4689 4690 4679
f 4679 4682 4684
f 4684 4685 4689
f 4689 4679 4684
o b520369342_unknown
v -400.63 0.00 -223.07
v -406.75 0.00 -228.71
v -417.31 0.00 -228.75
v -455.24 0.00 -261.77
v -531.64 0.00 -261.63
v -481.42 0.00 -218.17
v -469.29 0.00 -218.12
v -455.60 0.00 -218.05
v -405.24 0.00 -217.54
v -400.63 6.40 -223.07
v -406.75 6.40 -228.71
v -417.31 6.40 -228.75
v -455.24 6.40 -261.77
v -531.64 6.40 -261.63
v -481.42 6.40 -218.17
v -469.29 6.40 -218.12
v -455.60 6.40 -218.05
v -405.24 6.40 -217.54
f 4693 4694 4703
f 4693 4703 4702
f 4694 4695 4704
f 4694 4704 4703
f 4695 4696 4705
f 4695 4705 4704
f 4696 4697 4706
f 4696 4706 4705
f 4697 4698 4707
f 4697 4707 4706
f 4698 4699 4708
f 4698 4708 4707
f 4699 4700 4709
f 4699 4709 4708
f 4700 4701 4710
f 4700 4710 4709
f 4701 4693 4702
f 4701 4702 4710
f 4709 4710 4702
f 4702 4703 4704
f 4704 4705 4706
f 4706 4707 4708
f 4708 4709 4702
f 4702 4704 4706
f 4706 4708 4702
o b549038655_unknown
v 158.86 0.00 172.86
v 188.29 0.00 197.30
v 194.18 0.00 193.37
v 177.76 0.00 167.47
v 174.52 0.00 162.47
v 158.86 9.60 172.86
v 188.29 9.60 197.30
v 194.18 9.60 193.37
v 177.76 9.60 167.47
v 174.52 9.60 162.47
f 4711 4712 4717
f 4711 4717 4716
f 4712 4713 4718
f 4712 4718 4717
f 4713 4714 4719
f 4713 4719 4718
f 4714 4715 4720
f 4714 4720 4719
f 4715 4711 4716
f 4715 4716 4720
f 4719 4720 4716
f 4716 4717 4718
f 4718 4719 4716
o b549073892_unknown
v 206.42 0.00 145.19
v 205.39 0.00 143.51
v 175.28 0.00 162.03
v 174.52 0.00 162.47
v 177.76 0.00 167.47
v 178.98 0.00 166.80
v 202.45 0.00 204.09
v 205.04 0.00 208.20
v 240.49 0.00 186.03
v 211.83 0.00 141.84
v 206.42 12.80 145.19
v 205.39 12.80 143.51
v 175.28 12.80 162.03
v 174.52 12.80 162.47
v 177.76 12.80 167.47
v 178.98 12.80 166.80
v 202.45 12.80 204.09
v 205.04 12.80 208.20
v 240.49 12.80 186.03
v 211.83 12.80 141.84
f 4721 4722 4732
f 4721 4732 4731
f 4722 4723 4733
f 4722 4733 4732
f 4723 4724 4734
f 4723 4734 4733
f 4724 4725 4735
f 4724 4735 4734
f 4725 4726 4736
f 4725 4736 4735
f 4726 4727 4737
f 4726 4737 4736
f 4727 4728 4738
f 4727 4738 4737
f 4728 4729 4739
f 4728 4739 4738
f 4729 4730 4740
f 4729 4740 4739
f 4730 4721 4731
f 4730 4731 4740
f 4739 4740 4731
f 4731 4732 4733
f 4733 4734 4735
f 4736 4737 4738
f 4738 4739 4731
f 4731 4733 4735
f 4736 4738 4731
f 4731 4735 4736
o b613645323_unknown
v 119.27 0.00 -374.33
v 111.64 0.00 -365.71
v 120.36 0.00 -358.11
v 152.85 0.00 -329.76
v 166.90 0.00 -345.65
v 173.12 0.00 -352.68
v 173.97 0.00 -353.64
v 149.37 0.00 -375.10
v 132.76 0.00 -389.59
v 119.27 5.90 -374.33
v 111.64 5.90 -365.71
v 120.36 5.90 -358.11
v 152.85 5.90 -329.76
v 166.90 5.90 -345.65
v 173.12 5.90 -352.68
v 173.97 5.90 -353.64
v 149.37 5.90 -375.10
v 132.76 5.90 -389.59
f 4741 4742 4751
f 4741 4751 4750
f 4742 4743 4752
f 4742 4752 4751
f 4743 4744 4753
f 4743 4753 4752
f 4744 4745 4754
f 4744 4754 4753
f 4745 4746 4755
f 4745 4755 4754
f 4746 4747 4756
f 4746 4756 4755
f 4747 4748 4757
f 4747 4757 4756
f 4748 4749 4758
f 4748 4758 4757
f 4749 4741 4750
f 4749 4750 4758
f 4757 4758 4750
f 4750 4751 4752
f 4752 4753 4754
f 4755 4756 4757
f 4757 4750 4752
f 4752 4754 4755
f 4755 4757 4752
o b667512434_unknown
v 132.84 0.00 374.02
v 132.99 0.00 381.40
v 138.83 0.00 385.17
v 138.90 0.00 370.33
v 132.84 4.80 374.02
v 132.99 4.80 381.40
v 138.83 4.80 385.17
v 138.90 4.80 370.33
f 4759 4760 4764
f 4759 4764 4763
f 4760 4761 4765
f 4760 4765 4764
f 4761 4762 4766
f 4761 4766 4765
f 4762 4759 4763
f 4762 4763 4766
f 4765 4766 4763
f 4763 4764 4765
o b667512435_unknown
v 145.86 0.00 362.43
v 145.83 0.00 373.05
v 163.79 0.00 373.15
v 163.66 0.00 362.49
v 145.86 6.80 362.43
v 145.83 6.80 373.05
v 163.79 6.80 373.15
v 163.66 6.80 362.49
f 4767 4768 4772
f 4767 4772 4771
f 4768 4769 4773
f 4768 4773 4772
f 4769 4770 4774
f 4769 4774 4773
f 4770 4767 4771
f 4770 4771 4774
f 4773 4774 4771
f 4771 4772 4773
o b667512436_unknown
v 152.27 0.00 393.42
v 152.27 0.00 385.90
v 145.60 0.00 385.90
v 145.60 0.00 393.42
v 152.27 11.40 393.42
v 152.27 11.40 385.90
v 145.60 11.40 385.90
v 145.60 11.40 393.42
f 4775 4776 4780
f 4775 4780 4779
f 4776 4777 4781
f 4776 4781 4780
f 4777 4778 4782
f 4777 4782 4781
f 4778 4775 4779
f 4778 4779 4782
f 4781 4782 4779
f 4779 4780 4781
o b667512437_unknown
v 158.79 0.00 393.41
v 158.75 0.00 385.88
v 152.27 0.00 385.90
v 152.27 0.00 393.42
v 158.79 8.70 393.41
v 158.75 8.70 385.88
v 152.27 8.70 385.90
v 152.27 8.70 393.42
f 4783 4784 4788
f 4783 4788 4787
f 4784 4785 4789
f 4784 4789 4788
f 4785 4786 4790
f 4785 4790 4789
f 4786 4783 4787
f 4786 4787 4790
f 4789 4790 4787
f 4787 4788 4789
o b667512438_unknown
v 164.88 0.00 393.50
v 164.81 0.00 385.87
v 158.75 0.00 385.88
v 158.79 0.00 393.41
v 164.88 9.50 393.50
v 164.81 9.50 385.87
v 158.75 9.50 385.88
v 158.79 9.50 393.41
f 4791 4792 4796
f 4791 4796 4795
f 4792 4793 4797
f 4792 4797 4796
f 4793 4794 4798
f 4793 4798 4797
f 4794 4791 4795
f 4794 4795 4798
f 4797 4798 4795
f 4795 4796 4797
o b688082629_residential
v 240.11 0.00 -117.70
v 250.49 0.00 -101.21
v 278.56 0.00 -118.64
v 275.53 0.00 -123.45
v 269.95 0.00 -132.33
v 267.27 0.00 -136.79
v 261.58 0.00 -141.81
v 243.32 0.00 -121.37
v 240.11 10.00 -117.70
v 250.49 10.00 -101.21
v 278.56 10.00 -118.64
v 275.53 10.00 -123.45
v 269.95 10.00 -132.33
v 267.27 10.00 -136.79
v 261.58 10.00 -141.81
v 243.32 10.00 -121.37
f 4799 4800 4808
f 4799 4808 4807
f 4800 4801 4809
f 4800 4809 4808
f 4801 4802 4810
f 4801 4810 4809
f 4802 4803 4811
f 4802 4811 4810
f 4803 4804 4812
f 4803 4812 4811
f 4804 4805 4813
f 4804 4813 4812
f 4805 4806 4814
f 4805 4814 4813
f 4806 4799 4807
f 4806 4807 4814
f 4813 4814 4807
f 4807 4808 4809
f 4811 4812 4813
f 4813 4807 4809
f 4810 4811 4813
f 4813 4809 4810
o b719043234_unknown
v -57.56 0.00 -112.08
v -58.93 0.00 -113.25
v -52.72 0.00 -120.40
v -51.12 0.00 -119.03
v -45.44 0.00 -125.57
v -41.22 0.00 -130.44
v -45.34 0.00 -134.06
v -53.06 0.00 -140.57
v -56.75 0.00 -136.32
v -57.74 0.00 -137.17
v -58.90 0.00 -135.84
v -63.84 0.00 -130.14
v -65.22 0.00 -128.55
v -69.71 0.00 -123.37
v -71.23 0.00 -121.63
v -58.63 0.00 -110.84
v -57.56 8.50 -112.08
v -58.93 8.50 -113.25
v -52.72 8.50 -120.40
v -51.12 8.50 -119.03
v -45.44 8.50 -125.57
v -41.22 8.50 -130.44
v -45.34 8.50 -134.06
v -53.06 8.50 -140.57
v -56.75 8.50 -136.32
v -57.74 8.50 -137.17
v -58.90 8.50 -135.84
v -63.84 8.50 -130.14
v -65.22 8.50 -128.55
v -69.71 8.50 -123.37
v -71.23 8.50 -121.63
v -58.63 8.50 -110.84
f 4815 4816 4832
f 4815 4832 4831
f 4816 4817 4833
f 4816 4833 4832
f 4817 4818 4834
f 4817 4834 4833
f 4818 4819 4835
f 4818 4835 4834
f 4819 4820 4836
f 4819 4836 4835
f 4820 4821 4837
f 4820 4837 4836
f 4821 4822 4838
f 4821 4838 4837
f 4822 4823 4839
f 4822 4839 4838
f 4823 4824 4840
f 4823 4840 4839
f 4824 4825 4841
f 4824 4841 4840
f 4825 4826 4842
f 4825 4842 4841
f 4826 4827 4843
f 4826 4843 4842
f 4827 4828 4844
f 4827 4844 4843
f 4828 4829 4845
f 4828 4845 4844
f 4829 4830 4846
f 4829 4846 4845
f 4830 4815 4831
f 4830 4831 4846
f 4845 4846 4831
f 4833 4834 4835
f 4835 4836 4837
f 4837 4838 4839
f 4839 4840 4841
f 4842 4843 4844
f 4845 4831 4832
f 4833 4835 4837
f 4837 4839 4841
f 4844 4845 4832
f 4832 4833 4837
f 4837 4841 4842
f 4842 4844 4832
f 4832 4837 4842
o b1039203632_residential
v 185.04 0.00 -135.63
v 199.37 0.00 -151.95
v 183.57 0.00 -165.62
v 161.63 0.00 -140.63
v 177.43 0.00 -126.96
v 185.04 35.20 -135.63
v 199.37 35.20 -151.95
v 183.57 35.20 -165.62
v 161.63 35.20 -140.63
v 177.43 35.20 -126.96
f 4847 4848 4853
f 4847 4853 4852
f 4848 4849 4854
f 4848 4854 4853
f 4849 4850 4855
f 4849 4855 4854
f 4850 4851 4856
f 4850 4856 4855
f 4851 4847 4852
f 4851 4852 4856
f 4855 4856 4852
f 4852 4853 4854
f 4854 4855 4852
o b1123103926_retail
v 281.37 0.00 -296.13
v 284.86 0.00 -293.05
v 307.10 0.00 -273.46
v 353.96 0.00 -326.96
v 327.70 0.00 -349.35
v 281.37 9.10 -296.13
v 284.86 9.10 -293.05
v 307.10 9.10 -273.46
v 353.96 9.10 -326.96
v 327.70 9.10 -349.35
f 4857 4858 4863
f 4857 4863 4862
f 4858 4859 4864
f 4858 4864 4863
f 4859 4860 4865
f 4859 4865 4864
f 4860 4861 4866
f 4860 4866 4865
f 4861 4857 4862
f 4861 4862 4866
f 4865 4866 4862
f 4862 4863 4864
f 4864 4865 4862
o b1123103927_unknown
v 249.24 0.00 -324.41
v 281.37 0.00 -296.13
v 327.70 0.00 -349.35
v 295.25 0.00 -377.03
v 249.24 10.00 -324.41
v 281.37 10.00 -296.13
v 327.70 10.00 -349.35
v 295.25 10.00 -377.03
f 4867 4868 4872
f 4867 4872 4871
f 4868 4869 4873
f 4868 4873 4872
f 4869 4870 4874
f 4869 4874 4873
f 4870 4867 4871
f 4870 4871 4874
f 4873 4874 4871
f 4871 4872 4873
o b1154870289_unknown
v 43.96 0.00 219.78
v 50.36 0.00 219.80
v 50.40 0.00 215.73
v 69.08 0.00 215.72
v 69.11 0.00 216.43
v 72.05 0.00 216.47
v 72.07 0.00 219.79
v 80.88 0.00 219.80
v 80.83 0.00 216.43
v 83.78 0.00 216.37
v 83.55 0.00 186.67
v 53.73 0.00 160.58
v 43.26 0.00 160.63
v 43.26 0.00 161.72
v 43.19 0.00 168.28
v 41.66 0.00 168.73
v 40.23 0.00 169.36
v 39.05 0.00 170.21
v 37.97 0.00 171.18
v 36.85 0.00 170.29
v 35.85 0.00 170.35
v 34.32 0.00 172.23
v 33.33 0.00 174.27
v 32.77 0.00 175.63
v 32.28 0.00 177.39
v 34.18 0.00 177.45
v 34.13 0.00 178.91
v 26.42 0.00 178.67
v 26.47 0.00 180.61
v 31.45 0.00 180.67
v 31.58 0.00 182.59
v 32.10 0.00 184.48
v 32.96 0.00 186.54
v 33.85 0.00 188.04
v 34.37 0.00 188.53
v 35.06 0.00 188.67
v 35.54 0.00 188.66
v 35.96 0.00 188.45
v 36.77 0.00 189.26
v 38.10 0.00 190.34
v 40.13 0.00 191.53
v 41.86 0.00 192.17
v 43.12 0.00 192.41
v 44.77 0.00 193.72
v 43.06 0.00 195.56
v 42.29 0.00 194.90
v 41.59 0.00 194.44
v 40.58 0.00 194.03
v 39.61 0.00 193.87
v 38.62 0.00 193.83
v 37.49 0.00 193.94
v 36.36 0.00 194.34
v 35.33 0.00 194.98
v 34.58 0.00 195.76
v 33.94 0.00 196.74
v 33.53 0.00 197.72
v 33.39 0.00 198.86
v 33.30 0.00 215.90
v 43.88 0.00 215.75
v 43.96 5.40 219.78
v 50.36 5.40 219.80
v 50.40 5.40 215.73
v 69.08 5.40 215.72
v 69.11 5.40 216.43
v 72.05 5.40 216.47
v 72.07 5.40 219.79
v 80.88 5.40 219.80
v 80.83 5.40 216.43
v 83.78 5.40 216.37
v 83.55 5.40 186.67
v 53.73 5.40 160.58
v 43.26 5.40 160.63
v 43.26 5.40 161.72
v 43.19 5.40 168.28
v 41.66 5.40 168.73
v 40.23 5.40 169.36
v 39.05 5.40 170.21
v 37.97 5.40 171.18
v 36.85 5.40 170.29
v 35.85 5.40 170.35
v 34.32 5.40 172.23
v 33.33 5.40 174.27
v 32.77 5.40 175.63
v 32.28 5.40 177.39
v 34.18 5.40 177.45
v 34.13 5.40 178.91
v 26.42 5.40 178.67
v 26.47 5.40 180.61
v 31.45 5.40 180.67
v 31.58 5.40 182.59
v 32.10 5.40 184.48
v 32.96 5.40 186.54
v 33.85 5.40 188.04
v 34.37 5.40 188.53
v 35.06 5.40 188.67
v 35.54 5.40 188.66
v 35.96 5.40 188.45
v 36.77 5.40 189.26
v 38.10 5.40 190.34
v 40.13 5.40 191.53
v 41.86 5.40 192.17
v 43.12 5.40 192.41
v 44.77 5.40 193.72
v 43.06 5.40 195.56
v 42.29 5.40 194.90
v 41.59 5.40 194.44
v 40.58 5.40 194.03
v 39.61 5.40 193.87
v 38.62 5.40 193.83
v 37.49 5.40 193.94
v 36.36 5.40 194.34
v 35.33 5.40 194.98
v 34.58 5.40 195.76
v 33.94 5.40 196.74
v 33.53 5.40 197.72
v 33.39 5.40 198.86
v 33.30 5.40 215.90
v 43.88 5.40 215.75
f 4875 4876 4935
f 4875 4935 4934
f 4876 4877 4936
f 4876 4936 4935
f 4877 4878 4937
f 4877 4937 4936
f 4878 4879 4938
f 4878 4938 4937
f 4879 4880 4939
f 4879 4939 4938
f 4880 4881 4940
f 4880 4940 4939
f 4881 4882 4941
f 4881 4941 4940
f 4882 4883 4942
f 4882 4942 4941
f 4883 4884 4943
f 4883 4943 4942
f 4884 4885 4944
f 4884 4944 4943
f 4885 4886 4945
f 4885 4945 4944
f 4886 4887 4946
f 4886 4946 4945
f 4887 4888 4947
f 4887 4947 4946
f 4888 4889 4948
f 4888 4948 4947
f 4889 4890 4949
f 4889 4949 4948
f 4890 4891 4950
f 4890 4950 4949
f 4891 4892 4951
f 4891 4951 4950
f 4892 4893 4952
f 4892 4952 4951
f 4893 4894 4953
f 4893 4953 4952
f 4894 4895 4954
f 4894 4954 4953
f 4895 4896 4955
f 4895 4955 4954
f 4896 4897 4956
f 4896 4956 4955
f 4897 4898 4957
f 4897 4957 4956
f 4898 4899 4958
f 4898 4958 4957
f 4899 4900 4959
f 4899 4959 4958
f 4900 4901 4960
f 4900 4960 4959
f 4901 4902 4961
f 4901 4961 4960
f 4902 4903 4962
f 4902 4962 4961
f 4903 4904 4963
f 4903 4963 4962
f 4904 4905 4964
f 4904 4964 4963
f 4905 4906 4965
f 4905 4965 4964
f 4906 4907 4966
f 4906 4966 4965
f 4907 4908 4967
f 4907 4967 4966
f 4908 4909 4968
f 4908 4968 4967
f 4909 4910 4969
f 4909 4969 4968
f 4910 4911 4970
f 4910 4970 4969
f 4911 4912 4971
f 4911 4971 4970
f 4912 4913 4972
f 4912 4972 4971
f 4913 4914 4973
f 4913 4973 4972
f 4914 4915 4974
f 4914 4974 4973
f 4915 4916 4975
f 4915 4975 4974
f 4916 4917 4976
f 4916 4976 4975
f 4917 4918 4977
f 4917 4977 4976
f 4918 4919 4978
f 4918 4978 4977
f 4919 4920 4979
f 4919 4979 4978
f 4920 4921 4980
f 4920 4980 4979
f 4921 4922 4981
f 4921 4981 4980
f 4922 4923 4982
f 4922 4982 4981
f 4923 4924 4983
f 4923 4983 4982
f 4924 4925 4984
f 4924 4984 4983
f 4925 4926 4985
f 4925 4985 4984
f 4926 4927 4986
f 4926 4986 4985
f 4927 4928 4987
f 4927 4987 4986
f 4928 4929 4988
f 4928 4988 4987
f 4929 4930 4989
f 4929 4989 4988
f 4930 4931 4990
f 4930 4990 4989
f 4931 4932 4991
f 4931 4991 4990
f 4932 4933 4992
f 4932 4992 4991
f 4933 4875 4934
f 4933 4934 4992
f 4992 4934 4935
f 4937 4938 4939
f 4939 4940 4941
f 4942 4943 4944
f 4944 4945 4946
f 4948 4949 4950
f 4950 4951 4952
f 4952 4953 4954
f 4954 4955 4956
f 4956 4957 4958
f 4960 4961 4962
f 4963 4964 4965
f 4965 4966 4967
f 4967 4968 4969
f 4969 4970 4971
f 4971 4972 4973
f 4973 4974 4975
f 4978 4979 4980
f 4980 4981 4982
f 4982 4983 4984
f 4984 4985 4986
f 4986 4987 4988
f 4988 4989 4990
f 4990 4991 4992
f 4992 4935 4936
f 4939 4941 4942
f 4942 4944 4946
f 4948 4950 4952
f 4952 4954 4956
f 4956 4958 4959
f 4960 4962 4963
f 4963 4965 4967
f 4967 4969 4971
f 4971 4973 4975
f 4978 4980 4982
f 4982 4984 4986
f 4986 4988 4990
f 4990 4992 4936
f 4937 4939 4942
f 4942 4946 4947
f 4948 4952 4956
f 4960 4963 4967
f 4971 4975 4976
f 4978 4982 4986
f 4986 4990 4936
f 4937 4942 4947
f 4948 4956 4959
f 4959 4960 4967
f 4978 4986 4936
f 4936 4937 4947
f 4948 4959 4967
f 4977 4978 4936
f 4936 4947 4948
f 4948 4967 4971
f 4977 4936 4948
f 4948 4971 4976
f 4976 4977 4948
o b1190291980_food
v 179.50 0.00 8.84
v 184.17 0.00 12.83
v 194.02 0.00 21.27
v 214.69 0.00 39.36
v 215.21 0.00 39.04
v 215.66 0.00 38.77
v 210.76 0.00 30.81
v 206.87 0.00 24.48
v 201.83 0.00 16.30
v 195.32 0.00 5.85
v 192.32 0.00 1.04
v 179.50 9.80 8.84
v 184.17 9.80 12.83
v 194.02 9.80 21.27
v 214.69 9.80 39.36
v 215.21 9.80 39.04
v 215.66 9.80 38.77
v 210.76 9.80 30.81
v 206.87 9.80 24.48
v 201.83 9.80 16.30
v 195.32 9.80 5.85
v 192.32 9.80 1.04
f 4993 4994 5005
f 4993 5005 5004
f 4994 4995 5006
f 4994 5006 5005
f 4995 4996 5007
f 4995 5007 5006
f 4996 4997 5008
f 4996 5008 5007
f 4997 4998 5009
f 4997 5009 5008
f 4998 4999 5010
f 4998 5010 5009
f 4999 5000 5011
f 4999 5011 5010
f 5000 5001 5012
f 5000 5012 5011
f 5001 5002 5013
f 5001 5013 5012
f 5002 5003 5014
f 5002 5014 5013
f 5003 4993 5004
f 5003 5004 5014
f 5013 5014 5004
f 5006 5007 5008
f 5008 5009 5010
f 5010 5011 5012
f 5012 5013 5004
f 5005 5006 5008
f 5008 5010 5012
f 5012 5004 5005
f 5005 5008 5012
o b1256939000_unknown
v 128.14 0.00 109.98
v 109.96 0.00 81.07
v 102.58 0.00 85.31
v 108.14 0.00 95.05
v 115.28 0.00 104.25
v 123.19 0.00 112.80
v 128.14 6.00 109.98
v 109.96 6.00 81.07
v 102.58 6.00 85.31
v 108.14 6.00 95.05
v 115.28 6.00 104.25
v 123.19 6.00 112.80
f 5015 5016 5022
f 5015 5022 5021
f 5016 5017 5023
f 5016 5023 5022
f 5017 5018 5024
f 5017 5024 5023
f 5018 5019 5025
f 5018 5025 5024
f 5019 5020 5026
f 5019 5026 5025
f 5020 5015 5021
f 5020 5021 5026
f 5025 5026 5021
f 5021 5022 5023
f 5023 5024 5025
f 5025 5021 5023
o b1256939013_unknown
v 102.58 0.00 85.31
v 109.96 0.00 81.07
v 97.83 0.00 61.78
v 92.51 0.00 65.09
v 102.58 6.80 85.31
v 109.96 6.80 81.07
v 97.83 6.80 61.78
v 92.51 6.80 65.09
f 5027 5028 5032
f 5027 5032 5031
f 5028 5029 5033
f 5028 5033 5032
f 5029 5030 5034
f 5029 5034 5033
f 5030 5027 5031
f 5030 5031 5034
f 5033 5034 5031
f 5031 5032 5033
o b1256939021_unknown
v 100.44 0.00 184.86
v 113.07 0.00 177.62
v 108.94 0.00 170.77
v 114.86 0.00 167.40
v 115.54 0.00 167.01
v 89.11 0.00 124.94
v 85.46 0.00 121.35
v 84.79 0.00 120.90
v 82.85 0.00 120.32
v 79.34 0.00 119.29
v 76.94 0.00 118.60
v 76.15 0.00 118.61
v 74.57 0.00 118.64
v 72.85 0.00 121.21
v 65.36 0.00 132.28
v 63.85 0.00 136.19
v 63.30 0.00 139.53
v 63.15 0.00 143.98
v 64.36 0.00 148.73
v 66.22 0.00 152.32
v 67.38 0.00 153.89
v 69.84 0.00 157.22
v 83.36 0.00 169.88
v 83.83 0.00 170.32
v 100.44 9.60 184.86
v 113.07 9.60 177.62
v 108.94 9.60 170.77
v 114.86 9.60 167.40
v 115.54 9.60 167.01
v 89.11 9.60 124.94
v 85.46 9.60 121.35
v 84.79 9.60 120.90
v 82.85 9.60 120.32
v 79.34 9.60 119.29
v 76.94 9.60 118.60
v 76.15 9.60 118.61
v 74.57 9.60 118.64
v 72.85 9.60 121.21
v 65.36 9.60 132.28
v 63.85 9.60 136.19
v 63.30 9.60 139.53
v 63.15 9.60 143.98
v 64.36 9.60 148.73
v 66.22 9.60 152.32
v 67.38 9.60 153.89
v 69.84 9.60 157.22
v 83.36 9.60 169.88
v 83.83 9.60 170.32
f 5035 5036 5060
f 5035 5060 5059
f 5036 5037 5061
f 5036 5061 5060
f 5037 5038 5062
f 5037 5062 5061
f 5038 5039 5063
f 5038 5063 5062
f 5039 5040 5064
f 5039 5064 5063
f 5040 5041 5065
f 5040 5065 5064
f 5041 5042 5066
f 5041 5066 5065
f 5042 5043 5067
f 5042 5067 5066
f 5043 5044 5068
f 5043 5068 5067
f 5044 5045 5069
f 5044 5069 5068
f 5045 5046 5070
f 5045 5070 5069
f 5046 5047 5071
f 5046 5071 5070
f 5047 5048 5072
f 5047 5072 5071
f 5048 5049 5073
f 5048 5073 5072
f 5049 5050 5074
f 5049 5074 5073
f 5050 5051 5075
f 5050 5075 5074
f 5051 5052 5076
f 5051 5076 5075
f 5052 5053 5077
f 5052 5077 5076
f 5053 5054 5078
f 5053 5078 5077
f 5054 5055 5079
f 5054 5079 5078
f 5055 5056 5080
f 5055 5080 5079
f 5056 5057 5081
f 5056 5081 5080
f 5057 5058 5082
f 5057 5082 5081
f 5058 5035 5059
f 5058 5059 5082
f 5081 5082 5059
f 5059 5060 5061
f 5061 5062 5063
f 5063 5064 5065
f 5065 5066 5067
f 5067 5068 5069
f 5069 5070 5071
f 5072 5073 5074
f 5074 5075 5076
f 5076 5077 5078
f 5079 5080 5081
f 5081 5059 5061
f 5061 5063 5065
f 5065 5067 5069
f 5069 5071 5072
f 5072 5074 5076
f 5076 5078 5079
f 5079 5081 5061
f 5061 5065 5069
f 5069 5072 5076
f 5076 5079 5061
f 5061 5069 5076
o b1265649981_residential
v 256.94 0.00 -362.23
v 226.19 0.00 -388.49
v 215.81 0.00 -397.38
v 194.75 0.00 -373.09
v 210.24 0.00 -359.91
v 235.89 0.00 -337.94
v 236.80 0.00 -338.99
v 246.88 0.00 -350.62
v 256.94 153.60 -362.23
v 226.19 153.60 -388.49
v 215.81 153.60 -397.38
v 194.75 153.60 -373.09
v 210.24 153.60 -359.91
v 235.89 153.60 -337.94
v 236.80 153.60 -338.99
v 246.88 153.60 -350.62
f 5083 5084 5092
f 5083 5092 5091
f 5084 5085 5093
f 5084 5093 5092
f 5085 5086 5094
f 5085 5094 5093
f 5086 5087 5095
f 5086 5095 5094
f 5087 5088 5096
f 5087 5096 5095
f 5088 5089 5097
f 5088 5097 5096
f 5089 5090 5098
f 5089 5098 5097
f 5090 5083 5091
f 5090 5091 5098
f 5097 5098 5091
f 5092 5093 5094
f 5095 5096 5097
f 5097 5091 5092
f 5092 5094 5095
f 5095 5097 5092
o b1271653800_retail
v 216.80 0.00 112.80
v 239.81 0.00 98.57
v 246.81 0.00 94.25
v 241.75 0.00 89.76
v 233.52 0.00 82.52
v 226.58 0.00 86.51
v 209.14 0.00 96.51
v 207.27 0.00 97.65
v 206.43 0.00 98.16
v 215.50 0.00 112.84
v 215.81 0.00 113.40
v 216.80 5.10 112.80
v 239.81 5.10 98.57
v 246.81 5.10 94.25
v 241.75 5.10 89.76
v 233.52 5.10 82.52
v 226.58 5.10 86.51
v 209.14 5.10 96.51
v 207.27 5.10 97.65
v 206.43 5.10 98.16
v 215.50 5.10 112.84
v 215.81 5.10 113.40
f 5099 5100 5111
f 5099 5111 5110
f 5100 5101 5112
f 5100 5112 5111
f 5101 5102 5113
f 5101 5113 5112
f 5102 5103 5114
f 5102 5114 5113
f 5103 5104 5115
f 5103 5115 5114
f 5104 5105 5116
f 5104 5116 5115
f 5105 5106 5117
f 5105 5117 5116
f 5106 5107 5118
f 5106 5118 5117
f 5107 5108 5119
f 5107 5119 5118
f 5108 5109 5120
f 5108 5120 5119
f 5109 5099 5110
f 5109 5110 5120
f 5119 5120 5110
f 5111 5112 5113
f 5113 5114 5115
f 5115 5116 5117
f 5117 5118 5119
f 5119 5110 5111
f 5111 5113 5115
f 5115 5117 5119
f 5119 5111 5115
o b1271653801_retail
v 226.58 0.00 86.51
v 233.52 0.00 82.52
v 175.79 0.00 31.07
v 171.62 0.00 34.78
v 169.75 0.00 36.48
v 169.18 0.00 36.94
v 171.13 0.00 40.20
v 171.50 0.00 40.73
v 172.64 0.00 42.72
v 175.98 0.00 47.89
v 185.01 0.00 62.31
v 185.13 0.00 62.25
v 187.35 0.00 61.11
v 207.07 0.00 93.15
v 209.14 0.00 96.51
v 226.58 6.00 86.51
v 233.52 6.00 82.52
v 175.79 6.00 31.07
v 171.62 6.00 34.78
v 169.75 6.00 36.48
v 169.18 6.00 36.94
v 171.13 6.00 40.20
v 171.50 6.00 40.73
v 172.64 6.00 42.72
v 175.98 6.00 47.89
v 185.01 6.00 62.31
v 185.13 6.00 62.25
v 187.35 6.00 61.11
v 207.07 6.00 93.15
v 209.14 6.00 96.51
f 5121 5122 5137
f 5121 5137 5136
f 5122 5123 5138
f 5122 5138 5137
f 5123 5124 5139
f 5123 5139 5138
f 5124 5125 5140
f 5124 5140 5139
f 5125 5126 5141
f 5125 5141 5140
f 5126 5127 5142
f 5126 5142 5141
f 5127 5128 5143
f 5127 5143 5142
f 5128 5129 5144
f 5128 5144 5143
f 5129 5130 5145
f 5129 5145 5144
f 5130 5131 5146
f 5130 5146 5145
f 5131 5132 5147
f 5131 5147 5146
f 5132 5133 5148
f 5132 5148 5147
f 5133 5134 5149
f 5133 5149 5148
f 5134 5135 5150
f 5134 5150 5149
f 5135 5121 5136
f 5135 5136 5150
f 5149 5150 5136
f 5136 5137 5138
f 5138 5139 5140
f 5140 5141 5142
f 5143 5144 5145
f 5145 5146 5147
f 5148 5149 5136
f 5136 5138 5140
f 5140 5142 5143
f 5143 5145 5147
f 5148 5136 5140
f 5140 5143 5147
f 5147 5148 5140
o b1275882966_unknown
v 271.33 0.00 128.34
v 273.77 0.00 127.04
v 276.12 0.00 125.73
v 275.47 0.00 124.68
v 266.28 0.00 109.88
v 264.55 0.00 107.08
v 261.62 0.00 108.86
v 259.76 0.00 109.99
v 270.69 0.00 127.31
v 271.33 4.40 128.34
v 273.77 4.40 127.04
v 276.12 4.40 125.73
v 275.47 4.40 124.68
v 266.28 4.40 109.88
v 264.55 4.40 107.08
v 261.62 4.40 108.86
v 259.76 4.40 109.99
v 270.69 4.40 127.31
f 5151 5152 5161
f 5151 5161 5160
f 5152 5153 5162
f 5152 5162 5161
f 5153 5154 5163
f 5153 5163 5162
f 5154 5155 5164
f 5154 5164 5163
f 5155 5156 5165
f 5155 5165 5164
f 5156 5157 5166
f 5156 5166 5165
f 5157 5158 5167
f 5157 5167 5166
f 5158 5159 5168
f 5158 5168 5167
f 5159 5151 5160
f 5159 5160 5168
f 5168 5160 5161
f 5161 5162 5163
f 5164 5165 5166
f 5166 5167 5168
f 5168 5161 5163
f 5163 5164 5166
f 5166 5168 5163
o b1275882967_retail
v 248.78 0.00 99.92
v 255.12 0.00 110.08
v 245.86 0.00 115.38
v 247.28 0.00 117.75
v 256.47 0.00 112.03
v 259.05 0.00 110.43
v 259.48 0.00 110.15
v 264.55 0.00 107.08
v 266.03 0.00 106.17
v 262.61 0.00 102.56
v 260.80 0.00 100.64
v 259.01 0.00 97.83
v 257.82 0.00 98.21
v 256.95 0.00 98.17
v 256.06 0.00 97.82
v 253.05 0.00 95.19
v 246.04 0.00 89.07
v 244.14 0.00 87.42
v 241.75 0.00 89.76
v 246.81 0.00 94.25
v 251.67 0.00 98.27
v 248.78 10.50 99.92
v 255.12 10.50 110.08
v 245.86 10.50 115.38
v 247.28 10.50 117.75
v 256.47 10.50 112.03
v 259.05 10.50 110.43
v 259.48 10.50 110.15
v 264.55 10.50 107.08
v 266.03 10.50 106.17
v 262.61 10.50 102.56
v 260.80 10.50 100.64
v 259.01 10.50 97.83
v 257.82 10.50 98.21
v 256.95 10.50 98.17
v 256.06 10.50 97.82
v 253.05 10.50 95.19
v 246.04 10.50 89.07
v 244.14 10.50 87.42
v 241.75 10.50 89.76
v 246.81 10.50 94.25
v 251.67 10.50 98.27
f 5169 5170 5191
f 5169 5191 5190
f 5170 5171 5192
f 5170 5192 5191
f 5171 5172 5193
f 5171 5193 5192
f 5172 5173 5194
f 5172 5194 5193
f 5173 5174 5195
f 5173 5195 5194
f 5174 5175 5196
f 5174 5196 5195
f 5175 5176 5197
f 5175 5197 5196
f 5176 5177 5198
f 5176 5198 5197
f 5177 5178 5199
f 5177 5199 5198
f 5178 5179 5200
f 5178 5200 5199
f 5179 5180 5201
f 5179 5201 5200
f 5180 5181 5202
f 5180 5202 5201
f 5181 5182 5203
f 5181 5203 5202
f 5182 5183 5204
f 5182 5204 5203
f 5183 5184 5205
f 5183 5205 5204
f 5184 5185 5206
f 5184 5206 5205
f 5185 5186 5207
f 5185 5207 5206
f 5186 5187 5208
f 5186 5208 5207
f 5187 5188 5209
f 5187 5209 5208
f 5188 5189 5210
f 5188 5210 5209
f 5189 5169 5190
f 5189 5190 5210
f 5210 5190 5191
f 5191 5192 5193
f 5194 5195 5196
f 5196 5197 5198
f 5200 5201 5202
f 5204 5205 5206
f 5206 5207 5208
f 5208 5209 5210
f 5191 5193 5194
f 5196 5198 5199
f 5199 5200 5202
f 5204 5206 5208
f 5210 5191 5194
f 5194 5196 5199
f 5199 5202 5203
f 5204 5208 5210
f 5210 5194 5199
f 5199 5203 5204
f 5204 5210 5199
o b1275882970_unknown
v 244.14 0.00 87.42
v 231.93 0.00 76.81
v 231.81 0.00 75.21
v 229.52 0.00 73.21
v 214.58 0.00 60.24
v 202.72 0.00 49.94
v 198.99 0.00 46.70
v 197.55 0.00 47.08
v 179.23 0.00 30.11
v 178.08 0.00 29.04
v 175.79 0.00 31.07
v 233.52 0.00 82.52
v 241.75 0.00 89.76
v 244.14 4.90 87.42
v 231.93 4.90 76.81
v 231.81 4.90 75.21
v 229.52 4.90 73.21
v 214.58 4.90 60.24
v 202.72 4.90 49.94
v 198.99 4.90 46.70
v 197.55 4.90 47.08
v 179.23 4.90 30.11
v 178.08 4.90 29.04
v 175.79 4.90 31.07
v 233.52 4.90 82.52
v 241.75 4.90 89.76
f 5211 5212 5225
f 5211 5225 5224
f 5212 5213 5226
f 5212 5226 5225
f 5213 5214 5227
f 5213 5227 5226
f 5214 5215 5228
f 5214 5228 5227
f 5215 5216 5229
f 5215 5229 5228
f 5216 5217 5230
f 5216 5230 5229
f 5217 5218 5231
f 5217 5231 5230
f 5218 5219 5232
f 5218 5232 5231
f 5219 5220 5233
f 5219 5233 5232
f 5220 5221 5234
f 5220 5234 5233
f 5221 5222 5235
f 5221 5235 5234
f 5222 5223 5236
f 5222 5236 5235
f 5223 5211 5224
f 5223 5224 5236
f 5235 5236 5224
f 5225 5226 5227
f 5229 5230 5231
f 5232 5233 5234
f 5234 5235 5224
f 5225 5227 5228
f 5228 5229 5231
f 5231 5232 5234
f 5234 5224 5225
f 5225 5228 5231
f 5231 5234 5225
o b1275882971_unknown
v 234.81 0.00 59.07
v 235.81 0.00 58.46
v 231.95 0.00 54.24
v 226.17 0.00 45.63
v 223.28 0.00 46.95
v 223.28 0.00 51.00
v 233.60 0.00 59.75
v 234.81 10.90 59.07
v 235.81 10.90 58.46
v 231.95 10.90 54.24
v 226.17 10.90 45.63
v 223.28 10.90 46.95
v 223.28 10.90 51.00
v 233.60 10.90 59.75
f 5237 5238 5245
f 5237 5245 5244
f 5238 5239 5246
f 5238 5246 5245
f 5239 5240 5247
f 5239 5247 5246
f 5240 5241 5248
f 5240 5248 5247
f 5241 5242 5249
f 5241 5249 5248
f 5242 5243 5250
f 5242 5250 5249
f 5243 5237 5244
f 5243 5244 5250
f 5249 5250 5244
f 5244 5245 5246
f 5246 5247 5248
f 5248 5249 5244
f 5244 5246 5248
o b1275882973_unknown
v 194.02 0.00 21.27
v 193.00 0.00 22.04
v 192.13 0.00 22.73
v 191.92 0.00 22.99
v 216.77 0.00 44.65
v 217.52 0.00 43.83
v 218.70 0.00 42.41
v 215.63 0.00 39.44
v 215.21 0.00 39.04
v 214.69 0.00 39.36
v 194.02 5.90 21.27
v 193.00 5.90 22.04
v 192.13 5.90 22.73
v 191.92 5.90 22.99
v 216.77 5.90 44.65
v 217.52 5.90 43.83
v 218.70 5.90 42.41
v 215.63 5.90 39.44
v 215.21 5.90 39.04
v 214.69 5.90 39.36
f 5251 5252 5262
f 5251 5262 5261
f 5252 5253 5263
f 5252 5263 5262
f 5253 5254 5264
f 5253 5264 5263
f 5254 5255 5265
f 5254 5265 5264
f 5255 5256 5266
f 5255 5266 5265
f 5256 5257 5267
f 5256 5267 5266
f 5257 5258 5268
f 5257 5268 5267
f 5258 5259 5269
f 5258 5269 5268
f 5259 5260 5270
f 5259 5270 5269
f 5260 5251 5261
f 5260 5261 5270
f 5270 5261 5262
f 5262 5263 5264
f 5264 5265 5266
f 5266 5267 5268
f 5268 5269 5270
f 5270 5262 5264
f 5266 5268 5270
f 5270 5264 5266
o b1275882974_unknown
v 193.00 0.00 22.04
v 194.02 0.00 21.27
v 184.17 0.00 12.83
v 179.50 0.00 8.84
v 178.93 0.00 8.15
v 177.76 0.00 8.80
v 176.63 0.00 9.48
v 192.13 0.00 22.73
v 193.00 8.00 22.04
v 194.02 8.00 21.27
v 184.17 8.00 12.83
v 179.50 8.00 8.84
v 178.93 8.00 8.15
v 177.76 8.00 8.80
v 176.63 8.00 9.48
v 192.13 8.00 22.73
f 5271 5272 5280
f 5271 5280 5279
f 5272 5273 5281
f 5272 5281 5280
f 5273 5274 5282
f 5273 5282 5281
f 5274 5275 5283
f 5274 5283 5282
f 5275 5276 5284
f 5275 5284 5283
f 5276 5277 5285
f 5276 5285 5284
f 5277 5278 5286
f 5277 5286 5285
f 5278 5271 5279
f 5278 5279 5286
f 5285 5286 5279
f 5279 5280 5281
f 5282 5283 5284
f 5284 5285 5279
f 5279 5281 5282
f 5282 5284 5279
o b1275882981_unknown
v 224.68 0.00 -20.86
v 244.32 0.00 10.78
v 263.41 0.00 41.52
v 264.12 0.00 41.10
v 265.02 0.00 40.57
v 226.24 0.00 -21.84
v 225.76 0.00 -22.16
v 225.58 0.00 -22.30
v 225.25 0.00 -22.55
v 224.60 0.00 -22.59
v 224.19 0.00 -22.57
v 223.83 0.00 -22.55
v 207.20 0.00 -12.47
v 207.69 0.00 -11.64
v 208.20 0.00 -10.78
v 224.68 6.60 -20.86
v 244.32 6.60 10.78
v 263.41 6.60 41.52
v 264.12 6.60 41.10
v 265.02 6.60 40.57
v 226.24 6.60 -21.84
v 225.76 6.60 -22.16
v 225.58 6.60 -22.30
v 225.25 6.60 -22.55
v 224.60 6.60 -22.59
v 224.19 6.60 -22.57
v 223.83 6.60 -22.55
v 207.20 6.60 -12.47
v 207.69 6.60 -11.64
v 208.20 6.60 -10.78
f 5287 5288 5303
f 5287 5303 5302
f 5288 5289 5304
f 5288 5304 5303
f 5289 5290 5305
f 5289 5305 5304
f 5290 5291 5306
f 5290 5306 5305
f 5291 5292 5307
f 5291 5307 5306
f 5292 5293 5308
f 5292 5308 5307
f 5293 5294 5309
f 5293 5309 5308
f 5294 5295 5310
f 5294 5310 5309
f 5295 5296 5311
f 5295 5311 5310
f 5296 5297 5312
f 5296 5312 5311
f 5297 5298 5313
f 5297 5313 5312
f 5298 5299 5314
f 5298 5314 5313
f 5299 5300 5315
f 5299 5315 5314
f 5300 5301 5316
f 5300 5316 5315
f 5301 5287 5302
f 5301 5302 5316
f 5315 5316 5302
f 5302 5303 5304
f 5305 5306 5307
f 5308 5309 5310
f 5310 5311 5312
f 5312 5313 5314
f 5314 5315 5302
f 5302 5304 5305
f 5305 5307 5308
f 5308 5310 5312
f 5312 5314 5302
f 5302 5305 5308
f 5308 5312 5302
o b1371595751_unknown
v 232.92 0.00 341.38
v 237.55 0.00 348.86
v 238.86 0.00 348.07
v 243.81 0.00 345.04
v 239.18 0.00 337.56
v 234.19 0.00 340.61
v 232.92 5.30 341.38
v 237.55 5.30 348.86
v 238.86 5.30 348.07
v 243.81 5.30 345.04
v 239.18 5.30 337.56
v 234.19 5.30 340.61
f 5317 5318 5324
f 5317 5324 5323
f 5318 5319 5325
f 5318 5325 5324
f 5319 5320 5326
f 5319 5326 5325
f 5320 5321 5327
f 5320 5327 5326
f 5321 5322 5328
f 5321 5328 5327
f 5322 5317 5323
f 5322 5323 5328
f 5328 5323 5324
f 5324 5325 5326
f 5326 5327 5328
f 5328 5324 5326
o r6327309_footway
v -374.13 0.05 -209.12
v -372.99 0.05 -208.14
v -356.08 0.05 -230.02
v -354.96 0.05 -229.04
v -332.98 0.05 -256.12
v -331.86 0.05 -255.12
o r6332135_service
v -171.14 0.05 -54.82
v -168.10 0.05 -52.22
v -165.16 0.05 -61.78
v -162.14 0.05 -59.16
v -162.63 0.05 -64.57
v -159.67 0.05 -61.89
v -159.66 0.05 -67.86
v -156.68 0.05 -65.20
v -158.69 0.05 -68.99
v -155.45 0.05 -66.63
v -153.88 0.05 -75.82
v -150.60 0.05 -73.52
f 5335 5336 5338
f 5335 5338 5337
f 5339 5340 5342
f 5339 5342 5341
o r6344499_residential
v -319.63 0.05 -286.23
v -315.15 0.05 -282.23
v -314.31 0.05 -292.18
v -309.83 0.05 -288.18
v -288.81 0.05 -320.78
v -284.33 0.05 -316.78
v -287.82 0.05 -321.88
v -283.24 0.05 -318.02
v -267.95 0.05 -345.55
v -263.35 0.05 -341.69
f 5347 5348 5350
f 5347 5350 5349
o r6395017_living_street
v 339.27 0.05 45.66
v 341.89 0.05 49.92
v 366.33 0.05 29.01
v 368.95 0.05 33.27
v 379.05 0.05 21.18
v 381.67 0.05 25.44
o r6434798_primary
v -552.99 0.05 -492.22
v -559.37 0.05 -484.52
v -548.06 0.05 -488.13
v -554.48 0.05 -480.47
v -505.83 0.05 -452.70
v -512.25 0.05 -445.04
v -489.27 0.05 -438.86
v -495.69 0.05 -431.20
v -481.53 0.05 -432.34
v -488.03 0.05 -424.74
v -475.70 0.05 -427.27
v -482.28 0.05 -419.73
v -418.39 0.05 -377.22
v -424.97 0.05 -369.68
v -410.49 0.05 -370.30
v -417.03 0.05 -362.74
v -404.97 0.05 -365.60
v -411.47 0.05 -358.00
v -321.79 0.05 -294.56
v -328.29 0.05 -286.96
v -314.14 0.05 -288.03
v -320.64 0.05 -280.43
f 5363 5364 5366
f 5363 5366 5365
f 5367 5368 5370
f 5367 5370 5369
f 5371 5372 5374
f 5371 5374 5373
f 5375 5376 5378
f 5375 5378 5377
o r6450457_primary
v 316.31 0.05 -88.90
v 307.85 0.05 -83.56
v 320.73 0.05 -81.89
v 312.25 0.05 -76.59
v 336.30 0.05 -56.83
v 327.82 0.05 -51.53
v 354.33 0.05 -27.99
v 345.85 0.05 -22.69
f 5385 5386 5388
f 5385 5388 5387
o r6462035_tertiary
v 305.33 0.05 370.99
v 309.03 0.05 376.93
v 333.65 0.05 353.38
v 337.33 0.05 359.32
v 339.03 0.05 350.09
v 342.73 0.05 356.03
v 350.05 0.05 343.19
v 353.77 0.05 349.13
f 5393 5394 5396
f 5393 5396 5395
o r6480536_footway
v 426.36 0.05 375.29
v 427.64 0.05 374.51
v 410.07 0.05 348.90
v 411.35 0.05 348.12
o r6480537_pedestrian
v 219.22 0.05 45.37
v 222.22 0.05 48.01
v 219.52 0.05 45.94
v 223.50 0.05 45.64
v 218.44 0.05 41.74
v 222.12 0.05 40.20
v 216.36 0.05 38.60
v 219.72 0.05 36.42
v 195.24 0.05 5.93
v 198.60 0.05 3.75
v 190.46 0.05 -1.48
v 193.82 0.05 -3.64
v 189.64 0.05 -2.76
v 193.00 0.05 -4.92
f 5405 5406 5408
f 5405 5408 5407
f 5409 5410 5412
f 5409 5412 5411
o r8071901_living_street
v 300.48 0.05 74.88
v 299.70 0.05 69.94
v 288.14 0.05 76.83
v 286.94 0.05 71.97
v 285.89 0.05 78.38
v 283.29 0.05 74.12
v 261.03 0.05 93.53
v 258.43 0.05 89.25
f 5419 5420 5422
f 5419 5422 5421
o r8111072_tertiary
v -348.48 0.05 -439.67
v -354.52 0.05 -443.21
v -352.98 0.05 -432.02
v -358.94 0.05 -435.70
v -354.11 0.05 -430.63
v -359.43 0.05 -435.19
v -379.67 0.05 -400.87
v -384.99 0.05 -405.43
v -405.88 0.05 -370.31
v -411.20 0.05 -374.87
v -411.11 0.05 -364.24
v -416.41 0.05 -368.80
f 5427 5428 5430
f 5427 5430 5429
f 5431 5432 5434
f 5431 5434 5433
o r8111081_tertiary
v 27.57 0.05 -98.73
v 30.83 0.05 -92.53
v 32.65 0.05 -101.39
v 35.95 0.05 -95.23
v 39.13 0.05 -104.93
v 42.49 0.05 -98.79
o r8111083_unclassified
v 136.24 0.05 -17.25
v 140.00 0.05 -13.95
v 140.24 0.05 -21.81
v 144.04 0.05 -18.55
v 164.41 0.05 -50.17
v 168.21 0.05 -46.93
v 188.11 0.05 -77.94
v 191.91 0.05 -74.70
f 5445 5446 5448
f 5445 5448 5447
o r13516936_tertiary
v 434.01 0.05 291.28
v 437.69 0.05 297.24
v 442.63 0.05 285.97
v 446.31 0.05 291.93
v 475.71 0.05 265.51
v 479.39 0.05 271.47
v 507.59 0.05 245.85
v 511.27 0.05 251.81
v 516.32 0.05 240.42
v 520.02 0.05 246.36
f 5453 5454 5456
f 5453 5456 5455
o r13526138_living_street
v 160.70 0.05 7.44
v 164.00 0.05 3.68
v 157.98 0.05 5.05
v 161.26 0.05 1.29
v 136.47 0.05 -13.72
v 139.77 0.05 -17.48
v 129.60 0.05 -19.90
v 132.92 0.05 -23.64
v 46.22 0.05 -93.76
v 49.54 0.05 -97.50
v 39.16 0.05 -99.98
v 42.46 0.05 -103.74
f 5463 5464 5466
f 5463 5466 5465
f 5467 5468 5470
f 5467 5470 5469
o r14024701_footway
v -145.92 0.05 -89.95
v -146.72 0.05 -88.69
v -144.94 0.05 -88.70
v -143.98 0.05 -87.56
v -133.54 0.05 -101.03
v -132.42 0.05 -100.05
v -115.15 0.05 -122.65
v -114.01 0.05 -121.67
f 5475 5476 5478
f 5475 5478 5477
o r22927872_secondary
v -61.93 0.05 -185.06
v -55.89 0.05 -190.32
v -66.96 0.05 -190.89
v -61.58 0.05 -196.81
v -99.23 0.05 -219.03
v -93.97 0.05 -225.05
o r22927962_tertiary
v 8.44 0.05 -256.86
v 3.20 0.05 -261.52
v 1.07 0.05 -248.58
v -4.15 0.05 -253.24
v -13.73 0.05 -232.07
v -18.95 0.05 -236.73
v -24.30 0.05 -220.24
v -29.52 0.05 -224.90
v -51.14 0.05 -190.20
v -56.30 0.05 -194.94
v -56.51 0.05 -185.14
v -61.31 0.05 -190.24
f 5489 5490 5492
f 5489 5492 5491
f 5493 5494 5496
f 5493 5496 5495
o r43150458_tertiary
v 451.38 0.05 136.83
v 447.70 0.05 130.87
v 441.54 0.05 142.90
v 437.86 0.05 136.94
v 419.88 0.05 156.22
v 416.22 0.05 150.26
v 410.90 0.05 161.76
v 407.22 0.05 155.80
f 5501 5502 5504
f 5501 5504 5503
o r50329123_service
v -253.54 0.05 -552.10
v -256.22 0.05 -549.12
v -247.70 0.05 -546.85
v -250.38 0.05 -543.87
v -198.83 0.05 -502.83
v -201.49 0.05 -499.85
v -191.31 0.05 -496.61
v -193.93 0.05 -493.59
v -185.13 0.05 -490.99
v -187.75 0.05 -487.97
v -162.26 0.05 -471.45
v -164.86 0.05 -468.41
v -156.41 0.05 -466.40
v -159.01 0.05 -463.36
v -149.84 0.05 -460.81
v -152.44 0.05 -457.77
v -86.82 0.05 -406.93
v -89.42 0.05 -403.89
v -78.65 0.05 -399.96
v -81.25 0.05 -396.92
v -64.08 0.05 -387.57
v -66.68 0.05 -384.53
v -57.01 0.05 -381.54
v -59.63 0.05 -378.52
v -52.45 0.05 -377.53
v -55.09 0.05 -374.53
v -43.42 0.05 -369.60
v -46.06 0.05 -366.60
v -30.40 0.05 -358.17
v -33.04 0.05 -355.17
v -16.88 0.05 -346.30
v -19.52 0.05 -343.30
v 32.91 0.05 -302.60
v 30.27 0.05 -299.60
v 39.54 0.05 -296.74
v 36.92 0.05 -293.72
v 45.06 0.05 -292.00
v 42.44 0.05 -288.98
v 130.37 0.05 -217.75
v 127.75 0.05 -214.73
v 136.93 0.05 -211.98
v 134.31 0.05 -208.96
v 142.85 0.05 -206.97
v 140.25 0.05 -203.93
v 187.59 0.05 -168.68
v 184.99 0.05 -165.64
f 5509 5510 5512
f 5509 5512 5511
f 5513 5514 5516
f 5513 5516 5515
f 5517 5518 5520
f 5517 5520 5519
f 5521 5522 5524
f 5521 5524 5523
f 5525 5526 5528
f 5525 5528 5527
f 5529 5530 5532
f 5529 5532 5531
f 5533 5534 5536
f 5533 5536 5535
f 5537 5538 5540
f 5537 5540 5539
f 5541 5542 5544
f 5541 5544 5543
f 5545 5546 5548
f 5545 5548 5547
o r51692205_service
v -28.23 0.05 -221.07
v -25.59 0.05 -224.07
v -33.90 0.05 -226.05
v -31.28 0.05 -229.07
v -50.94 0.05 -240.86
v -48.32 0.05 -243.88
v -119.09 0.05 -300.29
v -116.47 0.05 -303.31
v -125.12 0.05 -305.51
v -122.48 0.05 -308.51
v -131.70 0.05 -311.33
v -129.06 0.05 -314.33
v -180.79 0.05 -354.34
v -178.15 0.05 -357.34
v -193.82 0.05 -365.77
v -191.18 0.05 -368.77
v -206.30 0.05 -376.71
v -203.66 0.05 -379.71
v -217.49 0.05 -386.58
v -214.85 0.05 -389.58
v -222.44 0.05 -390.88
v -219.88 0.05 -393.96
v -225.33 0.05 -393.08
v -222.91 0.05 -396.26
v -228.63 0.05 -395.58
v -226.21 0.05 -398.78
v -230.44 0.05 -396.94
v -227.84 0.05 -399.98
v -261.23 0.05 -423.44
v -258.59 0.05 -426.44
v -267.57 0.05 -429.69
v -263.91 0.05 -431.31
v -271.51 0.05 -446.26
v -267.57 0.05 -446.90
v -273.09 0.05 -463.46
v -269.09 0.05 -463.60
v -272.57 0.05 -477.47
v -268.57 0.05 -477.27
v -272.10 0.05 -482.06
v -268.36 0.05 -480.64
v -269.66 0.05 -485.13
v -266.58 0.05 -482.59
v -263.47 0.05 -492.68
v -260.37 0.05 -490.14
f 5555 5556 5558
f 5555 5558 5557
f 5559 5560 5562
f 5559 5562 5561
f 5563 5564 5566
f 5563 5566 5565
f 5567 5568 5570
f 5567 5570 5569
f 5571 5572 5574
f 5571 5574 5573
f 5575 5576 5578
f 5575 5578 5577
f 5579 5580 5582
f 5579 5582 5581
f 5583 5584 5586
f 5583 5586 5585
f 5587 5588 5590
f 5587 5590 5589
f 5591 5592 5594
f 5591 5594 5593
o r51817326_secondary
v 348.48 0.05 348.21
v 355.34 0.05 344.11
v 344.44 0.05 341.45
v 351.28 0.05 337.31
v 285.75 0.05 244.61
v 292.59 0.05 240.47
v 281.00 0.05 236.66
v 287.86 0.05 232.56
f 5599 5600 5602
f 5599 5602 5601
o r52563651_service
v 261.52 0.05 103.69
v 258.12 0.05 105.81
v 262.82 0.05 105.77
v 259.42 0.05 107.89
v 275.47 0.05 125.98
v 272.07 0.05 128.10
o r52563652_service
v 290.01 0.05 87.61
v 287.87 0.05 84.23
v 265.90 0.05 102.86
v 263.76 0.05 99.48
v 263.67 0.05 104.26
v 261.55 0.05 100.86
o r52563654_steps
v 300.29 0.05 233.85
v 301.09 0.05 235.11
v 331.93 0.05 213.78
v 332.73 0.05 215.04
o r62412687_unclassified
v 283.16 0.05 232.46
v 285.70 0.05 236.76
v 289.09 0.05 228.96
v 291.65 0.05 233.26
v 319.10 0.05 210.99
v 321.68 0.05 215.27
v 321.41 0.05 209.55
v 324.05 0.05 213.81
f 5623 5624 5626
f 5623 5626 5625
o r62412693_footway
v 246.06 0.05 261.09
v 246.84 0.05 262.37
v 275.71 0.05 243.00
v 276.49 0.05 244.28
v 277.08 0.05 242.16
v 277.86 0.05 243.44
o r62412695_unclassified
v 218.27 0.05 -25.81
v 215.67 0.05 -30.07
v 189.23 0.05 -8.04
v 186.61 0.05 -12.30
v 171.16 0.05 3.10
v 168.54 0.05 -1.16
o r68665993_service
v 191.65 0.05 -165.45
v 188.69 0.05 -168.15
v 190.14 0.05 -163.79
v 187.18 0.05 -166.49
o r68665994_footway
v 260.10 0.05 92.04
v 259.36 0.05 90.74
v 255.25 0.05 94.79
v 254.51 0.05 93.49
o r68665998_secondary
v 98.30 0.05 -15.63
v 103.58 0.05 -21.65
v 56.09 0.05 -52.62
v 61.43 0.05 -58.58
v 30.97 0.05 -75.81
v 36.71 0.05 -81.39
v 26.22 0.05 -83.49
v 33.06 0.05 -87.65
v 21.43 0.05 -91.29
v 28.31 0.05 -95.37
v 16.86 0.05 -99.32
v 23.82 0.05 -103.26
v 2.10 0.05 -125.35
v 8.96 0.05 -129.45
v -3.04 0.05 -132.76
v 3.08 0.05 -137.90
v -7.28 0.05 -136.50
v -1.94 0.05 -142.46
f 5651 5652 5654
f 5651 5654 5653
f 5655 5656 5658
f 5655 5658 5657
f 5659 5660 5662
f 5659 5662 5661
o r68665999_secondary
v 114.83 0.05 -1.05
v 120.13 0.05 -7.05
v 98.29 0.05 -15.64
v 103.59 0.05 -21.64
o r68666000_footway
v 152.77 0.05 41.12
v 152.15 0.05 39.76
v 143.39 0.05 45.19
v 142.13 0.05 44.39
v 146.95 0.05 50.52
v 145.51 0.05 50.10
v 140.28 0.05 54.47
v 140.02 0.05 52.99
v 138.08 0.05 52.07
v 139.32 0.05 51.21
f 5673 5674 5676
f 5673 5676 5675
o r68666001_footway
v 140.35 0.05 46.56
v 140.69 0.05 48.02
v 170.96 0.05 39.47
v 171.30 0.05 40.93
o r98243676_primary
v 398.66 0.05 -307.66
v 391.26 0.05 -314.38
v 394.35 0.05 -302.91
v 386.91 0.05 -309.59
v 388.39 0.05 -296.21
v 380.93 0.05 -302.87
v 374.43 0.05 -280.54
v 366.91 0.05 -287.14
v 362.59 0.05 -266.79
v 354.89 0.05 -273.17
v 346.37 0.05 -246.75
v 338.59 0.05 -253.05
f 5687 5688 5690
f 5687 5690 5689
f 5691 5692 5694
f 5691 5694 5693
o r102086061_footway
v 354.59 0.05 183.04
v 353.45 0.05 182.06
v 352.89 0.05 184.94
v 352.09 0.05 183.68
v 326.57 0.05 201.03
v 325.69 0.05 199.81
v 326.29 0.05 203.38
v 324.91 0.05 203.98
v 332.97 0.05 214.01
v 331.69 0.05 214.81
f 5699 5700 5702
f 5699 5702 5701
o r105493444_secondary
v 286.43 0.05 57.95
v 293.23 0.05 53.73
v 267.41 0.05 27.24
v 274.23 0.05 23.06
v 258.84 0.05 12.82
v 265.72 0.05 8.74
v 234.87 0.05 -27.52
v 241.75 0.05 -31.60
v 229.87 0.05 -35.89
v 236.73 0.05 -39.99
f 5709 5710 5712
f 5709 5712 5711
o r105821359_residential
v -187.13 0.05 -426.69
v -191.81 0.05 -430.45
v -194.45 0.05 -417.59
v -198.97 0.05 -421.55
v -218.95 0.05 -390.39
v -223.37 0.05 -394.45
v -240.54 0.05 -367.30
v -244.92 0.05 -371.40
f 5719 5720 5722
f 5719 5722 5721
o r130308594_primary
v 339.51 0.05 -253.92
v 345.45 0.05 -245.88
v 359.47 0.05 -268.66
v 365.19 0.05 -260.46
v 396.08 0.05 -293.47
v 401.70 0.05 -285.19
v 402.66 0.05 -297.93
v 408.74 0.05 -289.99
v 406.17 0.05 -301.18
v 412.93 0.05 -293.82
f 5727 5728 5730
f 5727 5730 5729
o r130308598_primary
v 345.97 0.05 -246.32
v 338.99 0.05 -253.48
v 342.17 0.05 -242.64
v 334.65 0.05 -249.24
v 334.00 0.05 -232.65
v 326.26 0.05 -238.97
o r130308599_primary
v 306.84 0.05 -201.15
v 299.26 0.05 -207.67
v 302.59 0.05 -196.21
v 295.09 0.05 -202.83
v 277.89 0.05 -168.35
v 270.41 0.05 -174.99
v 273.72 0.05 -163.71
v 266.26 0.05 -170.35
v 268.39 0.05 -157.69
v 260.91 0.05 -164.31
f 5743 5744 5746
f 5743 5746 5745
o r143014891_tertiary
v -93.94 0.05 -345.73
v -88.74 0.05 -341.05
v -87.78 0.05 -352.56
v -82.58 0.05 -347.88
v -60.93 0.05 -382.36
v -55.71 0.05 -377.70
v -36.29 0.05 -410.22
v -31.05 0.05 -405.58
v -29.29 0.05 -418.16
v -24.03 0.05 -413.54
f 5753 5754 5756
f 5753 5756 5755
o r163419184_secondary
v -354.21 0.05 -576.72
v -359.43 0.05 -570.66
v -347.80 0.05 -571.21
v -353.04 0.05 -565.17
v -326.62 0.05 -552.81
v -331.86 0.05 -546.77
v -291.56 0.05 -522.41
v -296.80 0.05 -516.37
v -285.86 0.05 -517.41
v -291.10 0.05 -511.37
v -277.86 0.05 -510.52
v -283.10 0.05 -504.48
v -259.30 0.05 -494.43
v -264.54 0.05 -488.39
v -228.63 0.05 -467.83
v -233.87 0.05 -461.79
v -214.61 0.05 -455.67
v -219.85 0.05 -449.63
v -193.22 0.05 -437.15
v -198.46 0.05 -431.11
v -186.85 0.05 -431.59
v -192.09 0.05 -425.55
v -182.26 0.05 -427.65
v -187.50 0.05 -421.61
v -118.10 0.05 -371.91
v -123.34 0.05 -365.87
v -109.48 0.05 -364.43
v -114.72 0.05 -358.39
v -94.74 0.05 -351.66
v -99.98 0.05 -345.62
v -88.71 0.05 -346.40
v -93.97 0.05 -340.38
f 5763 5764 5766
f 5763 5766 5765
f 5767 5768 5770
f 5767 5770 5769
f 5771 5772 5774
f 5771 5774 5773
f 5775 5776 5778
f 5775 5778 5777
f 5779 5780 5782
f 5779 5782 5781
f 5783 5784 5786
f 5783 5786 5785
f 5787 5788 5790
f 5787 5790 5789
o r169765119_footway
v -333.01 0.05 -256.08
v -331.83 0.05 -255.16
v -332.37 0.05 -256.90
v -331.19 0.05 -255.96
v -320.18 0.05 -272.28
v -319.00 0.05 -271.34
o r169765121_steps
v -336.82 0.05 -174.61
v -335.82 0.05 -175.73
v -346.49 0.05 -183.20
v -345.49 0.05 -184.32
v -347.50 0.05 -184.09
v -346.50 0.05 -185.21
v -356.58 0.05 -192.14
v -355.52 0.05 -193.20
v -357.75 0.05 -194.21
v -356.43 0.05 -194.93
v -358.84 0.05 -196.27
v -357.80 0.05 -197.35
v -365.47 0.05 -201.49
v -364.55 0.05 -202.67
v -371.02 0.05 -205.87
v -370.10 0.05 -207.05
f 5801 5802 5804
f 5801 5804 5803
f 5805 5806 5808
f 5805 5808 5807
f 5809 5810 5812
f 5809 5812 5811
o r173339758_service
v 357.96 0.05 -113.99
v 354.54 0.05 -111.93
v 362.32 0.05 -106.77
v 358.90 0.05 -104.71
v 377.53 0.05 -81.56
v 374.13 0.05 -79.46
v 421.57 0.05 -10.89
v 418.17 0.05 -8.77
v 424.97 0.05 -5.42
v 421.57 0.05 -3.32
v 430.02 0.05 2.79
v 426.62 0.05 4.89
v 436.52 0.05 13.38
v 433.12 0.05 15.48
v 445.60 0.05 28.14
v 442.20 0.05 30.24
v 455.37 0.05 44.02
v 451.97 0.05 46.12
v 489.58 0.05 99.57
v 486.18 0.05 101.67
v 493.91 0.05 106.68
v 490.49 0.05 108.76
f 5817 5818 5820
f 5817 5820 5819
f 5821 5822 5824
f 5821 5824 5823
f 5825 5826 5828
f 5825 5828 5827
f 5829 5830 5832
f 5829 5832 5831
o r173339777_service
v 331.03 0.05 -55.89
v 333.09 0.05 -52.47
v 338.54 0.05 -60.41
v 340.60 0.05 -56.99
v 341.56 0.05 -62.21
v 343.62 0.05 -58.79
v 374.80 0.05 -82.22
v 376.86 0.05 -78.80
f 5839 5840 5842
f 5839 5842 5841
o r173342547_service
v 407.35 0.05 159.82
v 410.77 0.05 157.74
v 402.82 0.05 152.41
v 406.22 0.05 150.31
v 358.84 0.05 81.19
v 362.24 0.05 79.09
o r192005425_tertiary
v 101.87 0.05 -175.71
v 107.21 0.05 -171.17
v 107.94 0.05 -182.85
v 113.30 0.05 -178.35
v 132.95 0.05 -212.73
v 138.29 0.05 -208.21
v 146.50 0.05 -228.44
v 151.80 0.05 -223.86
v 155.85 0.05 -239.29
v 161.15 0.05 -234.73
f 5853 5854 5856
f 5853 5856 5855
o r192005426_tertiary
v 72.00 0.05 -328.67
v 66.70 0.05 -333.23
v 65.61 0.05 -321.24
v 60.33 0.05 -325.84
v 40.86 0.05 -292.93
v 35.60 0.05 -297.53
v 38.21 0.05 -289.93
v 32.97 0.05 -294.57
f 5863 5864 5866
f 5863 5866 5865
o r206858889_service
v 261.23 0.05 9.08
v 263.33 0.05 12.48
v 267.28 0.05 5.36
v 269.38 0.05 8.76
v 301.41 0.05 -15.68
v 303.51 0.05 -12.28
o r206858890_service
v 269.80 0.05 23.43
v 271.84 0.05 26.87
v 276.13 0.05 19.66
v 278.19 0.05 23.10
v 310.54 0.05 -0.94
v 312.60 0.05 2.50
o r206877618_service
v 413.84 0.05 143.15
v 410.54 0.05 145.43
v 414.97 0.05 144.80
v 411.63 0.05 147.00
v 419.73 0.05 152.15
v 416.37 0.05 154.33
o r206877624_secondary
v 198.70 0.05 -86.68
v 204.00 0.05 -92.66
v 191.76 0.05 -92.82
v 197.06 0.05 -98.82
v 170.61 0.05 -111.46
v 175.85 0.05 -117.52
v 109.47 0.05 -163.96
v 114.69 0.05 -170.04
v 101.94 0.05 -170.40
v 107.14 0.05 -176.48
f 5889 5890 5892
f 5889 5892 5891
o r206880346_service
v -15.02 0.05 -235.90
v -17.66 0.05 -232.90
v -8.61 0.05 -230.28
v -11.25 0.05 -227.28
v -6.26 0.05 -228.21
v -8.90 0.05 -225.21
o r206880348_tertiary
v 38.48 0.05 -104.47
v 43.14 0.05 -99.25
v 41.39 0.05 -107.07
v 46.11 0.05 -101.91
v 44.54 0.05 -110.00
v 49.76 0.05 -105.34
v 69.24 0.05 -138.26
v 74.48 0.05 -133.62
v 93.22 0.05 -164.88
v 98.42 0.05 -160.20
f 5905 5906 5908
f 5905 5908 5907
o r206883229_secondary
v 327.46 0.05 -232.83
v 332.80 0.05 -238.79
v 319.18 0.05 -240.24
v 324.50 0.05 -246.20
v 273.96 0.05 -280.59
v 279.24 0.05 -286.59
v 238.21 0.05 -311.59
v 243.45 0.05 -317.63
v 230.25 0.05 -318.46
v 235.47 0.05 -324.52
f 5915 5916 5918
f 5915 5918 5917
o r223594084_service
v 7.86 0.05 -456.43
v 5.22 0.05 -453.43
v 13.48 0.05 -451.51
v 10.82 0.05 -448.51
v 89.19 0.05 -384.28
v 86.53 0.05 -381.28
v 97.63 0.05 -376.79
v 94.97 0.05 -373.79
v 104.52 0.05 -370.67
v 101.86 0.05 -367.67
f 5925 5926 5928
f 5925 5928 5927
o r223594085_service
v 104.50 0.05 -370.68
v 101.88 0.05 -367.66
v 109.22 0.05 -366.59
v 106.60 0.05 -363.57
v 195.51 0.05 -291.93
v 192.89 0.05 -288.91
v 201.87 0.05 -286.38
v 199.25 0.05 -283.36
f 5935 5936 5938
f 5935 5938 5937
o r223594086_service
v 201.87 0.05 -286.38
v 199.25 0.05 -283.36
v 208.54 0.05 -280.63
v 205.92 0.05 -277.61
v 293.46 0.05 -206.86
v 290.84 0.05 -203.84
v 300.15 0.05 -201.03
v 297.53 0.05 -198.01
f 5943 5944 5946
f 5943 5946 5945
o r223594114_service
v 425.60 0.05 -345.86
v 428.24 0.05 -348.86
v 419.55 0.05 -351.17
v 422.17 0.05 -354.19
v 411.81 0.05 -357.89
v 414.43 0.05 -360.91
v 405.57 0.05 -363.33
v 408.21 0.05 -366.35
v 398.48 0.05 -369.54
v 401.10 0.05 -372.56
v 335.02 0.05 -424.88
v 337.64 0.05 -427.90
v 328.81 0.05 -430.27
v 331.43 0.05 -433.29
v 322.09 0.05 -436.13
v 324.71 0.05 -439.15
v 287.44 0.05 -466.17
v 290.06 0.05 -469.19
v 276.00 0.05 -476.08
v 278.62 0.05 -479.10
v 265.39 0.05 -485.26
v 268.01 0.05 -488.28
v 237.02 0.05 -509.87
v 239.64 0.05 -512.89
v 231.21 0.05 -514.83
v 233.81 0.05 -517.87
f 5951 5952 5954
f 5951 5954 5953
f 5955 5956 5958
f 5955 5958 5957
f 5959 5960 5962
f 5959 5962 5961
f 5963 5964 5966
f 5963 5966 5965
f 5967 5968 5970
f 5967 5970 5969
o r232089191_footway
v 402.29 0.05 336.33
v 403.57 0.05 335.55
v 398.05 0.05 329.33
v 399.33 0.05 328.55
v 397.48 0.05 328.38
v 398.76 0.05 327.60
v 396.60 0.05 326.95
v 397.88 0.05 326.17
v 392.59 0.05 320.47
v 393.87 0.05 319.69
v 388.76 0.05 314.29
v 390.04 0.05 313.51
v 388.23 0.05 313.42
v 389.51 0.05 312.64
v 384.25 0.05 306.95
v 385.53 0.05 306.17
f 5977 5978 5980
f 5977 5980 5979
f 5981 5982 5984
f 5981 5984 5983
f 5985 5986 5988
f 5985 5988 5987
o r234436248_footway
v -172.92 0.05 20.19
v -174.42 0.05 20.21
v -173.54 0.05 24.47
v -173.72 0.05 22.99
v -208.74 0.05 25.13
v -207.90 0.05 23.89
v -341.30 0.05 -88.06
v -340.28 0.05 -89.16
v -341.54 0.05 -100.00
v -340.18 0.05 -99.36
v -335.56 0.05 -100.55
v -335.52 0.05 -99.05
v -335.29 0.05 -99.89
v -333.79 0.05 -99.73
v -335.48 0.05 -107.08
v -334.16 0.05 -106.38
v -324.89 0.05 -119.62
v -323.93 0.05 -118.46
v -321.22 0.05 -118.79
v -320.84 0.05 -117.35
v -318.30 0.05 -121.39
v -318.50 0.05 -119.91
v -294.89 0.05 -115.28
v -295.49 0.05 -113.90
v -296.33 0.05 -110.33
v -296.21 0.05 -111.83
v -316.65 0.05 -115.57
v -317.01 0.05 -117.03
v -328.58 0.05 -102.40
v -329.90 0.05 -103.12
v -328.42 0.05 -93.97
v -329.68 0.05 -93.15
v -314.59 0.05 -81.76
v -315.87 0.05 -80.98
v -316.72 0.05 -74.55
v -318.12 0.05 -74.03
v -310.82 0.05 -68.77
v -310.00 0.05 -67.51
v -288.42 0.05 -94.38
v -287.78 0.05 -93.02
v -276.33 0.05 -84.20
v -277.47 0.05 -83.22
v -278.61 0.05 -81.49
v -277.87 0.05 -82.79
v -287.48 0.05 -89.05
v -287.50 0.05 -90.55
v -293.57 0.05 -82.11
v -295.05 0.05 -81.91
v -284.74 0.05 -74.34
v -285.90 0.05 -73.40
v -286.95 0.05 -71.80
v -286.17 0.05 -73.08
v -295.96 0.05 -79.49
v -295.78 0.05 -80.97
v -300.34 0.05 -74.38
v -301.82 0.05 -74.16
v -293.45 0.05 -68.21
v -294.71 0.05 -67.41
v -296.11 0.05 -65.18
v -295.43 0.05 -66.52
v -302.91 0.05 -71.48
v -302.87 0.05 -72.98
v -307.57 0.05 -66.68
v -308.73 0.05 -65.74
v -273.19 0.05 -36.82
v -273.91 0.05 -35.50
v -267.40 0.05 -43.72
v -265.92 0.05 -43.92
v -276.36 0.05 -51.80
v -275.22 0.05 -52.78
v -274.42 0.05 -53.93
v -275.28 0.05 -52.71
v -265.59 0.05 -45.78
v -265.55 0.05 -44.28
v -258.52 0.05 -53.65
v -257.02 0.05 -53.77
v -267.60 0.05 -61.45
v -266.48 0.05 -62.45
v -265.72 0.05 -63.56
v -266.56 0.05 -62.32
v -256.71 0.05 -55.70
v -256.61 0.05 -54.20
v -249.13 0.05 -64.11
v -247.63 0.05 -64.21
v -258.28 0.05 -71.77
v -257.14 0.05 -72.75
v -256.03 0.05 -74.22
v -256.93 0.05 -73.02
v -232.93 0.05 -54.72
v -233.99 0.05 -53.64
v -235.35 0.05 -51.85
v -234.55 0.05 -53.11
v -246.29 0.05 -61.57
v -246.25 0.05 -63.07
v -253.79 0.05 -53.09
v -255.27 0.05 -52.87
v -242.76 0.05 -43.46
v -243.90 0.05 -42.48
v -245.07 0.05 -40.83
v -244.25 0.05 -42.09
v -256.17 0.05 -50.50
v -255.99 0.05 -51.98
v -262.08 0.05 -43.69
v -263.58 0.05 -43.53
v -253.68 0.05 -35.52
v -254.86 0.05 -34.60
v -255.82 0.05 -33.32
v -254.98 0.05 -34.56
v -264.32 0.05 -41.19
v -264.30 0.05 -42.69
v -270.54 0.05 -34.70
v -271.70 0.05 -33.76
v -227.16 0.05 3.00
v -227.92 0.05 4.30
v -221.27 0.05 -4.13
v -219.79 0.05 -4.35
v -230.57 0.05 -11.94
v -229.47 0.05 -12.96
v -228.55 0.05 -14.09
v -229.35 0.05 -12.81
v -219.23 0.05 -6.46
v -219.21 0.05 -4.96
v -212.90 0.05 -13.48
v -211.44 0.05 -13.84
v -224.28 0.05 -23.41
v -223.16 0.05 -24.41
v -222.12 0.05 -26.03
v -222.94 0.05 -24.77
v -210.57 0.05 -16.18
v -210.63 0.05 -14.68
v -203.25 0.05 -24.41
v -201.77 0.05 -24.69
v -214.95 0.05 -34.35
v -213.83 0.05 -35.35
v -212.52 0.05 -36.91
v -213.44 0.05 -35.71
v -185.08 0.05 -13.35
v -186.12 0.05 -12.27
v -187.40 0.05 -10.46
v -186.56 0.05 -11.70
v -200.63 0.05 -22.11
v -200.53 0.05 -23.61
v -209.09 0.05 -12.62
v -210.57 0.05 -12.34
v -195.66 0.05 -0.72
v -196.78 0.05 0.28
v -197.88 0.05 1.77
v -197.02 0.05 0.53
v -211.51 0.05 -9.98
v -211.29 0.05 -11.46
v -218.32 0.05 -2.08
v -219.82 0.05 -2.18
v -211.89 0.05 3.66
v -213.09 0.05 4.56
v -214.05 0.05 5.76
v -213.27 0.05 4.48
v -220.31 0.05 0.03
v -220.33 0.05 -1.47
v -225.05 0.05 4.90
v -226.33 0.05 5.68
v -207.18 0.05 20.12
v -207.60 0.05 21.56
v -173.68 0.05 19.45
v -173.66 0.05 20.95
f 5993 5994 5996
f 5993 5996 5995
f 5997 5998 6000
f 5997 6000 5999
f 6001 6002 6004
f 6001 6004 6003
f 6005 6006 6008
f 6005 6008 6007
f 6009 6010 6012
f 6009 6012 6011
f 6013 6014 6016
f 6013 6016 6015
f 6017 6018 6020
f 6017 6020 6019
f 6021 6022 6024
f 6021 6024 6023
f 6025 6026 6028
f 6025 6028 6027
f 6029 6030 6032
f 6029 6032 6031
f 6033 6034 6036
f 6033 6036 6035
f 6037 6038 6040
f 6037 6040 6039
f 6041 6042 6044
f 6041 6044 6043
f 6045 6046 6048
f 6045 6048 6047
f 6049 6050 6052
f 6049 6052 6051
f 6053 6054 6056
f 6053 6056 6055
f 6057 6058 6060
f 6057 6060 6059
f 6061 6062 6064
f 6061 6064 6063
f 6065 6066 6068
f 6065 6068 6067
f 6069 6070 6072
f 6069 6072 6071
f 6073 6074 6076
f 6073 6076 6075
f 6077 6078 6080
f 6077 6080 6079
f 6081 6082 6084
f 6081 6084 6083
f 6085 6086 6088
f 6085 6088 6087
f 6089 6090 6092
f 6089 6092 6091
f 6093 6094 6096
f 6093 6096 6095
f 6097 6098 6100
f 6097 6100 6099
f 6101 6102 6104
f 6101 6104 6103
f 6105 6106 6108
f 6105 6108 6107
f 6109 6110 6112
f 6109 6112 6111
f 6113 6114 6116
f 6113 6116 6115
f 6117 6118 6120
f 6117 6120 6119
f 6121 6122 6124
f 6121 6124 6123
f 6125 6126 6128
f 6125 6128 6127
f 6129 6130 6132
f 6129 6132 6131
f 6133 6134 6136
f 6133 6136 6135
f 6137 6138 6140
f 6137 6140 6139
f 6141 6142 6144
f 6141 6144 6143
f 6145 6146 6148
f 6145 6148 6147
f 6149 6150 6152
f 6149 6152 6151
o r239625578_footway
v -339.00 0.05 -120.66
v -338.98 0.05 -119.16
v -338.69 0.05 -120.14
v -337.25 0.05 -119.70
v -338.74 0.05 -123.23
v -337.30 0.05 -122.79
v -336.73 0.05 -124.90
v -336.65 0.05 -123.40
v -334.84 0.05 -123.19
v -336.34 0.05 -123.11
v -334.79 0.05 -99.80
v -336.29 0.05 -99.80
v -334.87 0.05 -91.08
v -336.17 0.05 -90.34
v -325.08 0.05 -82.68
v -326.24 0.05 -81.72
v -327.49 0.05 -79.95
v -326.69 0.05 -81.21
v -339.25 0.05 -89.96
v -338.33 0.05 -91.14
v -339.36 0.05 -90.07
v -340.60 0.05 -90.91
v -339.26 0.05 -89.65
v -340.30 0.05 -88.57
v -328.52 0.05 -80.48
v -329.46 0.05 -79.30
v -326.63 0.05 -79.63
v -327.25 0.05 -78.27
f 6157 6158 6160
f 6157 6160 6159
f 6161 6162 6164
f 6161 6164 6163
f 6165 6166 6168
f 6165 6168 6167
f 6169 6170 6172
f 6169 6172 6171
f 6173 6174 6176
f 6173 6176 6175
f 6177 6178 6180
f 6177 6180 6179
o r239625579_steps
v -325.23 0.05 -82.81
v -326.09 0.05 -81.59
v -322.31 0.05 -80.76
v -323.17 0.05 -79.54
o r239631177_service
v 15.60 0.05 89.44
v 16.68 0.05 85.58
v 9.48 0.05 87.71
v 11.06 0.05 84.03
v 3.45 0.05 84.15
v 6.03 0.05 81.09
v -38.50 0.05 47.15
v -35.90 0.05 44.11
v -42.26 0.05 44.91
v -41.10 0.05 41.07
v -46.11 0.05 44.88
v -46.51 0.05 40.90
v -48.85 0.05 45.68
v -49.93 0.05 41.82
v -49.52 0.05 45.68
v -52.06 0.05 42.60
v -52.33 0.05 48.75
v -55.27 0.05 46.03
f 6189 6190 6192
f 6189 6192 6191
f 6193 6194 6196
f 6193 6196 6195
f 6197 6198 6200
f 6197 6200 6199
o r239900325_service
v -271.20 0.05 -143.09
v -268.10 0.05 -140.57
v -265.97 0.05 -149.54
v -262.87 0.05 -147.02
v -260.54 0.05 -156.11
v -257.90 0.05 -153.11
v -256.43 0.05 -157.99
v -253.51 0.05 -155.25
v -234.84 0.05 -183.34
v -231.12 0.05 -181.86
v -243.22 0.05 -187.14
v -240.98 0.05 -190.44
f 6207 6208 6210
f 6207 6210 6209
f 6211 6212 6214
f 6211 6214 6213
o r239939822_tertiary
v 138.05 0.05 -403.55
v 132.79 0.05 -408.15
v 129.80 0.05 -394.11
v 124.54 0.05 -398.73
v 105.81 0.05 -366.85
v 100.57 0.05 -371.49
v 80.06 0.05 -337.72
v 74.82 0.05 -342.36
v 77.40 0.05 -334.76
v 72.18 0.05 -339.42
v 71.97 0.05 -328.63
v 66.73 0.05 -333.27
f 6219 6220 6222
f 6219 6222 6221
f 6223 6224 6226
f 6223 6226 6225
o r240455510_tertiary
v 236.33 0.05 -123.82
v 231.13 0.05 -128.50
v 235.98 0.05 -123.43
v 230.74 0.05 -128.07
v 216.44 0.05 -101.41
v 211.20 0.05 -106.05
v 209.84 0.05 -93.93
v 204.60 0.05 -98.57
v 203.96 0.05 -87.34
v 198.74 0.05 -92.00
f 6231 6232 6234
f 6231 6234 6233
o r240455512_footway
v 379.63 0.05 -302.93
v 378.95 0.05 -301.59
v 385.00 0.05 -300.21
v 384.32 0.05 -298.87
v 390.96 0.05 -297.20
v 390.28 0.05 -295.86
o r240704054_secondary
v 398.29 0.05 -134.27
v 394.09 0.05 -141.07
v 387.81 0.05 -127.79
v 383.61 0.05 -134.59
v 358.34 0.05 -109.55
v 354.16 0.05 -116.37
v 326.09 0.05 -90.01
v 321.95 0.05 -96.85
v 321.64 0.05 -87.35
v 317.54 0.05 -94.21
f 6247 6248 6250
f 6247 6250 6249
o r240704055_secondary
v 314.17 0.05 -82.82
v 309.99 0.05 -89.64
v 304.86 0.05 -77.10
v 300.68 0.05 -83.92
v 282.62 0.05 -63.54
v 278.46 0.05 -70.36
v 274.81 0.05 -58.76
v 270.63 0.05 -65.58
f 6257 6258 6260
f 6257 6260 6259
o r240734859_service
v 184.47 0.05 75.54
v 182.33 0.05 72.16
v 176.86 0.05 80.37
v 174.72 0.05 76.99
v 175.13 0.05 81.43
v 172.99 0.05 78.05
v 154.26 0.05 94.64
v 152.12 0.05 91.26
v 141.28 0.05 102.86
v 139.14 0.05 99.48
f 6265 6266 6268
f 6265 6268 6267
o r240734860_service
v 140.27 0.05 103.17
v 140.15 0.05 99.17
v 136.00 0.05 103.23
v 136.86 0.05 99.33
v 132.55 0.05 100.97
v 135.85 0.05 98.71
v 120.61 0.05 81.83
v 124.01 0.05 79.71
f 6275 6276 6278
f 6275 6278 6277
o r240734861_service
v 127.37 0.05 75.34
v 124.79 0.05 72.28
v 125.35 0.05 77.00
v 122.21 0.05 74.52
v 124.75 0.05 78.50
v 120.91 0.05 77.38
v 124.28 0.05 81.13
v 120.34 0.05 80.41
f 6283 6284 6286
f 6283 6286 6285
o r240734862_service
v 120.61 0.05 81.83
v 124.01 0.05 79.71
v 102.86 0.05 53.34
v 106.30 0.05 51.30
v 101.96 0.05 49.65
v 105.94 0.05 49.99
v 103.46 0.05 46.55
v 106.48 0.05 49.17
v 106.70 0.05 43.65
v 109.36 0.05 46.63
f 6291 6292 6294
f 6291 6294 6293
o r240841284_unclassified
v 357.23 0.05 193.99
v 354.65 0.05 189.71
v 348.20 0.05 199.44
v 345.62 0.05 195.16
v 334.22 0.05 207.89
v 331.64 0.05 203.61
v 331.73 0.05 209.39
v 329.15 0.05 205.11
f 6301 6302 6304
f 6301 6304 6303
o r244468437_service
v 344.06 0.05 240.60
v 341.98 0.05 237.18
v 341.03 0.05 242.43
v 338.97 0.05 239.01
v 330.58 0.05 248.74
v 328.52 0.05 245.32
o r244468439_service
v 327.84 0.05 248.06
v 331.26 0.05 246.00
v 320.28 0.05 235.49
v 323.70 0.05 233.43
o r256890239_footway
v -342.32 0.05 -227.47
v -343.40 0.05 -226.43
v -337.26 0.05 -222.24
v -338.34 0.05 -221.20
o r256890355_primary
v -314.39 0.05 -288.23
v -320.39 0.05 -280.23
v -307.15 0.05 -282.80
v -312.87 0.05 -274.60
v -301.13 0.05 -278.88
v -305.37 0.05 -269.82
v -291.88 0.05 -275.68
v -295.16 0.05 -266.24
v -261.92 0.05 -265.31
v -265.20 0.05 -255.87
f 6323 6324 6326
f 6323 6326 6325
o r256891819_primary
v -272.33 0.05 -364.75
v -265.83 0.05 -372.35
v -297.57 0.05 -386.40
v -290.87 0.05 -393.82
v -310.78 0.05 -399.47
v -303.74 0.05 -406.57
o r264859116_pedestrian
v -372.88 0.05 -140.35
v -369.86 0.05 -137.73
v -360.14 0.05 -155.06
v -356.88 0.05 -152.74
v -360.12 0.05 -158.34
v -357.12 0.05 -155.70
v -357.68 0.05 -157.51
v -353.80 0.05 -156.57
v -357.51 0.05 -169.29
v -353.61 0.05 -170.17
v -360.13 0.05 -168.45
v -357.11 0.05 -171.09
v -360.38 0.05 -172.31
v -356.78 0.05 -174.07
v -363.70 0.05 -176.01
v -359.70 0.05 -176.09
v -360.21 0.05 -180.78
v -357.21 0.05 -178.14
v -355.92 0.05 -184.81
v -355.58 0.05 -180.83
v -348.27 0.05 -182.16
v -349.67 0.05 -178.42
v -342.05 0.05 -179.61
v -344.99 0.05 -176.91
v -343.87 0.05 -175.99
v -347.57 0.05 -177.51
v -343.36 0.05 -176.82
v -346.08 0.05 -173.88
v -342.07 0.05 -175.94
v -343.65 0.05 -172.26
v -340.61 0.05 -175.64
v -340.85 0.05 -171.64
v -339.17 0.05 -175.80
v -338.23 0.05 -171.92
v -338.04 0.05 -176.28
v -336.12 0.05 -172.78
v -337.70 0.05 -176.62
v -334.94 0.05 -173.72
v -335.48 0.05 -178.80
v -332.56 0.05 -176.08
v -331.94 0.05 -181.78
v -332.12 0.05 -177.78
v -327.60 0.05 -178.56
v -330.58 0.05 -175.90
v -325.18 0.05 -175.10
v -327.92 0.05 -172.18
v -310.00 0.05 -161.98
v -313.06 0.05 -159.40
v -313.49 0.05 -156.39
v -313.89 0.05 -160.37
v -335.09 0.05 -156.35
v -335.27 0.05 -160.35
v -337.84 0.05 -155.46
v -339.56 0.05 -159.08
v -340.79 0.05 -153.61
v -343.61 0.05 -156.45
v -342.95 0.05 -150.43
v -346.63 0.05 -151.99
v -343.84 0.05 -146.39
v -347.84 0.05 -146.59
v -343.34 0.05 -142.59
v -347.16 0.05 -141.37
v -341.82 0.05 -139.99
v -344.92 0.05 -137.45
v -338.71 0.05 -137.15
v -341.83 0.05 -134.65
v -337.23 0.05 -134.12
v -340.85 0.05 -132.44
v -335.98 0.05 -129.53
v -339.52 0.05 -131.39
v -340.91 0.05 -125.84
v -343.25 0.05 -129.08
v -345.81 0.05 -122.30
v -349.07 0.05 -124.62
v -345.44 0.05 -119.94
v -349.44 0.05 -119.94
v -346.04 0.05 -105.70
v -348.84 0.05 -108.54
v -362.43 0.05 -106.14
v -358.79 0.05 -107.80
v -362.33 0.05 -135.12
v -358.37 0.05 -135.62
v -365.33 0.05 -137.27
v -364.07 0.05 -141.07
v -371.33 0.05 -137.04
v -371.41 0.05 -141.04
f 6339 6340 6342
f 6339 6342 6341
f 6343 6344 6346
f 6343 6346 6345
f 6347 6348 6350
f 6347 6350 6349
f 6351 6352 6354
f 6351 6354 6353
f 6355 6356 6358
f 6355 6358 6357
f 6359 6360 6362
f 6359 6362 6361
f 6363 6364 6366
f 6363 6366 6365
f 6367 6368 6370
f 6367 6370 6369
f 6371 6372 6374
f 6371 6374 6373
f 6375 6376 6378
f 6375 6378 6377
f 6379 6380 6382
f 6379 6382 6381
f 6383 6384 6386
f 6383 6386 6385
f 6387 6388 6390
f 6387 6390 6389
f 6391 6392 6394
f 6391 6394 6393
f 6395 6396 6398
f 6395 6398 6397
f 6399 6400 6402
f 6399 6402 6401
f 6403 6404 6406
f 6403 6406 6405
f 6407 6408 6410
f 6407 6410 6409
f 6411 6412 6414
f 6411 6414 6413
f 6415 6416 6418
f 6415 6418 6417
o r264859145_footway
v -372.81 0.05 -208.62
v -374.31 0.05 -208.64
v -372.85 0.05 -203.32
v -374.35 0.05 -203.34
v -372.89 0.05 -199.59
v -374.39 0.05 -199.61
v -373.10 0.05 -176.79
v -374.60 0.05 -176.79
v -372.71 0.05 -158.93
v -374.21 0.05 -159.05
v -374.67 0.05 -156.18
v -376.15 0.05 -156.36
v -374.53 0.05 -143.57
v -376.03 0.05 -143.55
f 6425 6426 6428
f 6425 6428 6427
f 6429 6430 6432
f 6429 6432 6431
o r264973852_footway
v -353.97 0.05 -229.13
v -354.97 0.05 -228.01
v -348.51 0.05 -224.09
v -348.57 0.05 -222.59
v -344.73 0.05 -228.62
v -343.63 0.05 -227.60
o r264974075_footway
v 169.96 0.05 145.12
v 169.84 0.05 146.62
v 172.16 0.05 145.59
v 170.90 0.05 146.41
v 171.64 0.05 148.04
v 170.44 0.05 147.16
v 170.12 0.05 149.11
v 169.30 0.05 147.85
v 168.13 0.05 150.34
v 166.85 0.05 149.54
v 167.68 0.05 152.86
v 166.18 0.05 153.00
v 168.53 0.05 154.07
v 167.25 0.05 154.87
f 6445 6446 6448
f 6445 6448 6447
f 6449 6450 6452
f 6449 6452 6451
o r264974077_steps
v 167.48 0.05 153.84
v 168.30 0.05 155.10
v 176.22 0.05 148.06
v 177.04 0.05 149.32
v 182.06 0.05 144.21
v 183.08 0.05 145.31
v 192.07 0.05 133.32
v 193.11 0.05 134.40
v 195.90 0.05 130.89
v 196.70 0.05 132.17
f 6459 6460 6462
f 6459 6462 6461
o r307510988_cycleway
v -62.61 0.05 35.03
v -61.51 0.05 36.05
v -60.96 0.05 33.22
v -59.82 0.05 34.20
v -57.74 0.05 29.45
v -56.42 0.05 30.17
v -58.05 0.05 28.52
v -56.65 0.05 27.96
v -59.20 0.05 26.42
v -57.98 0.05 25.56
v -60.93 0.05 24.45
v -59.91 0.05 23.35
v -69.92 0.05 16.50
v -68.94 0.05 15.38
v -71.55 0.05 15.16
v -70.59 0.05 14.00
f 6469 6470 6472
f 6469 6472 6471
f 6473 6474 6476
f 6473 6476 6475
f 6477 6478 6480
f 6477 6480 6479
o r331422726_service
v 275.10 0.05 -284.91
v 278.10 0.05 -282.27
v 281.39 0.05 -292.10
v 284.41 0.05 -289.46
v 283.35 0.05 -294.36
v 286.37 0.05 -291.74
o r332471584_steps
v 406.84 0.05 306.00
v 408.12 0.05 305.20
v 405.56 0.05 302.75
v 406.56 0.05 303.87
v 420.10 0.05 293.44
v 420.90 0.05 294.70
v 421.10 0.05 292.81
v 421.90 0.05 294.07
f 6491 6492 6494
f 6491 6494 6493
o r332471585_footway
v 384.25 0.05 306.95
v 385.53 0.05 306.17
v 381.57 0.05 302.50
v 382.85 0.05 301.72
o r332471586_service
v 367.09 0.05 281.55
v 370.49 0.05 279.45
v 341.32 0.05 239.94
v 344.72 0.05 237.84
v 323.54 0.05 211.21
v 326.94 0.05 209.11
o r340164239_service
v 271.02 0.05 -61.12
v 274.42 0.05 -63.22
v 266.48 0.05 -68.49
v 269.88 0.05 -70.59
v 235.82 0.05 -118.05
v 239.22 0.05 -120.15
v 231.66 0.05 -124.69
v 235.06 0.05 -126.81
f 6509 6510 6512
f 6509 6512 6511
o r340164240_secondary
v 274.82 0.05 -58.76
v 270.62 0.05 -65.58
v 269.62 0.05 -55.56
v 265.42 0.05 -62.38
o r350234710_footway
v 197.79 0.05 124.85
v 196.29 0.05 125.01
v 198.06 0.05 127.50
v 196.56 0.05 127.44
v 197.56 0.05 130.49
v 196.06 0.05 130.53
v 197.69 0.05 130.50
v 197.11 0.05 131.88
v 197.70 0.05 130.45
v 198.54 0.05 131.69
v 197.94 0.05 129.98
v 199.20 0.05 130.80
f 6521 6522 6524
f 6521 6524 6523
f 6525 6526 6528
f 6525 6528 6527
o r350234711_footway
v 264.12 0.05 98.57
v 262.84 0.05 99.35
v 265.47 0.05 100.78
v 264.19 0.05 101.56
o r350234713_steps
v 263.43 0.05 98.93
v 262.65 0.05 97.65
v 260.74 0.05 100.56
v 259.96 0.05 99.28
o r354215257_secondary
v 365.28 0.05 186.32
v 372.12 0.05 182.16
v 360.42 0.05 178.33
v 367.24 0.05 174.15
v 316.16 0.05 106.15
v 322.98 0.05 101.97
v 304.65 0.05 87.46
v 311.47 0.05 83.26
f 6541 6542 6544
f 6541 6544 6543
o r356367264_service
v 427.23 0.05 -401.79
v 424.11 0.05 -404.29
v 424.71 0.05 -398.66
v 421.61 0.05 -401.18
v 401.34 0.05 -369.79
v 398.24 0.05 -372.31
o r356367265_service
v 440.73 0.05 -389.84
v 437.63 0.05 -392.38
v 438.31 0.05 -386.88
v 435.21 0.05 -389.42
v 414.66 0.05 -358.13
v 411.58 0.05 -360.67
o r356386128_service
v 318.57 0.05 102.33
v 320.57 0.05 105.79
v 324.80 0.05 98.73
v 326.82 0.05 102.19
v 359.53 0.05 78.41
v 361.55 0.05 81.87
o r357561047_service
v 233.94 0.05 240.65
v 236.02 0.05 244.07
v 257.42 0.05 226.33
v 259.50 0.05 229.75
v 263.68 0.05 222.52
v 265.74 0.05 225.94
v 264.61 0.05 221.99
v 266.69 0.05 225.41
v 273.27 0.05 216.67
v 275.37 0.05 220.07
f 6567 6568 6570
f 6567 6570 6569
o r357561048_service
v 236.57 0.05 217.15
v 238.67 0.05 220.55
v 249.29 0.05 210.33
v 247.67 0.05 213.99
v 260.15 0.05 226.98
v 256.77 0.05 229.10
o r360622753_service
v -381.01 0.05 -404.65
v -383.65 0.05 -401.65
v -375.46 0.05 -399.78
v -378.10 0.05 -396.78
v -354.57 0.05 -381.35
v -357.21 0.05 -378.35
v -339.71 0.05 -368.27
v -342.35 0.05 -365.27
v -290.79 0.05 -325.18
v -293.43 0.05 -322.18
v -287.48 0.05 -322.26
v -290.14 0.05 -319.26
v -285.25 0.05 -320.28
v -287.89 0.05 -317.28
f 6583 6584 6586
f 6583 6586 6585
f 6587 6588 6590
f 6587 6590 6589
o r360771045_service
v -263.90 0.05 -344.58
v -267.40 0.05 -342.66
v -259.71 0.05 -336.97
v -263.19 0.05 -335.01
v -253.27 0.05 -325.77
v -256.73 0.05 -323.77
o r360771046_service
v -284.20 0.05 -321.44
v -286.86 0.05 -318.46
v -278.61 0.05 -316.46
v -281.27 0.05 -313.48
v -271.63 0.05 -308.70
v -270.17 0.05 -304.98
v -256.50 0.05 -326.10
v -253.50 0.05 -323.44
f 6603 6604 6606
f 6603 6606 6605
o r360771047_service
v -289.52 0.05 -286.56
v -292.50 0.05 -289.24
v -297.19 0.05 -278.03
v -300.15 0.05 -280.71
v -301.77 0.05 -273.00
v -304.73 0.05 -275.70
o r360949781_service
v 168.79 0.05 -189.67
v 171.79 0.05 -187.03
v 189.60 0.05 -213.37
v 192.60 0.05 -210.73
v 196.04 0.05 -220.78
v 199.06 0.05 -218.16
o r362999128_service
v -177.97 0.05 -354.52
v -180.97 0.05 -357.16
v -204.35 0.05 -324.40
v -207.59 0.05 -326.74
v -204.90 0.05 -317.53
v -208.86 0.05 -318.03
v -205.65 0.05 -312.11
v -209.61 0.05 -312.67
f 6623 6624 6626
f 6623 6626 6625
o r362999129_service
v -191.01 0.05 -365.94
v -193.99 0.05 -368.60
v -218.18 0.05 -335.41
v -221.06 0.05 -338.19
v -223.93 0.05 -331.99
v -225.95 0.05 -335.45
v -230.50 0.05 -328.14
v -232.52 0.05 -331.58
f 6631 6632 6634
f 6631 6634 6633
o r362999130_service
v -203.50 0.05 -376.87
v -206.46 0.05 -379.55
v -230.90 0.05 -346.65
v -233.86 0.05 -349.33
v -232.70 0.05 -344.65
v -235.44 0.05 -347.55
v -238.30 0.05 -339.65
v -240.96 0.05 -342.63
f 6639 6640 6642
f 6639 6642 6641
o r363244628_service
v 60.23 0.05 -54.24
v 57.29 0.05 -56.96
v 54.73 0.05 -48.29
v 51.79 0.05 -51.01
v 44.25 0.05 -37.05
v 41.33 0.05 -39.77
o r363395821_service
v -342.54 0.05 -368.08
v -339.52 0.05 -365.46
v -316.70 0.05 -397.91
v -313.68 0.05 -395.29
v -310.14 0.05 -405.51
v -307.12 0.05 -402.89
o r363395822_service
v -357.39 0.05 -381.17
v -354.39 0.05 -378.53
v -331.40 0.05 -410.67
v -328.40 0.05 -408.03
v -324.80 0.05 -418.24
v -321.78 0.05 -415.60
o r371267131_primary
v 457.86 0.05 -374.60
v 450.38 0.05 -381.22
v 454.85 0.05 -371.20
v 447.39 0.05 -377.84
v 430.67 0.05 -344.05
v 423.17 0.05 -350.67
v 405.70 0.05 -315.63
v 398.20 0.05 -322.23
v 398.71 0.05 -307.71
v 391.21 0.05 -314.33
f 6665 6666 6668
f 6665 6668 6667
o r371427803_secondary
v -172.25 0.05 -50.51
v -166.99 0.05 -56.53
v -177.77 0.05 -55.33
v -172.49 0.05 -61.33
v -266.68 0.05 -133.58
v -261.38 0.05 -139.58
v -272.52 0.05 -139.05
v -266.78 0.05 -144.61
v -276.79 0.05 -144.00
v -271.01 0.05 -149.52
v -283.30 0.05 -150.36
v -278.00 0.05 -156.34
v -310.63 0.05 -173.98
v -305.37 0.05 -180.02
v -362.88 0.05 -219.67
v -357.62 0.05 -225.69
v -393.80 0.05 -246.60
v -388.54 0.05 -252.64
v -435.25 0.05 -282.64
v -430.23 0.05 -288.86
v -441.69 0.05 -285.32
v -436.83 0.05 -291.68
v -466.25 0.05 -306.32
v -461.11 0.05 -312.44
v -483.86 0.05 -320.74
v -478.90 0.05 -327.00
v -502.85 0.05 -335.32
v -498.03 0.05 -341.72
v -533.24 0.05 -357.90
v -528.44 0.05 -364.30
v -541.33 0.05 -364.18
v -536.43 0.05 -370.50
f 6675 6676 6678
f 6675 6678 6677
f 6679 6680 6682
f 6679 6682 6681
f 6683 6684 6686
f 6683 6686 6685
f 6687 6688 6690
f 6687 6690 6689
f 6691 6692 6694
f 6691 6694 6693
f 6695 6696 6698
f 6695 6698 6697
f 6699 6700 6702
f 6699 6702 6701
o r384119189_pedestrian
v 162.63 0.05 -55.20
v 165.19 0.05 -58.28
v 161.61 0.05 -56.05
v 164.21 0.05 -59.09
v 125.05 0.05 -87.43
v 127.65 0.05 -90.47
v 77.62 0.05 -128.15
v 80.22 0.05 -131.19
f 6707 6708 6710
f 6707 6710 6709
o r384119190_service
v 167.56 0.05 -50.11
v 165.06 0.05 -46.99
v 172.84 0.05 -45.86
v 170.34 0.05 -42.74
v 172.37 0.05 -45.35
v 173.11 0.05 -41.41
v 175.98 0.05 -47.10
v 177.68 0.05 -43.48
f 6715 6716 6718
f 6715 6718 6717
o r384785473_footway
v 134.81 0.05 174.59
v 135.57 0.05 175.89
v 137.96 0.05 172.73
v 138.74 0.05 174.01
v 147.15 0.05 167.19
v 147.95 0.05 168.47
v 149.99 0.05 165.27
v 150.83 0.05 166.51
f 6723 6724 6726
f 6723 6726 6725
o r397007193_service
v -334.22 0.05 -262.83
v -330.34 0.05 -263.81
v -334.83 0.05 -265.28
v -330.95 0.05 -266.22
v -335.39 0.05 -267.64
v -331.45 0.05 -268.34
v -335.59 0.05 -269.55
v -331.59 0.05 -269.75
v -335.58 0.05 -271.72
v -331.60 0.05 -271.36
v -335.10 0.05 -274.63
v -331.26 0.05 -273.51
v -334.10 0.05 -276.80
v -330.52 0.05 -275.02
v -332.82 0.05 -279.27
v -329.50 0.05 -277.03
v -330.83 0.05 -281.64
v -327.77 0.05 -279.06
v -329.92 0.05 -282.61
v -327.66 0.05 -279.31
v -327.89 0.05 -283.72
v -326.11 0.05 -280.14
v -326.14 0.05 -284.46
v -325.20 0.05 -280.56
v -317.80 0.05 -286.19
v -316.98 0.05 -282.27
f 6731 6732 6734
f 6731 6734 6733
f 6735 6736 6738
f 6735 6738 6737
f 6739 6740 6742
f 6739 6742 6741
f 6743 6744 6746
f 6743 6746 6745
f 6747 6748 6750
f 6747 6750 6749
o r397007194_service
v -113.61 0.05 -362.73
v -110.59 0.05 -360.09
v -106.98 0.05 -370.30
v -103.96 0.05 -367.68
v -81.46 0.05 -399.75
v -78.44 0.05 -397.13
o r397007197_service
v -86.63 0.05 -404.08
v -89.61 0.05 -406.74
v -112.49 0.05 -375.08
v -115.47 0.05 -377.74
v -119.23 0.05 -367.56
v -122.21 0.05 -370.22
o r397007201_service
v -66.01 0.05 -273.13
v -68.65 0.05 -270.11
v -50.81 0.05 -259.83
v -53.47 0.05 -256.85
v -48.64 0.05 -257.49
v -51.88 0.05 -255.15
v -47.73 0.05 -255.50
v -51.51 0.05 -254.16
v -46.82 0.05 -252.57
v -50.68 0.05 -251.53
v -46.49 0.05 -250.79
v -50.47 0.05 -250.45
v -46.50 0.05 -248.58
v -50.46 0.05 -249.14
v -47.66 0.05 -242.02
v -51.60 0.05 -242.72
f 6769 6770 6772
f 6769 6772 6771
f 6773 6774 6776
f 6773 6776 6775
f 6777 6778 6780
f 6777 6780 6779
o r397010581_service
v -16.71 0.05 -343.47
v -19.69 0.05 -346.13
v -42.49 0.05 -314.59
v -45.47 0.05 -317.25
v -49.33 0.05 -306.95
v -52.31 0.05 -309.63
o r397010583_service
v -30.22 0.05 -355.35
v -33.22 0.05 -357.99
v -55.94 0.05 -326.18
v -58.94 0.05 -328.82
v -62.72 0.05 -318.56
v -65.70 0.05 -321.22
o r397010585_service
v -56.99 0.05 -357.69
v -54.05 0.05 -354.99
v -46.21 0.05 -369.45
v -43.27 0.05 -366.75
o r399134509_secondary
v 230.23 0.05 -318.47
v 235.49 0.05 -324.51
v 223.77 0.05 -324.09
v 229.01 0.05 -330.15
v 215.22 0.05 -331.45
v 220.44 0.05 -337.51
v 204.67 0.05 -340.58
v 209.91 0.05 -346.62
f 6801 6802 6804
f 6801 6804 6803
o r403552340_service
v -76.36 0.05 -155.07
v -73.78 0.05 -158.13
v -79.91 0.05 -158.08
v -77.35 0.05 -161.14
v -84.19 0.05 -161.62
v -81.63 0.05 -164.70
o r409363107_footway
v 199.61 0.05 -26.22
v 200.89 0.05 -27.02
v 187.30 0.05 -45.99
v 188.58 0.05 -46.79
o r409363108_footway
v 187.30 0.05 -46.00
v 188.58 0.05 -46.78
v 181.48 0.05 -55.40
v 182.76 0.05 -56.18
o r409363109_footway
v 181.66 0.05 -55.20
v 182.58 0.05 -56.38
v 179.41 0.05 -56.96
v 180.33 0.05 -58.14
o r428243129_secondary
v 229.89 0.05 -35.85
v 236.71 0.05 -40.03
v 225.40 0.05 -43.17
v 232.20 0.05 -47.37
v 203.09 0.05 -79.25
v 209.89 0.05 -83.45
v 197.95 0.05 -87.57
v 204.75 0.05 -91.77
f 6827 6828 6830
f 6827 6830 6829
o r428243133_primary
v 302.07 0.05 -112.28
v 293.53 0.05 -107.06
v 311.55 0.05 -96.77
v 303.01 0.05 -91.57
v 316.36 0.05 -88.82
v 307.80 0.05 -83.64
o r428243138_primary
v 245.57 0.05 -184.27
v 238.99 0.05 -176.73
v 252.12 0.05 -178.56
v 245.54 0.05 -171.02
v 259.74 0.05 -171.91
v 253.20 0.05 -164.35
v 260.89 0.05 -170.96
v 254.31 0.05 -163.42
v 267.95 0.05 -164.76
v 261.35 0.05 -157.24
f 6841 6842 6844
f 6841 6844 6843
o r428243144_primary
v 268.42 0.05 -164.29
v 260.88 0.05 -157.71
v 273.50 0.05 -158.47
v 265.92 0.05 -151.93
v 275.28 0.05 -156.25
v 266.76 0.05 -150.99
v 302.07 0.05 -112.27
v 293.53 0.05 -107.07
f 6851 6852 6854
f 6851 6854 6853
o r428243149_primary
v 417.79 0.05 -275.16
v 426.25 0.05 -280.48
v 410.94 0.05 -286.07
v 419.38 0.05 -291.43
v 405.34 0.05 -294.80
v 413.76 0.05 -300.20
o r428243154_secondary
v 269.62 0.05 -55.56
v 265.42 0.05 -62.38
v 241.13 0.05 -38.03
v 236.95 0.05 -44.85
v 235.38 0.05 -34.52
v 231.22 0.05 -41.36
o r428244385_primary
v 384.60 0.05 20.66
v 376.12 0.05 25.96
v 390.54 0.05 30.14
v 382.06 0.05 35.44
v 425.40 0.05 85.86
v 416.92 0.05 91.16
v 448.74 0.05 123.14
v 440.26 0.05 128.44
v 453.78 0.05 131.20
v 445.30 0.05 136.50
f 6871 6872 6874
f 6871 6874 6873
o r428248109_primary
v 445.54 0.05 -326.48
v 450.66 0.05 -317.88
v 451.25 0.05 -329.87
v 456.37 0.05 -321.29
v 455.59 0.05 -332.47
v 460.73 0.05 -323.89
v 480.50 0.05 -347.38
v 485.64 0.05 -338.80
v 489.75 0.05 -352.92
v 494.89 0.05 -344.34
f 6881 6882 6884
f 6881 6884 6883
o r428248110_primary
v 406.87 0.05 -301.72
v 412.23 0.05 -293.28
v 416.20 0.05 -307.66
v 421.60 0.05 -299.24
v 445.40 0.05 -326.39
v 450.80 0.05 -317.97
o r428305116_primary
v 320.95 0.05 -366.16
v 327.53 0.05 -373.70
v 300.63 0.05 -383.89
v 307.19 0.05 -391.43
v 293.44 0.05 -390.12
v 299.98 0.05 -397.68
o r428305118_primary
v 406.15 0.05 -293.83
v 412.95 0.05 -301.17
v 391.56 0.05 -307.35
v 398.36 0.05 -314.69
o r460423529_secondary
v 373.13 0.05 -167.05
v 379.89 0.05 -171.33
v 342.20 0.05 -216.05
v 348.96 0.05 -220.33
v 339.11 0.05 -220.76
v 345.59 0.05 -225.44
v 335.90 0.05 -224.79
v 341.88 0.05 -230.11
v 331.76 0.05 -229.00
v 337.28 0.05 -234.78
v 327.47 0.05 -232.83
v 332.79 0.05 -238.79
f 6907 6908 6910
f 6907 6910 6909
f 6911 6912 6914
f 6911 6914 6913
o r460425664_secondary
v 377.82 0.05 20.22
v 382.90 0.05 26.40
v 384.59 0.05 14.67
v 389.21 0.05 21.21
v 392.45 0.05 9.88
v 396.63 0.05 16.70
v 421.18 0.05 -7.78
v 425.36 0.05 -0.96
v 454.37 0.05 -28.17
v 458.57 0.05 -21.35
v 461.74 0.05 -32.72
v 465.94 0.05 -25.92
f 6919 6920 6922
f 6919 6922 6921
f 6923 6924 6926
f 6923 6926 6925
o r460425665_secondary
v 460.44 0.05 -27.22
v 467.24 0.05 -31.42
v 457.54 0.05 -31.92
v 464.32 0.05 -36.16
v 444.85 0.05 -52.17
v 451.63 0.05 -56.41
v 432.52 0.05 -71.92
v 439.30 0.05 -76.16
v 398.01 0.05 -127.20
v 404.79 0.05 -131.44
v 392.80 0.05 -135.55
v 399.58 0.05 -139.79
f 6931 6932 6934
f 6931 6934 6933
f 6935 6936 6938
f 6935 6938 6937
o r460425669_secondary
v 426.41 0.05 -151.51
v 422.23 0.05 -158.33
v 415.70 0.05 -144.95
v 411.52 0.05 -151.77
v 412.74 0.05 -143.12
v 408.56 0.05 -149.94
v 408.23 0.05 -140.36
v 404.05 0.05 -147.18
v 398.28 0.05 -134.26
v 394.10 0.05 -141.08
f 6943 6944 6946
f 6943 6946 6945
o r462696736_secondary
v 432.48 0.05 296.41
v 439.22 0.05 292.11
v 427.54 0.05 288.68
v 434.26 0.05 284.34
v 421.03 0.05 278.65
v 427.85 0.05 274.45
v 397.23 0.05 239.41
v 404.07 0.05 235.27
v 369.68 0.05 193.59
v 376.54 0.05 189.47
v 365.28 0.05 186.31
v 372.12 0.05 182.17
f 6953 6954 6956
f 6953 6956 6955
f 6957 6958 6960
f 6957 6960 6959
o r465797210_tertiary
v 230.24 0.05 -323.81
v 235.48 0.05 -319.17
v 237.27 0.05 -331.77
v 242.53 0.05 -327.15
v 262.74 0.05 -360.68
v 267.98 0.05 -356.04
v 286.40 0.05 -387.45
v 291.64 0.05 -382.81
v 290.36 0.05 -391.94
v 295.62 0.05 -387.32
v 294.07 0.05 -396.20
v 299.35 0.05 -391.60
f 6965 6966 6968
f 6965 6968 6967
f 6969 6970 6972
f 6969 6972 6971
o r465991370_secondary
v 392.80 0.05 -135.55
v 399.58 0.05 -139.79
v 386.72 0.05 -145.30
v 393.50 0.05 -149.54
v 374.84 0.05 -164.32
v 381.62 0.05 -168.56
o r484849329_primary
v 453.77 0.05 131.19
v 445.31 0.05 136.51
v 458.40 0.05 138.54
v 449.92 0.05 143.84
v 468.90 0.05 155.36
v 460.42 0.05 160.66
v 509.80 0.05 220.70
v 501.32 0.05 226.00
f 6983 6984 6986
f 6983 6986 6985
o r489426841_secondary
v 281.01 0.05 236.69
v 287.85 0.05 232.53
v 278.34 0.05 232.30
v 285.14 0.05 228.08
v 270.93 0.05 220.49
v 277.71 0.05 216.25
v 221.09 0.05 140.41
v 227.89 0.05 136.19
f 6991 6992 6994
f 6991 6994 6993
o r489426842_secondary
v 221.09 0.05 140.41
v 227.89 0.05 136.19
v 213.61 0.05 128.39
v 220.41 0.05 124.17
v 212.64 0.05 126.82
v 219.36 0.05 122.46
v 207.12 0.05 118.39
v 213.86 0.05 114.07
v 198.17 0.05 104.26
v 204.93 0.05 99.98
f 6999 7000 7002
f 6999 7002 7001
o r489426843_secondary
v 198.18 0.05 104.28
v 204.92 0.05 99.96
v 180.03 0.05 76.01
v 186.77 0.05 71.69
v 164.32 0.05 51.53
v 171.06 0.05 47.21
v 159.97 0.05 44.75
v 166.71 0.05 40.43
v 158.21 0.05 42.01
v 164.95 0.05 37.69
v 155.11 0.05 37.15
v 161.63 0.05 32.53
v 147.72 0.05 27.10
v 153.28 0.05 21.36
v 121.29 0.05 4.48
v 126.49 0.05 -1.60
v 114.88 0.05 -1.01
v 120.08 0.05 -7.09
f 7009 7010 7012
f 7009 7012 7011
f 7013 7014 7016
f 7013 7016 7015
f 7017 7018 7020
f 7017 7020 7019
o r489427656_secondary
v -7.28 0.05 -136.50
v -1.94 0.05 -142.46
v -56.52 0.05 -180.75
v -51.20 0.05 -186.73
v -61.37 0.05 -184.54
v -56.45 0.05 -190.84
o r491476371_footway
v 394.08 0.05 196.08
v 394.94 0.05 194.86
v 385.02 0.05 189.63
v 385.88 0.05 188.41
o r491476372_footway
v 384.97 0.05 189.59
v 385.93 0.05 188.45
v 380.31 0.05 185.66
v 381.27 0.05 184.52
o r491476375_footway
v 375.85 0.05 321.04
v 374.59 0.05 321.84
v 376.51 0.05 322.08
v 375.25 0.05 322.88
o r491476376_footway
v 381.69 0.05 295.78
v 380.93 0.05 294.48
v 379.16 0.05 297.27
v 378.40 0.05 295.99
v 376.82 0.05 298.66
v 376.06 0.05 297.38
o r491476378_footway
v 436.74 0.05 260.86
v 435.24 0.05 260.74
v 435.73 0.05 274.24
v 434.23 0.05 274.12
o r491476382_footway
v 427.86 0.05 371.09
v 427.04 0.05 369.85
v 423.76 0.05 373.81
v 422.94 0.05 372.57
o r491477786_footway
v 135.37 0.05 46.70
v 136.09 0.05 48.02
v 137.38 0.05 45.70
v 137.40 0.05 47.20
v 140.71 0.05 46.57
v 140.33 0.05 48.01
o r491477788_footway
v 207.43 0.05 93.81
v 206.71 0.05 92.49
v 205.49 0.05 94.87
v 204.77 0.05 93.55
o r492637579_footway
v 447.66 0.05 295.12
v 446.38 0.05 295.90
v 461.68 0.05 317.92
v 460.44 0.05 318.76
v 465.76 0.05 321.69
v 464.52 0.05 322.53
v 488.82 0.05 358.20
v 487.56 0.05 359.00
v 489.17 0.05 358.87
v 487.69 0.05 359.09
v 489.15 0.05 360.02
v 487.65 0.05 359.98
f 7069 7070 7072
f 7069 7072 7071
f 7073 7074 7076
f 7073 7076 7075
o r495805528_footway
v 103.49 0.05 1.33
v 104.39 0.05 0.13
v 100.22 0.05 -1.41
v 101.72 0.05 -1.53
v 102.91 0.05 -5.02
v 104.07 0.05 -4.06
o r495805529_footway
v 92.80 0.05 -6.66
v 93.00 0.05 -8.14
v 88.02 0.05 -7.38
v 87.68 0.05 -8.84
v 83.22 0.05 -4.49
v 82.46 0.05 -5.77
o r495805530_footway
v 87.93 0.05 -3.03
v 88.31 0.05 -4.49
v 82.47 0.05 -4.48
v 83.21 0.05 -5.78
v 40.41 0.05 -30.25
v 41.01 0.05 -31.63
v 37.05 0.05 -25.79
v 35.55 0.05 -25.87
v 40.71 0.05 -22.15
v 39.61 0.05 -21.13
f 7093 7094 7096
f 7093 7096 7095
o r495805531_footway
v 96.48 0.05 -10.44
v 95.34 0.05 -11.42
v 93.56 0.05 -7.75
v 92.24 0.05 -7.05
v 101.41 0.05 -2.07
v 100.53 0.05 -0.87
o r495805532_steps
v 48.33 0.05 -12.08
v 49.41 0.05 -13.12
v 39.62 0.05 -21.12
v 40.70 0.05 -22.16
o r495805533_footway
v 55.52 0.05 -40.14
v 54.06 0.05 -40.46
v 53.45 0.05 -30.38
v 51.99 0.05 -30.68
v 50.28 0.05 -15.34
v 48.82 0.05 -15.64
o r495805534_footway
v 79.77 0.05 20.35
v 81.07 0.05 21.11
v 82.01 0.05 16.48
v 83.31 0.05 17.24
o r495805535_footway
v 88.00 0.05 8.00
v 89.28 0.05 8.78
v 89.24 0.05 5.94
v 90.52 0.05 6.72
o r495805536_steps
v 89.28 0.05 5.88
v 90.48 0.05 6.78
v 93.51 0.05 0.15
v 94.71 0.05 1.05
o r495805537_footway
v 50.28 0.05 -15.32
v 48.82 0.05 -15.66
v 49.44 0.05 -13.09
v 48.30 0.05 -12.11
v 80.97 0.05 20.22
v 79.87 0.05 21.24
v 84.31 0.05 24.61
v 83.05 0.05 25.43
v 93.32 0.05 39.25
v 91.88 0.05 39.67
v 88.60 0.05 42.90
v 88.60 0.05 41.40
v 86.29 0.05 39.83
v 87.57 0.05 39.05
f 7131 7132 7134
f 7131 7134 7133
f 7135 7136 7138
f 7135 7138 7137
o r495805539_footway
v 56.91 0.05 -43.75
v 55.81 0.05 -44.77
v 56.10 0.05 -42.93
v 54.70 0.05 -43.49
v 55.52 0.05 -40.15
v 54.06 0.05 -40.45
o r495805542_footway
v 105.28 0.05 2.71
v 106.20 0.05 1.51
v 104.34 0.05 1.36
v 103.54 0.05 0.10
v 101.48 0.05 5.64
v 100.24 0.05 4.80
o r495805543_steps
v 94.53 0.05 -0.02
v 93.69 0.05 1.22
v 96.75 0.05 1.48
v 95.91 0.05 2.72
v 101.29 0.05 4.60
v 100.43 0.05 5.84
o r495805544_steps
v 93.67 0.05 1.21
v 94.55 0.05 -0.01
v 87.68 0.05 -3.15
v 88.56 0.05 -4.37
o r495805545_steps
v 82.05 0.05 16.43
v 83.27 0.05 17.29
v 88.03 0.05 7.96
v 89.25 0.05 8.82
o r500805369_service
v 304.34 0.05 -205.94
v 301.76 0.05 -202.88
v 310.14 0.05 -201.05
v 307.56 0.05 -197.99
v 312.13 0.05 -199.35
v 309.53 0.05 -196.31
o r500805370_tertiary
v 267.28 0.05 -158.69
v 262.02 0.05 -163.31
v 258.69 0.05 -148.95
v 253.45 0.05 -153.59
v 236.34 0.05 -123.83
v 231.12 0.05 -128.49
o r500805371_primary
v 333.92 0.05 -232.55
v 326.34 0.05 -239.07
v 326.08 0.05 -223.44
v 318.50 0.05 -229.98
v 306.84 0.05 -201.14
v 299.26 0.05 -207.68
o r519441949_primary
v 288.35 0.05 385.71
v 296.75 0.05 380.29
v 283.06 0.05 377.52
v 291.50 0.05 372.16
v 264.67 0.05 348.44
v 273.13 0.05 343.10
v 259.74 0.05 340.65
v 268.22 0.05 335.35
v 244.72 0.05 316.57
v 253.20 0.05 311.27
v 234.40 0.05 300.03
v 242.92 0.05 294.81
v 222.54 0.05 280.33
v 231.10 0.05 275.17
v 217.04 0.05 271.26
v 225.60 0.05 266.08
f 7189 7190 7192
f 7189 7192 7191
f 7193 7194 7196
f 7193 7196 7195
f 7197 7198 7200
f 7197 7200 7199
o r519441950_pedestrian
v 204.64 0.05 290.58
v 200.84 0.05 291.84
v 211.59 0.05 311.80
v 208.09 0.05 313.72
v 241.36 0.05 357.58
v 237.98 0.05 359.74
v 258.72 0.05 385.67
v 255.46 0.05 387.97
v 263.99 0.05 389.63
v 260.81 0.05 392.05
v 274.37 0.05 406.26
v 270.97 0.05 408.38
f 7205 7206 7208
f 7205 7208 7207
f 7209 7210 7212
f 7209 7212 7211
o r520907981_footway
v 194.96 0.05 296.14
v 193.72 0.05 296.98
v 207.18 0.05 314.34
v 205.92 0.05 315.14
v 218.60 0.05 333.04
v 217.32 0.05 333.82
v 233.59 0.05 358.04
v 232.31 0.05 358.82
v 256.14 0.05 394.54
v 254.86 0.05 395.32
v 259.76 0.05 400.65
v 258.48 0.05 401.41
v 266.11 0.05 411.31
v 264.83 0.05 412.11
v 277.24 0.05 428.71
v 275.98 0.05 429.51
v 297.61 0.05 461.28
v 296.33 0.05 462.08
v 301.39 0.05 467.33
v 300.11 0.05 468.13
v 302.81 0.05 469.67
v 301.53 0.05 470.45
v 305.41 0.05 473.87
v 304.13 0.05 474.65
v 315.57 0.05 490.46
v 314.29 0.05 491.24
v 325.15 0.05 505.99
v 323.87 0.05 506.77
v 352.08 0.05 549.38
v 350.80 0.05 550.18
v 353.14 0.05 551.15
v 351.86 0.05 551.93
v 363.30 0.05 567.81
v 362.02 0.05 568.61
v 393.52 0.05 616.08
v 392.24 0.05 616.88
v 400.53 0.05 627.35
v 399.25 0.05 628.15
v 407.21 0.05 638.00
v 405.93 0.05 638.80
v 413.11 0.05 647.64
v 411.83 0.05 648.42
v 414.56 0.05 649.92
v 413.28 0.05 650.70
v 443.89 0.05 697.58
v 442.63 0.05 698.38
v 445.94 0.05 699.14
v 445.22 0.05 700.46
v 452.51 0.05 702.15
v 451.55 0.05 703.29
v 456.48 0.05 708.03
v 455.24 0.05 708.87
f 7217 7218 7220
f 7217 7220 7219
f 7221 7222 7224
f 7221 7224 7223
f 7225 7226 7228
f 7225 7228 7227
f 7229 7230 7232
f 7229 7232 7231
f 7233 7234 7236
f 7233 7236 7235
f 7237 7238 7240
f 7237 7240 7239
f 7241 7242 7244
f 7241 7244 7243
f 7245 7246 7248
f 7245 7248 7247
f 7249 7250 7252
f 7249 7252 7251
f 7253 7254 7256
f 7253 7256 7255
f 7257 7258 7260
f 7257 7260 7259
f 7261 7262 7264
f 7261 7264 7263
o r520907983_footway
v -269.94 0.05 -130.16
v -268.76 0.05 -129.24
v -268.65 0.05 -131.84
v -267.47 0.05 -130.92
v -264.62 0.05 -137.04
v -263.44 0.05 -136.12
v -261.37 0.05 -141.29
v -260.17 0.05 -140.37
f 7269 7270 7272
f 7269 7272 7271
o r520907984_footway
v -367.69 0.05 -215.29
v -366.53 0.05 -214.35
v -366.23 0.05 -217.10
v -365.09 0.05 -216.12
v -360.81 0.05 -223.18
v -359.69 0.05 -222.18
v -358.93 0.05 -225.17
v -357.83 0.05 -224.15
f 7277 7278 7280
f 7277 7280 7279
o r520908021_footway
v -166.95 0.05 -62.35
v -165.95 0.05 -63.47
v -167.65 0.05 -62.99
v -166.69 0.05 -64.13
v -169.67 0.05 -64.65
v -168.69 0.05 -65.79
v -259.16 0.05 -142.80
v -258.18 0.05 -143.92
v -261.67 0.05 -145.00
v -260.67 0.05 -146.12
f 7285 7286 7288
f 7285 7288 7287
o r520908023_footway
v -253.81 0.05 -150.21
v -253.01 0.05 -148.93
v -251.25 0.05 -151.44
v -251.81 0.05 -150.04
v -246.95 0.05 -147.77
v -247.69 0.05 -146.47
v -247.16 0.05 -148.46
v -246.02 0.05 -147.48
f 7295 7296 7298
f 7295 7298 7297
o r520908025_footway
v -268.81 0.05 -129.18
v -269.89 0.05 -130.22
v -271.61 0.05 -126.24
v -272.69 0.05 -127.28
o r520908477_footway
v -347.44 0.05 -120.69
v -347.44 0.05 -119.19
v -338.99 0.05 -120.66
v -338.99 0.05 -119.16
o r520908478_footway
v -347.69 0.05 -119.23
v -347.19 0.05 -120.65
v -349.79 0.05 -119.99
v -348.97 0.05 -121.25
v -351.89 0.05 -122.01
v -350.61 0.05 -122.79
v -353.53 0.05 -126.26
v -352.03 0.05 -126.34
v -353.39 0.05 -147.48
v -351.89 0.05 -147.40
v -351.92 0.05 -153.04
v -350.70 0.05 -152.18
v -341.61 0.05 -164.48
v -340.49 0.05 -163.48
v -333.81 0.05 -173.11
v -332.69 0.05 -172.11
v -329.65 0.05 -177.73
v -328.53 0.05 -176.73
f 7311 7312 7314
f 7311 7314 7313
f 7315 7316 7318
f 7315 7318 7317
f 7319 7320 7322
f 7319 7322 7321
o r532243336_tertiary
v 535.35 0.05 85.28
v 531.67 0.05 79.32
v 526.27 0.05 90.87
v 522.61 0.05 84.91
v 494.03 0.05 110.70
v 490.37 0.05 104.74
v 462.27 0.05 130.18
v 458.61 0.05 124.22
v 458.08 0.05 132.72
v 454.44 0.05 126.74
v 451.37 0.05 136.83
v 447.71 0.05 130.87
f 7329 7330 7332
f 7329 7332 7331
f 7333 7334 7336
f 7333 7336 7335
o r534545516_secondary
v 481.34 0.05 375.66
v 488.16 0.05 371.46
v 476.14 0.05 367.21
v 482.96 0.05 363.01
v 436.13 0.05 302.27
v 442.93 0.05 298.07
v 432.45 0.05 296.37
v 439.25 0.05 292.15
f 7341 7342 7344
f 7341 7344 7343
o r537696882_secondary
v -186.07 0.05 -238.29
v -188.57 0.05 -230.69
v -178.73 0.05 -235.88
v -181.33 0.05 -228.32
v -171.76 0.05 -233.37
v -174.42 0.05 -225.83
v -120.03 0.05 -215.18
v -122.69 0.05 -207.64
f 7349 7350 7352
f 7349 7352 7351
o r537696883_secondary
v -229.27 0.05 -252.27
v -227.33 0.05 -244.51
v -221.64 0.05 -253.85
v -222.84 0.05 -245.95
v -212.28 0.05 -249.84
v -215.54 0.05 -242.54
o r543426333_secondary
v 479.98 0.05 -184.47
v 475.76 0.05 -191.27
v 476.09 0.05 -182.05
v 471.87 0.05 -188.85
v 467.77 0.05 -176.91
v 463.59 0.05 -183.73
v 450.92 0.05 -166.58
v 446.74 0.05 -173.40
f 7363 7364 7366
f 7363 7366 7365
o r543950129_tertiary
v 410.93 0.05 161.74
v 407.19 0.05 155.82
v 378.30 0.05 182.33
v 374.56 0.05 176.41
v 370.57 0.05 187.20
v 366.83 0.05 181.28
o r549073887_footway
v 236.09 0.05 180.53
v 235.29 0.05 179.27
v 220.20 0.05 190.69
v 219.40 0.05 189.43
v 218.58 0.05 191.72
v 217.78 0.05 190.46
v 215.86 0.05 193.44
v 215.06 0.05 192.18
f 7377 7378 7380
f 7377 7380 7379
o r549073888_footway
v 220.75 0.05 156.80
v 219.95 0.05 155.54
v 215.85 0.05 159.91
v 215.03 0.05 158.65
v 214.92 0.05 160.47
v 213.64 0.05 159.69
v 208.82 0.05 171.10
v 207.34 0.05 171.38
v 220.44 0.05 189.66
v 219.16 0.05 190.46
f 7385 7386 7388
f 7385 7388 7387
o r549073890_footway
v 217.54 0.05 191.49
v 218.82 0.05 190.69
v 216.36 0.05 189.61
v 217.64 0.05 188.81
o r549073891_steps
v 236.32 0.05 179.49
v 235.06 0.05 180.31
v 237.91 0.05 182.62
v 236.59 0.05 181.92
v 233.15 0.05 185.75
v 232.81 0.05 184.29
v 231.38 0.05 183.90
v 232.64 0.05 183.10
f 7399 7400 7402
f 7399 7402 7401
o r550552257_footway
v 364.11 0.05 195.86
v 364.87 0.05 197.16
v 372.73 0.05 190.88
v 373.49 0.05 192.18
v 378.06 0.05 187.79
v 378.82 0.05 189.09
o r550552258_footway
v 381.24 0.05 188.26
v 380.74 0.05 186.84
v 378.69 0.05 189.15
v 378.19 0.05 187.73
o r550552259_footway
v 362.33 0.05 196.88
v 363.07 0.05 198.18
v 364.12 0.05 195.86
v 364.86 0.05 197.16
o r550552260_footway
v 362.61 0.05 198.28
v 362.79 0.05 196.78
v 361.09 0.05 198.09
v 360.99 0.05 196.59
v 359.78 0.05 198.39
v 359.04 0.05 197.07
v 351.04 0.05 203.77
v 350.26 0.05 202.49
v 337.12 0.05 212.35
v 336.34 0.05 211.07
v 332.72 0.05 215.05
v 331.94 0.05 213.77
f 7421 7422 7424
f 7421 7424 7423
f 7425 7426 7428
f 7425 7428 7427
o r550552261_footway
v 420.82 0.05 292.37
v 421.64 0.05 293.63
v 423.17 0.05 290.84
v 423.99 0.05 292.10
o r550552262_footway
v 423.16 0.05 290.85
v 424.00 0.05 292.09
v 430.48 0.05 285.89
v 431.32 0.05 287.13
v 436.26 0.05 281.96
v 437.10 0.05 283.20
o r550552263_footway
v 446.39 0.05 146.98
v 445.11 0.05 147.76
v 505.08 0.05 241.71
v 503.80 0.05 242.49
o r550552264_footway
v 504.82 0.05 242.74
v 504.06 0.05 241.46
v 440.02 0.05 281.43
v 439.26 0.05 280.15
v 439.62 0.05 281.68
v 438.84 0.05 280.40
o r550552265_footway
v 438.59 0.05 281.43
v 439.87 0.05 280.65
v 434.34 0.05 274.58
v 435.62 0.05 273.78
v 380.35 0.05 187.94
v 381.63 0.05 187.16
v 380.04 0.05 185.15
v 381.54 0.05 185.03
f 7453 7454 7456
f 7453 7456 7455
o r550552266_footway
v 380.40 0.05 184.45
v 381.18 0.05 185.73
v 412.08 0.05 165.07
v 412.86 0.05 166.35
v 443.32 0.05 145.93
v 444.04 0.05 147.25
v 446.01 0.05 146.67
v 445.49 0.05 148.07
f 7461 7462 7464
f 7461 7464 7463
o r550552267_footway
v 410.97 0.05 278.00
v 410.15 0.05 276.74
v 410.27 0.05 278.46
v 409.45 0.05 277.20
o r550552268_footway
v 518.47 0.05 452.38
v 519.97 0.05 452.38
v 518.57 0.05 450.07
v 519.85 0.05 449.29
v 478.53 0.05 386.53
v 479.79 0.05 385.73
v 477.72 0.05 385.29
v 478.98 0.05 384.47
v 469.71 0.05 372.83
v 470.97 0.05 372.01
v 461.98 0.05 361.03
v 463.14 0.05 360.09
v 459.17 0.05 359.73
v 460.29 0.05 358.75
v 454.53 0.05 352.53
v 455.79 0.05 351.73
v 436.56 0.05 324.24
v 437.84 0.05 323.48
v 436.35 0.05 321.77
v 437.85 0.05 321.63
v 435.98 0.05 318.43
v 437.32 0.05 317.77
v 428.94 0.05 306.65
v 430.22 0.05 305.87
v 420.87 0.05 293.84
v 422.13 0.05 293.04
v 420.60 0.05 293.40
v 421.86 0.05 292.60
v 414.89 0.05 284.35
v 416.11 0.05 283.47
v 413.21 0.05 283.06
v 414.41 0.05 282.16
v 409.92 0.05 277.76
v 411.20 0.05 276.98
v 402.16 0.05 264.94
v 403.48 0.05 264.24
v 402.13 0.05 263.00
v 403.41 0.05 262.22
v 362.06 0.05 197.92
v 363.34 0.05 197.14
f 7473 7474 7476
f 7473 7476 7475
f 7477 7478 7480
f 7477 7480 7479
f 7481 7482 7484
f 7481 7484 7483
f 7485 7486 7488
f 7485 7488 7487
f 7489 7490 7492
f 7489 7492 7491
f 7493 7494 7496
f 7493 7496 7495
f 7497 7498 7500
f 7497 7500 7499
f 7501 7502 7504
f 7501 7504 7503
f 7505 7506 7508
f 7505 7508 7507
o r550552270_footway
v 512.56 0.05 257.16
v 511.80 0.05 255.86
v 481.68 0.05 275.22
v 480.92 0.05 273.92
v 448.20 0.05 295.14
v 447.42 0.05 293.86
v 447.61 0.05 295.97
v 446.43 0.05 295.05
f 7513 7514 7516
f 7513 7516 7515
o r550552838_footway
v 440.93 0.05 284.10
v 442.19 0.05 283.28
v 439.01 0.05 281.20
v 440.27 0.05 280.38
o r550552839_footway
v 445.93 0.05 293.15
v 447.25 0.05 292.43
v 443.81 0.05 289.31
v 445.13 0.05 288.59
v 440.90 0.05 284.05
v 442.22 0.05 283.33
o r550552840_footway
v 447.20 0.05 294.94
v 448.42 0.05 294.06
v 445.98 0.05 293.23
v 447.20 0.05 292.35
o r550552841_footway
v 444.90 0.05 295.99
v 445.72 0.05 297.25
v 446.61 0.05 294.88
v 447.43 0.05 296.14
o r550552842_footway
v 431.35 0.05 304.27
v 432.13 0.05 305.55
v 439.14 0.05 299.53
v 439.92 0.05 300.81
v 444.92 0.05 295.98
v 445.70 0.05 297.26
o r550552843_footway
v 429.18 0.05 305.62
v 429.98 0.05 306.90
v 431.34 0.05 304.27
v 432.14 0.05 305.55
o r550609980_footway
v 368.23 0.05 172.49
v 369.03 0.05 173.75
v 369.96 0.05 171.40
v 370.76 0.05 172.66
o r550609982_footway
v 354.85 0.05 181.20
v 355.67 0.05 182.46
v 363.42 0.05 175.61
v 364.24 0.05 176.87
v 368.22 0.05 172.49
v 369.04 0.05 173.75
o r550609985_footway
v 353.64 0.05 181.90
v 354.40 0.05 183.20
v 354.88 0.05 181.18
v 355.64 0.05 182.48
o r550609986_footway
v 371.43 0.05 173.47
v 372.69 0.05 172.65
v 370.74 0.05 172.41
v 372.00 0.05 171.59
o r550609988_footway
v 378.92 0.05 184.38
v 380.16 0.05 183.54
v 375.81 0.05 179.79
v 377.05 0.05 178.95
v 371.44 0.05 173.49
v 372.68 0.05 172.63
o r550609991_footway
v 380.29 0.05 185.65
v 381.29 0.05 184.53
v 379.04 0.05 184.52
v 380.04 0.05 183.40
o r550609993_footway
v 312.56 0.05 76.18
v 311.08 0.05 75.92
v 312.26 0.05 77.37
v 310.84 0.05 77.87
v 314.11 0.05 80.23
v 312.83 0.05 81.03
v 326.45 0.05 100.06
v 325.17 0.05 100.86
v 371.00 0.05 171.63
v 369.72 0.05 172.43
f 7577 7578 7580
f 7577 7580 7579
o r550609996_footway
v 361.08 0.05 195.40
v 359.68 0.05 195.96
v 361.74 0.05 197.06
v 360.34 0.05 197.62
o r550609999_footway
v 356.09 0.05 187.40
v 354.81 0.05 188.20
v 358.07 0.05 190.57
v 356.79 0.05 191.37
v 361.02 0.05 195.28
v 359.74 0.05 196.08
o r550610003_footway
v 353.06 0.05 183.82
v 351.92 0.05 184.80
v 356.02 0.05 187.31
v 354.88 0.05 188.29
o r550610005_footway
v 292.08 0.05 87.43
v 292.82 0.05 88.73
v 293.61 0.05 86.62
v 293.77 0.05 88.12
v 295.62 0.05 87.28
v 294.52 0.05 88.30
v 297.76 0.05 90.68
v 296.48 0.05 91.48
v 354.66 0.05 182.15
v 353.38 0.05 182.95
f 7601 7602 7604
f 7601 7604 7603
o r550610011_footway
v 295.79 0.05 239.60
v 295.31 0.05 238.18
v 293.89 0.05 240.25
v 293.41 0.05 238.83
o r550610013_footway
v 296.70 0.05 236.38
v 295.22 0.05 236.14
v 296.29 0.05 238.80
v 294.81 0.05 238.98
v 297.11 0.05 240.01
v 295.83 0.05 240.79
o r550610016_footway
v 323.56 0.05 219.28
v 322.12 0.05 218.90
v 322.96 0.05 220.76
v 322.16 0.05 219.50
v 296.35 0.05 236.90
v 295.57 0.05 235.62
o r550610019_footway
v 282.24 0.05 246.22
v 283.06 0.05 247.48
v 288.75 0.05 241.92
v 289.59 0.05 243.16
v 293.23 0.05 238.92
v 294.07 0.05 240.16
o r550610021_footway
v 337.17 0.05 342.54
v 338.45 0.05 341.76
v 280.06 0.05 248.51
v 281.34 0.05 247.73
v 278.01 0.05 245.20
v 279.29 0.05 244.42
v 276.83 0.05 243.19
v 278.11 0.05 242.41
v 272.05 0.05 235.38
v 273.33 0.05 234.60
v 265.01 0.05 224.10
v 266.29 0.05 223.30
v 204.26 0.05 126.75
v 205.54 0.05 125.95
v 201.97 0.05 122.81
v 203.25 0.05 122.03
v 178.35 0.05 84.42
v 179.63 0.05 83.64
v 175.15 0.05 79.07
v 176.43 0.05 78.29
v 155.44 0.05 46.83
v 156.72 0.05 46.05
f 7633 7634 7636
f 7633 7636 7635
f 7637 7638 7640
f 7637 7640 7639
f 7641 7642 7644
f 7641 7644 7643
f 7645 7646 7648
f 7645 7648 7647
o r550806334_footway
v 138.08 0.05 52.07
v 139.32 0.05 51.21
v 135.11 0.05 47.79
v 136.35 0.05 46.93
o r550806338_footway
v 208.07 0.05 -10.99
v 207.31 0.05 -12.29
v 192.53 0.05 -1.92
v 191.75 0.05 -3.20
v 177.02 0.05 7.65
v 176.24 0.05 6.37
o r550806340_footway
v 247.95 0.05 88.48
v 247.01 0.05 87.32
v 246.51 0.05 89.65
v 245.57 0.05 88.49
o r550806342_footway
v 252.97 0.05 80.19
v 251.69 0.05 79.41
v 251.01 0.05 83.46
v 249.73 0.05 82.68
v 248.12 0.05 88.29
v 246.84 0.05 87.51
o r550806343_footway
v 254.55 0.05 78.56
v 253.47 0.05 77.52
v 252.87 0.05 80.32
v 251.79 0.05 79.28
o r550806345_footway
v 289.05 0.05 81.90
v 288.31 0.05 80.60
v 288.04 0.05 82.47
v 287.30 0.05 81.17
o r550806346_footway
v 265.47 0.05 103.31
v 266.25 0.05 104.59
v 279.48 0.05 94.90
v 280.26 0.05 96.18
o r550806348_footway
v 300.44 0.05 63.57
v 299.98 0.05 62.15
v 295.48 0.05 65.19
v 295.02 0.05 63.77
v 279.32 0.05 70.33
v 278.86 0.05 68.91
o r550806349_footway
v 302.45 0.05 62.32
v 301.65 0.05 61.06
v 300.61 0.05 63.49
v 299.81 0.05 62.23
o r550806351_footway
v 313.94 0.05 69.82
v 312.68 0.05 70.64
v 315.86 0.05 72.81
v 314.60 0.05 73.63
o r550806352_footway
v 308.04 0.05 60.55
v 306.80 0.05 61.39
v 309.71 0.05 63.05
v 308.47 0.05 63.89
o r550806354_footway
v 309.72 0.05 63.06
v 308.46 0.05 63.88
v 311.35 0.05 65.56
v 310.07 0.05 66.36
v 313.95 0.05 69.84
v 312.67 0.05 70.62
o r550806355_footway
v 288.03 0.05 82.48
v 287.31 0.05 81.16
v 286.58 0.05 83.26
v 285.80 0.05 81.98
v 260.05 0.05 99.48
v 259.27 0.05 98.20
o r550806357_footway
v 292.42 0.05 86.64
v 291.16 0.05 87.44
v 293.08 0.05 87.68
v 291.82 0.05 88.48
o r550806358_footway
v 278.77 0.05 67.57
v 277.47 0.05 68.33
v 279.74 0.05 69.24
v 278.44 0.05 70.00
o r550806360_footway
v 279.67 0.05 69.14
v 278.51 0.05 70.10
v 285.17 0.05 75.77
v 284.01 0.05 76.73
v 289.26 0.05 80.78
v 288.10 0.05 81.72
o r550806361_footway
v 311.50 0.05 80.96
v 312.28 0.05 82.24
v 313.08 0.05 79.99
v 313.86 0.05 81.27
o r550806362_footway
v 297.59 0.05 89.90
v 298.39 0.05 91.16
v 307.14 0.05 83.80
v 307.96 0.05 85.06
v 311.48 0.05 80.97
v 312.30 0.05 82.23
o r550806364_footway
v 296.72 0.05 90.45
v 297.52 0.05 91.71
v 297.59 0.05 89.90
v 298.39 0.05 91.16
o r550806365_footway
v 279.49 0.05 94.89
v 280.25 0.05 96.19
v 292.07 0.05 87.43
v 292.83 0.05 88.73
o r550806367_footway
v 308.88 0.05 -74.13
v 307.60 0.05 -73.35
v 365.72 0.05 17.97
v 364.44 0.05 18.75
o r550806370_footway
v 434.21 0.05 131.80
v 435.49 0.05 131.00
v 377.24 0.05 39.91
v 378.52 0.05 39.11
o r550807193_footway
v 148.45 0.05 -16.54
v 149.85 0.05 -16.02
v 148.98 0.05 -17.90
v 150.22 0.05 -17.06
v 150.72 0.05 -19.91
v 151.86 0.05 -18.93
o r550807194_footway
v 162.19 0.05 -1.84
v 163.69 0.05 -1.94
v 162.15 0.05 -2.50
v 163.65 0.05 -2.54
v 162.15 0.05 -3.86
v 163.65 0.05 -3.86
o r550807195_footway
v 170.23 0.05 -7.08
v 169.45 0.05 -8.36
v 164.13 0.05 -3.32
v 163.41 0.05 -4.64
v 163.00 0.05 -3.12
v 162.80 0.05 -4.60
o r550807196_footway
v 193.25 0.05 -73.37
v 193.23 0.05 -71.87
v 194.74 0.05 -73.32
v 194.32 0.05 -71.88
v 196.26 0.05 -72.38
v 195.10 0.05 -71.44
v 198.37 0.05 -69.08
v 197.09 0.05 -68.28
v 216.17 0.05 -40.31
v 214.89 0.05 -39.53
f 7775 7776 7778
f 7775 7778 7777
o r550807197_footway
v 162.69 0.05 -3.14
v 163.11 0.05 -4.58
v 161.55 0.05 -3.54
v 162.53 0.05 -4.68
v 148.88 0.05 -14.77
v 149.90 0.05 -15.87
v 148.42 0.05 -16.10
v 149.88 0.05 -16.46
f 7785 7786 7788
f 7785 7788 7787
o r550807198_footway
v 216.17 0.05 -40.31
v 214.89 0.05 -39.53
v 216.91 0.05 -39.09
v 215.51 0.05 -38.53
v 217.25 0.05 -37.32
v 215.77 0.05 -37.58
v 216.31 0.05 -35.74
v 215.21 0.05 -36.76
v 215.25 0.05 -35.03
v 214.45 0.05 -36.31
v 200.65 0.05 -25.98
v 199.85 0.05 -27.26
v 184.55 0.05 -16.00
v 183.75 0.05 -17.28
v 170.24 0.05 -7.08
v 169.44 0.05 -8.36
f 7793 7794 7796
f 7793 7796 7795
f 7797 7798 7800
f 7797 7800 7799
f 7801 7802 7804
f 7801 7804 7803
o r550807199_footway
v 150.72 0.05 -19.91
v 151.86 0.05 -18.93
v 168.56 0.05 -40.59
v 169.70 0.05 -39.61
v 170.34 0.05 -42.65
v 171.64 0.05 -41.89
v 170.87 0.05 -44.50
v 172.31 0.05 -44.10
v 172.42 0.05 -50.11
v 173.70 0.05 -49.31
v 179.31 0.05 -58.05
v 180.43 0.05 -57.05
v 192.68 0.05 -73.12
v 193.80 0.05 -72.12
f 7809 7810 7812
f 7809 7812 7811
f 7813 7814 7816
f 7813 7816 7815
o r550807200_footway
v 159.44 0.05 17.59
v 160.34 0.05 18.79
v 162.51 0.05 15.28
v 163.41 0.05 16.48
o r550807201_footway
v 174.37 0.05 7.61
v 175.27 0.05 6.41
v 167.81 0.05 2.62
v 168.71 0.05 1.42
v 162.50 0.05 -1.29
v 163.38 0.05 -2.49
o r550807203_footway
v 162.51 0.05 15.28
v 163.41 0.05 16.48
v 168.56 0.05 10.79
v 169.46 0.05 11.99
v 174.37 0.05 6.41
v 175.27 0.05 7.61
o r550807204_footway
v 176.63 0.05 7.76
v 176.63 0.05 6.26
v 174.82 0.05 7.76
v 174.82 0.05 6.26
o r550808885_footway
v 134.75 0.05 -25.71
v 136.17 0.05 -25.25
v 135.36 0.05 -27.63
v 136.78 0.05 -27.17
o r550808886_footway
v 146.17 0.05 -15.95
v 147.11 0.05 -17.11
v 141.67 0.05 -19.59
v 142.61 0.05 -20.77
v 134.99 0.05 -24.89
v 135.93 0.05 -26.07
o r550808887_footway
v 125.93 0.05 -16.20
v 124.95 0.05 -17.34
v 122.93 0.05 -13.59
v 121.95 0.05 -14.73
o r550808888_footway
v 135.96 0.05 -24.92
v 134.96 0.05 -26.04
v 131.75 0.05 -21.20
v 130.77 0.05 -22.34
v 125.93 0.05 -16.20
v 124.95 0.05 -17.34
o r550808889_footway
v 149.07 0.05 -15.53
v 149.23 0.05 -17.03
v 148.33 0.05 -15.61
v 148.47 0.05 -17.11
v 146.57 0.05 -15.78
v 146.71 0.05 -17.28
o r550808891_footway
v 93.37 0.05 -63.86
v 94.35 0.05 -65.00
v 80.17 0.05 -75.09
v 81.15 0.05 -76.23
v 66.33 0.05 -87.08
v 67.31 0.05 -88.20
v 51.97 0.05 -99.81
v 52.97 0.05 -100.93
f 7869 7870 7872
f 7869 7872 7871
o r550808892_footway
v 56.18 0.05 -106.11
v 57.32 0.05 -105.13
v 77.62 0.05 -130.81
v 78.76 0.05 -129.83
v 101.75 0.05 -159.10
v 102.87 0.05 -158.10
v 103.54 0.05 -160.03
v 103.84 0.05 -158.55
v 105.76 0.05 -160.04
v 105.76 0.05 -158.54
f 7877 7878 7880
f 7877 7880 7879
o r550808893_footway
v 135.59 0.05 -26.83
v 136.55 0.05 -27.97
v 134.31 0.05 -27.91
v 135.27 0.05 -29.05
o r550808894_footway
v 186.80 0.05 -83.83
v 185.46 0.05 -84.51
v 186.26 0.05 -82.80
v 185.12 0.05 -83.78
v 163.47 0.05 -57.07
v 162.35 0.05 -58.07
v 136.63 0.05 -26.90
v 135.51 0.05 -27.90
f 7891 7892 7894
f 7891 7894 7893
o r550808895_footway
v 106.26 0.05 -159.85
v 105.26 0.05 -158.73
v 184.40 0.05 -90.75
v 183.40 0.05 -89.63
v 186.87 0.05 -87.95
v 185.61 0.05 -87.15
v 187.43 0.05 -85.81
v 185.93 0.05 -85.85
v 186.84 0.05 -83.93
v 185.42 0.05 -84.41
f 7899 7900 7902
f 7899 7902 7901
o r550931277_path
v -255.30 0.05 -152.35
v -256.32 0.05 -151.25
v -252.92 0.05 -150.13
v -253.90 0.05 -149.01
v -161.23 0.05 -70.13
v -162.21 0.05 -68.99
v -160.61 0.05 -69.62
v -161.55 0.05 -68.46
f 7909 7910 7912
f 7909 7912 7911
o r550931291_footway
v 58.54 0.05 -45.55
v 57.44 0.05 -46.55
v 56.91 0.05 -43.76
v 55.81 0.05 -44.76
o r550931294_footway
v 110.31 0.05 -1.82
v 109.31 0.05 -0.70
v 114.07 0.05 1.50
v 113.07 0.05 2.62
o r550931296_footway
v 93.81 0.05 -16.10
v 92.83 0.05 -14.96
v 108.64 0.05 -3.27
v 107.66 0.05 -2.13
v 110.30 0.05 -1.83
v 109.32 0.05 -0.69
o r550931298_footway
v 120.94 0.05 7.49
v 119.96 0.05 8.63
v 137.32 0.05 21.65
v 136.30 0.05 22.75
v 137.58 0.05 22.85
v 136.54 0.05 23.93
v 146.86 0.05 30.83
v 145.74 0.05 31.83
v 153.08 0.05 40.02
v 151.84 0.05 40.86
v 153.49 0.05 40.69
v 152.21 0.05 41.47
f 7931 7932 7934
f 7931 7934 7933
f 7935 7936 7938
f 7935 7938 7937
o r550931300_footway
v 114.06 0.05 1.49
v 113.08 0.05 2.63
v 120.94 0.05 7.49
v 119.96 0.05 8.63
o r550931302_footway
v -62.35 0.05 -177.31
v -62.99 0.05 -175.95
v -60.90 0.05 -176.59
v -61.88 0.05 -175.45
v -37.28 0.05 -156.08
v -38.26 0.05 -154.94
v -31.50 0.05 -151.13
v -32.46 0.05 -149.99
v -25.99 0.05 -146.49
v -27.21 0.05 -145.63
v -25.20 0.05 -142.30
v -26.26 0.05 -141.24
v -3.18 0.05 -123.29
v -4.16 0.05 -122.17
v -0.40 0.05 -120.61
v -1.54 0.05 -119.63
v 4.41 0.05 -114.43
v 3.13 0.05 -113.65
v 13.65 0.05 -97.83
v 12.33 0.05 -97.11
v 22.39 0.05 -82.10
v 21.07 0.05 -81.38
v 26.66 0.05 -74.32
v 25.42 0.05 -73.48
v 29.87 0.05 -71.09
v 28.85 0.05 -69.99
v 45.79 0.05 -56.65
v 44.79 0.05 -55.53
v 48.82 0.05 -53.97
v 47.88 0.05 -52.81
v 53.71 0.05 -50.25
v 52.81 0.05 -49.05
v 58.48 0.05 -46.62
v 57.50 0.05 -45.48
v 93.81 0.05 -16.10
v 92.83 0.05 -14.96
f 7947 7948 7950
f 7947 7950 7949
f 7951 7952 7954
f 7951 7954 7953
f 7955 7956 7958
f 7955 7958 7957
f 7959 7960 7962
f 7959 7962 7961
f 7963 7964 7966
f 7963 7966 7965
f 7967 7968 7970
f 7967 7970 7969
f 7971 7972 7974
f 7971 7974 7973
f 7975 7976 7978
f 7975 7978 7977
o r550931987_footway
v -73.01 0.05 46.77
v -71.87 0.05 47.75
v -70.52 0.05 43.88
v -69.38 0.05 44.86
o r550931988_path
v -74.24 0.05 20.26
v -73.12 0.05 21.26
v -69.99 0.05 15.45
v -68.87 0.05 16.43
v -67.17 0.05 12.17
v -66.03 0.05 13.15
o r550935943_steps
v 172.09 0.05 39.80
v 172.87 0.05 41.08
v 174.19 0.05 38.54
v 174.97 0.05 39.82
o r550935945_footway
v 172.43 0.05 40.45
v 171.83 0.05 39.07
v 171.43 0.05 40.89
v 170.83 0.05 39.51
o r550935946_footway
v 108.08 0.05 -51.17
v 109.06 0.05 -52.31
v 93.37 0.05 -63.86
v 94.35 0.05 -65.00
o r550935947_footway
v 134.29 0.05 -27.92
v 135.29 0.05 -29.04
v 108.07 0.05 -51.18
v 109.07 0.05 -52.30
o r550935948_steps
v 171.60 0.05 39.55
v 172.18 0.05 40.93
v 173.76 0.05 38.82
v 173.36 0.05 40.26
v 175.08 0.05 41.13
v 173.64 0.05 40.69
v 172.82 0.05 42.14
v 173.18 0.05 40.68
v 171.82 0.05 40.79
v 173.14 0.05 40.09
f 8009 8010 8012
f 8009 8012 8011
o r550935949_footway
v 151.54 0.05 48.49
v 150.86 0.05 47.15
v 146.57 0.05 50.98
v 145.89 0.05 49.64
o r550935950_steps
v 153.55 0.05 47.47
v 152.87 0.05 46.13
v 151.54 0.05 48.49
v 150.86 0.05 47.15
o r550935951_footway
v 155.93 0.05 46.28
v 155.25 0.05 44.94
v 153.55 0.05 47.47
v 152.87 0.05 46.13
o r550935952_footway
v 170.38 0.05 40.23
v 170.74 0.05 41.69
v 171.33 0.05 40.00
v 171.67 0.05 41.46
v 171.95 0.05 39.87
v 172.27 0.05 41.33
o r550935953_footway
v 156.83 0.05 43.29
v 157.17 0.05 44.75
v 163.17 0.05 41.86
v 163.51 0.05 43.32
v 170.39 0.05 40.23
v 170.73 0.05 41.69
o r550935954_footway
v 154.75 0.05 43.76
v 155.07 0.05 45.22
v 156.84 0.05 43.29
v 157.16 0.05 44.75
o r550935955_footway
v 206.63 0.05 98.05
v 207.91 0.05 97.25
v 204.49 0.05 94.61
v 205.77 0.05 93.81
v 185.20 0.05 63.83
v 186.48 0.05 63.03
v 184.49 0.05 62.64
v 185.77 0.05 61.86
f 8047 8048 8050
f 8047 8050 8049
o r550935956_footway
v 51.06 0.05 -99.95
v 52.16 0.05 -98.93
v 51.92 0.05 -100.88
v 53.02 0.05 -99.86
o r550935957_footway
v 44.66 0.05 -93.44
v 45.72 0.05 -92.38
v 47.35 0.05 -96.16
v 48.41 0.05 -95.10
v 50.76 0.05 -99.62
v 51.82 0.05 -98.56
o r550935958_footway
v 41.76 0.05 -90.25
v 42.88 0.05 -89.25
v 44.63 0.05 -93.41
v 45.75 0.05 -92.41
o r550935959_footway
v 24.34 0.05 -82.27
v 23.64 0.05 -83.59
v 22.08 0.05 -81.08
v 21.38 0.05 -82.40
o r550935960_footway
v 33.80 0.05 -86.66
v 33.18 0.05 -88.02
v 29.96 0.05 -84.89
v 29.32 0.05 -86.25
v 24.31 0.05 -82.25
v 23.67 0.05 -83.61
o r550935961_footway
v 35.87 0.05 -86.52
v 35.91 0.05 -88.02
v 33.47 0.05 -86.59
v 33.51 0.05 -88.09
o r550935962_footway
v 184.49 0.05 62.64
v 185.77 0.05 61.86
v 171.47 0.05 40.99
v 172.75 0.05 40.21
v 171.24 0.05 40.61
v 172.54 0.05 39.87
v 169.11 0.05 36.87
v 170.39 0.05 36.09
v 167.07 0.05 33.65
v 168.17 0.05 32.63
v 158.01 0.05 24.71
v 159.01 0.05 23.59
v 140.97 0.05 10.64
v 141.93 0.05 9.48
v 134.77 0.05 5.53
v 135.75 0.05 4.39
v 132.38 0.05 3.14
v 133.44 0.05 2.08
v 93.30 0.05 -35.97
v 94.34 0.05 -37.05
v 81.51 0.05 -46.56
v 82.51 0.05 -47.68
f 8083 8084 8086
f 8083 8086 8085
f 8087 8088 8090
f 8087 8090 8089
f 8091 8092 8094
f 8091 8094 8093
f 8095 8096 8098
f 8095 8098 8097
o r550935963_footway
v 37.48 0.05 -91.72
v 37.62 0.05 -90.22
v 40.12 0.05 -91.93
v 39.74 0.05 -90.47
v 42.77 0.05 -90.35
v 41.87 0.05 -89.15
v 46.23 0.05 -87.32
v 45.09 0.05 -86.34
v 49.54 0.05 -82.58
v 48.26 0.05 -81.80
v 49.97 0.05 -81.05
v 48.95 0.05 -79.95
v 83.82 0.05 -51.14
v 82.80 0.05 -50.04
v 84.41 0.05 -49.12
v 82.95 0.05 -48.78
f 8105 8106 8108
f 8105 8108 8107
f 8109 8110 8112
f 8109 8112 8111
f 8113 8114 8116
f 8113 8116 8115
o r550935964_footway
v 221.42 0.05 121.66
v 222.70 0.05 120.86
v 216.16 0.05 113.19
v 217.44 0.05 112.41
v 215.84 0.05 112.63
v 217.10 0.05 111.83
v 206.64 0.05 98.05
v 207.90 0.05 97.25
f 8121 8122 8124
f 8121 8124 8123
o r550935965_footway
v 321.39 0.05 203.97
v 320.61 0.05 202.69
v 317.02 0.05 206.65
v 316.24 0.05 205.37
v 286.68 0.05 225.28
v 285.90 0.05 224.00
o r550935966_footway
v 287.29 0.05 226.56
v 288.29 0.05 225.44
v 285.65 0.05 225.04
v 286.93 0.05 224.24
v 221.84 0.05 122.30
v 223.12 0.05 121.50
v 221.43 0.05 121.67
v 222.69 0.05 120.85
f 8135 8136 8138
f 8135 8138 8137
o r550935969_footway
v 212.14 0.05 114.00
v 212.92 0.05 115.28
v 215.11 0.05 112.20
v 215.89 0.05 113.48
o r550935970_footway
v 205.65 0.05 118.95
v 206.55 0.05 120.15
v 210.03 0.05 115.63
v 210.95 0.05 116.83
v 212.07 0.05 114.05
v 212.99 0.05 115.23
o r550935971_footway
v 202.13 0.05 121.84
v 203.09 0.05 123.00
v 205.62 0.05 118.97
v 206.58 0.05 120.13
o r550935972_footway
v 273.89 0.05 233.31
v 274.57 0.05 234.65
v 281.40 0.05 229.52
v 282.08 0.05 230.86
v 287.12 0.05 226.60
v 287.80 0.05 227.94
o r550935973_footway
v 272.28 0.05 234.36
v 273.10 0.05 235.62
v 273.82 0.05 233.35
v 274.64 0.05 234.61
o r550935975_footway
v 153.49 0.05 40.69
v 152.21 0.05 41.47
v 155.55 0.05 44.10
v 154.27 0.05 44.88
v 156.23 0.05 45.22
v 154.95 0.05 46.00
v 156.73 0.05 46.06
v 155.43 0.05 46.82
f 8167 8168 8170
f 8167 8170 8169
o r550936588_footway
v 324.31 0.05 284.13
v 323.03 0.05 284.91
v 355.66 0.05 335.28
v 354.38 0.05 336.06
v 356.52 0.05 336.60
v 355.26 0.05 337.42
v 359.32 0.05 340.94
v 358.06 0.05 341.76
v 362.25 0.05 345.53
v 360.99 0.05 346.33
v 363.50 0.05 347.49
v 362.24 0.05 348.29
v 370.05 0.05 357.89
v 368.79 0.05 358.69
v 392.59 0.05 393.59
v 391.31 0.05 394.39
v 403.21 0.05 410.70
v 401.93 0.05 411.50
f 8175 8176 8178
f 8175 8178 8177
f 8179 8180 8182
f 8179 8182 8181
f 8183 8184 8186
f 8183 8186 8185
o r550936590_footway
v 297.11 0.05 240.01
v 295.83 0.05 240.79
v 324.31 0.05 284.13
v 323.03 0.05 284.91
o r550936595_footway
v 317.27 0.05 205.62
v 315.99 0.05 206.40
v 319.72 0.05 209.68
v 318.44 0.05 210.46
o r550936596_footway
v 319.77 0.05 209.77
v 318.39 0.05 210.37
v 321.08 0.05 212.84
v 319.70 0.05 213.42
v 323.53 0.05 218.80
v 322.15 0.05 219.38
o r550936601_footway
v 292.81 0.05 235.79
v 294.03 0.05 234.91
v 289.77 0.05 231.56
v 290.97 0.05 230.66
v 286.86 0.05 227.72
v 288.06 0.05 226.82
o r550936604_footway
v 295.71 0.05 236.97
v 296.21 0.05 235.55
v 293.17 0.05 236.06
v 293.67 0.05 234.64
o r550938518_footway
v 359.03 0.05 349.44
v 359.83 0.05 350.70
v 362.47 0.05 347.26
v 363.27 0.05 348.52
o r550938520_footway
v 352.46 0.05 357.18
v 353.60 0.05 358.16
v 356.07 0.05 352.96
v 357.21 0.05 353.92
v 358.85 0.05 349.59
v 360.01 0.05 350.55
o r550938521_footway
v 349.42 0.05 359.10
v 350.24 0.05 360.36
v 352.62 0.05 357.04
v 353.44 0.05 358.30
o r550938522_footway
v 304.66 0.05 380.57
v 305.96 0.05 379.83
v 302.50 0.05 376.76
v 303.80 0.05 376.02
v 299.85 0.05 372.24
v 301.15 0.05 371.48
o r550938523_footway
v 306.45 0.05 382.25
v 307.45 0.05 381.13
v 304.81 0.05 380.76
v 305.81 0.05 379.64
o r550938527_footway
v 350.46 0.05 359.33
v 349.20 0.05 360.13
v 363.11 0.05 379.15
v 361.85 0.05 379.97
v 384.92 0.05 413.03
v 383.68 0.05 413.87
v 387.52 0.05 415.26
v 386.36 0.05 416.22
v 389.58 0.05 418.67
v 388.30 0.05 419.45
f 8241 8242 8244
f 8241 8244 8243
o r550938528_footway
v 343.04 0.05 356.44
v 341.78 0.05 357.26
v 344.37 0.05 358.50
v 343.11 0.05 359.32
o r550938529_footway
v 339.29 0.05 347.50
v 337.91 0.05 348.10
v 341.57 0.05 352.77
v 340.19 0.05 353.35
v 343.11 0.05 356.57
v 341.71 0.05 357.13
o r550938530_footway
v 336.88 0.05 343.63
v 335.60 0.05 344.43
v 339.24 0.05 347.40
v 337.96 0.05 348.20
o r550938531_footway
v 351.26 0.05 337.06
v 352.04 0.05 338.34
v 354.63 0.05 335.03
v 355.41 0.05 336.31
o r550938532_footway
v 341.72 0.05 341.22
v 342.32 0.05 342.60
v 347.56 0.05 338.69
v 348.16 0.05 340.07
v 351.35 0.05 337.01
v 351.95 0.05 338.39
o r550938533_footway
v 337.77 0.05 341.40
v 337.85 0.05 342.90
v 341.98 0.05 341.16
v 342.06 0.05 342.66
o r550942148_footway
v 293.59 0.05 370.82
v 292.67 0.05 369.64
v 287.74 0.05 375.43
v 286.82 0.05 374.25
v 282.14 0.05 379.80
v 281.22 0.05 378.62
o r550942149_footway
v 276.79 0.05 383.11
v 276.03 0.05 381.83
v 270.84 0.05 386.66
v 270.08 0.05 385.38
v 262.78 0.05 391.48
v 262.02 0.05 390.20
v 255.88 0.05 395.58
v 255.12 0.05 394.28
f 8285 8286 8288
f 8285 8288 8287
o r550944197_footway
v 233.46 0.05 275.31
v 232.80 0.05 273.97
v 227.15 0.05 278.42
v 226.49 0.05 277.08
v 220.62 0.05 281.63
v 219.96 0.05 280.29
o r550944205_cycleway
v 217.35 0.05 282.83
v 216.09 0.05 283.65
v 219.23 0.05 285.77
v 217.97 0.05 286.57
v 224.46 0.05 294.03
v 223.16 0.05 294.79
v 225.07 0.05 295.78
v 223.63 0.05 296.20
v 225.45 0.05 297.45
v 223.95 0.05 297.57
v 225.34 0.05 299.23
v 223.84 0.05 299.19
v 225.37 0.05 301.17
v 223.87 0.05 301.31
v 225.63 0.05 302.41
v 224.21 0.05 302.91
v 226.31 0.05 303.84
v 225.03 0.05 304.62
v 254.65 0.05 349.43
v 253.37 0.05 350.23
v 256.80 0.05 352.74
v 255.54 0.05 353.56
v 258.63 0.05 355.58
v 257.35 0.05 356.38
v 266.48 0.05 368.22
v 265.22 0.05 369.02
v 267.17 0.05 369.11
v 266.13 0.05 370.19
v 268.19 0.05 369.88
v 267.41 0.05 371.16
v 269.53 0.05 370.52
v 268.87 0.05 371.86
v 270.94 0.05 371.22
v 270.20 0.05 372.52
v 272.05 0.05 371.98
v 271.11 0.05 373.14
v 273.11 0.05 372.96
v 272.01 0.05 373.98
v 274.15 0.05 374.24
v 272.89 0.05 375.06
v 276.86 0.05 378.60
v 275.60 0.05 379.42
v 278.57 0.05 381.13
v 277.33 0.05 381.97
f 8299 8300 8302
f 8299 8302 8301
f 8303 8304 8306
f 8303 8306 8305
f 8307 8308 8310
f 8307 8310 8309
f 8311 8312 8314
f 8311 8314 8313
f 8315 8316 8318
f 8315 8318 8317
f 8319 8320 8322
f 8319 8322 8321
f 8323 8324 8326
f 8323 8326 8325
f 8327 8328 8330
f 8327 8330 8329
f 8331 8332 8334
f 8331 8334 8333
f 8335 8336 8338
f 8335 8338 8337
o r550944223_footway
v 193.94 0.05 295.93
v 194.74 0.05 297.19
v 202.35 0.05 290.57
v 203.13 0.05 291.85
v 209.75 0.05 286.35
v 210.49 0.05 287.65
v 215.14 0.05 283.26
v 215.88 0.05 284.56
f 8343 8344 8346
f 8343 8346 8345
o r550945660_cycleway
v 147.49 0.05 201.77
v 148.55 0.05 200.71
v 141.96 0.05 196.20
v 143.16 0.05 195.32
v 130.18 0.05 178.30
v 131.44 0.05 177.48
o r550947955_footway
v 241.06 0.05 -31.98
v 241.76 0.05 -30.66
v 243.45 0.05 -33.26
v 244.15 0.05 -31.94
o r550947956_footway
v 227.47 0.05 -24.27
v 228.21 0.05 -22.97
v 237.94 0.05 -30.21
v 238.68 0.05 -28.91
v 241.04 0.05 -31.97
v 241.78 0.05 -30.67
o r550947957_footway
v 236.31 0.05 -44.70
v 237.57 0.05 -45.50
v 233.81 0.05 -48.64
v 235.07 0.05 -49.44
o r550947958_footway
v 241.02 0.05 -36.50
v 242.32 0.05 -37.24
v 238.39 0.05 -41.07
v 239.69 0.05 -41.81
v 236.29 0.05 -44.73
v 237.59 0.05 -45.47
o r550947959_footway
v 217.54 0.05 -40.25
v 216.78 0.05 -41.53
v 215.91 0.05 -39.28
v 215.15 0.05 -40.56
o r550947960_footway
v 232.70 0.05 -45.94
v 232.18 0.05 -47.34
v 229.06 0.05 -44.57
v 228.54 0.05 -45.97
v 217.42 0.05 -40.19
v 216.90 0.05 -41.59
o r550947961_footway
v 235.02 0.05 -48.56
v 233.86 0.05 -49.52
v 233.02 0.05 -46.16
v 231.86 0.05 -47.12
o r550947962_footway
v 244.09 0.05 -34.02
v 245.01 0.05 -35.20
v 241.21 0.05 -36.28
v 242.13 0.05 -37.46
o r550947963_footway
v 224.44 0.05 -22.43
v 225.28 0.05 -21.19
v 225.16 0.05 -22.92
v 226.00 0.05 -21.68
o r550947964_footway
v 224.75 0.05 -23.07
v 223.63 0.05 -22.07
v 225.42 0.05 -22.31
v 224.30 0.05 -21.31
o r550947965_footway
v 217.41 0.05 -33.20
v 216.17 0.05 -32.36
v 219.78 0.05 -29.70
v 218.54 0.05 -28.86
v 222.72 0.05 -25.36
v 221.48 0.05 -24.52
o r550947966_footway
v 215.47 0.05 -36.09
v 214.23 0.05 -35.25
v 217.41 0.05 -33.20
v 216.17 0.05 -32.36
o r550947967_footway
v 234.10 0.05 -48.37
v 234.78 0.05 -49.71
v 232.43 0.05 -49.34
v 233.69 0.05 -50.14
v 210.13 0.05 -85.91
v 211.43 0.05 -86.65
v 210.43 0.05 -88.88
v 211.81 0.05 -88.28
v 211.92 0.05 -90.68
v 213.06 0.05 -89.72
f 8413 8414 8416
f 8413 8416 8415
o r550947969_footway
v 301.41 0.05 62.08
v 302.69 0.05 61.30
v 276.52 0.05 21.77
v 277.80 0.05 20.99
v 267.69 0.05 7.45
v 268.97 0.05 6.67
v 243.16 0.05 -32.21
v 244.44 0.05 -32.99
f 8423 8424 8426
f 8423 8426 8425
o r550948307_footway
v 201.87 0.05 -101.71
v 203.31 0.05 -102.11
v 201.43 0.05 -103.28
v 202.87 0.05 -103.68
o r550948308_footway
v 210.72 0.05 -90.77
v 211.88 0.05 -91.71
v 206.64 0.05 -95.78
v 207.80 0.05 -96.72
v 202.01 0.05 -101.44
v 203.17 0.05 -102.38
o r550948309_footway
v 188.13 0.05 -87.81
v 187.37 0.05 -89.09
v 186.62 0.05 -86.91
v 185.86 0.05 -88.19
o r550948310_footway
v 200.18 0.05 -101.08
v 199.06 0.05 -102.08
v 194.97 0.05 -95.32
v 193.85 0.05 -96.32
v 188.31 0.05 -87.95
v 187.19 0.05 -88.95
o r550948311_footway
v 193.93 0.05 -74.00
v 192.43 0.05 -73.94
v 193.99 0.05 -72.65
v 192.49 0.05 -72.59
o r550948312_footway
v 187.95 0.05 -83.65
v 186.69 0.05 -82.85
v 191.62 0.05 -77.84
v 190.36 0.05 -77.04
v 193.81 0.05 -74.37
v 192.55 0.05 -73.57
o r550948313_footway
v 208.05 0.05 -85.20
v 208.93 0.05 -84.00
v 210.34 0.05 -86.88
v 211.22 0.05 -85.68
o r550948314_footway
v 198.65 0.05 -70.00
v 199.93 0.05 -69.22
v 205.85 0.05 -81.74
v 207.13 0.05 -80.96
v 207.85 0.05 -84.99
v 209.13 0.05 -84.21
o r550948315_footway
v 200.52 0.05 -103.26
v 199.02 0.05 -103.38
v 200.37 0.05 -101.52
v 198.87 0.05 -101.64
o r550948316_footway
v 186.59 0.05 -84.76
v 185.67 0.05 -83.58
v 187.78 0.05 -83.84
v 186.86 0.05 -82.66
o r550948317_footway
v 212.00 0.05 -89.64
v 212.98 0.05 -90.76
v 210.81 0.05 -90.68
v 211.79 0.05 -91.80
o r550948318_footway
v 197.35 0.05 -69.32
v 198.11 0.05 -68.04
v 198.91 0.05 -70.25
v 199.67 0.05 -68.97
o r550948319_footway
v 202.20 0.05 -102.73
v 202.10 0.05 -104.23
v 199.29 0.05 -102.74
v 200.25 0.05 -103.90
v 117.56 0.05 -173.32
v 118.54 0.05 -174.44
v 116.53 0.05 -175.26
v 117.87 0.05 -175.92
f 8487 8488 8490
f 8487 8490 8489
o r550959107_footway
v 268.59 0.05 -176.06
v 269.61 0.05 -177.16
v 267.46 0.05 -177.09
v 268.48 0.05 -178.19
o r550959108_footway
v 277.88 0.05 -166.98
v 278.92 0.05 -168.06
v 273.63 0.05 -171.13
v 274.67 0.05 -172.21
v 268.58 0.05 -176.07
v 269.62 0.05 -177.15
o r550959109_footway
v 260.09 0.05 -149.29
v 259.09 0.05 -148.17
v 262.12 0.05 -147.50
v 261.12 0.05 -146.38
o r550959110_footway
v 251.02 0.05 -155.83
v 250.14 0.05 -154.61
v 256.51 0.05 -151.88
v 255.63 0.05 -150.66
v 260.03 0.05 -149.34
v 259.15 0.05 -148.12
o r550959111_footway
v 252.97 0.05 -161.17
v 251.83 0.05 -162.15
v 251.60 0.05 -159.56
v 250.46 0.05 -160.54
o r550959112_footway
v 265.16 0.05 -174.13
v 264.08 0.05 -175.17
v 264.27 0.05 -173.19
v 263.17 0.05 -174.21
v 258.15 0.05 -166.68
v 257.05 0.05 -167.70
v 252.95 0.05 -161.15
v 251.85 0.05 -162.17
f 8519 8520 8522
f 8519 8522 8521
o r550959113_footway
v 275.96 0.05 -163.43
v 276.76 0.05 -162.17
v 278.46 0.05 -165.03
v 279.26 0.05 -163.77
o r550959114_footway
v 263.36 0.05 -149.07
v 264.48 0.05 -148.09
v 269.15 0.05 -155.69
v 270.27 0.05 -154.71
v 274.68 0.05 -162.01
v 275.80 0.05 -161.03
v 275.80 0.05 -163.29
v 276.92 0.05 -162.31
f 8531 8532 8534
f 8531 8534 8533
o r550959115_footway
v 266.48 0.05 -175.66
v 265.34 0.05 -176.64
v 265.19 0.05 -174.16
v 264.05 0.05 -175.14
o r550959116_footway
v 279.20 0.05 -165.83
v 280.18 0.05 -166.97
v 277.91 0.05 -166.95
v 278.89 0.05 -168.09
o r550959117_footway
v 262.08 0.05 -147.93
v 263.08 0.05 -146.81
v 263.42 0.05 -149.14
v 264.42 0.05 -148.02
o r550959118_footway
v 249.76 0.05 -156.84
v 248.82 0.05 -155.68
v 251.05 0.05 -155.80
v 250.11 0.05 -154.64
o r550959119_footway
v 265.42 0.05 -175.58
v 266.40 0.05 -176.72
v 181.31 0.05 -248.77
v 182.31 0.05 -249.89
v 181.60 0.05 -251.18
v 183.04 0.05 -250.74
o r550959120_footway
v 317.10 0.05 -101.11
v 318.38 0.05 -101.89
v 278.22 0.05 -164.01
v 279.50 0.05 -164.79
o r550959647_footway
v 306.13 0.05 -76.34
v 304.89 0.05 -75.50
v 307.75 0.05 -73.91
v 306.51 0.05 -73.07
o r550959648_footway
v 301.13 0.05 -84.76
v 299.83 0.05 -84.00
v 303.41 0.05 -80.89
v 302.13 0.05 -80.13
v 306.15 0.05 -76.30
v 304.87 0.05 -75.54
o r550959649_footway
v 325.14 0.05 -85.87
v 325.36 0.05 -84.39
v 327.41 0.05 -86.20
v 327.63 0.05 -84.72
o r550959650_footway
v 309.27 0.05 -75.27
v 310.11 0.05 -74.03
v 316.07 0.05 -79.86
v 316.91 0.05 -78.62
v 323.38 0.05 -84.77
v 324.22 0.05 -83.53
v 324.83 0.05 -85.75
v 325.67 0.05 -84.51
f 8579 8580 8582
f 8579 8582 8581
o r550959651_footway
v 320.78 0.05 -97.08
v 322.04 0.05 -97.90
v 318.92 0.05 -99.93
v 320.18 0.05 -100.75
o r550959652_footway
v 325.95 0.05 -89.04
v 327.21 0.05 -89.86
v 323.39 0.05 -93.02
v 324.65 0.05 -93.84
v 320.78 0.05 -97.08
v 322.04 0.05 -97.90
o r550959653_footway
v 300.83 0.05 -89.69
v 300.03 0.05 -90.95
v 299.19 0.05 -88.65
v 298.39 0.05 -89.91
o r550959654_footway
v 316.61 0.05 -98.56
v 315.87 0.05 -99.86
v 315.20 0.05 -97.76
v 314.46 0.05 -99.06
v 307.65 0.05 -93.52
v 306.91 0.05 -94.82
v 300.80 0.05 -89.67
v 300.06 0.05 -90.97
f 8601 8602 8604
f 8601 8604 8603
o r550959655_footway
v 298.87 0.05 -88.25
v 297.61 0.05 -87.43
v 301.11 0.05 -84.79
v 299.85 0.05 -83.97
o r550959656_footway
v 318.37 0.05 -101.09
v 317.11 0.05 -101.91
v 316.87 0.05 -98.80
v 315.61 0.05 -99.62
o r550959657_footway
v 327.94 0.05 -85.75
v 329.22 0.05 -86.53
v 325.94 0.05 -89.06
v 327.22 0.05 -89.84
o r550959658_footway
v 307.84 0.05 -74.38
v 308.64 0.05 -73.10
v 309.29 0.05 -75.29
v 310.09 0.05 -74.01
o r550959659_footway
v 328.25 0.05 -85.64
v 326.79 0.05 -85.28
v 328.49 0.05 -84.48
v 327.21 0.05 -83.70
v 343.23 0.05 -60.90
v 341.95 0.05 -60.10
v 371.83 0.05 -15.02
v 370.55 0.05 -14.22
v 384.74 0.05 5.69
v 383.46 0.05 6.49
f 8625 8626 8628
f 8625 8628 8627
o r550960242_footway
v 370.91 0.05 34.80
v 369.63 0.05 35.60
v 372.49 0.05 37.34
v 371.21 0.05 38.14
o r550960243_footway
v 366.76 0.05 28.39
v 365.50 0.05 29.21
v 368.27 0.05 30.73
v 367.01 0.05 31.55
v 370.90 0.05 34.79
v 369.64 0.05 35.61
o r550960244_footway
v 367.56 0.05 17.68
v 366.76 0.05 16.42
v 365.48 0.05 18.99
v 364.68 0.05 17.73
o r550960245_footway
v 382.42 0.05 8.09
v 381.62 0.05 6.83
v 381.40 0.05 8.75
v 380.58 0.05 7.49
v 374.22 0.05 13.39
v 373.40 0.05 12.13
v 367.57 0.05 17.68
v 366.75 0.05 16.42
f 8649 8650 8652
f 8649 8652 8651
o r550960246_footway
v 391.99 0.05 10.36
v 393.23 0.05 9.52
v 390.61 0.05 8.30
v 391.85 0.05 7.46
o r550960247_footway
v 396.98 0.05 19.04
v 398.28 0.05 18.30
v 393.89 0.05 13.66
v 395.19 0.05 12.92
v 391.96 0.05 10.31
v 393.26 0.05 9.57
o r550960248_footway
v 392.91 0.05 25.87
v 393.71 0.05 27.15
v 394.68 0.05 24.76
v 395.48 0.05 26.04
o r550960249_footway
v 380.20 0.05 37.22
v 381.20 0.05 38.34
v 385.80 0.05 32.23
v 386.80 0.05 33.35
v 392.02 0.05 26.65
v 393.02 0.05 27.77
v 392.81 0.05 25.95
v 393.81 0.05 27.07
f 8671 8672 8674
f 8671 8674 8673
o r550960250_footway
v 365.01 0.05 25.67
v 363.75 0.05 26.49
v 366.76 0.05 28.39
v 365.50 0.05 29.21
o r550960251_footway
v 384.51 0.05 6.72
v 383.69 0.05 5.46
v 382.43 0.05 8.09
v 381.61 0.05 6.83
o r550960252_footway
v 398.84 0.05 21.94
v 400.10 0.05 21.12
v 397.00 0.05 19.08
v 398.26 0.05 18.26
o r550960253_footway
v 377.49 0.05 38.87
v 378.27 0.05 40.15
v 380.31 0.05 37.14
v 381.09 0.05 38.42
o r550960254_footway
v 395.72 0.05 25.00
v 394.44 0.05 25.80
v 454.74 0.05 119.79
v 453.46 0.05 120.59
o r550960697_footway
v 447.23 0.05 145.19
v 448.09 0.05 146.41
v 453.73 0.05 140.58
v 454.59 0.05 141.80
v 460.13 0.05 136.02
v 461.01 0.05 137.24
v 460.95 0.05 135.43
v 461.83 0.05 136.65
f 8699 8700 8702
f 8699 8702 8701
o r550960698_footway
v 443.96 0.05 144.61
v 442.50 0.05 144.97
v 444.41 0.05 146.41
v 442.95 0.05 146.77
o r550960699_footway
v 436.30 0.05 134.03
v 435.10 0.05 134.91
v 440.31 0.05 139.48
v 439.09 0.05 140.36
v 443.84 0.05 144.35
v 442.62 0.05 145.23
o r550960700_footway
v 437.84 0.05 130.52
v 437.08 0.05 129.22
v 435.23 0.05 132.05
v 434.47 0.05 130.75
o r550960701_footway
v 452.56 0.05 121.99
v 451.80 0.05 120.71
v 451.77 0.05 122.47
v 451.01 0.05 121.17
v 444.88 0.05 126.44
v 444.12 0.05 125.14
v 437.84 0.05 130.52
v 437.08 0.05 129.22
f 8721 8722 8724
f 8721 8724 8723
o r550960704_footway
v 435.07 0.05 132.29
v 433.85 0.05 133.17
v 436.31 0.05 134.03
v 435.09 0.05 134.91
o r550960707_footway
v 445.27 0.05 146.79
v 446.23 0.05 147.95
v 447.18 0.05 145.22
v 448.14 0.05 146.38
o r550963169_footway
v 388.90 0.05 -167.96
v 389.68 0.05 -166.68
v 393.16 0.05 -170.51
v 393.94 0.05 -169.23
o r550963170_footway
v 437.30 0.05 -151.64
v 436.04 0.05 -150.84
v 439.37 0.05 -148.37
v 438.11 0.05 -147.57
o r550963171_footway
v 403.39 0.05 -148.77
v 404.71 0.05 -149.49
v 402.00 0.05 -151.32
v 403.32 0.05 -152.04
o r550963172_footway
v 408.61 0.05 -135.36
v 410.01 0.05 -135.90
v 405.44 0.05 -143.50
v 406.84 0.05 -144.04
v 403.35 0.05 -148.86
v 404.75 0.05 -149.40
o r550963174_footway
v 410.64 0.05 -134.17
v 411.28 0.05 -135.53
v 408.99 0.05 -134.95
v 409.63 0.05 -136.31
o r550963175_footway
v 468.62 0.05 -40.63
v 469.88 0.05 -41.43
v 410.74 0.05 -131.29
v 412.00 0.05 -132.09
v 410.09 0.05 -133.30
v 411.57 0.05 -133.50
v 410.21 0.05 -134.92
v 411.71 0.05 -134.78
f 8759 8760 8762
f 8759 8762 8761
o r550963176_footway
v 422.58 0.05 -163.94
v 423.84 0.05 -164.74
v 420.85 0.05 -166.65
v 422.11 0.05 -167.45
o r550963177_footway
v 328.02 0.05 -224.15
v 327.02 0.05 -223.03
v 329.90 0.05 -222.45
v 328.90 0.05 -221.33
o r550963178_footway
v 316.71 0.05 -230.91
v 315.95 0.05 -229.63
v 322.67 0.05 -227.35
v 321.91 0.05 -226.07
v 327.90 0.05 -224.23
v 327.14 0.05 -222.95
o r550963179_footway
v 316.63 0.05 -236.62
v 315.49 0.05 -237.58
v 314.86 0.05 -234.53
v 313.72 0.05 -235.49
o r550963180_footway
v 328.05 0.05 -248.72
v 326.95 0.05 -249.74
v 322.39 0.05 -242.71
v 321.29 0.05 -243.73
v 316.61 0.05 -236.59
v 315.51 0.05 -237.61
o r550963181_footway
v 332.54 0.05 -249.53
v 333.42 0.05 -250.75
v 331.26 0.05 -250.46
v 332.14 0.05 -251.68
o r550963182_footway
v 344.49 0.05 -240.28
v 345.41 0.05 -241.46
v 337.95 0.05 -245.35
v 338.87 0.05 -246.53
v 332.52 0.05 -249.55
v 333.44 0.05 -250.73
o r550963184_footway
v 344.90 0.05 -234.46
v 345.24 0.05 -233.00
v 347.09 0.05 -234.98
v 347.43 0.05 -233.52
o r550963185_footway
v 332.70 0.05 -222.23
v 333.76 0.05 -221.17
v 338.36 0.05 -227.98
v 339.42 0.05 -226.92
v 344.54 0.05 -234.26
v 345.60 0.05 -233.20
o r550963186_footway
v 315.37 0.05 -232.03
v 314.41 0.05 -230.87
v 316.81 0.05 -230.85
v 315.85 0.05 -229.69
o r550963188_footway
v 346.17 0.05 -239.69
v 346.63 0.05 -241.11
v 344.72 0.05 -240.16
v 345.18 0.05 -241.58
o r550963189_footway
v 331.05 0.05 -220.41
v 332.15 0.05 -219.41
v 332.68 0.05 -222.20
v 333.78 0.05 -221.20
o r550963191_footway
v 327.99 0.05 -249.74
v 328.99 0.05 -250.86
v 282.40 0.05 -290.22
v 283.40 0.05 -291.34
v 247.29 0.05 -321.36
v 248.31 0.05 -322.46
v 246.40 0.05 -324.21
v 247.84 0.05 -324.61
f 8823 8824 8826
f 8823 8826 8825
o r550963192_footway
v 407.89 0.05 -284.72
v 406.63 0.05 -283.92
v 444.23 0.05 -227.56
v 442.97 0.05 -226.76
o r550963337_footway
v 384.28 0.05 -142.44
v 383.50 0.05 -143.72
v 381.74 0.05 -140.92
v 380.96 0.05 -142.20
o r550963338_footway
v 396.05 0.05 -150.63
v 395.19 0.05 -151.87
v 390.54 0.05 -146.80
v 389.68 0.05 -148.04
v 384.32 0.05 -142.46
v 383.46 0.05 -143.70
o r550963340_footway
v 395.70 0.05 -125.73
v 396.64 0.05 -124.55
v 400.93 0.05 -129.91
v 401.87 0.05 -128.73
v 408.84 0.05 -136.22
v 409.78 0.05 -135.04
o r550963341_footway
v 388.76 0.05 -128.29
v 387.50 0.05 -127.47
v 391.21 0.05 -124.49
v 389.95 0.05 -123.67
o r550963342_footway
v 383.86 0.05 -134.96
v 382.66 0.05 -134.08
v 386.31 0.05 -131.63
v 385.11 0.05 -130.75
v 388.74 0.05 -128.32
v 387.52 0.05 -127.44
o r550963344_footway
v 393.22 0.05 -124.06
v 394.06 0.05 -122.82
v 395.75 0.05 -125.76
v 396.59 0.05 -124.52
o r550963345_footway
v 381.46 0.05 -138.43
v 380.22 0.05 -137.57
v 383.88 0.05 -134.95
v 382.64 0.05 -134.09
o r550963346_footway
v 398.61 0.05 -152.20
v 397.83 0.05 -153.48
v 396.01 0.05 -150.61
v 395.23 0.05 -151.89
o r550964474_footway
v 381.24 0.05 -309.28
v 380.14 0.05 -310.30
v 379.79 0.05 -307.72
v 378.69 0.05 -308.74
o r550964475_footway
v 393.97 0.05 -321.49
v 392.93 0.05 -322.57
v 388.53 0.05 -316.27
v 387.49 0.05 -317.35
v 383.94 0.05 -311.87
v 382.90 0.05 -312.95
v 381.21 0.05 -309.25
v 380.17 0.05 -310.33
f 8877 8878 8880
f 8877 8880 8879
o r550964476_footway
v 396.80 0.05 -322.80
v 397.80 0.05 -323.92
v 395.28 0.05 -324.15
v 396.28 0.05 -325.27
o r550964477_footway
v 407.12 0.05 -312.95
v 408.16 0.05 -314.03
v 401.43 0.05 -318.39
v 402.47 0.05 -319.47
v 396.78 0.05 -322.82
v 397.82 0.05 -323.90
o r550964478_footway
v 412.82 0.05 -307.74
v 413.84 0.05 -308.84
v 411.42 0.05 -309.04
v 412.44 0.05 -310.14
o r550964479_footway
v 424.14 0.05 -297.91
v 425.12 0.05 -299.05
v 418.41 0.05 -302.88
v 419.39 0.05 -304.02
v 412.84 0.05 -307.72
v 413.82 0.05 -308.86
o r550964480_footway
v 424.32 0.05 -294.21
v 424.88 0.05 -292.81
v 426.87 0.05 -295.23
v 427.43 0.05 -293.83
o r550964481_footway
v 408.55 0.05 -286.26
v 409.23 0.05 -284.92
v 410.14 0.05 -287.06
v 410.82 0.05 -285.72
v 414.82 0.05 -289.42
v 415.50 0.05 -288.08
v 424.26 0.05 -294.18
v 424.94 0.05 -292.84
f 8909 8910 8912
f 8909 8912 8911
o r550964482_footway
v 395.26 0.05 -322.97
v 394.14 0.05 -323.95
v 394.01 0.05 -321.54
v 392.89 0.05 -322.52
o r550964483_footway
v 408.84 0.05 -311.39
v 409.84 0.05 -312.51
v 407.14 0.05 -312.93
v 408.14 0.05 -314.05
o r550964484_footway
v 426.02 0.05 -296.68
v 426.84 0.05 -297.94
v 424.22 0.05 -297.85
v 425.04 0.05 -299.11
o r550964485_footway
v 406.80 0.05 -284.91
v 407.72 0.05 -283.73
v 408.43 0.05 -286.18
v 409.35 0.05 -285.00
o r550964486_footway
v 378.49 0.05 -303.98
v 377.49 0.05 -302.86
v 379.79 0.05 -302.82
v 378.79 0.05 -301.70
o r550964487_footway
v 403.72 0.05 -286.03
v 402.48 0.05 -285.19
v 404.44 0.05 -284.95
v 403.20 0.05 -284.11
o r550964488_footway
v 397.44 0.05 -291.61
v 396.44 0.05 -290.49
v 399.39 0.05 -289.89
v 398.39 0.05 -288.77
v 403.60 0.05 -286.17
v 402.60 0.05 -285.05
o r550964489_footway
v 391.11 0.05 -297.10
v 390.13 0.05 -295.96
v 397.43 0.05 -291.62
v 396.45 0.05 -290.48
o r550964490_footway
v 360.85 0.05 -454.09
v 360.25 0.05 -452.71
v 362.78 0.05 -453.20
v 361.80 0.05 -452.06
v 407.71 0.05 -414.29
v 406.73 0.05 -413.15
v 423.65 0.05 -400.49
v 422.67 0.05 -399.35
v 437.25 0.05 -388.71
v 436.27 0.05 -387.59
v 445.81 0.05 -381.14
v 444.81 0.05 -380.02
f 8951 8952 8954
f 8951 8954 8953
f 8955 8956 8958
f 8955 8958 8957
o r550966014_footway
v 445.99 0.05 -380.90
v 444.63 0.05 -380.26
v 446.86 0.05 -379.07
v 445.50 0.05 -378.43
o r550966017_footway
v 446.71 0.05 -381.75
v 445.37 0.05 -382.41
v 445.98 0.05 -380.25
v 444.64 0.05 -380.91
o r550966020_footway
v 446.67 0.05 -379.32
v 445.69 0.05 -378.18
v 451.62 0.05 -375.08
v 450.62 0.05 -373.96
v 458.13 0.05 -369.21
v 457.13 0.05 -368.09
o r550966022_footway
v 458.98 0.05 -394.74
v 457.88 0.05 -395.76
v 456.25 0.05 -391.84
v 455.15 0.05 -392.86
v 448.12 0.05 -383.20
v 447.02 0.05 -384.22
v 446.59 0.05 -381.57
v 445.49 0.05 -382.59
f 8977 8978 8980
f 8977 8980 8979
o r560116317_primary
v 169.98 0.05 -250.23
v 163.40 0.05 -242.69
v 176.86 0.05 -244.22
v 170.28 0.05 -236.70
v 200.84 0.05 -223.24
v 194.26 0.05 -215.70
v 245.56 0.05 -184.27
v 239.00 0.05 -176.73
f 8985 8986 8988
f 8985 8988 8987
o r584910546_secondary
v 441.83 0.05 -394.11
v 436.53 0.05 -388.11
v 450.22 0.05 -386.71
v 444.92 0.05 -380.71
v 456.77 0.05 -380.90
v 451.47 0.05 -374.92
o r607121654_tertiary
v -157.24 0.05 -273.43
v -151.94 0.05 -268.87
v -152.76 0.05 -278.65
v -147.44 0.05 -274.09
v -126.43 0.05 -309.31
v -121.17 0.05 -304.71
v -100.73 0.05 -338.11
v -95.51 0.05 -333.45
v -93.95 0.05 -345.72
v -88.73 0.05 -341.06
f 8999 9000 9002
f 8999 9002 9001
o r607121655_secondary
v -157.25 0.05 -268.16
v -151.93 0.05 -274.14
v -164.21 0.05 -274.36
v -158.81 0.05 -280.26
v -186.84 0.05 -295.21
v -181.54 0.05 -301.21
v -195.66 0.05 -302.15
v -190.76 0.05 -308.47
v -198.70 0.05 -304.42
v -194.56 0.05 -311.26
v -202.16 0.05 -306.11
v -199.10 0.05 -313.51
v -208.65 0.05 -308.52
v -206.61 0.05 -316.26
v -211.81 0.05 -308.72
v -211.39 0.05 -316.70
v -215.20 0.05 -308.83
v -215.94 0.05 -316.79
v -217.18 0.05 -308.26
v -219.46 0.05 -315.92
v -221.65 0.05 -306.82
v -224.09 0.05 -314.44
f 9009 9010 9012
f 9009 9012 9011
f 9013 9014 9016
f 9013 9016 9015
f 9017 9018 9020
f 9017 9020 9019
f 9021 9022 9024
f 9021 9024 9023
o r609005087_footway
v 293.72 0.05 -380.32
v 294.66 0.05 -381.48
v 288.54 0.05 -384.55
v 289.50 0.05 -385.71
v 282.58 0.05 -389.44
v 283.54 0.05 -390.60
o r609005096_footway
v 297.73 0.05 -381.81
v 298.85 0.05 -380.81
v 299.65 0.05 -383.99
v 300.77 0.05 -382.99
v 303.35 0.05 -388.16
v 304.47 0.05 -387.16
v 309.57 0.05 -395.19
v 310.69 0.05 -394.19
f 9037 9038 9040
f 9037 9040 9039
o r609005097_footway
v 295.58 0.05 -380.41
v 295.78 0.05 -378.93
v 297.54 0.05 -380.43
v 296.56 0.05 -379.29
v 379.73 0.05 -308.80
v 378.75 0.05 -307.66
o r609005098_footway
v 296.48 0.05 -380.35
v 297.62 0.05 -379.37
v 297.72 0.05 -381.80
v 298.86 0.05 -380.82
o r609005367_footway
v 218.97 0.05 -316.07
v 219.93 0.05 -317.21
v 217.61 0.05 -317.21
v 218.57 0.05 -318.35
o r609005369_footway
v 229.12 0.05 -307.24
v 230.10 0.05 -308.38
v 224.15 0.05 -311.57
v 225.13 0.05 -312.71
v 218.96 0.05 -316.07
v 219.94 0.05 -317.21
o r609005373_footway
v 233.88 0.05 -308.45
v 234.96 0.05 -307.41
v 240.28 0.05 -315.12
v 241.38 0.05 -314.10
v 244.94 0.05 -320.38
v 246.06 0.05 -319.38
o r609005381_footway
v 231.75 0.05 -306.92
v 230.79 0.05 -305.76
v 232.78 0.05 -306.06
v 231.80 0.05 -304.92
v 314.78 0.05 -235.58
v 313.80 0.05 -234.44
v 316.24 0.05 -233.28
v 314.76 0.05 -233.04
v 315.60 0.05 -231.20
v 314.18 0.05 -231.70
f 9071 9072 9074
f 9071 9074 9073
o r609018018_footway
v 246.41 0.05 -324.66
v 247.83 0.05 -324.16
v 247.03 0.05 -326.25
v 248.17 0.05 -325.27
v 293.70 0.05 -379.59
v 294.82 0.05 -378.59
v 295.40 0.05 -380.36
v 295.96 0.05 -378.98
f 9081 9082 9084
f 9081 9084 9083
o r609018019_footway
v 234.00 0.05 -334.49
v 232.88 0.05 -335.49
v 230.97 0.05 -332.20
v 231.93 0.05 -333.34
v 149.38 0.05 -404.78
v 150.38 0.05 -405.90
v 147.50 0.05 -407.61
v 149.00 0.05 -407.73
v 148.83 0.05 -410.69
v 150.19 0.05 -410.05
f 9089 9090 9092
f 9089 9092 9091
o r609018020_footway
v 282.65 0.05 -390.78
v 281.25 0.05 -391.34
v 281.89 0.05 -388.96
v 280.73 0.05 -389.92
v 259.68 0.05 -363.26
v 258.56 0.05 -364.24
v 235.32 0.05 -335.85
v 234.20 0.05 -336.85
v 233.98 0.05 -334.47
v 232.90 0.05 -335.51
f 9099 9100 9102
f 9099 9102 9101
o r609018021_footway
v 217.60 0.05 -317.21
v 218.58 0.05 -318.35
v 136.58 0.05 -387.75
v 137.56 0.05 -388.89
v 133.24 0.05 -390.69
v 134.14 0.05 -391.89
v 132.76 0.05 -390.68
v 133.00 0.05 -392.16
f 9109 9110 9112
f 9109 9112 9111
o r609018022_footway
v 169.03 0.05 -262.72
v 170.15 0.05 -261.74
v 193.64 0.05 -290.91
v 194.76 0.05 -289.93
v 217.53 0.05 -318.27
v 218.65 0.05 -317.29
o r609018023_footway
v 221.26 0.05 -320.27
v 220.12 0.05 -321.25
v 218.66 0.05 -317.29
v 217.52 0.05 -318.27
o r609018024_footway
v 231.30 0.05 -331.47
v 230.18 0.05 -332.47
v 226.95 0.05 -326.62
v 225.83 0.05 -327.62
v 221.25 0.05 -320.26
v 220.13 0.05 -321.26
o r609018025_footway
v 232.01 0.05 -332.27
v 230.89 0.05 -333.27
v 231.30 0.05 -331.47
v 230.18 0.05 -332.47
o r609018026_footway
v 234.13 0.05 -333.34
v 235.15 0.05 -334.44
v 232.93 0.05 -334.44
v 233.95 0.05 -335.54
o r609018027_footway
v 244.56 0.05 -324.56
v 245.52 0.05 -325.70
v 239.42 0.05 -328.89
v 240.38 0.05 -330.03
v 234.16 0.05 -333.32
v 235.12 0.05 -334.46
o r609019470_footway
v 477.61 0.05 -348.54
v 476.49 0.05 -349.52
v 476.34 0.05 -347.12
v 475.54 0.05 -348.40
v 415.26 0.05 -309.68
v 414.50 0.05 -310.96
v 411.72 0.05 -308.87
v 412.14 0.05 -310.31
v 408.83 0.05 -311.40
v 409.85 0.05 -312.50
f 9147 9148 9150
f 9147 9150 9149
o r609019471_footway
v 408.62 0.05 -312.16
v 410.06 0.05 -311.74
v 409.33 0.05 -314.54
v 410.73 0.05 -314.00
v 410.54 0.05 -317.00
v 411.68 0.05 -316.02
v 455.73 0.05 -368.31
v 456.85 0.05 -367.31
v 457.23 0.05 -369.29
v 458.03 0.05 -368.01
f 9157 9158 9160
f 9157 9160 9159
o r609019472_footway
v 394.21 0.05 -322.89
v 395.19 0.05 -324.03
v 311.59 0.05 -394.84
v 312.59 0.05 -395.94
v 311.58 0.05 -398.48
v 313.08 0.05 -398.36
o r609020874_footway
v 36.82 0.05 -108.09
v 37.74 0.05 -109.27
v 35.60 0.05 -109.05
v 36.52 0.05 -110.23
o r609020875_footway
v 50.85 0.05 -98.48
v 51.73 0.05 -99.70
v 43.33 0.05 -103.87
v 44.17 0.05 -105.11
v 36.87 0.05 -108.05
v 37.69 0.05 -109.31
o r609020877_footway
v 24.48 0.05 -104.12
v 25.84 0.05 -103.50
v 25.24 0.05 -105.79
v 26.60 0.05 -105.17
o r609020878_footway
v 14.18 0.05 -99.00
v 14.86 0.05 -97.66
v 20.00 0.05 -101.96
v 20.68 0.05 -100.62
v 24.81 0.05 -104.47
v 25.51 0.05 -103.15
o r609020879_footway
v 12.62 0.05 -98.12
v 13.36 0.05 -96.82
v 14.15 0.05 -98.98
v 14.89 0.05 -97.68
o r609020880_footway
v 81.52 0.05 -46.56
v 82.50 0.05 -47.68
v 53.99 0.05 -70.63
v 54.93 0.05 -71.79
v 42.34 0.05 -78.27
v 43.24 0.05 -79.47
v 36.38 0.05 -83.77
v 37.54 0.05 -84.73
v 35.15 0.05 -87.16
v 36.63 0.05 -87.38
v 35.45 0.05 -90.02
v 36.81 0.05 -89.40
v 37.05 0.05 -91.53
v 38.05 0.05 -90.41
f 9197 9198 9200
f 9197 9200 9199
f 9201 9202 9204
f 9201 9204 9203
o r609020882_footway
v 100.48 0.05 -159.32
v 101.68 0.05 -160.22
v 96.88 0.05 -164.06
v 98.08 0.05 -164.96
v 91.39 0.05 -171.27
v 92.59 0.05 -172.17
o r609020883_footway
v 101.79 0.05 -158.06
v 102.83 0.05 -159.14
v 100.56 0.05 -159.23
v 101.60 0.05 -160.31
o r609020884_footway
v 107.26 0.05 -159.89
v 106.12 0.05 -160.87
v 106.33 0.05 -158.80
v 105.19 0.05 -159.78
o r609020885_footway
v 117.54 0.05 -172.51
v 116.38 0.05 -173.45
v 112.66 0.05 -166.53
v 111.50 0.05 -167.47
v 107.27 0.05 -159.91
v 106.11 0.05 -160.85
o r609020886_footway
v 117.95 0.05 -175.52
v 116.45 0.05 -175.66
v 117.71 0.05 -172.91
v 116.21 0.05 -173.05
o r609020887_footway
v 103.34 0.05 -184.35
v 104.78 0.05 -184.75
v 102.59 0.05 -187.01
v 104.03 0.05 -187.41
o r609020888_footway
v 116.03 0.05 -176.48
v 116.81 0.05 -177.76
v 110.23 0.05 -179.96
v 111.01 0.05 -181.24
v 103.67 0.05 -183.91
v 104.45 0.05 -185.19
o r609020889_footway
v 116.77 0.05 -176.16
v 117.35 0.05 -177.54
v 116.13 0.05 -176.43
v 116.71 0.05 -177.81
o r609020890_footway
v 167.79 0.05 -235.35
v 168.89 0.05 -234.33
v 173.02 0.05 -240.97
v 174.12 0.05 -239.95
v 179.13 0.05 -247.53
v 180.23 0.05 -246.51
v 179.96 0.05 -248.42
v 181.06 0.05 -247.40
f 9249 9250 9252
f 9249 9252 9251
o r609020891_footway
v 170.25 0.05 -260.68
v 171.23 0.05 -261.82
v 169.10 0.05 -261.66
v 170.08 0.05 -262.80
o r609020893_footway
v 179.96 0.05 -248.42
v 181.06 0.05 -247.40
v 181.26 0.05 -249.84
v 182.36 0.05 -248.82
o r609020894_footway
v 155.81 0.05 -244.17
v 154.77 0.05 -243.09
v 160.65 0.05 -239.44
v 159.61 0.05 -238.36
v 165.22 0.05 -234.97
v 164.18 0.05 -233.89
o r609020895_footway
v 180.38 0.05 -251.64
v 181.38 0.05 -252.76
v 175.28 0.05 -256.19
v 176.28 0.05 -257.31
v 170.24 0.05 -260.69
v 171.24 0.05 -261.81
o r609020896_footway
v 165.19 0.05 -235.00
v 164.21 0.05 -233.86
v 166.72 0.05 -233.69
v 165.74 0.05 -232.55
o r609020897_footway
v 181.76 0.05 -251.46
v 182.88 0.05 -250.46
v 206.67 0.05 -279.62
v 207.79 0.05 -278.62
v 230.71 0.05 -306.84
v 231.83 0.05 -305.84
o r609021230_footway
v 15.05 0.05 -54.55
v 14.01 0.05 -53.47
v 23.41 0.05 -46.58
v 22.61 0.05 -45.32
v 24.95 0.05 -48.25
v 24.23 0.05 -46.93
v 30.62 0.05 -42.29
v 31.18 0.05 -40.91
v 44.76 0.05 -56.62
v 45.82 0.05 -55.56
f 9287 9288 9290
f 9287 9290 9289
o r609021231_footway
v 29.92 0.05 -70.04
v 28.80 0.05 -71.04
v 14.28 0.05 -53.30
v 14.78 0.05 -54.72
v -27.70 0.05 -90.05
v -26.24 0.05 -90.39
v -1.54 0.05 -120.61
v -0.40 0.05 -119.63
f 9297 9298 9300
f 9297 9300 9299
o r609021643_footway
v 277.17 0.05 66.64
v 278.27 0.05 67.66
v 278.50 0.05 65.96
v 279.82 0.05 65.26
v 263.48 0.05 41.50
v 264.76 0.05 40.70
v 224.22 0.05 -21.41
v 225.50 0.05 -22.21
f 9305 9306 9308
f 9305 9308 9307
o r609021644_footway
v 178.25 0.05 8.23
v 177.27 0.05 9.37
v 183.64 0.05 12.92
v 182.66 0.05 14.06
v 193.50 0.05 21.48
v 192.50 0.05 22.60
v 218.02 0.05 43.27
v 217.02 0.05 44.39
f 9313 9314 9316
f 9313 9316 9315
o r609021645_footway
v 235.31 0.05 58.51
v 234.31 0.05 59.63
v 252.57 0.05 74.17
v 251.57 0.05 75.29
v 255.26 0.05 76.60
v 254.26 0.05 77.72
o r609021646_footway
v 255.22 0.05 76.56
v 254.30 0.05 77.76
v 258.25 0.05 78.88
v 257.33 0.05 80.08
o r609021647_footway
v 257.43 0.05 78.82
v 258.15 0.05 80.14
v 258.72 0.05 78.13
v 259.50 0.05 79.41
v 277.32 0.05 66.51
v 278.12 0.05 67.79
o r609364651_footway
v 83.46 0.05 -334.81
v 82.48 0.05 -333.69
v 165.29 0.05 -263.33
v 164.31 0.05 -262.19
v 166.92 0.05 -262.31
v 166.32 0.05 -260.93
v 167.94 0.05 -262.06
v 168.24 0.05 -260.60
v 169.20 0.05 -262.87
v 169.98 0.05 -261.59
f 9337 9338 9340
f 9337 9340 9339
o r609364652_footway
v 133.44 0.05 -390.92
v 132.32 0.05 -391.92
v 110.49 0.05 -365.48
v 109.41 0.05 -366.52
v 108.22 0.05 -364.40
v 107.60 0.05 -365.76
v 106.02 0.05 -363.48
v 104.94 0.05 -364.52
v 83.35 0.05 -338.11
v 82.21 0.05 -339.09
v 82.77 0.05 -336.78
v 81.27 0.05 -336.72
v 83.67 0.05 -334.52
v 82.27 0.05 -333.98
f 9347 9348 9350
f 9347 9350 9349
f 9351 9352 9354
f 9351 9354 9353
o r609364653_footway
v 151.85 0.05 -245.40
v 151.43 0.05 -243.96
v 155.50 0.05 -244.35
v 155.08 0.05 -242.91
o r609364654_footway
v 151.08 0.05 -245.18
v 152.20 0.05 -244.18
v 153.79 0.05 -248.21
v 154.91 0.05 -247.21
o r609364655_footway
v 153.73 0.05 -248.13
v 154.97 0.05 -247.29
v 157.70 0.05 -254.00
v 158.94 0.05 -253.16
v 162.67 0.05 -261.37
v 163.91 0.05 -260.53
v 163.03 0.05 -261.90
v 164.27 0.05 -261.06
f 9369 9370 9372
f 9369 9372 9371
o r609364656_footway
v 163.09 0.05 -261.98
v 164.21 0.05 -260.98
v 164.24 0.05 -263.26
v 165.36 0.05 -262.26
o r609364657_footway
v 79.66 0.05 -337.13
v 80.64 0.05 -338.27
v 76.95 0.05 -339.47
v 77.93 0.05 -340.61
v 73.25 0.05 -342.69
v 74.23 0.05 -343.83
o r609364658_footway
v 81.68 0.05 -336.08
v 82.36 0.05 -337.42
v 79.81 0.05 -337.03
v 80.49 0.05 -338.37
o r609364660_footway
v 59.36 0.05 -325.96
v 60.08 0.05 -327.28
v 55.60 0.05 -328.00
v 56.32 0.05 -329.32
o r609364661_footway
v 67.63 0.05 -317.58
v 68.75 0.05 -318.56
v 65.03 0.05 -320.55
v 66.15 0.05 -321.53
o r609364662_footway
v 65.07 0.05 -320.50
v 66.11 0.05 -321.58
v 62.45 0.05 -323.00
v 63.49 0.05 -324.08
v 59.20 0.05 -326.08
v 60.24 0.05 -327.16
o r609364663_footway
v 60.41 0.05 -332.75
v 59.27 0.05 -333.73
v 58.13 0.05 -330.09
v 56.99 0.05 -331.07
o r609364665_footway
v 70.01 0.05 -342.84
v 68.91 0.05 -343.86
v 69.23 0.05 -342.01
v 68.15 0.05 -343.05
v 63.57 0.05 -336.07
v 62.49 0.05 -337.11
v 60.38 0.05 -332.72
v 59.30 0.05 -333.76
f 9409 9410 9412
f 9409 9412 9411
o r609364666_footway
v 72.67 0.05 -322.02
v 71.21 0.05 -322.38
v 71.20 0.05 -315.90
v 69.74 0.05 -316.26
o r609364667_footway
v 83.52 0.05 -333.74
v 82.42 0.05 -334.76
v 82.15 0.05 -332.26
v 81.05 0.05 -333.28
o r609364668_footway
v 82.15 0.05 -332.26
v 81.05 0.05 -333.28
v 81.31 0.05 -331.34
v 80.21 0.05 -332.36
v 75.82 0.05 -325.34
v 74.72 0.05 -326.36
v 72.49 0.05 -321.69
v 71.39 0.05 -322.71
f 9425 9426 9428
f 9425 9428 9427
o r609365017_footway
v 18.29 0.05 -261.77
v 19.27 0.05 -262.89
v 17.09 0.05 -262.82
v 18.07 0.05 -263.94
o r609365018_footway
v 17.08 0.05 -262.82
v 18.08 0.05 -263.94
v 12.69 0.05 -266.79
v 13.69 0.05 -267.91
v 8.00 0.05 -271.05
v 9.00 0.05 -272.17
o r609365019_footway
v 8.00 0.05 -271.06
v 9.00 0.05 -272.16
v 6.34 0.05 -272.57
v 7.34 0.05 -273.67
o r609365020_footway
v 3.28 0.05 -243.30
v 4.28 0.05 -244.42
v 1.59 0.05 -244.79
v 2.59 0.05 -245.91
o r609365021_footway
v 1.46 0.05 -244.94
v 2.72 0.05 -245.76
v -2.17 0.05 -250.50
v -0.91 0.05 -251.32
v -6.15 0.05 -256.61
v -4.89 0.05 -257.43
o r609365022_footway
v -5.45 0.05 -256.27
v -5.59 0.05 -257.77
v -8.07 0.05 -256.02
v -8.21 0.05 -257.52
o r609365024_footway
v 4.67 0.05 -270.21
v 3.45 0.05 -271.07
v 0.35 0.05 -264.06
v -0.87 0.05 -264.92
v -4.91 0.05 -256.59
v -6.13 0.05 -257.45
o r609365025_footway
v 22.56 0.05 -258.97
v 21.44 0.05 -259.97
v 20.28 0.05 -256.46
v 19.16 0.05 -257.46
o r609365026_footway
v 20.27 0.05 -256.45
v 19.17 0.05 -257.47
v 15.24 0.05 -251.01
v 14.14 0.05 -252.03
v 9.56 0.05 -244.88
v 8.46 0.05 -245.90
o r609365027_footway
v 9.57 0.05 -244.89
v 8.45 0.05 -245.89
v 8.09 0.05 -243.21
v 6.97 0.05 -244.21
o r609365028_footway
v 104.61 0.05 -184.04
v 103.51 0.05 -185.06
v 99.07 0.05 -178.16
v 97.97 0.05 -179.18
v 92.54 0.05 -171.21
v 91.44 0.05 -172.23
o r609365029_footway
v 91.92 0.05 -170.97
v 92.06 0.05 -172.47
v 89.72 0.05 -171.18
v 89.86 0.05 -172.68
o r609365114_footway
v 18.22 0.05 -262.83
v 19.34 0.05 -261.83
v 43.19 0.05 -290.99
v 44.31 0.05 -289.99
v 65.08 0.05 -315.76
v 66.20 0.05 -314.76
v 68.06 0.05 -318.81
v 68.32 0.05 -317.33
v 70.96 0.05 -316.65
v 69.98 0.05 -315.51
f 9491 9492 9494
f 9491 9494 9493
o r609365115_footway
v 70.97 0.05 -316.64
v 69.97 0.05 -315.52
v 152.14 0.05 -245.24
v 151.14 0.05 -244.12
o r609365116_footway
v 102.81 0.05 -186.65
v 103.81 0.05 -187.77
v 56.30 0.05 -228.05
v 57.30 0.05 -229.17
v 53.88 0.05 -230.17
v 54.88 0.05 -231.29
v 21.50 0.05 -258.91
v 22.50 0.05 -260.03
v 18.28 0.05 -261.77
v 19.28 0.05 -262.89
f 9505 9506 9508
f 9505 9508 9507
o r609365117_footway
v 152.29 0.05 -245.05
v 150.99 0.05 -244.31
v 153.10 0.05 -243.49
v 151.60 0.05 -243.33
v 152.49 0.05 -241.57
v 151.35 0.05 -242.55
v 129.62 0.05 -215.74
v 128.50 0.05 -216.74
v 103.87 0.05 -186.71
v 102.75 0.05 -187.71
f 9515 9516 9518
f 9515 9518 9517
o r609368054_footway
v -102.35 0.05 -147.40
v -103.37 0.05 -146.30
v -99.03 0.05 -144.34
v -100.05 0.05 -143.24
v -95.76 0.05 -141.31
v -96.78 0.05 -140.21
o r609368056_residential
v -110.11 0.05 -136.80
v -105.71 0.05 -132.72
v -104.62 0.05 -142.71
v -100.22 0.05 -138.63
v -101.81 0.05 -145.76
v -97.27 0.05 -141.82
v -85.16 0.05 -165.14
v -80.66 0.05 -161.18
v -68.70 0.05 -183.46
v -64.42 0.05 -179.26
v -60.82 0.05 -190.00
v -57.00 0.05 -185.38
f 9531 9532 9534
f 9531 9534 9533
f 9535 9536 9538
f 9535 9538 9537
o r609368057_footway
v -96.14 0.05 -141.50
v -96.40 0.05 -140.02
v -95.33 0.05 -141.12
v -94.45 0.05 -139.90
v -94.64 0.05 -142.84
v -93.50 0.05 -141.86
v -79.19 0.05 -160.11
v -78.07 0.05 -159.11
v -64.23 0.05 -177.03
v -63.13 0.05 -176.01
v -62.75 0.05 -177.38
v -62.59 0.05 -175.88
f 9543 9544 9546
f 9543 9546 9545
f 9547 9548 9550
f 9547 9550 9549
o r609368058_footway
v -59.99 0.05 -198.00
v -61.13 0.05 -198.98
v -61.18 0.05 -196.61
v -62.32 0.05 -197.59
o r609368059_footway
v -61.16 0.05 -196.64
v -62.34 0.05 -197.56
v -63.68 0.05 -193.39
v -64.86 0.05 -194.31
v -66.51 0.05 -189.77
v -67.69 0.05 -190.69
v -70.62 0.05 -184.48
v -71.80 0.05 -185.40
f 9559 9560 9562
f 9559 9562 9561
o r609368060_footway
v -48.05 0.05 -186.54
v -48.85 0.05 -187.80
v -53.46 0.05 -183.11
v -54.26 0.05 -184.37
v -62.12 0.05 -177.62
v -62.92 0.05 -178.88
o r609368061_footway
v -47.00 0.05 -186.31
v -46.90 0.05 -187.81
v -48.50 0.05 -186.42
v -48.40 0.05 -187.92
o r609368062_footway
v -48.99 0.05 -186.65
v -47.91 0.05 -187.69
v -54.26 0.05 -192.05
v -53.18 0.05 -193.09
v -58.26 0.05 -196.17
v -57.18 0.05 -197.21
o r609368063_footway
v -58.21 0.05 -196.12
v -57.23 0.05 -197.26
v -59.93 0.05 -197.61
v -58.95 0.05 -198.75
o r609368064_footway
v -62.98 0.05 -177.66
v -62.06 0.05 -178.84
v -67.02 0.05 -180.77
v -66.10 0.05 -181.95
v -71.67 0.05 -184.35
v -70.75 0.05 -185.53
o r609368065_footway
v -63.42 0.05 -176.70
v -61.92 0.05 -176.56
v -63.27 0.05 -178.32
v -61.77 0.05 -178.18
o r609368066_footway
v -70.94 0.05 -184.24
v -71.48 0.05 -185.64
v -72.37 0.05 -183.69
v -72.91 0.05 -185.09
o r609368220_footway
v 37.64 0.05 -111.43
v 38.62 0.05 -112.57
v 10.10 0.05 -135.43
v 11.08 0.05 -136.57
o r609368221_footway
v -47.69 0.05 -187.17
v -46.21 0.05 -186.95
v -47.32 0.05 -188.88
v -46.20 0.05 -187.88
v -10.48 0.05 -229.29
v -9.38 0.05 -228.27
v 3.23 0.05 -244.37
v 4.33 0.05 -243.35
v 4.80 0.05 -245.28
v 5.12 0.05 -243.82
v 6.59 0.05 -245.15
v 6.13 0.05 -243.73
v 7.93 0.05 -244.35
v 7.13 0.05 -243.07
f 9605 9606 9608
f 9605 9608 9607
f 9609 9610 9612
f 9609 9612 9611
o r609368222_footway
v 25.56 0.05 -104.82
v 26.28 0.05 -106.14
v 24.06 0.05 -105.66
v 25.00 0.05 -106.82
v 22.56 0.05 -107.28
v 23.84 0.05 -108.06
v 21.61 0.05 -109.70
v 23.11 0.05 -109.84
v 22.05 0.05 -112.44
v 23.41 0.05 -113.06
v 10.03 0.05 -135.56
v 11.35 0.05 -136.26
v 10.10 0.05 -135.44
v 11.08 0.05 -136.56
v -15.57 0.05 -157.91
v -14.59 0.05 -159.05
v -46.61 0.05 -184.84
v -45.61 0.05 -185.96
v -47.62 0.05 -186.72
v -46.28 0.05 -187.40
f 9619 9620 9622
f 9619 9622 9621
f 9623 9624 9626
f 9623 9626 9625
f 9627 9628 9630
f 9627 9630 9629
f 9631 9632 9634
f 9631 9634 9633
o r609368223_footway
v 8.02 0.05 -244.28
v 7.04 0.05 -243.14
v 89.71 0.05 -173.06
v 88.73 0.05 -171.92
v 90.32 0.05 -172.47
v 89.26 0.05 -171.39
o r609368611_service
v -153.19 0.05 -76.43
v -151.29 0.05 -72.91
v -146.81 0.05 -79.81
v -144.09 0.05 -76.87
v -126.89 0.05 -100.83
v -123.75 0.05 -98.35
v -126.96 0.05 -102.30
v -123.88 0.05 -104.86
v -133.76 0.05 -107.02
v -132.28 0.05 -110.74
v -134.89 0.05 -106.50
v -137.69 0.05 -109.36
v -153.00 0.05 -86.51
v -156.30 0.05 -88.77
v -151.98 0.05 -82.56
v -155.92 0.05 -81.92
v -151.47 0.05 -80.46
v -155.37 0.05 -79.58
v -150.29 0.05 -75.10
v -154.19 0.05 -74.24
f 9645 9646 9648
f 9645 9648 9647
f 9649 9650 9652
f 9649 9652 9651
f 9653 9654 9656
f 9653 9656 9655
f 9657 9658 9660
f 9657 9660 9659
o r609368612_footway
v -155.77 0.05 -79.89
v -155.21 0.05 -78.49
v -153.84 0.05 -80.64
v -153.00 0.05 -79.40
v -149.71 0.05 -83.95
v -148.77 0.05 -82.77
o r609368613_footway
v -156.71 0.05 -79.11
v -155.73 0.05 -77.99
v -155.98 0.05 -79.75
v -155.00 0.05 -78.63
o r609368615_footway
v -167.73 0.05 -64.06
v -166.61 0.05 -63.06
v -165.19 0.05 -66.87
v -164.07 0.05 -65.87
v -162.29 0.05 -70.05
v -161.15 0.05 -69.07
v -158.08 0.05 -75.20
v -156.80 0.05 -74.42
v -156.97 0.05 -78.54
v -155.47 0.05 -78.56
v -158.34 0.05 -83.83
v -156.86 0.05 -84.11
v -158.11 0.05 -85.84
v -156.95 0.05 -84.90
v -135.45 0.05 -112.44
v -134.31 0.05 -111.46
f 9675 9676 9678
f 9675 9678 9677
f 9679 9680 9682
f 9679 9682 9681
f 9683 9684 9686
f 9683 9686 9685
o r609368616_footway
v -172.00 0.05 -62.78
v -170.80 0.05 -61.86
v -169.78 0.05 -65.68
v -168.58 0.05 -64.76
o r609368617_footway
v -180.56 0.05 -52.47
v -179.40 0.05 -51.53
v -179.27 0.05 -54.07
v -178.07 0.05 -53.15
v -175.71 0.05 -58.81
v -174.55 0.05 -57.85
v -171.95 0.05 -62.83
v -170.85 0.05 -61.81
f 9695 9696 9698
f 9695 9698 9697
o r609368618_footway
v -183.37 0.05 -49.40
v -182.27 0.05 -48.38
v -180.53 0.05 -52.51
v -179.43 0.05 -51.49
o r609368637_footway
v -358.95 0.05 -225.15
v -357.81 0.05 -224.17
v -354.35 0.05 -230.51
v -353.21 0.05 -229.53
o r609368638_footway
v -370.06 0.05 -212.78
v -368.96 0.05 -211.76
v -367.66 0.05 -215.33
v -366.56 0.05 -214.31
o r609371158_footway
v -322.60 0.05 -294.64
v -321.44 0.05 -293.68
v -321.24 0.05 -296.29
v -320.08 0.05 -295.33
o r609371159_footway
v -331.14 0.05 -285.05
v -330.02 0.05 -284.05
v -325.60 0.05 -291.26
v -324.48 0.05 -290.26
v -322.58 0.05 -294.66
v -321.46 0.05 -293.66
o r609371160_footway
v -332.73 0.05 -283.44
v -331.67 0.05 -282.38
v -331.11 0.05 -285.08
v -330.05 0.05 -284.02
o r609371162_footway
v -404.50 0.05 -370.62
v -405.40 0.05 -369.42
v -402.36 0.05 -369.03
v -403.26 0.05 -367.83
o r609371163_footway
v -415.57 0.05 -379.45
v -417.01 0.05 -378.99
v -415.12 0.05 -378.02
v -416.56 0.05 -377.56
o r609371164_footway
v -415.40 0.05 -378.40
v -416.28 0.05 -377.18
v -408.10 0.05 -373.20
v -408.98 0.05 -371.98
v -404.51 0.05 -370.63
v -405.39 0.05 -369.41
o r609371166_footway
v -429.80 0.05 -367.40
v -428.70 0.05 -366.38
v -427.12 0.05 -370.32
v -426.02 0.05 -369.30
o r609371167_footway
v -427.02 0.05 -370.41
v -426.12 0.05 -369.21
v -422.13 0.05 -374.05
v -421.23 0.05 -372.85
v -416.29 0.05 -378.39
v -415.39 0.05 -377.19
o r609371170_footway
v -404.99 0.05 -366.51
v -403.87 0.05 -365.51
v -403.74 0.05 -367.92
v -402.62 0.05 -366.92
o r609371171_footway
v -412.86 0.05 -357.75
v -411.74 0.05 -356.75
v -408.78 0.05 -362.30
v -407.66 0.05 -361.30
v -404.99 0.05 -366.51
v -403.87 0.05 -365.51
o r609371172_footway
v -415.32 0.05 -355.03
v -414.20 0.05 -354.03
v -412.86 0.05 -357.75
v -411.74 0.05 -356.75
o r609371184_footway
v -249.20 0.05 -246.56
v -249.38 0.05 -248.04
v -253.16 0.05 -246.13
v -252.82 0.05 -247.59
v -265.27 0.05 -250.35
v -264.85 0.05 -251.79
v -275.14 0.05 -252.60
v -274.68 0.05 -254.02
v -314.07 0.05 -265.91
v -313.49 0.05 -267.29
v -320.09 0.05 -271.25
v -319.09 0.05 -272.37
v -329.80 0.05 -279.79
v -328.80 0.05 -280.91
v -332.69 0.05 -282.34
v -331.71 0.05 -283.48
v -409.97 0.05 -349.45
v -408.99 0.05 -350.59
v -415.25 0.05 -353.96
v -414.27 0.05 -355.10
v -420.34 0.05 -358.30
v -419.36 0.05 -359.44
v -429.74 0.05 -366.32
v -428.76 0.05 -367.46
v -484.58 0.05 -413.48
v -483.60 0.05 -414.62
v -485.25 0.05 -414.17
v -485.03 0.05 -415.65
v -486.71 0.05 -413.73
v -487.09 0.05 -415.19
f 9767 9768 9770
f 9767 9770 9769
f 9771 9772 9774
f 9771 9774 9773
f 9775 9776 9778
f 9775 9778 9777
f 9779 9780 9782
f 9779 9782 9781
f 9783 9784 9786
f 9783 9786 9785
f 9787 9788 9790
f 9787 9790 9789
o r609371191_footway
v -263.12 0.05 -162.58
v -262.16 0.05 -163.72
v -267.78 0.05 -166.50
v -266.82 0.05 -167.64
o r609371192_steps
v -262.64 0.05 -162.07
v -261.56 0.05 -163.13
v -263.18 0.05 -162.62
v -262.10 0.05 -163.68
o r609379786_footway
v -257.28 0.05 -348.14
v -256.28 0.05 -349.24
v -259.81 0.05 -350.43
v -258.81 0.05 -351.55
v -261.15 0.05 -351.64
v -260.13 0.05 -352.74
v -262.34 0.05 -352.74
v -261.32 0.05 -353.84
f 9805 9806 9808
f 9805 9808 9807
o r609379787_footway
v -262.24 0.05 -352.66
v -261.42 0.05 -353.92
v -265.28 0.05 -354.66
v -264.46 0.05 -355.92
o r609379788_footway
v -253.57 0.05 -344.89
v -252.59 0.05 -346.01
v -257.27 0.05 -348.13
v -256.29 0.05 -349.25
o r609379791_footway
v -254.64 0.05 -366.60
v -253.62 0.05 -367.70
v -263.50 0.05 -374.86
v -262.50 0.05 -375.98
v -289.37 0.05 -397.84
v -288.41 0.05 -398.98
v -292.18 0.05 -398.95
v -291.22 0.05 -400.09
v -332.01 0.05 -433.68
v -331.03 0.05 -434.82
v -339.95 0.05 -440.59
v -338.95 0.05 -441.71
v -344.11 0.05 -444.66
v -343.07 0.05 -445.74
f 9821 9822 9824
f 9821 9824 9823
f 9825 9826 9828
f 9825 9828 9827
o r609379792_footway
v -251.13 0.05 -365.47
v -252.13 0.05 -364.35
v -250.22 0.05 -364.67
v -251.22 0.05 -363.55
v -248.53 0.05 -363.16
v -249.53 0.05 -362.04
v -245.95 0.05 -360.85
v -246.95 0.05 -359.73
f 9835 9836 9838
f 9835 9838 9837
o r609379793_footway
v -245.95 0.05 -360.85
v -246.95 0.05 -359.73
v -242.75 0.05 -357.99
v -243.75 0.05 -356.87
o r609379794_footway
v -253.63 0.05 -367.71
v -254.63 0.05 -366.59
v -251.13 0.05 -365.47
v -252.13 0.05 -364.35
o r609379795_footway
v -244.28 0.05 -354.41
v -245.40 0.05 -355.39
v -244.84 0.05 -353.76
v -245.98 0.05 -354.74
v -247.76 0.05 -350.40
v -248.90 0.05 -351.38
v -250.46 0.05 -347.29
v -251.60 0.05 -348.27
f 9851 9852 9854
f 9851 9854 9853
o r609379796_footway
v -242.61 0.05 -357.03
v -243.89 0.05 -357.83
v -244.20 0.05 -354.50
v -245.48 0.05 -355.30
o r609379797_footway
v -250.47 0.05 -347.28
v -251.59 0.05 -348.28
v -252.52 0.05 -344.95
v -253.64 0.05 -345.95
o r609379798_footway
v -315.66 0.05 -292.37
v -314.66 0.05 -293.49
v -317.92 0.05 -294.40
v -316.92 0.05 -295.52
o r609379799_footway
v -310.28 0.05 -287.58
v -309.28 0.05 -288.70
v -312.57 0.05 -289.62
v -311.57 0.05 -290.74
v -314.37 0.05 -291.21
v -313.37 0.05 -292.33
v -315.66 0.05 -292.37
v -314.66 0.05 -293.49
f 9871 9872 9874
f 9871 9874 9873
o r609379800_footway
v -306.33 0.05 -284.85
v -305.47 0.05 -286.09
v -310.21 0.05 -287.52
v -309.35 0.05 -288.76
o r609379801_footway
v -307.49 0.05 -281.20
v -306.23 0.05 -280.38
v -306.53 0.05 -282.65
v -305.27 0.05 -281.83
o r609379802_footway
v -318.79 0.05 -273.80
v -317.91 0.05 -272.58
v -316.50 0.05 -275.45
v -315.68 0.05 -274.19
v -310.42 0.05 -279.33
v -309.60 0.05 -278.07
v -307.27 0.05 -281.41
v -306.45 0.05 -280.17
f 9887 9888 9890
f 9887 9890 9889
o r609379803_footway
v -320.15 0.05 -272.31
v -319.03 0.05 -271.31
v -318.91 0.05 -273.69
v -317.79 0.05 -272.69
o r609379804_footway
v -252.52 0.05 -344.95
v -253.64 0.05 -345.95
v -260.89 0.05 -335.49
v -262.01 0.05 -336.49
v -279.38 0.05 -314.47
v -280.50 0.05 -315.47
v -305.34 0.05 -284.97
v -306.46 0.05 -285.97
f 9899 9900 9902
f 9899 9902 9901
o r609379805_footway
v -184.02 0.05 -252.68
v -182.74 0.05 -251.90
v -182.00 0.05 -255.97
v -180.86 0.05 -255.01
v -169.86 0.05 -269.57
v -168.74 0.05 -268.57
v -168.27 0.05 -271.37
v -167.15 0.05 -270.37
f 9907 9908 9910
f 9907 9910 9909
o r609379806_footway
v -144.32 0.05 -268.89
v -145.28 0.05 -270.03
v -148.45 0.05 -265.41
v -149.43 0.05 -266.55
v -155.75 0.05 -259.18
v -156.73 0.05 -260.32
o r609379807_footway
v -168.25 0.05 -271.39
v -167.17 0.05 -270.35
v -162.05 0.05 -277.83
v -160.97 0.05 -276.79
v -157.95 0.05 -281.96
v -156.89 0.05 -280.90
o r609379810_footway
v -156.99 0.05 -282.05
v -157.85 0.05 -280.81
v -149.68 0.05 -276.99
v -150.52 0.05 -275.75
v -144.88 0.05 -273.72
v -145.72 0.05 -272.48
o r609379812_footway
v -305.26 0.05 -285.08
v -306.54 0.05 -285.86
v -305.93 0.05 -284.18
v -307.43 0.05 -284.18
v -305.31 0.05 -282.70
v -306.49 0.05 -281.78
v -304.20 0.05 -282.08
v -304.76 0.05 -280.68
v -298.42 0.05 -280.08
v -298.92 0.05 -278.66
v -217.92 0.05 -252.19
v -218.40 0.05 -250.77
v -214.22 0.05 -251.26
v -214.62 0.05 -249.82
v -207.31 0.05 -249.28
v -207.89 0.05 -247.90
v -203.26 0.05 -246.59
v -204.10 0.05 -245.35
f 9933 9934 9936
f 9933 9936 9935
f 9937 9938 9940
f 9937 9940 9939
f 9941 9942 9944
f 9941 9944 9943
o r609379813_footway
v -182.73 0.05 -239.95
v -181.55 0.05 -240.87
v -188.40 0.05 -247.25
v -187.22 0.05 -248.17
o r609379815_footway
v -174.82 0.05 -236.32
v -174.20 0.05 -237.68
v -182.45 0.05 -239.73
v -181.83 0.05 -241.09
o r609379816_footway
v -166.31 0.05 -265.37
v -165.31 0.05 -266.49
v -169.80 0.05 -268.51
v -168.80 0.05 -269.63
v -190.04 0.05 -286.57
v -189.02 0.05 -287.67
v -194.53 0.05 -291.65
v -193.09 0.05 -292.09
v -193.54 0.05 -297.43
v -192.18 0.05 -298.09
v -199.82 0.05 -302.80
v -198.96 0.05 -304.02
v -204.77 0.05 -305.32
v -204.19 0.05 -306.70
v -209.01 0.05 -306.63
v -208.71 0.05 -308.09
v -211.41 0.05 -306.69
v -211.49 0.05 -308.19
v -212.55 0.05 -306.44
v -212.87 0.05 -307.90
f 9959 9960 9962
f 9959 9962 9961
f 9963 9964 9966
f 9963 9966 9965
f 9967 9968 9970
f 9967 9970 9969
f 9971 9972 9974
f 9971 9974 9973
o r609379817_footway
v -156.65 0.05 -259.12
v -155.83 0.05 -260.38
v -161.94 0.05 -262.53
v -161.12 0.05 -263.79
v -166.22 0.05 -265.30
v -165.40 0.05 -266.56
o r609379818_footway
v -156.96 0.05 -258.03
v -155.46 0.05 -258.05
v -156.99 0.05 -259.74
v -155.49 0.05 -259.76
o r609379819_footway
v -175.06 0.05 -237.51
v -173.96 0.05 -236.49
v -173.19 0.05 -239.51
v -172.09 0.05 -238.49
o r609379821_footway
v -107.09 0.05 -214.36
v -106.61 0.05 -215.78
v -159.22 0.05 -231.74
v -158.76 0.05 -233.16
v -174.72 0.05 -236.28
v -174.30 0.05 -237.72
o r609379822_footway
v -155.72 0.05 -258.61
v -156.70 0.05 -257.47
v -106.36 0.05 -215.64
v -107.34 0.05 -214.50
o r609380416_footway
v -350.61 0.05 -428.29
v -351.59 0.05 -427.15
v -329.41 0.05 -409.92
v -330.39 0.05 -408.78
v -314.70 0.05 -397.17
v -315.68 0.05 -396.03
v -273.07 0.05 -361.60
v -274.03 0.05 -360.44
v -267.22 0.05 -357.74
v -268.04 0.05 -356.48
v -264.46 0.05 -355.92
v -265.28 0.05 -354.66
f 10003 10004 10006
f 10003 10006 10005
f 10007 10008 10010
f 10007 10010 10009
o r609380418_footway
v -403.38 0.05 -368.92
v -402.24 0.05 -367.94
v -377.35 0.05 -398.77
v -376.21 0.05 -397.79
v -351.93 0.05 -427.92
v -350.79 0.05 -426.94
v -351.66 0.05 -428.22
v -350.54 0.05 -427.22
f 10015 10016 10018
f 10015 10018 10017
o r609380420_footway
v -316.86 0.05 -294.46
v -317.98 0.05 -295.46
v -318.60 0.05 -293.11
v -318.22 0.05 -294.57
v -321.15 0.05 -295.24
v -320.17 0.05 -296.38
v -403.68 0.05 -366.86
v -402.68 0.05 -367.98
v -403.51 0.05 -368.69
v -402.11 0.05 -368.17
f 10023 10024 10026
f 10023 10026 10025
o r609380422_footway
v -264.30 0.05 -354.80
v -265.44 0.05 -355.78
v -291.54 0.05 -323.19
v -292.68 0.05 -324.17
v -316.86 0.05 -294.46
v -317.98 0.05 -295.46
o r609382036_footway
v -105.40 0.05 -342.41
v -105.54 0.05 -340.91
v -103.15 0.05 -342.19
v -103.29 0.05 -340.69
o r609382037_footway
v -91.46 0.05 -357.42
v -92.96 0.05 -357.42
v -91.45 0.05 -354.99
v -92.95 0.05 -354.99
o r609382038_footway
v -102.66 0.05 -341.94
v -103.78 0.05 -340.94
v -97.56 0.05 -336.28
v -98.68 0.05 -335.28
v -95.16 0.05 -333.62
v -96.28 0.05 -332.62
o r609382039_footway
v -91.62 0.05 -354.52
v -92.78 0.05 -355.46
v -96.78 0.05 -348.17
v -97.94 0.05 -349.11
v -102.64 0.05 -340.97
v -103.80 0.05 -341.91
o r609382040_footway
v -95.15 0.05 -333.61
v -96.29 0.05 -332.63
v -92.76 0.05 -330.82
v -93.90 0.05 -329.84
o r609382041_footway
v -81.10 0.05 -346.54
v -80.26 0.05 -347.78
v -85.60 0.05 -349.60
v -84.76 0.05 -350.84
v -92.62 0.05 -354.37
v -91.78 0.05 -355.61
o r609382042_footway
v -88.95 0.05 -332.32
v -90.13 0.05 -333.26
v -90.69 0.05 -330.14
v -91.87 0.05 -331.08
o r609382043_footway
v -80.04 0.05 -346.77
v -81.32 0.05 -347.55
v -85.26 0.05 -338.30
v -86.54 0.05 -339.08
v -88.90 0.05 -332.40
v -90.18 0.05 -333.18
o r609382044_footway
v -79.50 0.05 -346.19
v -79.24 0.05 -347.67
v -80.81 0.05 -346.42
v -80.55 0.05 -347.90
o r609382045_footway
v -90.78 0.05 -331.17
v -91.78 0.05 -330.05
v -8.51 0.05 -258.73
v -9.51 0.05 -257.61
v -7.50 0.05 -257.17
v -8.78 0.05 -256.37
o r609382046_footway
v -59.64 0.05 -197.46
v -59.24 0.05 -198.90
v -61.05 0.05 -197.92
v -60.07 0.05 -199.06
v -143.79 0.05 -270.41
v -142.81 0.05 -271.53
o r609382047_footway
v -143.77 0.05 -272.62
v -142.63 0.05 -271.64
v -118.35 0.05 -302.29
v -117.21 0.05 -301.31
v -93.88 0.05 -330.84
v -92.78 0.05 -329.82
v -91.38 0.05 -331.35
v -91.18 0.05 -329.87
f 10095 10096 10098
f 10095 10098 10097
o r609388020_footway
v 70.42 0.05 -345.75
v 71.40 0.05 -346.89
v -14.77 0.05 -419.29
v -13.79 0.05 -420.43
v -17.93 0.05 -422.61
v -16.85 0.05 -423.65
o r609388036_footway
v -79.93 0.05 -347.43
v -78.81 0.05 -346.43
v -54.33 0.05 -376.53
v -53.21 0.05 -375.53
v -29.59 0.05 -404.69
v -28.49 0.05 -403.67
v -27.77 0.05 -405.13
v -27.55 0.05 -403.65
f 10109 10110 10112
f 10109 10112 10111
o r609388037_footway
v 5.50 0.05 -272.41
v 6.48 0.05 -273.55
v -44.47 0.05 -315.35
v -43.49 0.05 -316.49
v -57.93 0.05 -326.93
v -56.95 0.05 -328.07
v -79.09 0.05 -345.11
v -78.09 0.05 -346.23
v -80.01 0.05 -346.54
v -78.73 0.05 -347.32
f 10117 10118 10120
f 10117 10120 10119
o r609388038_footway
v 3.48 0.05 -271.12
v 4.64 0.05 -270.16
v 5.49 0.05 -273.54
v 6.49 0.05 -272.42
v 6.29 0.05 -273.62
v 7.39 0.05 -272.62
v 31.03 0.05 -301.60
v 32.15 0.05 -300.60
v 55.40 0.05 -329.16
v 56.52 0.05 -328.16
v 56.98 0.05 -331.06
v 58.14 0.05 -330.10
f 10127 10128 10130
f 10127 10130 10129
f 10131 10132 10134
f 10131 10134 10133
o r609388039_footway
v -27.17 0.05 -404.96
v -28.15 0.05 -403.82
v 58.05 0.05 -331.15
v 57.07 0.05 -330.01
o r609388924_footway
v -191.43 0.05 -416.41
v -191.67 0.05 -414.93
v -189.47 0.05 -415.98
v -190.45 0.05 -414.84
v -105.77 0.05 -343.70
v -106.75 0.05 -342.56
v -104.81 0.05 -342.02
v -106.13 0.05 -341.30
f 10143 10144 10146
f 10143 10146 10145
o r609388926_footway
v -158.17 0.05 -281.42
v -156.67 0.05 -281.44
v -158.20 0.05 -283.25
v -156.70 0.05 -283.27
o r609388927_footway
v -157.94 0.05 -282.69
v -156.96 0.05 -283.83
v -187.77 0.05 -308.59
v -186.79 0.05 -309.73
v -196.01 0.05 -315.89
v -195.03 0.05 -317.01
v -206.45 0.05 -325.00
v -205.49 0.05 -326.14
v -220.11 0.05 -336.23
v -219.13 0.05 -337.37
v -232.86 0.05 -347.41
v -231.90 0.05 -348.57
v -236.11 0.05 -349.58
v -235.13 0.05 -350.72
v -243.77 0.05 -356.89
v -242.73 0.05 -357.97
f 10155 10156 10158
f 10155 10158 10157
f 10159 10160 10162
f 10159 10162 10161
f 10163 10164 10166
f 10163 10166 10165
o r609389622_footway
v -92.70 0.05 -356.85
v -91.72 0.05 -357.99
v -105.96 0.05 -368.42
v -104.98 0.05 -369.56
v -114.47 0.05 -375.84
v -113.49 0.05 -376.98
v -176.74 0.05 -430.13
v -175.76 0.05 -431.27
f 10171 10172 10174
f 10171 10174 10173
o r609389623_footway
v -39.32 0.05 -414.94
v -40.76 0.05 -415.38
v -39.96 0.05 -413.06
v -41.10 0.05 -414.04
v -64.82 0.05 -385.55
v -65.94 0.05 -386.55
v -90.10 0.05 -357.58
v -91.20 0.05 -358.60
v -91.91 0.05 -356.73
v -92.51 0.05 -358.11
f 10179 10180 10182
f 10179 10182 10181
o r612828641_unclassified
v 235.04 0.05 257.18
v 237.62 0.05 261.46
v 268.06 0.05 237.29
v 270.64 0.05 241.57
o r613646840_service
v 100.57 0.05 -394.20
v 97.57 0.05 -396.84
v 89.36 0.05 -381.46
v 86.36 0.05 -384.10
v 67.03 0.05 -356.04
v 64.03 0.05 -358.68
o r617436201_primary
v -23.36 0.05 -419.60
v -29.96 0.05 -412.10
v -18.32 0.05 -415.17
v -24.94 0.05 -407.67
v 24.44 0.05 -377.34
v 17.82 0.05 -369.84
v 66.34 0.05 -340.34
v 59.72 0.05 -332.84
v 72.68 0.05 -334.68
v 66.02 0.05 -327.22
f 10199 10200 10202
f 10199 10202 10201
o r617436202_primary
v 72.61 0.05 -334.74
v 66.09 0.05 -327.16
v 78.55 0.05 -329.62
v 71.99 0.05 -322.08
v 117.30 0.05 -295.81
v 110.72 0.05 -288.27
v 141.67 0.05 -274.57
v 135.11 0.05 -267.03
f 10209 10210 10212
f 10209 10212 10211
o r621319686_secondary
v -88.72 0.05 -346.42
v -93.96 0.05 -340.36
v -83.28 0.05 -341.71
v -88.52 0.05 -335.67
v -61.59 0.05 -322.91
v -66.83 0.05 -316.87
v -48.20 0.05 -311.31
v -53.44 0.05 -305.27
v -47.14 0.05 -310.39
v -52.38 0.05 -304.35
v 2.36 0.05 -267.51
v -2.88 0.05 -261.47
v 8.45 0.05 -262.21
v 3.19 0.05 -256.17
f 10217 10218 10220
f 10217 10220 10219
f 10221 10222 10224
f 10221 10224 10223
o r621319687_secondary
v 187.20 0.05 -355.72
v 192.44 0.05 -361.76
v 140.51 0.05 -396.20
v 145.75 0.05 -402.24
v 132.81 0.05 -402.82
v 138.03 0.05 -408.88
o r621378235_tertiary
v 164.06 0.05 -248.77
v 169.32 0.05 -244.15
v 169.90 0.05 -255.40
v 175.14 0.05 -250.76
v 173.16 0.05 -259.07
v 178.40 0.05 -254.43
v 197.94 0.05 -287.19
v 203.18 0.05 -282.55
v 222.02 0.05 -314.46
v 227.26 0.05 -309.82
v 230.23 0.05 -323.80
v 235.49 0.05 -319.18
f 10237 10238 10240
f 10237 10240 10239
f 10241 10242 10244
f 10241 10244 10243
o r621396781_secondary
v 374.84 0.05 -164.32
v 381.62 0.05 -168.56
v 373.12 0.05 -167.07
v 379.90 0.05 -171.31
o r621396782_secondary
v 204.67 0.05 -340.58
v 209.91 0.05 -346.62
v 187.20 0.05 -355.72
v 192.44 0.05 -361.76
o r621874253_primary
v 357.94 0.05 -335.21
v 364.36 0.05 -342.87
v 321.03 0.05 -366.10
v 327.45 0.05 -373.76
o r635477814_pedestrian
v 201.05 0.05 292.27
v 204.43 0.05 290.15
v 192.25 0.05 278.24
v 195.45 0.05 275.84
v 182.59 0.05 267.65
v 185.37 0.05 264.77
v 169.44 0.05 256.36
v 172.34 0.05 253.60
v 155.99 0.05 239.73
v 158.95 0.05 237.05
v 131.29 0.05 214.25
v 134.17 0.05 211.47
f 10261 10262 10264
f 10261 10264 10263
f 10265 10266 10268
f 10265 10268 10267
o r635718965_motorway
v 631.02 0.05 1520.02
v 643.02 0.05 1519.54
v 629.96 0.05 1493.52
v 641.94 0.05 1492.96
v 629.27 0.05 1482.23
v 641.25 0.05 1481.45
v 627.69 0.05 1458.26
v 639.65 0.05 1457.36
v 624.70 0.05 1421.02
v 636.64 0.05 1419.90
v 621.07 0.05 1388.04
v 632.99 0.05 1386.64
v 616.98 0.05 1354.96
v 628.92 0.05 1353.74
v 614.31 0.05 1321.50
v 626.29 0.05 1320.76
v 612.75 0.05 1286.90
v 624.75 0.05 1286.60
v 611.99 0.05 1226.29
v 623.99 0.05 1226.07
v 610.65 0.05 1176.83
v 622.65 0.05 1176.53
v 609.57 0.05 1129.77
v 621.57 0.05 1129.45
v 608.45 0.05 1094.70
v 620.45 0.05 1094.42
v 607.97 0.05 1060.60
v 619.97 0.05 1060.44
v 607.44 0.05 1023.07
v 619.44 0.05 1022.77
v 606.10 0.05 987.86
v 618.08 0.05 987.22
v 603.44 0.05 948.21
v 615.40 0.05 947.29
v 599.95 0.05 907.94
v 611.89 0.05 906.76
v 593.27 0.05 845.15
v 605.19 0.05 843.71
v 586.76 0.05 799.32
v 598.60 0.05 797.40
v 578.30 0.05 752.82
v 590.08 0.05 750.56
v 569.63 0.05 710.23
v 581.37 0.05 707.73
v 559.94 0.05 666.42
v 571.62 0.05 663.66
v 546.35 0.05 611.71
v 557.95 0.05 608.65
v 530.92 0.05 556.68
v 542.42 0.05 553.24
v 515.81 0.05 509.65
v 527.15 0.05 505.73
v 498.53 0.05 463.09
v 509.73 0.05 458.79
v 477.77 0.05 410.49
v 488.89 0.05 405.99
v 456.20 0.05 358.22
v 467.22 0.05 353.46
v 438.32 0.05 319.31
v 449.16 0.05 314.19
v 422.77 0.05 287.50
v 433.49 0.05 282.10
v 401.45 0.05 246.20
v 412.05 0.05 240.60
v 383.85 0.05 213.84
v 394.27 0.05 207.88
v 349.23 0.05 155.03
v 359.51 0.05 148.85
v 292.20 0.05 61.40
v 302.42 0.05 55.10
v 254.11 0.05 0.52
v 264.29 0.05 -5.84
v 220.29 0.05 -53.60
v 230.55 0.05 -59.84
v 191.72 0.05 -102.10
v 202.02 0.05 -108.26
v 166.23 0.05 -143.95
v 176.53 0.05 -150.11
v 143.17 0.05 -183.13
v 153.77 0.05 -188.75
v 107.81 0.05 -254.15
v 118.63 0.05 -259.33
v 85.60 0.05 -303.53
v 96.60 0.05 -308.31
v 65.17 0.05 -352.32
v 76.29 0.05 -356.84
v 45.85 0.05 -401.37
v 57.07 0.05 -405.63
v 25.11 0.05 -458.08
v 36.43 0.05 -462.06
v 9.63 0.05 -504.32
v 21.05 0.05 -508.00
v -5.22 0.05 -551.97
v 6.28 0.05 -555.39
v -14.46 0.05 -585.46
v -2.84 0.05 -588.48
v -30.12 0.05 -647.71
v -18.44 0.05 -650.45
v -39.84 0.05 -693.51
v -28.08 0.05 -695.91
v -49.85 0.05 -744.64
v -38.05 0.05 -746.84
v -57.04 0.05 -785.96
v -45.18 0.05 -787.84
v -63.61 0.05 -831.01
v -51.69 0.05 -832.45
v -70.74 0.05 -899.57
v -58.78 0.05 -900.65
v -74.13 0.05 -948.01
v -62.15 0.05 -948.83
v -77.62 0.05 -999.22
v -65.62 0.05 -999.52
v -78.21 0.05 -1114.51
v -66.21 0.05 -1114.21
v -72.11 0.05 -1213.55
v -60.15 0.05 -1212.69
v -67.88 0.05 -1257.29
v -55.94 0.05 -1256.05
v -63.86 0.05 -1292.88
v -51.94 0.05 -1291.54
f 10273 10274 10276
f 10273 10276 10275
f 10277 10278 10280
f 10277 10280 10279
f 10281 10282 10284
f 10281 10284 10283
f 10285 10286 10288
f 10285 10288 10287
f 10289 10290 10292
f 10289 10292 10291
f 10293 10294 10296
f 10293 10296 10295
f 10297 10298 10300
f 10297 10300 10299
f 10301 10302 10304
f 10301 10304 10303
f 10305 10306 10308
f 10305 10308 10307
f 10309 10310 10312
f 10309 10312 10311
f 10313 10314 10316
f 10313 10316 10315
f 10317 10318 10320
f 10317 10320 10319
f 10321 10322 10324
f 10321 10324 10323
f 10325 10326 10328
f 10325 10328 10327
f 10329 10330 10332
f 10329 10332 10331
f 10333 10334 10336
f 10333 10336 10335
f 10337 10338 10340
f 10337 10340 10339
f 10341 10342 10344
f 10341 10344 10343
f 10345 10346 10348
f 10345 10348 10347
f 10349 10350 10352
f 10349 10352 10351
f 10353 10354 10356
f 10353 10356 10355
f 10357 10358 10360
f 10357 10360 10359
f 10361 10362 10364
f 10361 10364 10363
f 10365 10366 10368
f 10365 10368 10367
f 10369 10370 10372
f 10369 10372 10371
f 10373 10374 10376
f 10373 10376 10375
f 10377 10378 10380
f 10377 10380 10379
f 10381 10382 10384
f 10381 10384 10383
f 10385 10386 10388
f 10385 10388 10387
o r635762265_motorway
v -61.19 0.05 -1286.16
v -73.05 0.05 -1287.94
v -63.04 0.05 -1273.79
v -74.94 0.05 -1275.29
v -68.55 0.05 -1227.61
v -80.49 0.05 -1228.73
v -72.62 0.05 -1171.66
v -84.60 0.05 -1172.36
v -75.07 0.05 -1116.38
v -87.07 0.05 -1116.64
v -75.08 0.05 -1058.12
v -87.08 0.05 -1058.04
v -74.28 0.05 -999.30
v -86.26 0.05 -998.78
v -68.44 0.05 -902.53
v -80.40 0.05 -901.59
v -61.24 0.05 -834.39
v -73.14 0.05 -832.85
v -48.47 0.05 -748.38
v -60.29 0.05 -746.30
v -28.64 0.05 -649.72
v -40.34 0.05 -647.04
v -3.62 0.05 -552.81
v -15.14 0.05 -549.49
v 27.88 0.05 -453.82
v 16.56 0.05 -449.82
v 69.10 0.05 -346.67
v 58.02 0.05 -342.07
v 109.96 0.05 -256.43
v 99.14 0.05 -251.23
v 148.01 0.05 -182.33
v 137.47 0.05 -176.59
v 191.49 0.05 -106.49
v 181.25 0.05 -100.25
v 353.46 0.05 154.97
v 343.22 0.05 161.25
v 392.45 0.05 221.35
v 381.95 0.05 227.17
v 426.12 0.05 286.25
v 415.36 0.05 291.55
v 459.61 0.05 358.00
v 448.59 0.05 362.74
v 502.37 0.05 463.94
v 491.13 0.05 468.12
v 533.54 0.05 556.54
v 522.06 0.05 560.00
v 564.08 0.05 668.63
v 552.42 0.05 671.49
v 582.57 0.05 755.67
v 570.77 0.05 757.87
v 596.93 0.05 844.81
v 585.05 0.05 846.51
v 604.46 0.05 908.99
v 592.52 0.05 910.13
v 610.64 0.05 989.20
v 598.66 0.05 989.88
v 613.15 0.05 1061.82
v 601.15 0.05 1061.94
v 612.97 0.05 1225.16
v 600.97 0.05 1225.26
v 615.00 0.05 1291.47
v 603.02 0.05 1292.09
v 619.80 0.05 1357.19
v 607.86 0.05 1358.31
v 627.40 0.05 1422.63
v 615.50 0.05 1424.11
v 635.39 0.05 1481.85
v 623.49 0.05 1483.45
f 10393 10394 10396
f 10393 10396 10395
f 10397 10398 10400
f 10397 10400 10399
f 10401 10402 10404
f 10401 10404 10403
f 10405 10406 10408
f 10405 10408 10407
f 10409 10410 10412
f 10409 10412 10411
f 10413 10414 10416
f 10413 10416 10415
f 10417 10418 10420
f 10417 10420 10419
f 10421 10422 10424
f 10421 10424 10423
f 10425 10426 10428
f 10425 10428 10427
f 10429 10430 10432
f 10429 10432 10431
f 10433 10434 10436
f 10433 10436 10435
f 10437 10438 10440
f 10437 10440 10439
f 10441 10442 10444
f 10441 10444 10443
f 10445 10446 10448
f 10445 10448 10447
f 10449 10450 10452
f 10449 10452 10451
f 10453 10454 10456
f 10453 10456 10455
o r642736345_service
v 283.65 0.05 139.19
v 280.25 0.05 141.29
v 311.64 0.05 184.40
v 308.24 0.05 186.50
v 322.70 0.05 202.28
v 319.30 0.05 204.38
o r642736346_service
v 322.70 0.05 202.28
v 319.30 0.05 204.38
v 326.94 0.05 209.11
v 323.54 0.05 211.21
o r676787233_service
v 217.18 0.05 224.56
v 213.78 0.05 226.66
v 238.03 0.05 258.27
v 234.63 0.05 260.37
o r693449123_secondary
v 8.44 0.05 -262.22
v 3.20 0.05 -256.16
v 17.31 0.05 -254.54
v 12.07 0.05 -248.50
v 50.22 0.05 -225.91
v 44.98 0.05 -219.87
v 101.14 0.05 -181.69
v 95.90 0.05 -175.65
v 107.16 0.05 -176.46
v 101.92 0.05 -170.42
f 10475 10476 10478
f 10475 10478 10477
o r694281867_secondary
v -99.17 0.05 -218.98
v -94.03 0.05 -225.10
v -151.53 0.05 -262.93
v -146.35 0.05 -269.03
v -157.29 0.05 -268.20
v -151.89 0.05 -274.10
o r694281868_secondary
v -106.05 0.05 -210.04
v -109.01 0.05 -202.60
v -88.80 0.05 -203.16
v -91.76 0.05 -195.72
v -65.70 0.05 -193.98
v -68.50 0.05 -186.48
v -57.73 0.05 -191.51
v -60.09 0.05 -183.87
f 10491 10492 10494
f 10491 10494 10493
o r719043235_footway
v -37.19 0.05 -155.03
v -38.35 0.05 -155.99
v -49.91 0.05 -139.79
v -51.33 0.05 -140.27
v -44.17 0.05 -135.45
v -45.15 0.05 -134.31
v -39.35 0.05 -131.35
v -40.31 0.05 -130.21
v -37.59 0.05 -129.09
v -36.67 0.05 -127.91
v -26.30 0.05 -142.26
v -25.16 0.05 -141.28
f 10499 10500 10502
f 10499 10502 10501
f 10503 10504 10506
f 10503 10506 10505
o r719043236_footway
v -45.92 0.05 -134.54
v -44.76 0.05 -133.58
v -45.24 0.05 -135.35
v -44.08 0.05 -134.41
v -32.56 0.05 -151.03
v -31.40 0.05 -150.09
o r719043237_footway
v -26.03 0.05 -145.57
v -27.17 0.05 -146.55
v -39.26 0.05 -130.29
v -40.40 0.05 -131.27
o r719043242_footway
v -15.64 0.05 -158.98
v -14.52 0.05 -157.98
v -11.63 0.05 -163.27
v -11.33 0.05 -161.81
v -8.95 0.05 -160.48
v -8.13 0.05 -159.22
v 1.90 0.05 -172.22
v 2.70 0.05 -170.96
v 5.63 0.05 -169.44
v 5.31 0.05 -167.98
v 6.60 0.05 -171.04
v 7.70 0.05 -170.02
f 10521 10522 10524
f 10521 10524 10523
f 10525 10526 10528
f 10525 10528 10527
o r732018148_footway
v 120.35 0.05 -401.61
v 119.23 0.05 -402.59
v 96.86 0.05 -374.80
v 95.74 0.05 -375.78
v 71.48 0.05 -345.84
v 70.34 0.05 -346.80
v 71.95 0.05 -345.66
v 70.55 0.05 -345.14
f 10533 10534 10536
f 10533 10536 10535
o r749386050_service
v 262.93 0.05 336.30
v 265.03 0.05 339.70
v 274.65 0.05 329.09
v 276.73 0.05 332.51
v 275.45 0.05 329.96
v 279.43 0.05 329.68
v 273.41 0.05 324.58
v 276.93 0.05 322.66
v 262.02 0.05 305.75
v 265.44 0.05 303.67
v 252.03 0.05 289.25
v 255.45 0.05 287.17
v 242.65 0.05 273.78
v 246.07 0.05 271.70
f 10541 10542 10544
f 10541 10544 10543
f 10545 10546 10548
f 10545 10548 10547
o r771233213_service
v -431.22 0.05 -284.45
v -434.26 0.05 -287.05
v -436.34 0.05 -278.49
v -439.40 0.05 -281.07
v -440.71 0.05 -273.28
v -444.09 0.05 -275.42
v -443.20 0.05 -267.70
v -446.10 0.05 -270.46
v -447.88 0.05 -266.23
v -448.66 0.05 -270.15
v -452.02 0.05 -265.62
v -452.12 0.05 -269.62
v -463.68 0.05 -265.84
v -463.60 0.05 -269.84
v -521.32 0.05 -266.92
v -521.28 0.05 -270.92
v -528.02 0.05 -266.52
v -528.76 0.05 -270.46
v -531.98 0.05 -265.17
v -534.62 0.05 -268.17
v -533.18 0.05 -262.16
v -537.10 0.05 -263.00
v -533.42 0.05 -257.22
v -537.38 0.05 -256.62
v -531.71 0.05 -252.28
v -535.09 0.05 -250.14
v -528.25 0.05 -249.14
v -530.83 0.05 -246.08
v -490.86 0.05 -217.90
v -493.42 0.05 -214.84
f 10555 10556 10558
f 10555 10558 10557
f 10559 10560 10562
f 10559 10562 10561
f 10563 10564 10566
f 10563 10566 10565
f 10567 10568 10570
f 10567 10570 10569
f 10571 10572 10574
f 10571 10574 10573
f 10575 10576 10578
f 10575 10578 10577
o r773064500_service
v 158.62 0.05 240.02
v 156.32 0.05 236.76
v 151.64 0.05 244.95
v 149.62 0.05 241.49
v 148.38 0.05 245.94
v 147.30 0.05 242.08
v 143.48 0.05 247.22
v 143.46 0.05 243.22
v 93.02 0.05 246.25
v 93.08 0.05 242.25
v 35.60 0.05 245.80
v 35.64 0.05 241.80
f 10585 10586 10588
f 10585 10588 10587
f 10589 10590 10592
f 10589 10592 10591
o r814064746_service
v 359.62 0.05 -10.09
v 361.66 0.05 -6.65
v 367.02 0.05 -14.50
v 369.06 0.05 -11.06
v 370.17 0.05 -16.34
v 372.21 0.05 -12.90
v 372.22 0.05 -17.57
v 374.28 0.05 -14.15
f 10597 10598 10600
f 10597 10600 10599
o r817525771_service
v 46.09 0.05 -224.20
v 49.11 0.05 -221.58
v 52.86 0.05 -232.03
v 55.90 0.05 -229.43
v 72.58 0.05 -255.07
v 75.62 0.05 -252.47
o r857858078_cycleway
v 899.97 0.05 848.27
v 901.27 0.05 847.51
v 872.24 0.05 801.00
v 873.54 0.05 800.24
v 870.32 0.05 797.89
v 871.60 0.05 797.09
v 866.36 0.05 791.59
v 867.64 0.05 790.79
v 862.02 0.05 784.56
v 863.30 0.05 783.76
v 860.58 0.05 782.32
v 861.86 0.05 781.54
v 824.04 0.05 722.04
v 825.32 0.05 721.26
v 821.91 0.05 718.71
v 823.17 0.05 717.89
v 817.58 0.05 712.12
v 818.84 0.05 711.30
v 813.43 0.05 705.68
v 814.69 0.05 704.86
v 810.86 0.05 701.75
v 812.12 0.05 700.95
v 775.13 0.05 644.78
v 776.41 0.05 643.98
v 773.91 0.05 642.81
v 775.17 0.05 642.01
v 769.39 0.05 635.75
v 770.65 0.05 634.95
v 763.62 0.05 626.60
v 764.88 0.05 625.80
v 761.13 0.05 622.80
v 762.41 0.05 622.00
v 726.31 0.05 566.51
v 727.59 0.05 565.73
v 723.54 0.05 562.11
v 724.82 0.05 561.31
v 718.76 0.05 554.47
v 720.04 0.05 553.67
v 714.48 0.05 547.55
v 715.76 0.05 546.75
v 712.22 0.05 544.02
v 713.50 0.05 543.22
v 676.49 0.05 486.95
v 677.77 0.05 486.15
v 674.61 0.05 483.75
v 675.89 0.05 482.97
v 670.48 0.05 476.97
v 671.76 0.05 476.19
v 664.23 0.05 466.60
v 665.51 0.05 465.82
v 663.10 0.05 464.76
v 664.38 0.05 463.98
v 628.88 0.05 408.98
v 630.16 0.05 408.20
v 627.12 0.05 406.16
v 628.40 0.05 405.36
v 621.76 0.05 397.64
v 623.04 0.05 396.84
v 617.01 0.05 389.97
v 618.29 0.05 389.17
v 614.79 0.05 386.50
v 616.07 0.05 385.72
v 579.26 0.05 328.62
v 580.54 0.05 327.84
v 577.11 0.05 325.05
v 578.39 0.05 324.27
v 573.35 0.05 318.96
v 574.63 0.05 318.18
v 567.10 0.05 308.73
v 568.38 0.05 307.95
v 565.68 0.05 306.44
v 566.94 0.05 305.64
v 531.06 0.05 251.57
v 532.32 0.05 250.77
v 528.23 0.05 247.07
v 529.49 0.05 246.27
v 523.69 0.05 240.03
v 524.95 0.05 239.23
v 518.09 0.05 231.22
v 519.35 0.05 230.42
v 515.54 0.05 227.27
v 516.82 0.05 226.49
v 470.59 0.05 154.36
v 471.87 0.05 153.58
v 462.30 0.05 140.92
v 463.58 0.05 140.14
v 459.93 0.05 137.02
v 461.21 0.05 136.24
v 455.62 0.05 130.13
v 456.90 0.05 129.33
v 450.75 0.05 122.21
v 452.03 0.05 121.43
v 448.52 0.05 118.64
v 449.80 0.05 117.84
v 394.87 0.05 32.59
v 396.15 0.05 31.79
v 391.88 0.05 27.60
v 393.16 0.05 26.82
f 10611 10612 10614
f 10611 10614 10613
f 10615 10616 10618
f 10615 10618 10617
f 10619 10620 10622
f 10619 10622 10621
f 10623 10624 10626
f 10623 10626 10625
f 10627 10628 10630
f 10627 10630 10629
f 10631 10632 10634
f 10631 10634 10633
f 10635 10636 10638
f 10635 10638 10637
f 10639 10640 10642
f 10639 10642 10641
f 10643 10644 10646
f 10643 10646 10645
f 10647 10648 10650
f 10647 10650 10649
f 10651 10652 10654
f 10651 10654 10653
f 10655 10656 10658
f 10655 10658 10657
f 10659 10660 10662
f 10659 10662 10661
f 10663 10664 10666
f 10663 10666 10665
f 10667 10668 10670
f 10667 10670 10669
f 10671 10672 10674
f 10671 10674 10673
f 10675 10676 10678
f 10675 10678 10677
f 10679 10680 10682
f 10679 10682 10681
f 10683 10684 10686
f 10683 10686 10685
f 10687 10688 10690
f 10687 10690 10689
f 10691 10692 10694
f 10691 10694 10693
f 10695 10696 10698
f 10695 10698 10697
f 10699 10700 10702
f 10699 10702 10701
o r862468753_footway
v 229.25 0.05 258.62
v 230.51 0.05 257.82
v 209.89 0.05 228.19
v 211.13 0.05 227.37
v 202.04 0.05 217.64
v 203.22 0.05 216.70
v 195.05 0.05 209.57
v 196.19 0.05 208.59
v 185.80 0.05 198.84
v 186.80 0.05 197.72
v 170.16 0.05 187.04
v 171.16 0.05 185.92
v 155.46 0.05 171.86
v 156.70 0.05 171.02
v 158.48 0.05 169.53
v 159.94 0.05 169.17
v 153.48 0.05 163.83
v 154.62 0.05 162.85
v 143.29 0.05 151.95
v 144.51 0.05 151.07
v 138.59 0.05 143.00
v 139.89 0.05 142.26
v 128.99 0.05 126.84
v 130.27 0.05 126.06
v 123.74 0.05 118.99
v 124.98 0.05 118.15
f 10709 10710 10712
f 10709 10712 10711
f 10713 10714 10716
f 10713 10716 10715
f 10717 10718 10720
f 10717 10720 10719
f 10721 10722 10724
f 10721 10724 10723
f 10725 10726 10728
f 10725 10728 10727
o r862468754_footway
v 129.16 0.05 110.95
v 129.92 0.05 112.25
v 132.38 0.05 109.05
v 133.14 0.05 110.35
v 134.60 0.05 107.75
v 135.10 0.05 109.17
v 138.46 0.05 106.90
v 138.78 0.05 108.36
f 10735 10736 10738
f 10735 10738 10737
o r862469473_cycleway
v 391.88 0.05 27.60
v 393.16 0.05 26.82
v 386.26 0.05 18.33
v 387.54 0.05 17.55
v 380.35 0.05 8.51
v 381.63 0.05 7.73
o r885213314_footway
v 181.37 0.05 -252.77
v 180.39 0.05 -251.63
v 182.81 0.05 -251.53
v 181.83 0.05 -250.39
o r905518091_footway
v 230.77 0.05 -305.78
v 231.77 0.05 -306.90
v 229.11 0.05 -307.25
v 230.11 0.05 -308.37
o r905518092_footway
v 231.72 0.05 -305.98
v 232.86 0.05 -305.00
v 233.85 0.05 -308.42
v 234.99 0.05 -307.44
o r905518093_footway
v 248.30 0.05 -321.35
v 247.30 0.05 -322.47
v 246.00 0.05 -319.32
v 245.00 0.05 -320.44
o r905518094_footway
v 246.87 0.05 -323.70
v 247.37 0.05 -325.12
v 244.79 0.05 -324.42
v 245.29 0.05 -325.84
o r905531042_footway
v 295.20 0.05 -379.09
v 296.16 0.05 -380.25
v 293.71 0.05 -380.32
v 294.67 0.05 -381.48
o r931036126_service
v -442.65 0.05 -269.07
v -446.65 0.05 -269.09
v -443.26 0.05 -264.94
v -446.08 0.05 -262.10
v -408.66 0.05 -235.95
v -410.90 0.05 -232.63
v -403.57 0.05 -237.02
v -402.05 0.05 -233.32
v -401.09 0.05 -239.69
v -397.85 0.05 -237.35
v -398.27 0.05 -244.87
v -395.07 0.05 -242.47
v -392.64 0.05 -250.98
v -389.70 0.05 -248.26
f 10773 10774 10776
f 10773 10776 10775
f 10777 10778 10780
f 10777 10780 10779
o r934499087_footway
v -37.08 0.05 127.37
v -37.10 0.05 128.87
v -16.83 0.05 127.55
v -16.71 0.05 129.05
v -16.82 0.05 127.29
v -16.68 0.05 125.79
v -37.08 0.05 127.10
v -37.06 0.05 125.60
v -41.30 0.05 127.00
v -41.84 0.05 125.60
v -41.31 0.05 127.38
v -41.87 0.05 128.76
v -37.08 0.05 127.37
v -37.10 0.05 128.87
f 10787 10788 10790
f 10787 10790 10789
f 10791 10792 10794
f 10791 10794 10793
o r946163908_service
v 300.20 0.05 -200.99
v 297.48 0.05 -198.05
v 306.03 0.05 -195.49
v 302.67 0.05 -193.33
v 352.14 0.05 -120.39
v 348.76 0.05 -118.25
v 357.73 0.05 -114.31
v 354.77 0.05 -111.61
f 10801 10802 10804
f 10801 10804 10803
o r952437204_footway
v -363.47 0.05 -438.81
v -364.91 0.05 -439.25
v -363.87 0.05 -437.73
v -365.01 0.05 -438.71
v -388.96 0.05 -408.86
v -390.10 0.05 -409.84
v -414.62 0.05 -379.35
v -415.74 0.05 -380.35
v -415.92 0.05 -378.57
v -416.66 0.05 -379.87
f 10809 10810 10812
f 10809 10812 10811
o r962621943_primary
v 391.76 0.05 -307.18
v 398.16 0.05 -314.86
v 384.82 0.05 -312.96
v 391.20 0.05 -320.66
v 357.96 0.05 -335.19
v 364.34 0.05 -342.89
o r963222553_unclassified
v 219.99 0.05 266.55
v 222.65 0.05 270.79
v 230.73 0.05 259.80
v 233.37 0.05 264.04
v 235.03 0.05 257.18
v 237.63 0.05 261.46
o r975886373_footway
v 196.59 0.05 130.57
v 195.31 0.05 131.35
v 196.47 0.05 130.80
v 196.13 0.05 132.26
v 204.37 0.05 132.21
v 204.53 0.05 133.71
v 204.30 0.05 130.72
v 205.76 0.05 130.40
v 202.66 0.05 128.28
v 204.04 0.05 127.68
v 203.02 0.05 126.67
v 204.10 0.05 127.71
v 204.50 0.05 125.71
v 205.30 0.05 126.99
f 10831 10832 10834
f 10831 10834 10833
f 10835 10836 10838
f 10835 10838 10837
o r987640822_primary
v 457.50 0.05 -211.07
v 466.00 0.05 -216.33
v 417.77 0.05 -275.19
v 426.27 0.05 -280.45
o r992305943_cycleway
v 821.91 0.05 372.54
v 822.95 0.05 371.46
v 813.45 0.05 364.27
v 814.69 0.05 363.41
v 786.75 0.05 321.62
v 788.05 0.05 320.88
v 781.62 0.05 308.15
v 782.98 0.05 307.51
v 777.31 0.05 301.29
v 778.59 0.05 300.49
v 770.83 0.05 290.89
v 772.11 0.05 290.09
v 734.75 0.05 233.15
v 736.03 0.05 232.35
v 728.45 0.05 223.10
v 729.73 0.05 222.30
v 722.78 0.05 213.99
v 724.06 0.05 213.19
v 684.41 0.05 152.56
v 685.69 0.05 151.76
v 679.48 0.05 144.75
v 680.76 0.05 143.95
v 673.28 0.05 134.75
v 674.56 0.05 133.95
v 615.94 0.05 43.01
v 617.22 0.05 42.21
v 610.89 0.05 35.02
v 612.17 0.05 34.22
v 604.42 0.05 24.58
v 605.70 0.05 23.78
v 546.04 0.05 -68.82
v 547.32 0.05 -69.62
v 541.17 0.05 -76.54
v 542.45 0.05 -77.34
v 534.94 0.05 -86.58
v 536.22 0.05 -87.38
v 480.35 0.05 -173.91
v 481.63 0.05 -174.71
v 473.34 0.05 -185.05
v 474.62 0.05 -185.85
v 466.58 0.05 -195.86
v 467.84 0.05 -196.66
v 409.85 0.05 -285.99
v 411.11 0.05 -286.79
v 405.17 0.05 -293.43
v 406.23 0.05 -294.49
v 390.15 0.05 -305.67
v 391.11 0.05 -306.83
v 382.93 0.05 -311.84
v 383.91 0.05 -312.98
v 299.72 0.05 -382.92
v 300.70 0.05 -384.06
v 292.50 0.05 -389.06
v 293.48 0.05 -390.20
v 284.67 0.05 -395.82
v 285.65 0.05 -396.96
v 248.95 0.05 -426.61
v 249.93 0.05 -427.75
v 221.74 0.05 -450.08
v 222.72 0.05 -451.22
v 205.80 0.05 -463.83
v 206.80 0.05 -464.95
v 202.05 0.05 -467.67
v 203.13 0.05 -468.71
v 200.66 0.05 -469.10
v 201.74 0.05 -470.14
f 10849 10850 10852
f 10849 10852 10851
f 10853 10854 10856
f 10853 10856 10855
f 10857 10858 10860
f 10857 10860 10859
f 10861 10862 10864
f 10861 10864 10863
f 10865 10866 10868
f 10865 10868 10867
f 10869 10870 10872
f 10869 10872 10871
f 10873 10874 10876
f 10873 10876 10875
f 10877 10878 10880
f 10877 10880 10879
f 10881 10882 10884
f 10881 10884 10883
f 10885 10886 10888
f 10885 10888 10887
f 10889 10890 10892
f 10889 10892 10891
f 10893 10894 10896
f 10893 10896 10895
f 10897 10898 10900
f 10897 10900 10899
f 10901 10902 10904
f 10901 10904 10903
f 10905 10906 10908
f 10905 10908 10907
o r1020457465_primary
v -191.13 0.05 -231.25
v -183.51 0.05 -237.73
v -197.27 0.05 -238.48
v -189.53 0.05 -244.82
v -203.32 0.05 -246.16
v -195.00 0.05 -251.72
v -208.87 0.05 -255.84
v -200.09 0.05 -260.62
v -213.66 0.05 -265.12
v -204.56 0.05 -269.26
v -217.40 0.05 -274.58
v -207.98 0.05 -277.94
v -221.16 0.05 -286.14
v -211.60 0.05 -289.08
v -224.59 0.05 -297.93
v -214.95 0.05 -300.59
v -227.00 0.05 -307.29
v -217.36 0.05 -309.93
v -227.58 0.05 -308.95
v -218.16 0.05 -312.31
v -230.00 0.05 -315.65
v -220.68 0.05 -319.25
v -231.94 0.05 -320.26
v -222.90 0.05 -324.54
v -234.02 0.05 -324.14
v -225.26 0.05 -328.94
v -235.87 0.05 -327.41
v -227.15 0.05 -332.31
f 10915 10916 10918
f 10915 10918 10917
f 10919 10920 10922
f 10919 10922 10921
f 10923 10924 10926
f 10923 10926 10925
f 10927 10928 10930
f 10927 10930 10929
f 10931 10932 10934
f 10931 10934 10933
f 10935 10936 10938
f 10935 10938 10937
o r1020457466_primary
v -5.16 0.05 -45.65
v -13.32 0.05 -39.87
v 40.76 0.05 19.32
v 32.60 0.05 25.10
o r1020457467_primary
v 115.10 0.05 124.12
v 105.12 0.05 124.80
v 115.43 0.05 132.22
v 106.07 0.05 135.76
v 122.65 0.05 143.78
v 114.27 0.05 149.24
v 130.97 0.05 155.84
v 122.93 0.05 161.80
v 142.23 0.05 170.22
v 134.47 0.05 176.52
v 151.57 0.05 181.20
v 144.13 0.05 187.88
v 160.78 0.05 190.84
v 153.56 0.05 197.76
v 162.79 0.05 192.93
v 155.73 0.05 200.01
v 170.03 0.05 200.05
v 162.99 0.05 207.15
v 186.32 0.05 216.24
v 179.60 0.05 223.64
v 196.82 0.05 224.35
v 190.70 0.05 232.25
f 10947 10948 10950
f 10947 10950 10949
f 10951 10952 10954
f 10951 10954 10953
f 10955 10956 10958
f 10955 10958 10957
f 10959 10960 10962
f 10959 10962 10961
o r1021299080_cycleway
v -321.21 0.05 -203.68
v -322.19 0.05 -202.54
v -305.94 0.05 -190.39
v -306.92 0.05 -189.25
v -280.43 0.05 -168.16
v -281.41 0.05 -167.02
o r1027523805_secondary
v 304.55 0.05 87.28
v 311.57 0.05 83.44
v 304.14 0.05 86.53
v 310.96 0.05 82.33
v 296.69 0.05 74.52
v 303.49 0.05 70.30
o r1027523806_secondary
v 296.68 0.05 74.49
v 303.50 0.05 70.33
v 291.85 0.05 66.59
v 298.65 0.05 62.37
v 286.44 0.05 57.97
v 293.22 0.05 53.71
o r1027523807_pedestrian
v 299.05 0.05 70.70
v 301.13 0.05 74.12
v 308.46 0.05 64.95
v 310.54 0.05 68.37
o r1027523808_service
v 301.75 0.05 73.53
v 298.43 0.05 71.29
v 294.62 0.05 84.12
v 291.44 0.05 81.68
v 291.78 0.05 86.37
v 289.40 0.05 83.15
v 290.09 0.05 87.56
v 287.79 0.05 84.28
f 10991 10992 10994
f 10991 10994 10993
o r1027523809_service
v 275.47 0.05 125.99
v 272.07 0.05 128.09
v 283.65 0.05 139.19
v 280.25 0.05 141.29
o r1027523810_unclassified
v 188.13 0.05 -77.97
v 191.89 0.05 -74.67
v 189.08 0.05 -79.06
v 192.90 0.05 -75.82
v 199.44 0.05 -91.29
v 203.26 0.05 -88.05
o r1027523811_tertiary
v 93.14 0.05 -164.80
v 98.50 0.05 -160.28
v 94.75 0.05 -166.70
v 100.21 0.05 -162.32
v 101.79 0.05 -175.61
v 107.29 0.05 -171.27
o r1027523812_tertiary
v 155.85 0.05 -239.30
v 161.15 0.05 -234.72
v 157.49 0.05 -241.19
v 162.77 0.05 -236.61
v 164.05 0.05 -248.75
v 169.33 0.05 -244.17
o r1027523813_unclassified
v 171.23 0.05 3.06
v 168.47 0.05 -1.12
v 169.57 0.05 4.15
v 166.95 0.05 -0.11
v 163.63 0.05 7.70
v 161.07 0.05 3.42
o r1027523814_service
v 263.84 0.05 104.13
v 261.38 0.05 100.99
v 261.05 0.05 106.32
v 258.59 0.05 103.18
o r1027523815_footway
v 381.57 0.05 302.51
v 382.85 0.05 301.71
v 378.86 0.05 298.18
v 380.14 0.05 297.38
v 378.14 0.05 297.03
v 379.42 0.05 296.23
v 368.15 0.05 280.89
v 369.43 0.05 280.11
f 11031 11032 11034
f 11031 11034 11033
o r1027523816_steps
v 403.86 0.05 338.87
v 405.14 0.05 338.09
v 402.29 0.05 336.33
v 403.57 0.05 335.55
o r1027523817_footway
v 405.87 0.05 342.12
v 407.15 0.05 341.32
v 403.86 0.05 338.88
v 405.14 0.05 338.08
o r1027523818_steps
v 407.67 0.05 345.02
v 408.95 0.05 344.24
v 405.87 0.05 342.11
v 407.15 0.05 341.33
o r1027523821_steps
v 434.83 0.05 389.07
v 436.11 0.05 388.29
v 430.55 0.05 382.08
v 431.83 0.05 381.30
o r1027523822_footway
v 423.76 0.05 373.82
v 422.94 0.05 372.56
v 417.36 0.05 378.04
v 416.54 0.05 376.78
o r1027523823_footway
v 436.26 0.05 365.50
v 435.42 0.05 364.26
v 427.87 0.05 371.09
v 427.03 0.05 369.85
o r1027523824_footway
v 430.55 0.05 382.08
v 431.83 0.05 381.30
v 427.58 0.05 377.25
v 428.86 0.05 376.47
o r1027523825_steps
v 427.58 0.05 377.26
v 428.86 0.05 376.46
v 426.36 0.05 375.30
v 427.64 0.05 374.50
o r1027523826_footway
v 409.14 0.05 347.40
v 410.42 0.05 346.62
v 407.67 0.05 345.02
v 408.95 0.05 344.24
o r1027523827_steps
v 410.07 0.05 348.91
v 411.35 0.05 348.11
v 409.14 0.05 347.41
v 410.42 0.05 346.61
o r1027523828_unclassified
v 321.44 0.05 209.54
v 324.02 0.05 213.82
v 323.95 0.05 208.02
v 326.53 0.05 212.30
o r1027523829_service
v 338.91 0.05 211.99
v 337.07 0.05 215.53
v 339.44 0.05 212.71
v 340.08 0.05 216.65
v 343.47 0.05 210.93
v 345.29 0.05 214.49
v 348.46 0.05 208.04
v 350.76 0.05 211.32
v 350.69 0.05 206.13
v 354.23 0.05 207.99
v 350.02 0.05 205.77
v 353.88 0.05 204.69
f 11083 11084 11086
f 11083 11086 11085
f 11087 11088 11090
f 11087 11090 11089
o r1027523830_service
v 350.25 0.05 206.28
v 353.65 0.05 204.18
v 348.96 0.05 204.20
v 352.34 0.05 202.06
v 345.23 0.05 198.38
v 348.59 0.05 196.22
o r1027523831_service
v 334.62 0.05 204.67
v 331.24 0.05 206.83
v 338.42 0.05 210.64
v 335.04 0.05 212.78
v 339.69 0.05 212.71
v 336.29 0.05 214.81
o r1027523832_unclassified
v 369.98 0.05 186.39
v 367.42 0.05 182.09
v 358.71 0.05 193.12
v 356.15 0.05 188.82
v 357.21 0.05 194.00
v 354.67 0.05 189.70
o r1027523833_footway
v 258.64 0.05 107.49
v 259.44 0.05 108.77
v 260.72 0.05 106.20
v 261.52 0.05 107.46
v 263.65 0.05 104.33
v 264.45 0.05 105.59
o r1027523834_footway
v 259.43 0.05 108.77
v 258.65 0.05 107.49
v 247.30 0.05 116.21
v 246.52 0.05 114.93
o r1027523835_footway
v 263.68 0.05 104.31
v 264.42 0.05 105.61
v 265.49 0.05 103.30
v 266.23 0.05 104.60
o r1027523836_steps
v 222.10 0.05 121.25
v 222.86 0.05 122.55
v 223.28 0.05 120.56
v 224.04 0.05 121.86
o r1027523837_footway
v 223.29 0.05 120.56
v 224.03 0.05 121.86
v 225.95 0.05 119.67
v 224.91 0.05 120.75
v 229.66 0.05 125.87
v 228.54 0.05 126.87
v 229.90 0.05 124.95
v 230.72 0.05 126.21
f 11131 11132 11134
f 11131 11134 11133
o r1027523838_steps
v 229.92 0.05 124.94
v 230.70 0.05 126.22
v 236.06 0.05 121.19
v 236.84 0.05 122.47
o r1027523839_footway
v 236.05 0.05 121.19
v 236.85 0.05 122.47
v 237.44 0.05 120.60
v 238.90 0.05 120.90
v 236.41 0.05 119.35
v 237.69 0.05 118.55
o r1027523840_steps
v 236.40 0.05 119.33
v 237.70 0.05 118.57
v 233.45 0.05 114.34
v 234.75 0.05 113.58
o r1027523841_footway
v 233.47 0.05 114.37
v 234.73 0.05 113.55
v 232.37 0.05 112.10
v 233.75 0.05 112.68
v 235.46 0.05 110.09
v 235.40 0.05 111.59
v 237.16 0.05 112.14
v 235.90 0.05 112.96
f 11153 11154 11156
f 11153 11156 11155
o r1027523842_steps
v 237.17 0.05 112.16
v 235.89 0.05 112.94
v 238.68 0.05 114.66
v 237.40 0.05 115.44
o r1027523843_footway
v 238.68 0.05 114.65
v 237.40 0.05 115.45
v 238.84 0.05 115.60
v 238.86 0.05 117.10
v 240.50 0.05 114.64
v 241.82 0.05 115.34
v 239.66 0.05 114.01
v 240.94 0.05 113.21
f 11165 11166 11168
f 11165 11168 11167
o r1027523844_steps
v 239.67 0.05 114.02
v 240.93 0.05 113.20
v 238.45 0.05 112.14
v 239.71 0.05 111.32
o r1027523845_footway
v 238.45 0.05 112.14
v 239.71 0.05 111.32
v 237.93 0.05 110.26
v 238.99 0.05 111.32
v 242.77 0.05 107.75
v 242.07 0.05 109.09
v 247.18 0.05 114.59
v 245.92 0.05 115.39
f 11177 11178 11180
f 11177 11180 11179
o r1027523846_footway
v 247.19 0.05 114.59
v 245.91 0.05 115.39
v 247.55 0.05 115.17
v 246.27 0.05 115.97
o r1027523847_tertiary
v 23.23 0.05 -96.42
v 26.51 0.05 -90.24
v 27.56 0.05 -98.72
v 30.84 0.05 -92.54
o r1027523848_pedestrian
v 213.99 0.05 51.00
v 216.91 0.05 53.72
v 218.49 0.05 46.16
v 221.41 0.05 48.88
v 219.25 0.05 45.33
v 222.19 0.05 48.05
o r1027523849_pedestrian
v 183.47 0.05 -13.97
v 186.85 0.05 -16.09
v 182.47 0.05 -15.56
v 185.83 0.05 -17.72
v 167.44 0.05 -39.03
v 170.82 0.05 -41.17
v 166.37 0.05 -40.86
v 169.81 0.05 -42.88
f 11199 11200 11202
f 11199 11202 11201
o r1027523850_pedestrian
v 189.56 0.05 -2.89
v 193.08 0.05 -4.79
v 186.17 0.05 -9.21
v 189.67 0.05 -11.13
v 183.42 0.05 -14.04
v 186.90 0.05 -16.02
o r1027523851_pedestrian
v 166.16 0.05 -41.36
v 170.02 0.05 -42.38
v 164.38 0.05 -48.01
v 168.24 0.05 -49.09
v 161.99 0.05 -56.18
v 165.83 0.05 -57.30
o r1027523853_pedestrian
v 77.59 0.05 -128.18
v 80.25 0.05 -131.16
v 76.86 0.05 -128.82
v 79.52 0.05 -131.82
v 70.53 0.05 -134.44
v 73.19 0.05 -137.44
o r1027523856_footway
v 215.10 0.05 112.21
v 215.90 0.05 113.47
v 216.07 0.05 111.60
v 216.87 0.05 112.86
o r1034713812_service
v 160.01 0.05 -217.20
v 157.01 0.05 -219.84
v 151.91 0.05 -208.02
v 148.91 0.05 -210.66
o r1034713813_service
v 150.40 0.05 -227.71
v 147.90 0.05 -224.59
v 156.73 0.05 -222.61
v 154.21 0.05 -219.51
v 157.68 0.05 -220.34
v 159.34 0.05 -216.70
v 163.74 0.05 -226.86
v 166.62 0.05 -224.10
f 11233 11234 11236
f 11233 11236 11235
o r1047597838_footway
v -95.47 0.05 -108.51
v -95.63 0.05 -110.01
v -99.51 0.05 -108.25
v -98.67 0.05 -109.49
v -115.07 0.05 -121.59
v -114.09 0.05 -122.73
o r1049841835_secondary
v 321.66 0.05 -87.36
v 317.52 0.05 -94.20
v 314.15 0.05 -82.81
v 310.01 0.05 -89.65
o r1051018539_service
v 168.97 0.05 -444.08
v 166.37 0.05 -441.04
v 174.90 0.05 -439.02
v 172.28 0.05 -436.00
v 224.21 0.05 -396.45
v 221.59 0.05 -393.43
v 237.31 0.05 -385.17
v 234.69 0.05 -382.13
v 251.46 0.05 -372.97
v 248.86 0.05 -369.93
v 260.43 0.05 -365.27
v 257.81 0.05 -362.23
v 266.67 0.05 -359.87
v 264.05 0.05 -356.85
f 11251 11252 11254
f 11251 11254 11253
f 11255 11256 11258
f 11255 11258 11257
o r1070101854_service
v 338.88 0.05 48.84
v 342.28 0.05 46.74
v 335.70 0.05 43.67
v 339.10 0.05 41.57
v 309.87 0.05 1.83
v 313.27 0.05 -0.27
v 300.76 0.05 -12.93
v 304.16 0.05 -15.03
v 275.52 0.05 -53.86
v 278.92 0.05 -55.96
v 271.02 0.05 -61.12
v 274.42 0.05 -63.22
f 11265 11266 11268
f 11265 11268 11267
f 11269 11270 11272
f 11269 11272 11271
o r1070101855_pedestrian
v 308.50 0.05 64.93
v 310.50 0.05 68.39
v 309.67 0.05 64.25
v 311.75 0.05 67.67
v 339.54 0.05 46.08
v 341.62 0.05 49.50
o r1070101856_service
v 358.84 0.05 81.19
v 362.24 0.05 79.09
v 343.13 0.05 55.72
v 346.53 0.05 53.62
v 338.88 0.05 48.84
v 342.28 0.05 46.74
o r1097887008_tertiary
v 290.70 0.05 380.03
v 294.40 0.05 385.97
v 301.31 0.05 373.41
v 304.99 0.05 379.37
v 305.37 0.05 370.96
v 308.99 0.05 376.96
o r1098702182_service
v -491.21 0.05 -218.14
v -493.07 0.05 -214.60
v -476.75 0.05 -210.56
v -479.15 0.05 -207.36
v -451.97 0.05 -188.78
v -454.71 0.05 -185.88
v -447.40 0.05 -182.82
v -450.20 0.05 -179.96
v -429.90 0.05 -167.08
v -432.68 0.05 -164.20
v -424.73 0.05 -160.80
v -427.99 0.05 -158.50
v -420.84 0.05 -154.29
v -424.32 0.05 -152.31
v -418.81 0.05 -150.46
v -422.13 0.05 -148.24
v -415.79 0.05 -146.62
v -418.41 0.05 -143.60
v -219.08 0.05 21.73
v -221.68 0.05 24.77
f 11295 11296 11298
f 11295 11298 11297
f 11299 11300 11302
f 11299 11302 11301
f 11303 11304 11306
f 11303 11306 11305
f 11307 11308 11310
f 11307 11310 11309
o r1120881010_steps
v 246.84 0.05 262.37
v 246.06 0.05 261.09
v 237.90 0.05 267.82
v 237.12 0.05 266.54
v 236.58 0.05 268.62
v 235.80 0.05 267.34
o r1120881861_footway
v 247.09 0.05 261.34
v 245.81 0.05 262.12
v 249.30 0.05 264.92
v 248.02 0.05 265.70
o r1120881862_footway
v 249.05 0.05 265.95
v 248.27 0.05 264.67
v 239.03 0.05 271.96
v 238.25 0.05 270.68
o r1122308766_secondary
v 450.93 0.05 -166.58
v 446.73 0.05 -173.40
v 426.42 0.05 -151.51
v 422.22 0.05 -158.33
o r1123332300_primary
v 354.34 0.05 -27.98
v 345.84 0.05 -22.70
v 364.88 0.05 -11.01
v 356.40 0.05 -5.73
v 378.05 0.05 10.12
v 369.57 0.05 15.40
v 384.61 0.05 20.67
v 376.11 0.05 25.95
f 11333 11334 11336
f 11333 11336 11335
o r1137372695_primary
v 40.65 0.05 19.17
v 32.71 0.05 25.25
v 61.93 0.05 46.94
v 53.93 0.05 52.94
v 73.95 0.05 63.66
v 65.83 0.05 69.50
v 75.32 0.05 65.52
v 67.20 0.05 71.36
v 83.75 0.05 77.25
v 75.63 0.05 83.09
f 11341 11342 11344
f 11341 11344 11343
o r1147485309_footway
v -416.31 0.05 -378.47
v -416.27 0.05 -379.97
v -418.03 0.05 -378.69
v -417.05 0.05 -379.83
v -473.64 0.05 -427.47
v -472.64 0.05 -428.59
v -474.58 0.05 -429.21
v -473.24 0.05 -429.89
f 11351 11352 11354
f 11351 11354 11353
o r1147485310_pedestrian
v -407.99 0.05 -348.68
v -410.97 0.05 -351.36
v -431.34 0.05 -322.87
v -433.26 0.05 -326.39
v -443.38 0.05 -330.61
v -440.94 0.05 -333.77
v -444.56 0.05 -334.19
v -441.50 0.05 -331.63
v -421.06 0.05 -360.46
v -418.64 0.05 -357.28
v -413.46 0.05 -356.05
v -416.06 0.05 -353.01
v -408.18 0.05 -351.54
v -410.78 0.05 -348.50
f 11359 11360 11362
f 11359 11362 11361
f 11363 11364 11366
f 11363 11366 11365
o r1147485311_footway
v -434.08 0.05 -322.93
v -433.14 0.05 -324.09
v -443.53 0.05 -330.56
v -442.47 0.05 -331.62
v -442.76 0.05 -332.65
v -441.56 0.05 -331.73
o r1147495868_cycleway
v -512.91 0.05 -361.87
v -513.81 0.05 -360.67
v -474.99 0.05 -333.86
v -475.91 0.05 -332.68
v -428.19 0.05 -295.62
v -429.15 0.05 -294.48
v -381.78 0.05 -255.36
v -382.76 0.05 -254.22
v -369.66 0.05 -244.82
v -370.64 0.05 -243.68
f 11379 11380 11382
f 11379 11382 11381
o r1147495869_path
v -271.91 0.05 -126.05
v -272.39 0.05 -127.47
v -278.58 0.05 -123.75
v -279.00 0.05 -125.19
v -284.65 0.05 -122.34
v -284.89 0.05 -123.82
v -289.21 0.05 -121.97
v -289.25 0.05 -123.47
v -294.48 0.05 -122.13
v -294.32 0.05 -123.63
v -299.18 0.05 -123.00
v -298.76 0.05 -124.44
v -303.82 0.05 -124.90
v -303.16 0.05 -126.26
v -308.43 0.05 -127.45
v -307.65 0.05 -128.73
v -312.64 0.05 -130.33
v -311.90 0.05 -131.63
v -317.74 0.05 -132.68
v -317.20 0.05 -134.08
v -321.74 0.05 -133.83
v -321.52 0.05 -135.31
v -328.11 0.05 -134.18
v -328.11 0.05 -135.68
v -332.57 0.05 -133.88
v -332.79 0.05 -135.36
v -338.80 0.05 -132.57
v -339.28 0.05 -133.99
v -343.03 0.05 -130.37
v -344.03 0.05 -131.49
v -350.69 0.05 -121.90
v -351.81 0.05 -122.90
f 11389 11390 11392
f 11389 11392 11391
f 11393 11394 11396
f 11393 11396 11395
f 11397 11398 11400
f 11397 11400 11399
f 11401 11402 11404
f 11401 11404 11403
f 11405 11406 11408
f 11405 11408 11407
f 11409 11410 11412
f 11409 11412 11411
f 11413 11414 11416
f 11413 11416 11415
o r1147495870_footway
v -335.84 0.05 -175.75
v -336.80 0.05 -174.59
v -332.77 0.05 -173.19
v -333.73 0.05 -172.03
o r1147495871_footway
v -309.02 0.05 -158.49
v -310.12 0.05 -159.51
v -311.37 0.05 -156.21
v -311.51 0.05 -157.71
v -332.77 0.05 -156.21
v -332.77 0.05 -157.71
o r1147495873_footway
v -358.22 0.05 -180.02
v -359.20 0.05 -178.90
v -340.56 0.05 -164.54
v -341.54 0.05 -163.42
o r1147495874_footway
v -346.45 0.05 -184.14
v -347.55 0.05 -185.16
v -349.47 0.05 -181.36
v -349.23 0.05 -182.84
v -358.13 0.05 -185.76
v -357.45 0.05 -187.10
o r1147495877_footway
v -378.18 0.05 -141.37
v -377.06 0.05 -140.39
v -375.62 0.05 -144.23
v -374.94 0.05 -142.89
v -372.87 0.05 -144.10
v -371.95 0.05 -142.92
v -365.40 0.05 -152.30
v -364.30 0.05 -151.28
v -362.31 0.05 -155.51
v -360.83 0.05 -155.27
v -362.20 0.05 -171.39
v -360.90 0.05 -172.13
v -374.13 0.05 -176.10
v -373.57 0.05 -177.48
f 11441 11442 11444
f 11441 11444 11443
f 11445 11446 11448
f 11445 11448 11447
o r1147495878_footway
v -371.00 0.05 -205.85
v -370.12 0.05 -207.07
v -374.00 0.05 -208.02
v -373.12 0.05 -209.24
o r1147495879_footway
v -261.35 0.05 -141.31
v -260.19 0.05 -140.35
v -259.24 0.05 -143.85
v -258.10 0.05 -142.87
v -256.68 0.05 -146.79
v -255.54 0.05 -145.83
v -253.99 0.05 -150.05
v -252.83 0.05 -149.09
f 11459 11460 11462
f 11459 11462 11461
o r1147495880_footway
v -270.96 0.05 -153.94
v -269.82 0.05 -152.98
v -265.59 0.05 -160.28
v -264.45 0.05 -159.32
o r1147514022_footway
v -203.31 0.05 -423.84
v -204.45 0.05 -424.82
v -225.73 0.05 -397.63
v -226.87 0.05 -398.61
v -226.94 0.05 -396.61
v -227.90 0.05 -397.75
v -229.77 0.05 -394.23
v -230.89 0.05 -395.23
v -253.56 0.05 -366.66
v -254.70 0.05 -367.64
f 11471 11472 11474
f 11471 11474 11473
o r1149342983_footway
v -104.78 0.05 -341.37
v -106.16 0.05 -341.95
v -105.75 0.05 -339.15
v -106.89 0.05 -340.11
v -128.72 0.05 -312.98
v -129.84 0.05 -313.98
v -130.00 0.05 -312.18
v -130.76 0.05 -313.48
v -132.32 0.05 -310.86
v -133.42 0.05 -311.88
v -156.89 0.05 -282.77
v -158.01 0.05 -283.75
f 11481 11482 11484
f 11481 11484 11483
f 11485 11486 11488
f 11485 11488 11487
o r1149342984_footway
v -145.33 0.05 -269.99
v -144.27 0.05 -268.93
v -143.83 0.05 -271.50
v -142.77 0.05 -270.44
o r1149342985_footway
v -144.99 0.05 -273.78
v -145.61 0.05 -272.42
v -142.89 0.05 -272.81
v -143.51 0.05 -271.45
o r1149790612_footway
v -153.20 0.05 -62.17
v -152.08 0.05 -61.19
v -140.25 0.05 -76.98
v -139.13 0.05 -76.00
o r1149790613_footway
v -7.41 0.05 -256.61
v -8.87 0.05 -256.93
v -7.88 0.05 -254.87
v -9.04 0.05 -255.83
v -32.02 0.05 -227.07
v -33.16 0.05 -228.05
v -57.37 0.05 -197.89
v -58.47 0.05 -198.91
v -59.33 0.05 -197.44
v -59.55 0.05 -198.92
f 11505 11506 11508
f 11505 11508 11507
o r1149790615_footway
v -145.84 0.05 -89.90
v -146.80 0.05 -88.74
v -144.03 0.05 -87.64
v -145.37 0.05 -88.30
v -148.71 0.05 -82.83
v -149.77 0.05 -83.89
o r1149790616_footway
v -149.31 0.05 -84.11
v -149.17 0.05 -82.61
v -146.27 0.05 -84.39
v -146.07 0.05 -82.91
v -144.99 0.05 -84.69
v -144.45 0.05 -83.29
v -143.86 0.05 -85.33
v -143.12 0.05 -84.03
f 11521 11522 11524
f 11521 11524 11523
o r1149790617_steps
v -144.05 0.05 -85.18
v -142.93 0.05 -84.18
v -141.72 0.05 -87.65
v -140.28 0.05 -87.25
v -142.08 0.05 -88.00
v -142.68 0.05 -89.38
v -144.24 0.05 -85.29
v -145.40 0.05 -86.25
f 11529 11530 11532
f 11529 11532 11531
o r1149803562_footway
v 71.74 0.05 -345.97
v 70.76 0.05 -344.83
v 74.23 0.05 -343.83
v 73.25 0.05 -342.69
o r1149803563_footway
v 68.90 0.05 -343.84
v 70.02 0.05 -342.86
v 70.69 0.05 -345.89
v 71.81 0.05 -344.91
o r1149827264_footway
v 90.54 0.05 -171.89
v 89.04 0.05 -171.97
v 90.31 0.05 -170.58
v 89.17 0.05 -171.56
v 38.69 0.05 -111.51
v 37.57 0.05 -112.49
v 36.61 0.05 -109.13
v 35.51 0.05 -110.15
v 33.91 0.05 -106.39
v 32.93 0.05 -107.53
v 31.46 0.05 -104.76
v 30.64 0.05 -106.02
f 11545 11546 11548
f 11545 11548 11547
f 11549 11550 11552
f 11549 11552 11551
o r1149827265_footway
v 35.79 0.05 -93.00
v 37.17 0.05 -93.60
v 33.62 0.05 -98.00
v 34.98 0.05 -98.62
v 30.92 0.05 -103.85
v 32.28 0.05 -104.47
o r1149827266_footway
v 30.92 0.05 -103.85
v 32.28 0.05 -104.47
v 30.37 0.05 -105.08
v 31.73 0.05 -105.70
o r1149827267_footway
v 36.87 0.05 -90.66
v 38.23 0.05 -91.28
v 35.80 0.05 -92.99
v 37.16 0.05 -93.61
o r1149827268_footway
v 166.24 0.05 -233.87
v 166.22 0.05 -232.37
v 167.32 0.05 -233.68
v 166.36 0.05 -232.54
v 191.59 0.05 -212.62
v 190.61 0.05 -211.48
v 251.52 0.05 -160.62
v 250.54 0.05 -159.48
f 11571 11572 11574
f 11571 11574 11573
o r1149827269_path
v -83.32 0.05 -2.76
v -84.30 0.05 -1.62
v -66.11 0.05 12.09
v -67.09 0.05 13.23
o r1149938369_footway
v 166.27 0.05 -233.60
v 167.41 0.05 -232.62
v 167.77 0.05 -235.33
v 168.91 0.05 -234.35
o r1149938370_footway
v 116.45 0.05 -175.51
v 117.95 0.05 -175.67
v 116.31 0.05 -176.92
v 117.81 0.05 -176.78
v 116.91 0.05 -179.01
v 118.05 0.05 -178.03
v 140.99 0.05 -205.95
v 142.11 0.05 -204.95
v 154.91 0.05 -221.56
v 156.03 0.05 -220.56
v 165.67 0.05 -233.62
v 166.79 0.05 -232.62
f 11587 11588 11590
f 11587 11590 11589
f 11591 11592 11594
f 11591 11594 11593
o r1150004574_footway
v 445.87 0.05 -380.09
v 444.75 0.05 -381.07
v 421.42 0.05 -352.18
v 420.30 0.05 -353.18
v 396.34 0.05 -324.21
v 395.22 0.05 -325.21
v 395.27 0.05 -322.97
v 394.13 0.05 -323.95
f 11599 11600 11602
f 11599 11602 11601
o r1150019718_footway
v 461.34 0.05 -238.63
v 462.62 0.05 -239.43
v 426.51 0.05 -294.14
v 427.79 0.05 -294.92
v 425.70 0.05 -297.12
v 427.16 0.05 -297.50
o r1150019719_footway
v 425.77 0.05 -297.67
v 427.09 0.05 -296.95
v 426.72 0.05 -299.18
v 427.52 0.05 -297.92
v 459.12 0.05 -319.02
v 459.90 0.05 -317.74
v 462.89 0.05 -321.33
v 463.67 0.05 -320.05
v 488.53 0.05 -337.08
v 489.31 0.05 -335.80
f 11613 11614 11616
f 11613 11616 11615
o r1150019720_footway
v 402.47 0.05 -150.95
v 402.85 0.05 -152.41
v 397.65 0.05 -152.35
v 398.79 0.05 -153.33
v 388.65 0.05 -166.92
v 389.93 0.05 -167.72
v 359.36 0.05 -213.94
v 360.64 0.05 -214.74
v 346.61 0.05 -233.87
v 347.91 0.05 -234.63
v 345.72 0.05 -237.15
v 347.20 0.05 -237.45
v 345.53 0.05 -239.21
v 347.03 0.05 -239.23
v 345.65 0.05 -240.48
v 347.15 0.05 -240.32
f 11623 11624 11626
f 11623 11626 11625
f 11627 11628 11630
f 11627 11630 11629
f 11631 11632 11634
f 11631 11634 11633
o r1150019721_footway
v 329.90 0.05 -222.45
v 328.90 0.05 -221.33
v 332.23 0.05 -220.32
v 330.97 0.05 -219.50
v 381.99 0.05 -141.96
v 380.71 0.05 -141.16
v 382.50 0.05 -139.58
v 381.02 0.05 -139.80
v 381.50 0.05 -137.64
v 380.18 0.05 -138.36
f 11639 11640 11642
f 11639 11642 11641
o r1150019722_footway
v 379.90 0.05 -308.59
v 378.58 0.05 -307.87
v 381.05 0.05 -306.05
v 379.59 0.05 -306.43
v 378.55 0.05 -302.92
v 377.43 0.05 -303.92
v 332.26 0.05 -250.57
v 331.14 0.05 -251.57
v 330.49 0.05 -249.68
v 330.15 0.05 -251.14
v 328.78 0.05 -249.61
v 328.20 0.05 -250.99
v 328.05 0.05 -248.72
v 326.95 0.05 -249.74
f 11649 11650 11652
f 11649 11652 11651
f 11653 11654 11656
f 11653 11656 11655
o r1150019723_footway
v 345.69 0.05 -240.64
v 347.11 0.05 -240.16
v 347.45 0.05 -245.64
v 348.65 0.05 -244.74
v 357.62 0.05 -256.54
v 358.70 0.05 -255.50
v 360.48 0.05 -258.92
v 361.28 0.05 -257.64
v 403.43 0.05 -285.17
v 404.21 0.05 -283.89
v 405.35 0.05 -285.64
v 405.25 0.05 -284.14
v 407.47 0.05 -285.04
v 407.05 0.05 -283.60
f 11663 11664 11666
f 11663 11666 11665
f 11667 11668 11670
f 11667 11670 11669
o r1150090249_footway
v 315.46 0.05 -230.96
v 314.32 0.05 -231.94
v 292.72 0.05 -204.86
v 291.58 0.05 -205.84
v 268.53 0.05 -177.14
v 267.41 0.05 -178.14
v 266.35 0.05 -175.54
v 265.47 0.05 -176.76
f 11677 11678 11680
f 11677 11680 11679
o r1150090250_footway
v 278.17 0.05 -164.69
v 279.55 0.05 -164.11
v 279.12 0.05 -166.89
v 280.26 0.05 -165.91
v 303.79 0.05 -194.91
v 304.91 0.05 -193.91
v 308.29 0.05 -200.02
v 309.41 0.05 -199.02
v 327.65 0.05 -222.01
v 328.75 0.05 -220.99
v 329.17 0.05 -222.60
v 329.63 0.05 -221.18
f 11685 11686 11688
f 11685 11688 11687
f 11689 11690 11692
f 11689 11692 11691
o r1150090251_footway
v 299.49 0.05 -89.01
v 298.09 0.05 -89.55
v 298.65 0.05 -87.21
v 297.83 0.05 -88.47
v 268.57 0.05 -68.90
v 267.79 0.05 -70.18
v 234.83 0.05 -48.40
v 234.05 0.05 -49.68
f 11697 11698 11700
f 11697 11700 11699
o r1150090252_footway
v 211.92 0.05 -90.69
v 213.06 0.05 -89.71
v 236.95 0.05 -119.59
v 238.09 0.05 -118.61
v 261.06 0.05 -147.44
v 262.18 0.05 -146.44
v 262.27 0.05 -148.05
v 262.89 0.05 -146.69
f 11705 11706 11708
f 11705 11708 11707
o r1150090253_footway
v 251.76 0.05 -160.24
v 250.30 0.05 -159.86
v 252.04 0.05 -158.46
v 250.68 0.05 -159.08
v 249.85 0.05 -155.76
v 248.73 0.05 -156.76
v 227.92 0.05 -131.21
v 226.80 0.05 -132.21
v 202.71 0.05 -102.98
v 201.59 0.05 -103.98
f 11713 11714 11716
f 11713 11716 11715
o r1150992309_footway
v 243.10 0.05 -32.86
v 244.50 0.05 -32.34
v 244.13 0.05 -35.23
v 244.97 0.05 -33.99
v 276.82 0.05 -55.55
v 277.62 0.05 -54.27
v 306.74 0.05 -74.13
v 307.52 0.05 -72.85
v 308.08 0.05 -74.47
v 308.40 0.05 -73.01
f 11723 11724 11726
f 11723 11726 11725
o r1150992310_footway
v 263.22 0.05 -147.77
v 261.94 0.05 -146.97
v 299.43 0.05 -89.68
v 298.15 0.05 -88.88
o r1150992311_footway
v 451.16 0.05 -29.17
v 452.44 0.05 -29.97
v 393.01 0.05 -123.04
v 394.27 0.05 -123.84
v 392.16 0.05 -123.46
v 392.46 0.05 -124.92
v 390.63 0.05 -123.33
v 390.53 0.05 -124.83
f 11737 11738 11740
f 11737 11740 11739
o r1150992312_footway
v 381.23 0.05 -137.36
v 380.45 0.05 -138.64
v 350.84 0.05 -118.68
v 350.06 0.05 -119.96
v 319.91 0.05 -99.68
v 319.19 0.05 -101.00
v 317.34 0.05 -100.87
v 318.14 0.05 -102.13
f 11745 11746 11748
f 11745 11748 11747
o r1150992313_footway
v 390.97 0.05 -123.44
v 390.19 0.05 -124.72
v 361.00 0.05 -105.10
v 360.22 0.05 -106.38
v 328.97 0.05 -85.50
v 328.19 0.05 -86.78
v 327.92 0.05 -84.83
v 327.12 0.05 -86.09
f 11753 11754 11756
f 11753 11756 11755
o r1151017634_footway
v 410.36 0.05 -135.29
v 411.56 0.05 -134.41
v 411.73 0.05 -137.07
v 412.53 0.05 -135.81
v 436.28 0.05 -151.88
v 437.06 0.05 -150.60
v 470.41 0.05 -172.94
v 471.19 0.05 -171.66
f 11761 11762 11764
f 11761 11764 11763
o r1151017635_footway
v 461.53 0.05 -187.17
v 460.75 0.05 -188.45
v 423.60 0.05 -163.70
v 422.82 0.05 -164.98
v 403.05 0.05 -151.04
v 402.27 0.05 -152.32
o r1151017638_footway
v 444.23 0.05 -227.56
v 442.97 0.05 -226.76
v 457.35 0.05 -206.84
v 456.09 0.05 -206.04
v 464.92 0.05 -194.86
v 463.60 0.05 -194.14
v 465.56 0.05 -191.75
v 464.08 0.05 -191.97
v 464.07 0.05 -188.77
v 462.95 0.05 -189.77
v 461.53 0.05 -187.17
v 460.75 0.05 -188.45
f 11775 11776 11778
f 11775 11778 11777
f 11779 11780 11782
f 11779 11782 11781
o r1151094975_footway
v 215.15 0.05 283.25
v 215.87 0.05 284.57
v 216.34 0.05 282.60
v 217.10 0.05 283.88
v 217.88 0.05 281.62
v 218.68 0.05 282.90
o r1151094976_steps
v 195.22 0.05 130.78
v 196.68 0.05 131.14
v 196.33 0.05 126.40
v 197.79 0.05 126.76
o r1151094977_steps
v 199.85 0.05 128.14
v 198.39 0.05 127.80
v 199.30 0.05 130.56
v 197.84 0.05 130.22
o r1151094978_footway
v 197.48 0.05 125.96
v 196.64 0.05 127.20
v 199.54 0.05 127.35
v 198.70 0.05 128.59
o r1151094979_footway
v 196.65 0.05 125.95
v 197.47 0.05 127.21
v 199.64 0.05 123.99
v 200.54 0.05 125.19
v 202.12 0.05 121.85
v 203.10 0.05 122.99
o r1151094980_footway
v 230.53 0.05 257.84
v 229.23 0.05 258.60
v 232.69 0.05 261.53
v 231.41 0.05 262.31
v 234.48 0.05 264.34
v 233.22 0.05 265.14
o r1151100349_footway
v 224.05 0.05 48.56
v 223.05 0.05 49.68
v 235.31 0.05 58.51
v 234.31 0.05 59.63
o r1151100350_footway
v 218.18 0.05 43.42
v 217.18 0.05 44.54
v 221.21 0.05 46.13
v 220.23 0.05 47.25
v 224.04 0.05 48.55
v 223.06 0.05 49.69
o r1151100351_footway
v 289.34 0.05 80.89
v 288.02 0.05 81.61
v 291.25 0.05 84.41
v 289.93 0.05 85.11
v 292.45 0.05 86.69
v 291.13 0.05 87.39
o r1151100352_footway
v 377.26 0.05 39.93
v 378.50 0.05 39.09
v 375.33 0.05 37.01
v 376.29 0.05 35.85
v 374.30 0.05 37.06
v 373.82 0.05 35.64
v 372.25 0.05 38.38
v 371.45 0.05 37.10
v 345.23 0.05 55.31
v 344.43 0.05 54.03
v 315.63 0.05 73.86
v 314.83 0.05 72.58
v 313.64 0.05 75.10
v 312.68 0.05 73.94
v 312.38 0.05 76.54
v 311.26 0.05 75.56
f 11833 11834 11836
f 11833 11836 11835
f 11837 11838 11840
f 11837 11840 11839
f 11841 11842 11844
f 11841 11844 11843
o r1151100353_footway
v 365.72 0.05 17.97
v 364.44 0.05 18.75
v 366.68 0.05 19.53
v 365.32 0.05 20.17
v 367.58 0.05 22.00
v 366.08 0.05 22.06
v 366.79 0.05 24.44
v 365.51 0.05 23.66
v 364.79 0.05 26.71
v 363.97 0.05 25.45
v 337.79 0.05 43.26
v 337.01 0.05 41.98
v 307.81 0.05 61.61
v 307.03 0.05 60.33
v 305.26 0.05 63.12
v 305.06 0.05 61.64
v 301.89 0.05 62.42
v 302.21 0.05 60.96
f 11849 11850 11852
f 11849 11852 11851
f 11853 11854 11856
f 11853 11856 11855
f 11857 11858 11860
f 11857 11860 11859
o r1151100355_footway
v 384.73 0.05 5.68
v 383.47 0.05 6.50
v 386.11 0.05 7.80
v 385.03 0.05 8.84
v 387.28 0.05 8.54
v 386.96 0.05 10.00
v 388.92 0.05 8.40
v 389.40 0.05 9.82
v 390.84 0.05 7.24
v 391.62 0.05 8.52
v 419.48 0.05 -10.47
v 420.26 0.05 -9.19
v 451.41 0.05 -30.21
v 452.19 0.05 -28.93
f 11867 11868 11870
f 11867 11870 11869
f 11871 11872 11874
f 11871 11874 11873
o r1151360857_footway
v 460.89 0.05 -15.28
v 460.11 0.05 -16.56
v 428.71 0.05 4.48
v 427.93 0.05 3.20
v 399.86 0.05 22.17
v 399.08 0.05 20.89
v 395.90 0.05 24.66
v 394.90 0.05 23.54
v 395.81 0.05 25.58
v 394.35 0.05 25.22
f 11881 11882 11884
f 11881 11884 11883
o r1151395985_footway
v 283.06 0.05 247.48
v 282.24 0.05 246.22
v 281.11 0.05 248.75
v 280.29 0.05 247.49
o r1151395986_footway
v 286.73 0.05 227.08
v 288.19 0.05 227.46
v 287.06 0.05 225.81
v 288.52 0.05 226.19
o r1151395987_footway
v 301.18 0.05 235.05
v 300.20 0.05 233.91
v 296.04 0.05 239.46
v 295.06 0.05 238.32
o r1151395988_footway
v 370.34 0.05 171.28
v 370.38 0.05 172.78
v 370.98 0.05 171.36
v 371.76 0.05 172.64
v 404.12 0.05 150.72
v 404.92 0.05 152.00
v 412.90 0.05 145.26
v 413.70 0.05 146.54
v 434.04 0.05 132.11
v 434.88 0.05 133.35
v 434.13 0.05 131.19
v 435.57 0.05 131.61
f 11903 11904 11906
f 11903 11906 11905
f 11907 11908 11910
f 11907 11910 11909
o r1151646638_footway
v 439.62 0.05 281.68
v 438.84 0.05 280.40
v 437.07 0.05 283.22
v 436.29 0.05 281.94
o r1151646639_steps
v 412.90 0.05 312.89
v 411.66 0.05 313.73
v 413.81 0.05 315.29
v 414.35 0.05 316.69
v 427.27 0.05 306.83
v 428.07 0.05 308.11
v 429.18 0.05 305.63
v 429.98 0.05 306.89
f 11919 11920 11922
f 11919 11922 11921
o r1151646640_steps
v 358.29 0.05 340.71
v 359.09 0.05 341.99
v 360.10 0.05 339.58
v 360.90 0.05 340.86
v 362.87 0.05 337.84
v 363.67 0.05 339.12
o r1151646641_footway
v 365.70 0.05 342.16
v 366.72 0.05 341.06
v 364.13 0.05 340.69
v 365.23 0.05 339.67
v 362.63 0.05 338.88
v 363.91 0.05 338.08
v 361.40 0.05 336.29
v 362.78 0.05 335.73
v 360.69 0.05 334.11
v 362.11 0.05 333.65
f 11933 11934 11936
f 11933 11936 11935
o r1151646642_steps
v 360.77 0.05 334.28
v 362.03 0.05 333.48
v 359.75 0.05 331.86
v 361.01 0.05 332.68
v 363.54 0.05 329.40
v 364.34 0.05 330.66
o r1151646643_steps
v 366.68 0.05 341.03
v 365.74 0.05 342.19
v 368.29 0.05 342.34
v 367.19 0.05 343.36
v 368.48 0.05 343.48
v 368.76 0.05 344.96
v 371.89 0.05 341.33
v 372.67 0.05 342.61
f 11949 11950 11952
f 11949 11952 11951
o r1151646644_footway
v 363.54 0.05 329.40
v 364.34 0.05 330.66
v 375.48 0.05 321.84
v 376.28 0.05 323.12
v 379.87 0.05 319.21
v 380.65 0.05 320.49
o r1151646645_steps
v 379.84 0.05 319.23
v 380.68 0.05 320.47
v 382.98 0.05 317.09
v 383.82 0.05 318.33
o r1151646646_footway
v 371.88 0.05 341.33
v 372.68 0.05 342.61
v 388.15 0.05 331.13
v 388.95 0.05 332.41
o r1151646647_steps
v 388.18 0.05 331.12
v 388.92 0.05 332.42
v 391.83 0.05 329.02
v 392.57 0.05 330.32
o r1151646648_footway
v 383.00 0.05 317.08
v 383.80 0.05 318.34
v 389.00 0.05 313.27
v 389.80 0.05 314.53
o r1151646649_footway
v 391.81 0.05 329.03
v 392.59 0.05 330.31
v 396.85 0.05 325.92
v 397.63 0.05 327.20
o r1151646650_footway
v 392.83 0.05 319.45
v 393.63 0.05 320.71
v 404.37 0.05 312.15
v 405.17 0.05 313.41
o r1151646651_steps
v 404.37 0.05 312.15
v 405.17 0.05 313.41
v 408.80 0.05 309.35
v 409.60 0.05 310.61
o r1151646652_footway
v 408.20 0.05 305.38
v 406.76 0.05 305.82
v 408.90 0.05 307.64
v 407.50 0.05 308.18
v 409.84 0.05 309.59
v 408.56 0.05 310.37
v 411.24 0.05 311.44
v 410.14 0.05 312.46
v 412.77 0.05 312.74
v 411.79 0.05 313.88
f 11991 11992 11994
f 11991 11994 11993
o r1151646653_footway
v 297.21 0.05 366.70
v 297.95 0.05 368.00
v 298.08 0.05 366.20
v 298.86 0.05 367.48
v 335.84 0.05 343.39
v 336.64 0.05 344.67
v 337.23 0.05 341.67
v 338.39 0.05 342.63
f 12001 12002 12004
f 12001 12004 12003
o r1151646654_footway
v 306.56 0.05 381.05
v 307.34 0.05 382.33
v 343.35 0.05 358.27
v 344.13 0.05 359.55
v 346.34 0.05 356.53
v 346.78 0.05 357.97
v 348.82 0.05 356.90
v 347.92 0.05 358.10
v 350.46 0.05 359.32
v 349.20 0.05 360.14
f 12009 12010 12012
f 12009 12012 12011
o r1151646655_cycleway
v 278.61 0.05 381.19
v 277.29 0.05 381.91
v 279.48 0.05 382.76
v 278.20 0.05 383.54
v 287.10 0.05 395.21
v 285.82 0.05 395.99
v 288.58 0.05 397.62
v 287.32 0.05 398.42
v 289.69 0.05 399.32
v 288.41 0.05 400.12
v 292.55 0.05 403.94
v 291.25 0.05 404.70
v 293.10 0.05 405.24
v 291.68 0.05 405.72
v 293.46 0.05 406.59
v 291.98 0.05 406.81
v 293.58 0.05 408.44
v 292.08 0.05 408.50
v 293.63 0.05 410.52
v 292.13 0.05 410.68
v 293.97 0.05 412.10
v 292.55 0.05 412.56
v 294.65 0.05 413.68
v 293.35 0.05 414.42
v 297.59 0.05 418.36
v 296.29 0.05 419.12
v 299.61 0.05 422.12
v 298.31 0.05 422.86
v 301.81 0.05 425.83
v 300.51 0.05 426.57
v 312.79 0.05 445.09
v 311.51 0.05 445.87
v 314.48 0.05 446.78
v 313.56 0.05 447.96
v 315.62 0.05 447.23
v 315.00 0.05 448.59
v 317.14 0.05 447.97
v 316.32 0.05 449.23
v 318.39 0.05 449.02
v 317.37 0.05 450.12
v 319.59 0.05 450.24
v 318.31 0.05 451.02
v 322.65 0.05 455.98
v 321.33 0.05 456.70
v 323.70 0.05 457.81
v 322.40 0.05 458.57
v 325.09 0.05 460.13
v 323.79 0.05 460.87
v 334.74 0.05 476.96
v 333.44 0.05 477.72
v 336.35 0.05 479.63
v 335.07 0.05 480.41
v 337.43 0.05 481.41
v 336.15 0.05 482.19
v 339.43 0.05 484.77
v 338.11 0.05 485.47
v 340.17 0.05 486.62
v 338.69 0.05 486.90
v 340.18 0.05 488.68
v 338.68 0.05 488.64
v 340.02 0.05 491.69
v 338.54 0.05 491.91
v 340.94 0.05 493.99
v 339.64 0.05 494.73
v 350.83 0.05 510.70
v 349.57 0.05 511.50
v 352.98 0.05 512.86
v 352.06 0.05 514.04
v 354.48 0.05 513.52
v 353.80 0.05 514.86
v 356.31 0.05 514.57
v 355.41 0.05 515.77
v 357.52 0.05 515.79
v 356.40 0.05 516.79
v 358.47 0.05 516.97
v 357.23 0.05 517.81
v 361.34 0.05 521.51
v 360.06 0.05 522.31
v 363.94 0.05 525.72
v 362.66 0.05 526.52
v 366.21 0.05 529.31
v 364.93 0.05 530.11
v 370.12 0.05 535.60
v 368.84 0.05 536.40
v 371.36 0.05 537.60
v 370.08 0.05 538.40
f 12019 12020 12022
f 12019 12022 12021
f 12023 12024 12026
f 12023 12026 12025
f 12027 12028 12030
f 12027 12030 12029
f 12031 12032 12034
f 12031 12034 12033
f 12035 12036 12038
f 12035 12038 12037
f 12039 12040 12042
f 12039 12042 12041
f 12043 12044 12046
f 12043 12046 12045
f 12047 12048 12050
f 12047 12050 12049
f 12051 12052 12054
f 12051 12054 12053
f 12055 12056 12058
f 12055 12058 12057
f 12059 12060 12062
f 12059 12062 12061
f 12063 12064 12066
f 12063 12066 12065
f 12067 12068 12070
f 12067 12070 12069
f 12071 12072 12074
f 12071 12074 12073
f 12075 12076 12078
f 12075 12078 12077
f 12079 12080 12082
f 12079 12082 12081
f 12083 12084 12086
f 12083 12086 12085
f 12087 12088 12090
f 12087 12090 12089
f 12091 12092 12094
f 12091 12094 12093
f 12095 12096 12098
f 12095 12098 12097
o r1151646658_service
v 203.63 0.05 205.70
v 201.27 0.05 202.48
v 196.81 0.05 210.69
v 194.43 0.05 207.47
v 189.44 0.05 216.16
v 187.06 0.05 212.94
o r1151646660_footway
v 297.84 0.05 367.24
v 299.10 0.05 366.44
v 275.06 0.05 331.20
v 276.32 0.05 330.40
v 259.99 0.05 307.05
v 261.27 0.05 306.25
v 249.75 0.05 290.66
v 251.03 0.05 289.86
v 238.01 0.05 271.72
v 239.27 0.05 270.92
v 235.58 0.05 268.42
v 236.80 0.05 267.54
v 233.24 0.05 265.18
v 234.46 0.05 264.30
f 12111 12112 12114
f 12111 12114 12113
f 12115 12116 12118
f 12115 12118 12117
o r1151646661_footway
v 232.74 0.05 274.00
v 233.52 0.05 275.28
v 238.25 0.05 270.68
v 239.03 0.05 271.96
o r1151646662_footway
v 299.87 0.05 372.27
v 301.13 0.05 371.45
v 296.95 0.05 367.76
v 298.21 0.05 366.94
o r1151646663_footway
v 292.72 0.05 369.60
v 293.54 0.05 370.86
v 297.17 0.05 366.72
v 297.99 0.05 367.98
o r1151646664_footway
v 306.35 0.05 387.09
v 307.85 0.05 387.05
v 306.20 0.05 381.71
v 307.70 0.05 381.67
o r1151646665_footway
v 138.57 0.05 396.78
v 138.57 0.05 395.28
v 113.15 0.05 396.60
v 113.63 0.05 395.18
v 102.87 0.05 384.63
v 104.17 0.05 383.89
v 89.18 0.05 354.30
v 90.22 0.05 355.38
v 133.60 0.05 354.28
v 133.66 0.05 355.78
v 136.90 0.05 352.55
v 137.58 0.05 353.89
f 12141 12142 12144
f 12141 12144 12143
f 12145 12146 12148
f 12145 12148 12147
o r1162000466_secondary
v 398.50 0.05 426.33
v 405.26 0.05 422.05
v 392.67 0.05 417.11
v 399.41 0.05 412.81
v 353.27 0.05 355.60
v 360.01 0.05 351.28
v 348.56 0.05 348.34
v 355.26 0.05 343.98
f 12153 12154 12156
f 12153 12156 12155
o r1166041038_primary
v -159.52 0.05 -200.76
v -167.24 0.05 -194.40
v -154.90 0.05 -195.14
v -162.68 0.05 -188.86
v -128.46 0.05 -162.21
v -136.18 0.05 -155.85
v -120.18 0.05 -152.94
v -127.34 0.05 -145.96
v -110.85 0.05 -144.19
v -117.65 0.05 -136.85
v -104.54 0.05 -138.46
v -111.28 0.05 -131.06
v -98.21 0.05 -132.68
v -104.85 0.05 -125.20
v -66.21 0.05 -104.51
v -72.79 0.05 -96.97
v -33.57 0.05 -76.28
v -40.23 0.05 -68.82
v -20.22 0.05 -63.34
v -27.30 0.05 -56.28
v -14.57 0.05 -57.18
v -22.19 0.05 -50.70
v -5.37 0.05 -45.92
v -13.11 0.05 -39.60
f 12161 12162 12164
f 12161 12164 12163
f 12165 12166 12168
f 12165 12168 12167
f 12169 12170 12172
f 12169 12172 12171
f 12173 12174 12176
f 12173 12176 12175
f 12177 12178 12180
f 12177 12180 12179
o r1166041039_primary
v 217.13 0.05 271.40
v 225.51 0.05 265.94
v 210.36 0.05 261.03
v 218.78 0.05 255.63
v 201.51 0.05 247.07
v 209.83 0.05 241.53
v 194.86 0.05 237.71
v 202.88 0.05 231.73
v 189.85 0.05 231.41
v 197.67 0.05 225.19
f 12185 12186 12188
f 12185 12188 12187
o r1167421963_footway
v -204.09 0.05 -246.60
v -203.27 0.05 -245.34
v -199.57 0.05 -249.57
v -198.75 0.05 -248.31
v -195.07 0.05 -252.52
v -194.25 0.05 -251.26
v -194.43 0.05 -252.93
v -193.61 0.05 -251.67
v -192.40 0.05 -254.25
v -191.58 0.05 -252.99
f 12195 12196 12198
f 12195 12198 12197
o r1167421964_footway
v -252.54 0.05 -345.97
v -253.62 0.05 -344.93
v -245.83 0.05 -338.93
v -246.97 0.05 -337.95
v -240.30 0.05 -331.61
v -241.54 0.05 -330.77
v -234.36 0.05 -321.89
v -235.70 0.05 -321.21
v -229.63 0.05 -310.91
v -231.05 0.05 -310.41
v -224.80 0.05 -295.37
v -226.24 0.05 -294.95
v -220.87 0.05 -280.21
v -222.29 0.05 -279.75
v -214.76 0.05 -264.50
v -216.14 0.05 -263.88
v -206.93 0.05 -248.93
v -208.27 0.05 -248.25
f 12205 12206 12208
f 12205 12208 12207
f 12209 12210 12212
f 12209 12212 12211
f 12213 12214 12216
f 12213 12216 12215
o r1167421965_path
v -223.10 0.05 -328.66
v -221.78 0.05 -329.36
v -225.58 0.05 -333.32
v -224.30 0.05 -334.12
v -230.27 0.05 -340.15
v -229.07 0.05 -341.05
v -234.64 0.05 -345.62
v -233.50 0.05 -346.58
v -236.25 0.05 -347.27
v -235.17 0.05 -348.31
f 12223 12224 12226
f 12223 12226 12225
o r1167421966_footway
v -72.89 0.05 -183.68
v -72.39 0.05 -185.10
v -122.73 0.05 -201.67
v -122.27 0.05 -203.09
v -125.26 0.05 -200.90
v -124.86 0.05 -202.34
v -143.47 0.05 -207.30
v -142.79 0.05 -208.64
v -145.51 0.05 -211.25
v -144.67 0.05 -212.49
v -157.92 0.05 -217.17
v -157.34 0.05 -218.55
v -166.87 0.05 -220.24
v -166.39 0.05 -221.66
f 12233 12234 12236
f 12233 12236 12235
f 12237 12238 12240
f 12237 12240 12239
o r1167421968_primary
v -224.83 0.05 -251.99
v -231.77 0.05 -244.79
v -221.04 0.05 -248.22
v -226.66 0.05 -239.96
v -212.40 0.05 -243.61
v -217.48 0.05 -234.99
v -203.93 0.05 -238.15
v -209.57 0.05 -229.89
v -197.39 0.05 -233.34
v -203.67 0.05 -225.56
v -192.28 0.05 -228.76
v -198.96 0.05 -221.32
f 12247 12248 12250
f 12247 12250 12249
f 12251 12252 12254
f 12251 12254 12253
o r1167421969_footway
v -183.82 0.05 -237.36
v -184.96 0.05 -238.34
v -186.76 0.05 -233.99
v -187.88 0.05 -234.99
v -191.03 0.05 -229.19
v -192.15 0.05 -230.17
v -195.05 0.05 -224.55
v -196.19 0.05 -225.53
v -198.74 0.05 -220.31
v -199.88 0.05 -221.29
f 12259 12260 12262
f 12259 12262 12261
o r1167421970_footway
v -209.93 0.05 -227.27
v -211.29 0.05 -226.65
v -208.45 0.05 -223.96
v -209.57 0.05 -222.96
v -201.62 0.05 -218.17
v -202.60 0.05 -217.03
v -194.82 0.05 -212.27
v -195.66 0.05 -211.03
v -192.13 0.05 -211.70
v -192.47 0.05 -210.24
f 12269 12270 12272
f 12269 12272 12271
o r1167421973_path
v -191.78 0.05 -211.51
v -192.82 0.05 -210.43
v -178.23 0.05 -198.66
v -179.29 0.05 -197.60
v -169.10 0.05 -188.99
v -170.20 0.05 -187.97
v -163.25 0.05 -182.74
v -164.37 0.05 -181.74
v -157.60 0.05 -176.12
v -158.76 0.05 -175.16
v -149.95 0.05 -166.62
v -151.11 0.05 -165.66
v -142.90 0.05 -158.35
v -144.06 0.05 -157.39
v -136.62 0.05 -150.36
v -137.78 0.05 -149.40
v -130.36 0.05 -143.32
v -131.48 0.05 -142.32
f 12279 12280 12282
f 12279 12282 12281
f 12283 12284 12286
f 12283 12286 12285
f 12287 12288 12290
f 12287 12290 12289
o r1167422028_primary
v -168.24 0.05 -196.41
v -158.52 0.05 -198.75
v -169.57 0.05 -203.15
v -161.19 0.05 -208.59
v -191.29 0.05 -231.45
v -183.35 0.05 -237.53
o r1167465489_primary
v -249.36 0.05 -344.98
v -242.48 0.05 -352.24
v -251.61 0.05 -347.11
v -245.05 0.05 -354.67
v -257.90 0.05 -352.39
v -251.48 0.05 -360.05
o r1167465490_footway
v -236.46 0.05 -347.82
v -234.96 0.05 -347.76
v -236.37 0.05 -350.18
v -234.87 0.05 -350.12
o r1167465491_cycleway
v -236.02 0.05 -347.11
v -235.40 0.05 -348.47
v -239.11 0.05 -348.51
v -238.41 0.05 -349.83
v -242.32 0.05 -350.49
v -241.42 0.05 -351.69
v -245.04 0.05 -352.91
v -244.04 0.05 -354.03
v -245.90 0.05 -353.68
v -244.92 0.05 -354.82
v -247.22 0.05 -354.91
v -246.90 0.05 -356.37
v -254.75 0.05 -355.47
v -254.63 0.05 -356.97
f 12313 12314 12316
f 12313 12316 12315
f 12317 12318 12320
f 12317 12320 12319
o r1167465493_footway
v -221.92 0.05 -329.55
v -222.96 0.05 -328.47
v -219.90 0.05 -327.58
v -221.16 0.05 -326.78
v -218.38 0.05 -324.01
v -219.72 0.05 -323.33
v -216.75 0.05 -321.42
v -217.93 0.05 -320.48
v -214.88 0.05 -319.58
v -215.66 0.05 -318.30
v -212.92 0.05 -319.10
v -213.20 0.05 -317.62
v -210.80 0.05 -318.85
v -210.94 0.05 -317.35
v -206.74 0.05 -318.52
v -207.02 0.05 -317.04
v -201.25 0.05 -317.09
v -201.43 0.05 -315.61
v -195.53 0.05 -317.20
v -195.51 0.05 -315.70
f 12327 12328 12330
f 12327 12330 12329
f 12331 12332 12334
f 12331 12334 12333
f 12335 12336 12338
f 12335 12338 12337
f 12339 12340 12342
f 12339 12342 12341
o r1167465494_cycleway
v -315.75 0.05 -275.49
v -316.43 0.05 -274.15
v -307.31 0.05 -271.11
v -307.83 0.05 -269.71
v -255.57 0.05 -253.54
v -256.05 0.05 -252.12
v -252.94 0.05 -252.33
v -253.70 0.05 -251.05
v -250.58 0.05 -250.55
v -251.68 0.05 -249.53
v -248.67 0.05 -247.72
v -249.91 0.05 -246.88
f 12347 12348 12350
f 12347 12350 12349
f 12351 12352 12354
f 12351 12354 12353
o r1167465495_path
v -118.35 0.05 -158.50
v -117.25 0.05 -159.52
v -124.85 0.05 -165.58
v -123.69 0.05 -166.54
v -143.84 0.05 -189.52
v -142.66 0.05 -190.46
v -163.19 0.05 -213.65
v -162.03 0.05 -214.59
v -167.08 0.05 -218.22
v -165.94 0.05 -219.20
f 12359 12360 12362
f 12359 12362 12361
o r1167465496_steps
v -173.19 0.05 -239.51
v -172.09 0.05 -238.49
v -171.09 0.05 -241.79
v -169.99 0.05 -240.77
o r1167465497_footway
v -182.86 0.05 -252.83
v -183.90 0.05 -251.75
v -181.64 0.05 -251.67
v -182.62 0.05 -250.53
v -170.06 0.05 -241.85
v -171.02 0.05 -240.71
o r1167465498_footway
v -173.13 0.05 -238.43
v -172.15 0.05 -239.57
v -184.59 0.05 -248.33
v -183.41 0.05 -249.25
v -182.71 0.05 -251.57
v -181.55 0.05 -250.63
o r1167465499_footway
v -184.42 0.05 -238.94
v -183.30 0.05 -237.96
v -182.70 0.05 -240.90
v -181.58 0.05 -239.92
o r1167465500_footway
v -171.11 0.05 -241.77
v -169.97 0.05 -240.79
v -156.78 0.05 -258.53
v -155.64 0.05 -257.55
o r1167465501_steps
v -188.35 0.05 -248.23
v -187.27 0.05 -247.19
v -183.92 0.05 -252.81
v -182.84 0.05 -251.77
o r1167465502_residential
v -174.70 0.05 -252.22
v -170.12 0.05 -248.34
v -163.81 0.05 -265.11
v -159.25 0.05 -261.21
v -156.85 0.05 -273.12
v -152.33 0.05 -269.18
o r1167469025_footway
v -71.91 0.05 -184.56
v -73.37 0.05 -184.22
v -71.67 0.05 -183.49
v -73.17 0.05 -183.43
v -72.01 0.05 -182.08
v -73.13 0.05 -183.08
v -103.17 0.05 -148.27
v -104.23 0.05 -149.33
v -107.05 0.05 -148.44
v -106.15 0.05 -149.64
v -115.22 0.05 -156.38
v -114.22 0.05 -157.50
v -118.22 0.05 -158.39
v -117.38 0.05 -159.63
f 12403 12404 12406
f 12403 12406 12405
f 12407 12408 12410
f 12407 12410 12409
o r1167469026_footway
v -103.01 0.05 -149.10
v -104.39 0.05 -148.50
v -102.17 0.05 -147.15
v -103.55 0.05 -146.55
o r1167469027_footway
v -119.60 0.05 -125.71
v -118.60 0.05 -126.81
v -124.25 0.05 -130.06
v -122.83 0.05 -130.54
v -121.84 0.05 -133.31
v -120.72 0.05 -132.31
o r1167469030_footway
v -108.51 0.05 -123.17
v -107.45 0.05 -122.11
v -107.94 0.05 -123.74
v -106.90 0.05 -122.66
v -102.05 0.05 -129.48
v -101.01 0.05 -128.40
v -96.25 0.05 -135.16
v -95.21 0.05 -134.08
v -95.54 0.05 -135.85
v -94.50 0.05 -134.77
f 12427 12428 12430
f 12427 12430 12429
o r1167469031_footway
v -93.97 0.05 -136.70
v -92.61 0.05 -137.32
v -95.57 0.05 -140.20
v -94.21 0.05 -140.82
o r1167469032_footway
v -107.51 0.05 -146.78
v -108.61 0.05 -147.80
v -108.26 0.05 -145.97
v -109.36 0.05 -146.99
v -113.70 0.05 -140.01
v -114.80 0.05 -141.03
v -119.18 0.05 -134.00
v -120.28 0.05 -135.02
v -119.84 0.05 -133.29
v -120.94 0.05 -134.31
f 12441 12442 12444
f 12441 12444 12443
o r1167469033_footway
v -215.15 0.05 -309.19
v -213.73 0.05 -309.67
v -216.29 0.05 -312.59
v -214.85 0.05 -313.03
v -217.25 0.05 -316.00
v -215.81 0.05 -316.40
o r1167469034_path
v -199.27 0.05 -262.64
v -197.97 0.05 -263.40
v -203.04 0.05 -269.11
v -201.68 0.05 -269.75
v -207.93 0.05 -281.36
v -206.51 0.05 -281.84
v -212.71 0.05 -297.98
v -211.27 0.05 -298.40
f 12457 12458 12460
f 12457 12460 12459
o r1167470483_secondary
v 17.27 0.05 96.65
v 16.15 0.05 104.57
v 21.98 0.05 97.32
v 21.36 0.05 105.30
v 26.15 0.05 97.36
v 26.55 0.05 105.34
v 30.72 0.05 96.88
v 32.08 0.05 104.76
v 35.12 0.05 95.82
v 37.40 0.05 103.48
v 45.00 0.05 92.62
v 48.04 0.05 100.02
v 59.06 0.05 85.93
v 62.56 0.05 93.13
v 64.86 0.05 82.95
v 68.46 0.05 90.09
v 67.28 0.05 81.78
v 70.78 0.05 88.98
v 77.93 0.05 76.58
v 81.45 0.05 83.76
f 12465 12466 12468
f 12465 12468 12467
f 12469 12470 12472
f 12469 12472 12471
f 12473 12474 12476
f 12473 12476 12475
f 12477 12478 12480
f 12477 12480 12479
o r1167470484_footway
v 84.71 0.05 104.20
v 85.45 0.05 102.90
v 80.80 0.05 101.93
v 81.24 0.05 100.49
v 76.82 0.05 101.75
v 76.66 0.05 100.25
v 68.27 0.05 103.34
v 67.99 0.05 101.86
f 12485 12486 12488
f 12485 12488 12487
o r1167470485_path
v -26.25 0.05 -51.62
v -27.45 0.05 -50.72
v -16.19 0.05 -38.02
v -17.41 0.05 -37.14
v 8.80 0.05 -2.78
v 7.58 0.05 -1.92
v 17.07 0.05 9.53
v 15.83 0.05 10.39
v 26.37 0.05 22.63
v 25.15 0.05 23.49
f 12493 12494 12496
f 12493 12496 12495
o r1167470486_path
v -86.48 0.05 -104.98
v -87.46 0.05 -103.86
v -57.43 0.05 -79.51
v -58.41 0.05 -78.39
v -37.08 0.05 -61.68
v -38.08 0.05 -60.56
v -26.34 0.05 -51.72
v -27.36 0.05 -50.62
f 12503 12504 12506
f 12503 12506 12505
o r1167470487_footway
v -66.10 0.05 12.10
v -67.10 0.05 13.22
v -52.42 0.05 24.39
v -53.40 0.05 25.51
v 11.06 0.05 79.47
v 10.10 0.05 80.61
v 15.51 0.05 81.72
v 14.97 0.05 83.12
v 19.01 0.05 82.52
v 18.93 0.05 84.02
v 22.08 0.05 82.16
v 22.82 0.05 83.46
v 48.84 0.05 65.75
v 49.62 0.05 67.03
v 51.73 0.05 63.85
v 52.55 0.05 65.11
f 12511 12512 12514
f 12511 12514 12513
f 12515 12516 12518
f 12515 12518 12517
f 12519 12520 12522
f 12519 12522 12521
o r1167470488_path
v 26.37 0.05 22.62
v 25.15 0.05 23.50
v 42.77 0.05 45.45
v 41.55 0.05 46.33
v 57.54 0.05 65.96
v 56.32 0.05 66.84
o r1167470489_cycleway
v -104.31 0.05 -121.46
v -105.31 0.05 -120.34
v -91.99 0.05 -110.60
v -92.97 0.05 -109.46
v -86.92 0.05 -106.37
v -88.00 0.05 -105.31
v -86.26 0.05 -104.66
v -87.68 0.05 -104.18
f 12533 12534 12536
f 12533 12536 12535
o r1167472601_footway
v -130.25 0.05 -143.16
v -131.59 0.05 -142.48
v -129.45 0.05 -141.52
v -130.53 0.05 -140.48
v -120.77 0.05 -133.36
v -121.79 0.05 -132.26
v -108.66 0.05 -122.03
v -109.68 0.05 -120.93
v -95.07 0.05 -109.84
v -96.03 0.05 -108.68
v -88.23 0.05 -105.13
v -88.97 0.05 -103.83
v -86.94 0.05 -105.17
v -87.00 0.05 -103.67
f 12541 12542 12544
f 12541 12544 12543
f 12545 12546 12548
f 12545 12548 12547
o r1167479103_path
v 77.15 0.05 61.07
v 78.35 0.05 60.17
v 48.46 0.05 22.49
v 49.66 0.05 21.59
o r1167479104_path
v 48.46 0.05 22.49
v 49.66 0.05 21.59
v 27.81 0.05 -5.30
v 29.03 0.05 -6.18
v 8.40 0.05 -32.82
v 9.62 0.05 -33.68
o r1167479105_footway
v 100.29 0.05 88.38
v 99.13 0.05 89.34
v 121.53 0.05 114.01
v 120.37 0.05 114.97
v 123.23 0.05 116.06
v 122.07 0.05 117.02
o r1167479106_path
v 8.38 0.05 -32.84
v 9.64 0.05 -33.66
v -3.30 0.05 -50.99
v -2.06 0.05 -51.83
v -9.97 0.05 -59.58
v -8.83 0.05 -60.54
v -16.78 0.05 -66.96
v -15.74 0.05 -68.04
v -45.24 0.05 -93.32
v -44.24 0.05 -94.44
v -83.74 0.05 -125.83
v -82.78 0.05 -126.97
f 12571 12572 12574
f 12571 12574 12573
f 12575 12576 12578
f 12575 12578 12577
o r1167554007_footway
v 149.98 0.05 165.28
v 150.84 0.05 166.50
v 153.64 0.05 162.71
v 154.46 0.05 163.97
v 162.17 0.05 157.42
v 162.97 0.05 158.70
v 164.13 0.05 156.15
v 164.97 0.05 157.39
v 167.46 0.05 153.85
v 168.32 0.05 155.09
f 12583 12584 12586
f 12583 12586 12585
o r1167554008_footway
v 132.32 0.05 176.09
v 133.10 0.05 177.37
v 133.50 0.05 175.38
v 134.28 0.05 176.66
v 134.80 0.05 174.60
v 135.58 0.05 175.88
o r1167554009_footway
v 143.48 0.05 150.89
v 144.32 0.05 152.13
v 153.17 0.05 144.51
v 153.43 0.05 145.99
v 164.79 0.05 147.24
v 164.43 0.05 148.70
v 166.24 0.05 147.59
v 165.90 0.05 149.05
f 12599 12600 12602
f 12599 12602 12601
o r1167554010_primary
v 189.12 0.05 230.16
v 198.40 0.05 226.44
v 183.61 0.05 216.41
v 192.89 0.05 212.69
o r1167557345_primary
v 83.70 0.05 77.18
v 75.68 0.05 83.16
v 89.20 0.05 84.57
v 81.18 0.05 90.55
o r1167577952_footway
v -243.81 0.05 -357.93
v -242.69 0.05 -356.93
v -216.74 0.05 -388.57
v -215.60 0.05 -387.59
v -193.77 0.05 -415.40
v -192.63 0.05 -414.42
o r1167577976_footway
v -144.05 0.05 -271.03
v -142.55 0.05 -270.91
v -143.95 0.05 -272.19
v -142.45 0.05 -272.07
o r1167577977_footway
v 31.24 0.05 -104.66
v 30.86 0.05 -106.12
v 29.17 0.05 -104.13
v 29.03 0.05 -105.63
v 27.13 0.05 -104.28
v 27.41 0.05 -105.76
v 25.68 0.05 -104.77
v 26.16 0.05 -106.19
f 12625 12626 12628
f 12625 12628 12627
o r1167656079_steps
v 165.67 0.05 147.69
v 166.47 0.05 148.95
v 169.50 0.05 145.24
v 170.30 0.05 146.50
o r1167656080_footway
v 172.94 0.05 147.49
v 172.76 0.05 148.97
v 176.72 0.05 147.95
v 176.54 0.05 149.43
o r1167656081_steps
v 170.25 0.05 148.94
v 171.03 0.05 150.22
v 172.46 0.05 147.59
v 173.24 0.05 148.87
o r1167656082_footway
v 167.40 0.05 149.19
v 167.58 0.05 150.69
v 170.55 0.05 148.83
v 170.73 0.05 150.33
o r1167656083_steps
v 165.35 0.05 148.12
v 163.87 0.05 147.82
v 163.31 0.05 158.21
v 161.83 0.05 157.91
o r1167656185_steps
v -115.08 0.05 -121.60
v -114.08 0.05 -122.72
v -119.60 0.05 -125.70
v -118.60 0.05 -126.82
o r1168118837_service
v 264.79 0.05 306.41
v 262.67 0.05 303.01
v 261.69 0.05 308.35
v 259.57 0.05 304.95
v 250.02 0.05 315.62
v 247.90 0.05 312.22
o r1168118838_service
v 254.78 0.05 289.92
v 252.70 0.05 286.50
v 251.43 0.05 291.97
v 249.35 0.05 288.55
v 239.70 0.05 299.13
v 237.62 0.05 295.71
o r1168841814_footway
v -202.93 0.05 -246.04
v -204.43 0.05 -245.90
v -202.54 0.05 -241.92
v -204.04 0.05 -241.78
v -202.35 0.05 -238.73
v -203.59 0.05 -237.87
v -199.34 0.05 -237.36
v -200.16 0.05 -236.10
v -195.50 0.05 -234.33
v -196.48 0.05 -233.19
v -191.08 0.05 -230.23
v -192.10 0.05 -229.13
f 12669 12670 12672
f 12669 12672 12671
f 12673 12674 12676
f 12673 12676 12675
o r1168841815_path
v -248.99 0.05 -247.99
v -249.59 0.05 -246.61
v -231.13 0.05 -240.05
v -231.75 0.05 -238.69
v -224.79 0.05 -237.07
v -225.47 0.05 -235.73
v -216.33 0.05 -232.39
v -217.15 0.05 -231.13
v -210.15 0.05 -227.55
v -211.07 0.05 -226.37
f 12681 12682 12684
f 12681 12684 12683
o r1168841816_cycleway
v -210.59 0.05 -227.71
v -210.63 0.05 -226.21
v -205.64 0.05 -227.50
v -206.24 0.05 -226.12
v -201.04 0.05 -223.55
v -202.02 0.05 -222.41
o r1172016350_secondary
v -6.57 0.05 93.27
v -1.89 0.05 86.79
v -8.71 0.05 91.72
v -3.77 0.05 85.44
v -18.93 0.05 83.55
v -13.69 0.05 77.51
v -56.43 0.05 50.40
v -51.17 0.05 44.38
v -67.19 0.05 41.34
v -61.99 0.05 35.26
v -94.05 0.05 18.21
v -88.83 0.05 12.15
f 12697 12698 12700
f 12697 12700 12699
f 12701 12702 12704
f 12701 12704 12703
o r1179842884_footway
v 174.92 0.05 162.69
v 175.64 0.05 161.37
v 172.38 0.05 161.14
v 172.12 0.05 159.66
v 168.08 0.05 163.96
v 167.28 0.05 162.70
o r1179842885_steps
v 167.00 0.05 163.65
v 168.36 0.05 163.01
v 163.87 0.05 157.09
v 165.23 0.05 156.45
o r1179842888_footway
v 168.11 0.05 163.94
v 167.25 0.05 162.72
v 159.64 0.05 169.96
v 158.78 0.05 168.74
o r1184322384_footway
v -456.21 0.05 -197.46
v -457.03 0.05 -196.20
v -448.14 0.05 -192.06
v -448.22 0.05 -190.56
v -448.51 0.05 -196.41
v -447.01 0.05 -196.29
o r1184322385_footway
v -447.43 0.05 -191.34
v -448.93 0.05 -191.28
v -447.42 0.05 -186.70
v -448.52 0.05 -185.68
v -427.42 0.05 -170.32
v -428.56 0.05 -169.34
v -404.98 0.05 -136.94
v -406.32 0.05 -136.28
v -409.02 0.05 -132.30
v -410.06 0.05 -133.38
f 12729 12730 12732
f 12729 12732 12731
o r1196722056_primary
v 141.67 0.05 -274.57
v 135.11 0.05 -267.03
v 155.10 0.05 -262.87
v 148.56 0.05 -255.31
v 161.56 0.05 -257.39
v 155.08 0.05 -249.77
v 169.93 0.05 -250.27
v 163.45 0.05 -242.65
f 12739 12740 12742
f 12739 12742 12741
o r1196722543_tertiary
v 38.19 0.05 -289.91
v 32.99 0.05 -294.59
v 15.79 0.05 -265.01
v 10.59 0.05 -269.69
v 8.42 0.05 -256.84
v 3.22 0.05 -261.54
o r1206983609_service
v 187.59 0.05 -168.68
v 184.99 0.05 -165.64
v 189.97 0.05 -166.65
v 187.35 0.05 -163.63
v 228.67 0.05 -133.22
v 226.05 0.05 -130.20
v 235.04 0.05 -127.67
v 232.42 0.05 -124.65
f 12753 12754 12756
f 12753 12756 12755
o r1212002388_footway
v 434.76 0.05 324.09
v 433.96 0.05 322.83
v 417.16 0.05 335.36
v 416.36 0.05 334.10
o r1212002389_footway
v 395.84 0.05 345.66
v 396.00 0.05 344.16
v 392.39 0.05 345.27
v 392.55 0.05 343.77
o r1212002390_footway
v 417.16 0.05 335.37
v 416.36 0.05 334.09
v 408.79 0.05 340.55
v 408.13 0.05 339.21
v 396.20 0.05 345.61
v 395.64 0.05 344.21
o r1212002391_footway
v 437.51 0.05 322.33
v 436.69 0.05 321.07
v 434.77 0.05 324.09
v 433.95 0.05 322.83
o r1212002392_footway
v 371.19 0.05 356.37
v 371.95 0.05 357.65
v 392.09 0.05 343.88
v 392.85 0.05 345.16
o r1233097252_steps
v 89.23 0.05 66.67
v 90.73 0.05 66.75
v 90.08 0.05 50.05
v 91.58 0.05 50.13
v 90.10 0.05 49.44
v 91.60 0.05 49.48
o r1233114975_footway
v 86.36 0.05 39.93
v 87.50 0.05 38.95
v 86.16 0.05 39.69
v 87.22 0.05 38.63
v 66.52 0.05 20.06
v 67.42 0.05 18.86
v 63.39 0.05 21.02
v 62.01 0.05 21.58
v 82.11 0.05 54.54
v 80.83 0.05 55.32
v 90.59 0.05 66.27
v 89.37 0.05 67.15
f 12789 12790 12792
f 12789 12792 12791
f 12793 12794 12796
f 12793 12796 12795
o r1233130036_steps
v 72.17 0.05 120.89
v 70.91 0.05 120.07
v 66.12 0.05 130.26
v 64.82 0.05 129.50
v 62.96 0.05 136.42
v 61.54 0.05 135.96
v 62.19 0.05 142.48
v 60.69 0.05 142.50
v 63.12 0.05 147.27
v 61.68 0.05 147.69
v 64.69 0.05 151.13
v 63.31 0.05 151.69
v 65.06 0.05 152.07
v 63.86 0.05 152.97
v 69.52 0.05 157.44
v 68.46 0.05 158.50
v 82.16 0.05 169.40
v 80.78 0.05 169.98
v 77.17 0.05 176.37
v 75.99 0.05 175.45
f 12801 12802 12804
f 12801 12804 12803
f 12805 12806 12808
f 12805 12808 12807
f 12809 12810 12812
f 12809 12812 12811
f 12813 12814 12816
f 12813 12816 12815
o r1233130037_footway
v 90.65 0.05 66.38
v 89.31 0.05 67.04
v 103.55 0.05 92.70
v 102.23 0.05 93.42
v 109.53 0.05 101.09
v 108.35 0.05 102.01
v 116.67 0.05 109.59
v 115.57 0.05 110.61
v 122.12 0.05 115.01
v 121.94 0.05 116.49
v 128.90 0.05 111.10
v 129.62 0.05 112.42
v 129.17 0.05 110.95
v 129.91 0.05 112.25
f 12821 12822 12824
f 12821 12824 12823
f 12825 12826 12828
f 12825 12828 12827
o r1249004621_footway
v -167.26 0.05 -218.67
v -165.76 0.05 -218.75
v -167.29 0.05 -220.60
v -165.97 0.05 -221.30
v -170.75 0.05 -225.22
v -169.55 0.05 -226.12
o r1249004622_cycleway
v -175.44 0.05 -224.81
v -174.24 0.05 -225.71
v -180.63 0.05 -231.65
v -179.43 0.05 -232.55
v -184.99 0.05 -237.40
v -183.79 0.05 -238.30
v -190.40 0.05 -244.51
v -189.18 0.05 -245.39
v -195.27 0.05 -251.46
v -194.05 0.05 -252.32
v -196.16 0.05 -252.63
v -194.96 0.05 -253.53
f 12841 12842 12844
f 12841 12844 12843
f 12845 12846 12848
f 12845 12848 12847
o r1249004623_path
v -188.42 0.05 -247.28
v -187.20 0.05 -248.14
v -192.62 0.05 -253.22
v -191.36 0.05 -254.02
v -197.17 0.05 -261.14
v -195.95 0.05 -262.00
v -199.05 0.05 -262.41
v -198.19 0.05 -263.63
f 12853 12854 12856
f 12853 12856 12855
o r1249004624_footway
v -198.75 0.05 -220.31
v -199.87 0.05 -221.29
v -201.55 0.05 -217.11
v -202.67 0.05 -218.09
o r1249004625_footway
v -183.30 0.05 -237.95
v -184.42 0.05 -238.95
v -183.83 0.05 -237.35
v -184.95 0.05 -238.35
o r1256938991_footway
v 135.83 0.05 111.31
v 137.09 0.05 110.49
v 134.22 0.05 108.87
v 135.48 0.05 108.05
o r1256938992_footway
v 123.96 0.05 117.93
v 124.76 0.05 119.21
v 132.93 0.05 112.30
v 133.73 0.05 113.58
o r1256938993_steps
v 105.03 0.05 179.26
v 106.31 0.05 178.46
v 102.57 0.05 175.32
v 103.85 0.05 174.52
o r1256938994_footway
v 102.66 0.05 175.43
v 103.76 0.05 174.41
v 93.89 0.05 166.12
v 95.01 0.05 165.12
v 85.07 0.05 155.76
v 86.31 0.05 154.90
v 80.57 0.05 146.92
v 81.93 0.05 146.30
v 78.72 0.05 141.67
v 80.20 0.05 141.41
v 78.50 0.05 134.99
v 80.00 0.05 135.09
v 79.73 0.05 126.41
v 81.19 0.05 126.77
v 82.15 0.05 120.05
v 83.55 0.05 120.59
f 12881 12882 12884
f 12881 12884 12883
f 12885 12886 12888
f 12885 12888 12887
f 12889 12890 12892
f 12889 12892 12891
o r1256938995_steps
v 70.57 0.05 153.97
v 71.49 0.05 155.15
v 80.79 0.05 146.02
v 81.71 0.05 147.20
o r1256938996_footway
v 89.61 0.05 173.82
v 90.81 0.05 172.94
v 79.28 0.05 159.70
v 80.74 0.05 159.34
v 85.24 0.05 154.73
v 86.14 0.05 155.93
o r1256938997_steps
v 60.36 0.05 119.64
v 58.90 0.05 119.26
v 57.29 0.05 131.48
v 55.83 0.05 131.10
o r1256938998_footway
v 82.54 0.05 104.52
v 81.30 0.05 103.68
v 78.92 0.05 109.86
v 77.94 0.05 108.72
v 71.35 0.05 114.07
v 70.63 0.05 112.75
v 59.62 0.05 120.20
v 59.64 0.05 118.70
v 53.61 0.05 113.84
v 54.47 0.05 112.60
v 46.49 0.05 111.17
v 47.03 0.05 109.77
f 12911 12912 12914
f 12911 12914 12913
f 12915 12916 12918
f 12915 12918 12917
o r1256938999_footway
v 57.23 0.05 131.62
v 55.89 0.05 130.96
v 55.30 0.05 135.55
v 53.96 0.05 134.89
v 53.17 0.05 139.84
v 51.99 0.05 138.92
v 45.07 0.05 148.84
v 43.95 0.05 147.84
f 12923 12924 12926
f 12923 12926 12925
o r1256939001_footway
v 90.10 0.05 49.42
v 91.60 0.05 49.50
v 90.23 0.05 47.72
v 91.67 0.05 47.30
v 88.40 0.05 43.58
v 89.78 0.05 42.98
v 87.91 0.05 42.45
v 89.29 0.05 41.85
f 12931 12932 12934
f 12931 12934 12933
o r1256939002_footway
v 82.10 0.05 120.27
v 83.60 0.05 120.37
v 82.49 0.05 114.82
v 83.97 0.05 115.08
v 83.95 0.05 109.48
v 85.43 0.05 109.72
v 84.33 0.05 103.50
v 85.83 0.05 103.60
f 12939 12940 12942
f 12939 12942 12941
o r1256939003_footway
v 83.79 0.05 115.45
v 82.67 0.05 114.45
v 79.90 0.05 119.79
v 78.78 0.05 118.79
o r1256939004_footway
v 75.64 0.05 116.67
v 74.72 0.05 115.49
v 73.69 0.05 118.16
v 72.53 0.05 117.20
v 72.19 0.05 120.85
v 70.89 0.05 120.11
o r1256939005_footway
v 75.45 0.05 118.88
v 76.85 0.05 118.34
v 74.48 0.05 116.35
v 75.88 0.05 115.81
o r1256939006_footway
v 74.43 0.05 116.13
v 75.93 0.05 116.03
v 74.27 0.05 113.54
v 75.73 0.05 113.16
v 73.26 0.05 111.65
v 74.58 0.05 110.95
v 73.06 0.05 111.23
v 74.18 0.05 110.23
v 71.30 0.05 109.46
v 72.00 0.05 108.14
v 67.70 0.05 108.44
v 68.46 0.05 107.16
v 65.42 0.05 105.92
v 66.54 0.05 104.92
f 12961 12962 12964
f 12961 12964 12963
f 12965 12966 12968
f 12965 12968 12967
o r1256939007_footway
v 79.89 0.05 119.80
v 78.79 0.05 118.78
v 78.29 0.05 121.48
v 77.09 0.05 120.60
v 73.91 0.05 127.92
v 72.61 0.05 127.16
v 69.88 0.05 135.79
v 68.70 0.05 134.87
v 65.90 0.05 137.06
v 66.74 0.05 135.82
v 66.25 0.05 133.40
v 67.59 0.05 134.08
v 71.32 0.05 124.85
v 72.60 0.05 125.63
v 75.52 0.05 118.21
v 76.78 0.05 119.01
f 12975 12976 12978
f 12975 12978 12977
f 12979 12980 12982
f 12979 12982 12981
f 12983 12984 12986
f 12983 12986 12985
o r1256939008_footway
v 103.27 0.05 93.71
v 102.51 0.05 92.41
v 85.46 0.05 104.20
v 84.70 0.05 102.90
o r1256939009_footway
v 34.38 0.05 115.43
v 34.06 0.05 113.97
v 11.52 0.05 120.57
v 11.20 0.05 119.11
o r1256939010_footway
v 67.07 0.05 136.43
v 65.57 0.05 136.45
v 67.15 0.05 145.77
v 65.69 0.05 146.09
v 70.61 0.05 152.73
v 69.29 0.05 153.43
v 71.60 0.05 154.08
v 70.46 0.05 155.04
v 74.75 0.05 157.59
v 73.69 0.05 158.67
v 90.73 0.05 172.84
v 89.69 0.05 173.92
v 100.04 0.05 181.80
v 99.54 0.05 183.22
v 105.27 0.05 178.22
v 106.07 0.05 179.50
f 12999 13000 13002
f 12999 13002 13001
f 13003 13004 13006
f 13003 13006 13005
f 13007 13008 13010
f 13007 13010 13009
o r1256939012_steps
v 135.08 0.05 113.20
v 134.26 0.05 111.94
v 131.84 0.05 115.26
v 131.48 0.05 113.80
v 130.39 0.05 113.04
v 131.57 0.05 113.96
v 133.81 0.05 110.82
v 134.17 0.05 112.28
v 135.29 0.05 112.15
v 134.05 0.05 112.99
f 13015 13016 13018
f 13015 13018 13017
o r1256939014_cycleway
v 91.07 0.05 114.21
v 89.83 0.05 115.07
v 102.43 0.05 130.69
v 101.17 0.05 131.49
v 131.45 0.05 177.49
v 130.17 0.05 178.29
o r1256939015_cycleway
v 82.50 0.05 103.62
v 81.34 0.05 104.58
v 89.15 0.05 111.61
v 87.99 0.05 112.55
v 91.05 0.05 114.20
v 89.85 0.05 115.08
o r1256939016_primary
v 104.83 0.05 107.25
v 96.47 0.05 112.75
v 112.54 0.05 118.98
v 104.18 0.05 124.48
o r1256939017_primary
v 89.29 0.05 84.70
v 81.09 0.05 90.42
v 90.36 0.05 86.26
v 82.58 0.05 92.54
v 92.06 0.05 88.13
v 83.82 0.05 93.81
v 104.81 0.05 107.22
v 96.49 0.05 112.78
f 13041 13042 13044
f 13041 13044 13043
o r1256939018_secondary
v -94.08 0.05 18.18
v -88.80 0.05 12.18
v -172.26 0.05 -50.52
v -166.98 0.05 -56.52
o r1257066006_primary
v -192.04 0.05 -228.53
v -199.20 0.05 -221.55
v -180.71 0.05 -216.88
v -187.79 0.05 -209.82
v -169.06 0.05 -205.46
v -175.08 0.05 -197.48
v -161.34 0.05 -202.14
v -165.42 0.05 -193.02
f 13053 13054 13056
f 13053 13056 13055
o r1257066007_footway
v -106.02 0.05 -148.56
v -107.18 0.05 -149.52
v -107.48 0.05 -146.81
v -108.64 0.05 -147.77
o r1257066008_footway
v -83.96 0.05 -126.13
v -82.56 0.05 -126.67
v -84.55 0.05 -127.79
v -83.45 0.05 -128.83
v -93.80 0.05 -136.46
v -92.78 0.05 -137.56
o r1257066009_cycleway
v -83.32 0.05 -125.65
v -83.20 0.05 -127.15
v -85.47 0.05 -125.83
v -85.05 0.05 -127.27
v -88.62 0.05 -127.21
v -87.74 0.05 -128.43
v -93.25 0.05 -131.36
v -92.25 0.05 -132.48
v -96.23 0.05 -134.06
v -95.23 0.05 -135.18
f 13071 13072 13074
f 13071 13074 13073
o r1257066010_footway
v -263.91 0.05 -358.94
v -264.81 0.05 -360.14
v -267.18 0.05 -356.51
v -268.08 0.05 -357.71
o r1257066011_footway
v -253.68 0.05 -366.55
v -254.58 0.05 -367.75
v -256.31 0.05 -364.59
v -257.21 0.05 -365.79
o r1257066012_footway
v -256.31 0.05 -364.59
v -257.21 0.05 -365.79
v -260.81 0.05 -361.24
v -261.71 0.05 -362.44
v -263.91 0.05 -358.94
v -264.81 0.05 -360.14
o r1257066013_cycleway
v -113.97 0.05 -129.20
v -112.85 0.05 -128.20
v -108.47 0.05 -135.26
v -107.35 0.05 -134.26
o r1257066014_footway
v -176.67 0.05 -233.77
v -175.29 0.05 -233.19
v -175.20 0.05 -237.29
v -173.82 0.05 -236.71
o r1257066015_footway
v -170.75 0.05 -225.22
v -169.55 0.05 -226.12
v -173.69 0.05 -229.15
v -172.49 0.05 -230.05
v -176.58 0.05 -233.03
v -175.38 0.05 -233.93
o r1257066016_footway
v -217.21 0.05 -316.51
v -215.85 0.05 -315.89
v -215.95 0.05 -319.25
v -214.59 0.05 -318.63
o r1257066017_footway
v -213.31 0.05 -306.71
v -212.11 0.05 -307.63
v -215.04 0.05 -308.97
v -213.84 0.05 -309.89
o r1257066018_footway
v -212.71 0.05 -298.39
v -211.27 0.05 -297.99
v -211.96 0.05 -300.87
v -210.48 0.05 -301.07
v -213.67 0.05 -305.44
v -212.25 0.05 -305.90
v -213.75 0.05 -306.59
v -212.27 0.05 -306.35
v -213.40 0.05 -307.47
v -212.02 0.05 -306.87
f 13117 13118 13120
f 13117 13120 13119
o r1257066019_cycleway
v -212.56 0.05 -297.70
v -211.42 0.05 -298.68
v -215.56 0.05 -301.26
v -214.24 0.05 -301.96
v -217.52 0.05 -307.08
v -216.10 0.05 -307.54
v -219.03 0.05 -311.85
v -217.61 0.05 -312.33
v -222.09 0.05 -320.59
v -220.69 0.05 -321.11
v -223.18 0.05 -323.23
v -221.72 0.05 -323.57
v -223.29 0.05 -325.75
v -221.79 0.05 -325.75
v -223.19 0.05 -329.03
v -221.69 0.05 -328.99
f 13127 13128 13130
f 13127 13130 13129
f 13131 13132 13134
f 13131 13134 13133
f 13135 13136 13138
f 13135 13138 13137
o r1257066020_cycleway
v -96.23 0.05 -134.06
v -95.23 0.05 -135.18
v -102.92 0.05 -140.11
v -101.92 0.05 -141.23
v -109.31 0.05 -145.93
v -108.31 0.05 -147.03
o r1257186847_footway
v 175.50 0.05 85.25
v 176.28 0.05 86.53
v 178.60 0.05 83.39
v 179.38 0.05 84.67
o r1257186848_footway
v 138.46 0.05 106.90
v 138.78 0.05 108.36
v 140.01 0.05 106.60
v 140.77 0.05 107.90
v 175.50 0.05 85.25
v 176.28 0.05 86.53
o r1257186849_service
v 116.38 0.05 114.81
v 118.38 0.05 118.27
v 119.95 0.05 112.76
v 121.95 0.05 116.22
v 127.59 0.05 108.37
v 129.59 0.05 111.83
o r1257186851_service
v 107.36 0.05 120.00
v 109.36 0.05 123.46
v 116.38 0.05 114.81
v 118.38 0.05 118.27
o r1268295659_pedestrian
v 365.58 0.05 328.88
v 362.30 0.05 331.18
v 372.42 0.05 339.97
v 372.14 0.05 343.97
v 386.67 0.05 331.09
v 390.43 0.05 332.45
v 379.08 0.05 321.46
v 381.44 0.05 318.24
v 376.94 0.05 324.18
v 374.82 0.05 320.78
v 365.01 0.05 331.72
v 362.87 0.05 328.34
f 13169 13170 13172
f 13169 13172 13171
f 13173 13174 13176
f 13173 13176 13175
o r1268295660_pedestrian
v 408.64 0.05 321.79
v 411.92 0.05 319.49
v 405.36 0.05 317.11
v 408.64 0.05 314.81
v 403.06 0.05 313.82
v 406.48 0.05 311.74
v 401.31 0.05 310.45
v 404.85 0.05 308.61
v 400.85 0.05 307.96
v 401.63 0.05 304.04
v 396.86 0.05 310.32
v 397.52 0.05 306.38
v 393.33 0.05 306.38
v 396.07 0.05 303.46
v 390.82 0.05 304.85
v 391.96 0.05 301.01
v 386.20 0.05 304.38
v 386.24 0.05 300.38
v 384.92 0.05 304.69
v 383.32 0.05 301.03
v 383.28 0.05 305.78
v 380.88 0.05 302.58
v 382.89 0.05 306.11
v 379.51 0.05 303.97
v 382.00 0.05 307.93
v 378.24 0.05 306.59
v 381.66 0.05 309.46
v 377.68 0.05 309.16
v 381.76 0.05 311.63
v 377.78 0.05 312.05
v 382.12 0.05 313.79
v 378.28 0.05 314.91
v 383.02 0.05 315.93
v 379.38 0.05 317.61
v 382.41 0.05 315.60
v 380.83 0.05 319.28
v 384.91 0.05 316.40
v 381.89 0.05 319.02
v 393.82 0.05 328.50
v 390.58 0.05 330.84
v 392.52 0.05 329.13
v 393.62 0.05 332.97
v 397.08 0.05 326.28
v 399.16 0.05 329.70
v 409.25 0.05 318.93
v 411.31 0.05 322.35
f 13181 13182 13184
f 13181 13184 13183
f 13185 13186 13188
f 13185 13188 13187
f 13189 13190 13192
f 13189 13192 13191
f 13193 13194 13196
f 13193 13196 13195
f 13197 13198 13200
f 13197 13200 13199
f 13201 13202 13204
f 13201 13204 13203
f 13205 13206 13208
f 13205 13208 13207
f 13209 13210 13212
f 13209 13212 13211
f 13213 13214 13216
f 13213 13216 13215
f 13217 13218 13220
f 13217 13220 13219
o r1274773104_service
v 410.85 0.05 157.90
v 407.27 0.05 159.66
v 414.26 0.05 164.82
v 410.68 0.05 166.60
v 414.69 0.05 165.61
v 411.17 0.05 167.51
o r1275882965_unclassified
v 234.61 0.05 -35.81
v 231.99 0.05 -40.07
v 220.47 0.05 -27.15
v 217.85 0.05 -31.41
v 218.27 0.05 -25.81
v 215.67 0.05 -30.07
o r1275882968_footway
v 263.66 0.05 97.87
v 262.42 0.05 98.71
v 264.02 0.05 98.39
v 262.76 0.05 99.21
v 264.13 0.05 98.59
v 262.83 0.05 99.33
o r1275882969_footway
v 258.29 0.05 98.98
v 258.15 0.05 100.48
v 260.42 0.05 99.17
v 260.28 0.05 100.67
o r1275882975_footway
v 177.33 0.05 6.74
v 175.93 0.05 7.28
v 177.74 0.05 7.86
v 176.48 0.05 8.66
v 178.24 0.05 8.22
v 177.28 0.05 9.38
o r1275882976_footway
v 218.03 0.05 43.28
v 217.01 0.05 44.38
v 218.19 0.05 43.43
v 217.17 0.05 44.53
o r1275882978_footway
v 255.25 0.05 94.79
v 254.51 0.05 93.49
v 253.42 0.05 95.84
v 252.68 0.05 94.54
o r1275882979_footway
v 278.39 0.05 66.81
v 277.05 0.05 67.49
v 278.79 0.05 67.61
v 277.45 0.05 68.29
o r1275882980_footway
v 255.33 0.05 77.65
v 254.19 0.05 76.67
v 254.58 0.05 78.53
v 253.44 0.05 77.55
o r1275882982_footway
v 225.24 0.05 -21.16
v 224.48 0.05 -22.46
v 208.07 0.05 -10.99
v 207.31 0.05 -12.29
o r1275882983_footway
v 222.66 0.05 -25.44
v 221.54 0.05 -24.44
v 224.75 0.05 -23.07
v 223.63 0.05 -22.07
o r1275882984_footway
v 225.20 0.05 -22.95
v 225.96 0.05 -21.65
v 227.46 0.05 -24.27
v 228.22 0.05 -22.97
o r1275882987_steps
v 216.73 0.05 38.50
v 215.67 0.05 39.56
v 217.83 0.05 39.65
v 216.49 0.05 40.33
v 216.53 0.05 41.00
v 217.17 0.05 39.64
v 215.48 0.05 39.97
v 216.56 0.05 38.93
f 13283 13284 13286
f 13283 13286 13285
o r1275882988_path
v 215.19 0.05 38.83
v 216.07 0.05 40.05
v 215.76 0.05 38.42
v 216.64 0.05 39.64
o r1275882989_footway
v 215.52 0.05 40.01
v 216.52 0.05 38.89
v 215.11 0.05 38.56
v 216.15 0.05 39.64
v 217.63 0.05 36.88
v 218.45 0.05 38.14
o r1275882990_footway
v 178.69 0.05 29.59
v 179.77 0.05 30.63
v 181.28 0.05 26.94
v 182.36 0.05 27.98
v 183.78 0.05 24.37
v 184.86 0.05 25.41
o r1275882991_footway
v 202.14 0.05 49.47
v 203.30 0.05 50.41
v 204.21 0.05 46.90
v 205.37 0.05 47.84
v 206.28 0.05 44.32
v 207.44 0.05 45.26
o r1275882992_footway
v 214.02 0.05 59.74
v 215.14 0.05 60.74
v 216.19 0.05 57.33
v 217.31 0.05 58.33
v 218.36 0.05 54.91
v 219.48 0.05 55.91
o r1275882993_footway
v 228.96 0.05 72.71
v 230.08 0.05 73.71
v 231.37 0.05 70.04
v 232.49 0.05 71.04
v 233.21 0.05 67.98
v 234.33 0.05 68.98
o r1275882994_footway
v 51.89 0.05 -100.84
v 53.05 0.05 -99.90
v 56.17 0.05 -106.09
v 57.33 0.05 -105.15
o r1275882995_footway
v 50.74 0.05 -99.60
v 51.84 0.05 -98.58
v 51.06 0.05 -99.95
v 52.16 0.05 -98.93
o r1275882998_footway
v 295.44 0.05 92.03
v 296.62 0.05 92.95
v 296.53 0.05 90.62
v 297.71 0.05 91.54
o r1289027231_footway
v 123.22 0.05 116.06
v 122.08 0.05 117.02
v 124.93 0.05 118.09
v 123.79 0.05 119.05
o r1289027232_steps
v 135.08 0.05 113.20
v 134.26 0.05 111.94
v 131.84 0.05 115.26
v 131.48 0.05 113.80
v 130.39 0.05 113.04
v 131.57 0.05 113.96
v 133.81 0.05 110.82
v 134.17 0.05 112.28
v 135.29 0.05 112.15
v 134.05 0.05 112.99
f 13341 13342 13344
f 13341 13344 13343
o r1289027233_footway
v 133.38 0.05 109.28
v 132.14 0.05 110.12
v 134.35 0.05 110.73
v 133.11 0.05 111.57
v 134.62 0.05 111.14
v 133.36 0.05 111.96
v 135.29 0.05 112.15
v 134.05 0.05 112.99
f 13351 13352 13354
f 13351 13354 13353
o r1289027234_steps
v 135.08 0.05 113.20
v 134.26 0.05 111.94
v 131.84 0.05 115.26
v 131.48 0.05 113.80
v 130.39 0.05 113.04
v 131.57 0.05 113.96
v 133.58 0.05 110.92
v 134.40 0.05 112.18
f 13359 13360 13362
f 13359 13362 13361
o r1289027235_steps
v 134.61 0.05 111.13
v 133.37 0.05 111.97
v 135.30 0.05 112.16
v 134.04 0.05 112.98
v 137.43 0.05 115.49
v 135.97 0.05 115.85
v 135.15 0.05 116.96
v 136.09 0.05 115.80
v 132.71 0.05 113.36
v 133.95 0.05 112.52
f 13367 13368 13370
f 13367 13370 13369
o r1289027236_footway
v 122.28 0.05 115.89
v 123.02 0.05 117.19
v 129.62 0.05 111.71
v 130.38 0.05 112.99
v 135.02 0.05 108.32
v 135.34 0.05 109.78
v 137.08 0.05 110.47
v 135.84 0.05 111.33
f 13377 13378 13380
f 13377 13380 13379
o r1289027237_footway
v -83.24 0.05 -1.70
v -84.38 0.05 -2.68
v -86.34 0.05 1.89
v -87.48 0.05 0.91
v -88.70 0.05 4.62
v -89.84 0.05 3.64
o r1289027238_footway
v -88.55 0.05 3.93
v -89.99 0.05 4.33
v -87.49 0.05 7.95
v -88.59 0.05 8.97
v -73.19 0.05 20.19
v -74.17 0.05 21.33
v -66.57 0.05 25.87
v -67.63 0.05 26.93
v -62.51 0.05 30.83
v -63.61 0.05 31.85
v -59.89 0.05 33.15
v -60.89 0.05 34.27
v -48.89 0.05 43.19
v -49.89 0.05 44.31
v -32.55 0.05 57.31
v -33.53 0.05 58.45
v -5.13 0.05 80.42
v -6.09 0.05 81.56
f 13391 13392 13394
f 13391 13394 13393
f 13395 13396 13398
f 13395 13398 13397
f 13399 13400 13402
f 13399 13402 13401
o r1289027239_steps
v -143.96 0.05 -88.69
v -144.96 0.05 -87.57
v -140.61 0.05 -85.70
v -141.61 0.05 -84.58
o r1289027240_steps
v -144.34 0.05 -86.35
v -145.30 0.05 -85.19
v -143.79 0.05 -85.37
v -143.19 0.05 -83.99
v -141.72 0.05 -87.65
v -140.28 0.05 -87.25
v -142.88 0.05 -88.13
v -141.88 0.05 -89.25
v -147.14 0.05 -91.95
v -146.14 0.05 -93.07
f 13413 13414 13416
f 13413 13416 13415
o r1289027241_steps
v -144.34 0.05 -86.35
v -145.30 0.05 -85.19
v -143.79 0.05 -85.37
v -143.19 0.05 -83.99
v -141.72 0.05 -87.65
v -140.28 0.05 -87.25
v -142.08 0.05 -88.00
v -142.68 0.05 -89.38
v -144.24 0.05 -85.29
v -145.40 0.05 -86.25
f 13423 13424 13426
f 13423 13426 13425
o r1289027242_footway
v -140.57 0.05 -84.62
v -141.65 0.05 -85.66
v -142.72 0.05 -82.39
v -143.74 0.05 -83.49
v -144.29 0.05 -81.28
v -144.89 0.05 -82.66
v -146.25 0.05 -80.82
v -146.39 0.05 -82.32
v -148.12 0.05 -80.92
v -147.66 0.05 -82.36
v -149.95 0.05 -82.00
v -148.95 0.05 -83.12
v -151.10 0.05 -83.52
v -149.80 0.05 -84.26
v -151.69 0.05 -85.11
v -150.21 0.05 -85.37
v -151.67 0.05 -86.76
v -150.19 0.05 -86.52
v -151.04 0.05 -88.95
v -149.82 0.05 -88.07
v -147.18 0.05 -93.03
v -146.10 0.05 -91.99
f 13433 13434 13436
f 13433 13436 13435
f 13437 13438 13440
f 13437 13440 13439
f 13441 13442 13444
f 13441 13444 13443
f 13445 13446 13448
f 13445 13448 13447
o r1291096872_service
v 49.31 0.05 62.97
v 46.01 0.05 65.23
v 50.88 0.05 65.26
v 47.58 0.05 67.52
v 53.70 0.05 69.37
v 50.40 0.05 71.63
o r1291096873_service
v 53.10 0.05 72.20
v 51.00 0.05 68.80
v 25.92 0.05 88.92
v 23.94 0.05 85.44
v 20.91 0.05 90.21
v 20.75 0.05 86.21
v 15.84 0.05 89.49
v 16.44 0.05 85.53
f 13461 13462 13464
f 13461 13464 13463
o r1291096874_footway
v -95.55 0.05 -135.84
v -94.49 0.05 -134.78
v -93.82 0.05 -137.54
v -92.76 0.05 -136.48
o r1291096875_footway
v -109.69 0.05 -122.02
v -108.65 0.05 -120.94
v -108.50 0.05 -123.18
v -107.46 0.05 -122.10
o r1291096876_footway
v -119.83 0.05 -133.30
v -120.95 0.05 -134.30
v -120.72 0.05 -132.31
v -121.84 0.05 -133.31
o r1291096877_cycleway
v -109.31 0.05 -145.93
v -108.31 0.05 -147.03
v -111.09 0.05 -147.54
v -110.05 0.05 -148.62
v -115.20 0.05 -151.50
v -114.04 0.05 -152.46
v -117.22 0.05 -155.04
v -115.86 0.05 -155.66
v -118.51 0.05 -158.77
v -117.09 0.05 -159.25
f 13481 13482 13484
f 13481 13484 13483
o r1291096878_footway
v 57.90 0.05 74.12
v 57.68 0.05 75.60
v 61.17 0.05 74.60
v 60.95 0.05 76.08
o r1291096879_footway
v 60.64 0.05 74.72
v 61.48 0.05 75.96
v 61.94 0.05 73.85
v 62.78 0.05 75.09
v 70.84 0.05 67.82
v 71.68 0.05 69.06
v 77.98 0.05 63.00
v 78.82 0.05 64.24
v 78.72 0.05 62.50
v 79.56 0.05 63.74
f 13495 13496 13498
f 13495 13498 13497
o r1291096880_footway
v 78.71 0.05 62.51
v 79.57 0.05 63.73
v 79.40 0.05 62.02
v 80.26 0.05 63.24
o r1291096881_cycleway
v 75.15 0.05 94.32
v 73.65 0.05 94.28
v 74.96 0.05 96.74
v 73.72 0.05 95.88
v 72.55 0.05 98.15
v 71.83 0.05 96.83
o r1291096882_cycleway
v 60.38 0.05 69.90
v 59.10 0.05 70.70
v 63.00 0.05 74.08
v 61.72 0.05 74.86
v 69.67 0.05 84.99
v 68.39 0.05 85.77
v 75.04 0.05 93.91
v 73.76 0.05 94.69
f 13515 13516 13518
f 13515 13518 13517
o r1291096883_cycleway
v 57.54 0.05 65.96
v 56.32 0.05 66.84
v 60.35 0.05 69.86
v 59.13 0.05 70.74
o r1291096884_cycleway
v 72.29 0.05 96.75
v 72.09 0.05 98.23
v 74.25 0.05 97.02
v 73.99 0.05 98.50
v 77.06 0.05 97.71
v 76.12 0.05 98.87
v 82.47 0.05 103.59
v 81.37 0.05 104.61
f 13527 13528 13530
f 13527 13530 13529
o r1291096885_cycleway
v 74.68 0.05 96.24
v 75.48 0.05 97.50
v 77.04 0.05 94.74
v 77.84 0.05 96.00
o r1291096887_cycleway
v 73.61 0.05 97.21
v 74.63 0.05 98.31
v 74.57 0.05 96.32
v 75.59 0.05 97.42
o r1291096888_cycleway
v 77.03 0.05 94.74
v 77.85 0.05 96.00
v 86.05 0.05 88.78
v 86.89 0.05 90.02
v 93.63 0.05 83.53
v 94.49 0.05 84.77
o r1291096889_footway
v 76.14 0.05 97.69
v 77.04 0.05 98.89
v 77.98 0.05 96.32
v 78.88 0.05 97.52
o r1291096890_footway
v 78.03 0.05 96.28
v 78.83 0.05 97.56
v 87.53 0.05 90.34
v 88.35 0.05 91.60
v 94.79 0.05 85.22
v 95.65 0.05 86.44
o r1291096891_footway
v 94.80 0.05 85.21
v 95.64 0.05 86.45
v 96.21 0.05 84.25
v 97.05 0.05 85.49
o r1291096892_footway
v 69.45 0.05 94.60
v 70.81 0.05 93.98
v 65.98 0.05 86.84
v 67.34 0.05 86.20
v 60.39 0.05 75.68
v 61.73 0.05 75.00
o r1291096893_footway
v 71.74 0.05 98.09
v 72.64 0.05 96.89
v 70.49 0.05 97.10
v 71.75 0.05 96.28
v 69.44 0.05 94.58
v 70.82 0.05 94.00
o r1291096894_cycleway
v -6.26 0.05 98.02
v -5.28 0.05 96.88
v -69.18 0.05 43.57
v -68.20 0.05 42.43
o r1293531805_footway
v 137.26 0.05 352.47
v 137.22 0.05 353.97
v 141.56 0.05 352.61
v 141.02 0.05 354.01
v 148.49 0.05 356.80
v 148.33 0.05 358.30
v 184.52 0.05 357.09
v 184.50 0.05 358.59
v 205.87 0.05 357.34
v 205.85 0.05 358.84
v 228.85 0.05 357.59
v 228.83 0.05 359.09
v 232.97 0.05 357.68
v 232.93 0.05 359.18
f 13579 13580 13582
f 13579 13582 13581
f 13583 13584 13586
f 13583 13586 13585
o r1297318726_residential
v -267.92 0.05 -345.58
v -263.38 0.05 -341.66
v -261.58 0.05 -352.96
v -257.04 0.05 -349.02
v -257.87 0.05 -357.16
v -253.37 0.05 -353.18
v -256.94 0.05 -358.21
v -252.44 0.05 -354.23
f 13593 13594 13596
f 13593 13596 13595
o r1297318727_residential
v -240.54 0.05 -367.30
v -244.92 0.05 -371.40
v -246.81 0.05 -360.58
v -251.25 0.05 -364.62
v -252.45 0.05 -354.23
v -256.93 0.05 -358.21
o r1301029797_secondary
v -212.40 0.05 -249.89
v -215.42 0.05 -242.49
v -201.68 0.05 -245.51
v -204.90 0.05 -238.19
v -185.65 0.05 -238.12
v -188.99 0.05 -230.86
o r1301029798_service
v -253.25 0.05 -325.74
v -256.75 0.05 -323.80
v -216.74 0.05 -260.24
v -220.20 0.05 -258.24
v -213.29 0.05 -256.43
v -216.91 0.05 -254.75
v -212.44 0.05 -250.79
v -216.40 0.05 -250.29
v -211.92 0.05 -246.42
v -215.90 0.05 -245.96
f 13613 13614 13616
f 13613 13616 13615
o r1301029799_primary
v -243.56 0.05 -338.05
v -235.70 0.05 -344.23
v -247.32 0.05 -342.85
v -239.68 0.05 -349.29
v -249.54 0.05 -345.16
v -242.30 0.05 -352.06
o r1301029800_primary
v -235.60 0.05 -326.99
v -227.42 0.05 -332.73
v -239.18 0.05 -332.09
v -231.06 0.05 -337.93
v -243.66 0.05 -338.18
v -235.60 0.05 -344.10
o r1301409268_footway
v -5.15 0.05 80.40
v -6.07 0.05 81.58
v 1.29 0.05 85.37
v 0.49 0.05 86.65
v 8.56 0.05 89.01
v 7.98 0.05 90.39
v 15.70 0.05 91.34
v 15.32 0.05 92.80
v 21.48 0.05 92.42
v 21.38 0.05 93.92
v 29.80 0.05 92.20
v 30.02 0.05 93.68
v 37.97 0.05 89.97
v 38.45 0.05 91.39
v 45.92 0.05 86.83
v 46.54 0.05 88.19
v 49.97 0.05 84.61
v 50.83 0.05 85.83
v 53.42 0.05 81.59
v 54.54 0.05 82.59
v 55.72 0.05 78.14
v 57.02 0.05 78.88
v 57.01 0.05 75.25
v 58.41 0.05 75.79
v 57.04 0.05 74.78
v 58.54 0.05 74.94
v 57.22 0.05 73.13
v 58.72 0.05 73.15
v 57.12 0.05 70.93
v 58.60 0.05 70.71
v 56.20 0.05 66.55
v 57.66 0.05 66.25
f 13635 13636 13638
f 13635 13638 13637
f 13639 13640 13642
f 13639 13642 13641
f 13643 13644 13646
f 13643 13646 13645
f 13647 13648 13650
f 13647 13650 13649
f 13651 13652 13654
f 13651 13654 13653
f 13655 13656 13658
f 13655 13658 13657
f 13659 13660 13662
f 13659 13662 13661
o r1318938775_footway
v -372.98 0.05 -159.57
v -373.94 0.05 -158.41
v -364.37 0.05 -152.37
v -365.33 0.05 -151.21
o r1320933921_footway
v 61.57 0.05 136.51
v 62.93 0.05 135.87
v 60.21 0.05 133.53
v 61.67 0.05 133.21
v 60.18 0.05 129.99
v 61.68 0.05 130.07
v 60.54 0.05 126.66
v 62.04 0.05 126.66
v 60.18 0.05 123.74
v 61.64 0.05 123.40
v 58.91 0.05 119.67
v 60.35 0.05 119.23
f 13671 13672 13674
f 13671 13674 13673
f 13675 13676 13678
f 13675 13678 13677
o r1320933922_steps
v 60.47 0.05 107.55
v 60.09 0.05 106.11
v 46.95 0.05 111.19
v 46.57 0.05 109.75
o r1320933923_steps
v 46.96 0.05 111.19
v 46.56 0.05 109.75
v 43.21 0.05 112.21
v 42.73 0.05 110.79
v 34.48 0.05 115.40
v 33.96 0.05 114.00
o r1320933924_steps
v 68.73 0.05 103.05
v 67.53 0.05 102.15
v 66.58 0.05 105.87
v 65.38 0.05 104.97
o r1320933925_steps
v 66.16 0.05 106.15
v 65.80 0.05 104.69
v 60.46 0.05 107.56
v 60.10 0.05 106.10
o r1320933926_footway
v 87.07 0.05 49.89
v 88.55 0.05 50.17
v 87.88 0.05 45.66
v 89.36 0.05 45.94
o r1320933927_footway
v 87.88 0.05 45.66
v 89.36 0.05 45.94
v 88.35 0.05 43.14
v 89.83 0.05 43.42
o r1320934378_footway
v 62.88 0.05 22.03
v 62.52 0.05 20.57
v 62.04 0.05 22.24
v 61.68 0.05 20.78
o r1321901213_footway
v 96.03 0.05 85.32
v 97.23 0.05 84.42
v 79.23 0.05 63.08
v 80.43 0.05 62.18
o r1321962100_primary
v 184.41 0.05 217.76
v 192.09 0.05 211.34
v 172.87 0.05 203.93
v 180.41 0.05 197.37
v 151.25 0.05 179.69
v 158.73 0.05 173.05
v 143.77 0.05 171.10
v 151.33 0.05 164.56
v 135.53 0.05 161.49
v 143.35 0.05 155.25
v 129.92 0.05 153.71
v 138.10 0.05 147.95
v 121.95 0.05 142.23
v 129.97 0.05 136.25
v 114.89 0.05 133.40
v 121.71 0.05 126.08
v 107.40 0.05 128.66
v 112.82 0.05 120.26
f 13717 13718 13720
f 13717 13720 13719
f 13721 13722 13724
f 13721 13724 13723
f 13725 13726 13728
f 13725 13728 13727
o r1321962101_primary
v 112.57 0.05 119.03
v 104.15 0.05 124.43
v 114.32 0.05 121.76
v 105.90 0.05 127.16
o r1329389260_footway
v 99.86 0.05 195.52
v 100.62 0.05 196.80
v 110.72 0.05 189.05
v 111.48 0.05 190.33
v 124.65 0.05 180.81
v 125.41 0.05 182.09
v 125.30 0.05 180.37
v 126.12 0.05 181.63
f 13739 13740 13742
f 13739 13742 13741
o r1334960479_footway
v -547.32 0.05 -358.83
v -548.18 0.05 -357.61
v -543.24 0.05 -355.95
v -544.14 0.05 -354.75
v -537.52 0.05 -351.44
v -538.44 0.05 -350.26
v -536.42 0.05 -350.62
v -537.32 0.05 -349.42
v -477.81 0.05 -306.81
v -478.75 0.05 -305.63
v -441.91 0.05 -274.91
v -442.89 0.05 -273.79
v -409.73 0.05 -247.15
v -410.69 0.05 -245.99
v -405.75 0.05 -245.01
v -406.65 0.05 -243.81
v -398.98 0.05 -239.08
v -399.96 0.05 -237.96
v -389.39 0.05 -230.68
v -390.23 0.05 -229.44
v -385.38 0.05 -229.76
v -386.26 0.05 -228.56
v -370.77 0.05 -216.96
v -371.85 0.05 -215.92
v -369.00 0.05 -212.82
v -370.02 0.05 -211.72
v -331.54 0.05 -180.35
v -332.52 0.05 -179.21
v -328.53 0.05 -177.73
v -329.65 0.05 -176.73
v -326.04 0.05 -174.19
v -327.06 0.05 -173.09
v -311.04 0.05 -161.26
v -312.02 0.05 -160.12
v -309.08 0.05 -159.57
v -310.06 0.05 -158.43
v -281.82 0.05 -136.07
v -282.80 0.05 -134.93
v -271.66 0.05 -127.33
v -272.64 0.05 -126.19
v -182.33 0.05 -49.46
v -183.31 0.05 -48.32
v -71.95 0.05 46.69
v -72.93 0.05 47.83
f 13747 13748 13750
f 13747 13750 13749
f 13751 13752 13754
f 13751 13754 13753
f 13755 13756 13758
f 13755 13758 13757
f 13759 13760 13762
f 13759 13762 13761
f 13763 13764 13766
f 13763 13766 13765
f 13767 13768 13770
f 13767 13770 13769
f 13771 13772 13774
f 13771 13774 13773
f 13775 13776 13778
f 13775 13778 13777
f 13779 13780 13782
f 13779 13782 13781
f 13783 13784 13786
f 13783 13786 13785
o r1334961322_footway
v -70.50 0.05 43.86
v -69.40 0.05 44.88
v -69.24 0.05 42.49
v -68.14 0.05 43.51
o r1334964173_steps
v 125.33 0.05 180.35
v 126.09 0.05 181.65
v 127.10 0.05 179.32
v 127.86 0.05 180.62
o r1340875471_footway
v 83.13 0.05 24.51
v 84.23 0.05 25.53
v 96.69 0.05 9.68
v 97.79 0.05 10.70
o r1340875472_footway
v 96.67 0.05 9.70
v 97.81 0.05 10.68
v 106.59 0.05 -1.94
v 107.73 0.05 -0.98
v 107.56 0.05 -3.17
v 108.74 0.05 -2.23
o r1348089433_footway
v 99.12 0.05 89.32
v 100.30 0.05 88.40
v 96.04 0.05 85.33
v 97.22 0.05 84.41
o r1351973410_cycleway
v 77.67 0.05 63.78
v 79.13 0.05 63.46
v 77.02 0.05 60.78
v 78.48 0.05 60.46
o r1351973411_footway
v 79.31 0.05 63.17
v 80.35 0.05 62.09
v 77.23 0.05 61.16
v 78.27 0.05 60.08
o r1351973412_cycleway
v 93.46 0.05 84.60
v 94.66 0.05 83.70
v 77.80 0.05 64.07
v 79.00 0.05 63.17
o r1354822829_cycleway
v 148.55 0.05 200.71
v 147.49 0.05 201.77
v 163.88 0.05 215.87
v 162.82 0.05 216.93
v 171.51 0.05 223.80
v 170.41 0.05 224.82
v 178.14 0.05 231.51
v 177.00 0.05 232.49
v 180.60 0.05 234.33
v 179.46 0.05 235.31
v 182.48 0.05 236.63
v 181.32 0.05 237.57
v 185.81 0.05 240.82
v 184.59 0.05 241.70
v 196.17 0.05 255.43
v 194.95 0.05 256.31
v 197.34 0.05 256.72
v 196.40 0.05 257.88
v 198.24 0.05 257.12
v 197.64 0.05 258.50
v 199.31 0.05 257.55
v 198.71 0.05 258.93
v 200.32 0.05 258.05
v 199.70 0.05 259.41
v 201.73 0.05 258.65
v 200.89 0.05 259.89
v 203.04 0.05 259.91
v 201.90 0.05 260.87
v 204.12 0.05 261.46
v 202.84 0.05 262.26
v 217.36 0.05 282.85
v 216.08 0.05 283.63
f 13825 13826 13828
f 13825 13828 13827
f 13829 13830 13832
f 13829 13832 13831
f 13833 13834 13836
f 13833 13836 13835
f 13837 13838 13840
f 13837 13840 13839
f 13841 13842 13844
f 13841 13844 13843
f 13845 13846 13848
f 13845 13848 13847
f 13849 13850 13852
f 13849 13852 13851
o r1354822830_footway
v -71.95 0.05 46.69
v -72.93 0.05 47.83
v 10.13 0.05 117.80
v 9.15 0.05 118.94
v 11.85 0.05 119.27
v 10.87 0.05 120.41
v 29.47 0.05 134.42
v 28.49 0.05 135.56
v 45.00 0.05 147.77
v 44.02 0.05 148.91
v 77.07 0.05 175.34
v 76.09 0.05 176.48
v 94.25 0.05 190.52
v 93.27 0.05 191.66
v 100.72 0.05 195.58
v 99.76 0.05 196.74
v 107.78 0.05 201.85
v 106.78 0.05 202.97
v 124.22 0.05 216.64
v 123.20 0.05 217.74
v 135.40 0.05 227.01
v 134.38 0.05 228.11
f 13857 13858 13860
f 13857 13860 13859
f 13861 13862 13864
f 13861 13864 13863
f 13865 13866 13868
f 13865 13868 13867
f 13869 13870 13872
f 13869 13872 13871
o r1354822831_footway
v 135.40 0.05 227.01
v 134.38 0.05 228.11
v 138.44 0.05 229.82
v 137.38 0.05 230.88
v 151.16 0.05 242.69
v 150.10 0.05 243.75
v 153.09 0.05 244.64
v 151.99 0.05 245.64
v 166.61 0.05 259.67
v 165.47 0.05 260.65
v 179.03 0.05 274.48
v 177.85 0.05 275.42
v 188.52 0.05 287.04
v 187.32 0.05 287.92
v 194.95 0.05 296.13
v 193.73 0.05 296.99
f 13879 13880 13882
f 13879 13882 13881
f 13883 13884 13886
f 13883 13886 13885
f 13887 13888 13890
f 13887 13890 13889
o r1354822832_pedestrian
v 131.27 0.05 214.22
v 134.19 0.05 211.50
v 109.64 0.05 191.05
v 112.56 0.05 188.33
o r1358866774_pedestrian
v 6.35 0.05 117.60
v 7.91 0.05 121.28
v 9.11 0.05 116.44
v 10.17 0.05 120.30
v 33.49 0.05 110.17
v 34.09 0.05 114.13
v 36.19 0.05 114.37
v 32.25 0.05 115.03
v 35.06 0.05 115.17
v 34.16 0.05 119.07
v 48.78 0.05 116.16
v 46.62 0.05 119.52
v 58.23 0.05 130.19
v 54.89 0.05 132.39
v 59.40 0.05 132.44
v 55.40 0.05 132.68
v 58.62 0.05 135.08
v 54.88 0.05 133.66
v 58.14 0.05 136.25
v 54.38 0.05 134.89
v 57.73 0.05 137.49
v 53.85 0.05 136.53
v 57.55 0.05 138.67
v 53.71 0.05 137.53
v 56.99 0.05 139.88
v 53.01 0.05 139.42
v 57.12 0.05 141.45
v 53.24 0.05 142.39
v 57.87 0.05 143.62
v 54.59 0.05 145.92
v 60.57 0.05 146.25
v 57.95 0.05 149.27
v 62.27 0.05 147.35
v 59.89 0.05 150.57
v 63.88 0.05 148.70
v 61.30 0.05 151.76
v 65.28 0.05 149.87
v 62.72 0.05 152.95
v 67.00 0.05 151.30
v 64.64 0.05 154.52
v 68.84 0.05 152.53
v 65.92 0.05 155.25
v 71.25 0.05 155.81
v 68.43 0.05 158.63
v 84.73 0.05 168.42
v 81.99 0.05 171.34
v 85.15 0.05 168.82
v 82.51 0.05 171.82
v 102.24 0.05 184.00
v 98.64 0.05 185.72
v 95.12 0.05 192.55
v 92.40 0.05 189.63
v 93.54 0.05 194.01
v 90.82 0.05 191.09
v 90.63 0.05 194.40
v 93.13 0.05 191.28
v 82.22 0.05 187.11
v 84.88 0.05 184.11
v 68.79 0.05 175.02
v 71.47 0.05 172.04
v 52.82 0.05 160.63
v 55.50 0.05 157.65
v 39.72 0.05 148.84
v 42.30 0.05 145.78
v 10.24 0.05 124.74
v 12.78 0.05 121.66
v 5.83 0.05 120.96
v 8.43 0.05 117.92
f 13899 13900 13902
f 13899 13902 13901
f 13903 13904 13906
f 13903 13906 13905
f 13907 13908 13910
f 13907 13910 13909
f 13911 13912 13914
f 13911 13914 13913
f 13915 13916 13918
f 13915 13918 13917
f 13919 13920 13922
f 13919 13922 13921
f 13923 13924 13926
f 13923 13926 13925
f 13927 13928 13930
f 13927 13930 13929
f 13931 13932 13934
f 13931 13934 13933
f 13935 13936 13938
f 13935 13938 13937
f 13939 13940 13942
f 13939 13942 13941
f 13943 13944 13946
f 13943 13946 13945
f 13947 13948 13950
f 13947 13950 13949
f 13951 13952 13954
f 13951 13954 13953
f 13955 13956 13958
f 13955 13958 13957
f 13959 13960 13962
f 13959 13962 13961
o r1365676233_cycleway
v -264.95 0.05 -129.70
v -266.21 0.05 -128.88
v -260.55 0.05 -122.92
v -261.57 0.05 -121.82
v -187.88 0.05 -59.28
v -188.84 0.05 -58.12
v -181.66 0.05 -57.18
v -182.36 0.05 -55.86
v -178.18 0.05 -54.18
v -179.16 0.05 -53.04
f 13967 13968 13970
f 13967 13970 13969
o r1365680616_footway
v 129.07 0.05 178.08
v 129.85 0.05 179.36
v 130.42 0.05 177.25
v 131.20 0.05 178.53
v 132.32 0.05 176.09
v 133.10 0.05 177.37
o r1365680617_footway
v 127.07 0.05 179.34
v 127.89 0.05 180.60
v 128.16 0.05 178.64
v 128.96 0.05 179.90
v 129.07 0.05 178.08
v 129.85 0.05 179.36
o r1365680618_footway
v 127.94 0.05 179.69
v 129.18 0.05 178.85
v 120.89 0.05 169.11
v 122.07 0.05 168.17
v 121.01 0.05 169.88
v 120.13 0.05 168.66
v 119.59 0.05 170.91
v 118.71 0.05 169.69
f 13989 13990 13992
f 13989 13992 13991
o r1365680619_footway
v 217.88 0.05 281.63
v 218.68 0.05 282.89
v 219.22 0.05 280.77
v 220.04 0.05 282.03
v 219.87 0.05 280.34
v 220.71 0.05 281.58
o r1365680620_footway
v 282.08 0.05 379.84
v 281.28 0.05 378.58
v 281.19 0.05 380.41
v 280.39 0.05 379.13
v 279.98 0.05 381.16
v 279.18 0.05 379.88
o r1365680621_footway
v 279.98 0.05 381.15
v 279.18 0.05 379.89
v 278.34 0.05 382.19
v 277.56 0.05 380.91
v 276.79 0.05 383.11
v 276.03 0.05 381.83
o r1366068989_footway
v 82.66 0.05 103.99
v 81.18 0.05 104.21
v 83.30 0.05 108.52
v 82.00 0.05 109.26
v 117.49 0.05 165.92
v 116.21 0.05 166.68
v 119.81 0.05 169.94
v 118.49 0.05 170.66
v 125.69 0.05 181.10
v 124.37 0.05 181.80
f 14015 14016 14018
f 14015 14018 14017
o r1373500113_footway
v 118.69 0.05 -79.55
v 119.81 0.05 -78.55
v 120.91 0.05 -82.06
v 122.03 0.05 -81.06
o r1373500114_steps
v 121.96 0.05 -82.13
v 120.98 0.05 -80.99
v 124.81 0.05 -79.34
v 125.01 0.05 -77.86
v 127.55 0.05 -82.39
v 129.03 0.05 -82.57
v 123.51 0.05 -85.60
v 124.49 0.05 -86.74
f 14029 14030 14032
f 14029 14032 14031
o r1373500115_footway
v 123.43 0.05 -86.65
v 124.57 0.05 -85.69
v 125.78 0.05 -89.43
v 126.92 0.05 -88.47
o r1382688147_living_street
v 258.07 0.05 93.26
v 261.39 0.05 89.52
v 248.72 0.05 84.94
v 252.02 0.05 81.20
v 232.12 0.05 70.36
v 235.42 0.05 66.60
v 217.27 0.05 57.29
v 220.57 0.05 53.53
v 213.80 0.05 54.24
v 217.10 0.05 50.48
v 205.21 0.05 46.66
v 208.51 0.05 42.92
v 182.67 0.05 26.76
v 185.97 0.05 23.02
v 167.36 0.05 13.27
v 170.66 0.05 9.51
v 160.70 0.05 7.44
v 164.00 0.05 3.68
f 14041 14042 14044
f 14041 14044 14043
f 14045 14046 14048
f 14045 14048 14047
f 14049 14050 14052
f 14049 14052 14051
o r1382868279_primary
v -261.93 0.05 -265.32
v -265.19 0.05 -255.86
v -226.67 0.05 -253.12
v -229.93 0.05 -243.66
o r1382868280_secondary
v -120.03 0.05 -215.18
v -122.69 0.05 -207.64
v -116.79 0.05 -214.04
v -119.55 0.05 -206.54
v -106.13 0.05 -210.07
v -108.93 0.05 -202.57
o r1382868281_primary
v -257.95 0.05 -352.43
v -251.43 0.05 -360.01
v -259.46 0.05 -353.73
v -252.94 0.05 -361.31
v -260.63 0.05 -354.73
v -254.13 0.05 -362.33
v -264.51 0.05 -358.04
v -258.01 0.05 -365.64
v -272.34 0.05 -364.76
v -265.82 0.05 -372.34
f 14069 14070 14072
f 14069 14072 14071
o r1409663978_cycleway
v -189.03 0.05 -427.97
v -189.91 0.05 -429.17
v -198.52 0.05 -421.00
v -199.56 0.05 -422.08
v -223.56 0.05 -394.17
v -224.68 0.05 -395.17
v -250.15 0.05 -363.62
v -251.29 0.05 -364.60
v -255.62 0.05 -357.04
v -256.78 0.05 -358.00
v -260.08 0.05 -351.69
v -261.20 0.05 -352.69
v -288.25 0.05 -320.26
v -289.37 0.05 -321.26
v -313.30 0.05 -291.28
v -314.44 0.05 -292.26
f 14079 14080 14082
f 14079 14082 14081
f 14083 14084 14086
f 14083 14086 14085
f 14087 14088 14090
f 14087 14090 14089
o r1411989360_cycleway
v 72.39 0.05 98.21
v 71.99 0.05 96.77
v 68.61 0.05 99.27
v 68.13 0.05 97.85
v 57.60 0.05 103.32
v 57.10 0.05 101.90
v 48.83 0.05 106.26
v 48.43 0.05 104.82
v 40.14 0.05 108.15
v 39.90 0.05 106.67
v 31.51 0.05 109.07
v 31.37 0.05 107.57
v 27.41 0.05 109.38
v 27.37 0.05 107.88
v 22.97 0.05 109.27
v 23.09 0.05 107.77
v 15.62 0.05 108.42
v 15.92 0.05 106.94
v 8.92 0.05 106.47
v 9.42 0.05 105.05
v 2.52 0.05 103.88
v 3.18 0.05 102.54
v -2.41 0.05 100.90
v -1.57 0.05 99.66
v -6.22 0.05 98.05
v -5.32 0.05 96.85
f 14095 14096 14098
f 14095 14098 14097
f 14099 14100 14102
f 14099 14102 14101
f 14103 14104 14106
f 14103 14106 14105
f 14107 14108 14110
f 14107 14110 14109
f 14111 14112 14114
f 14111 14114 14113
o r1413590049_cycleway
v -178.18 0.05 -54.18
v -179.16 0.05 -53.04
v -167.23 0.05 -44.63
v -168.37 0.05 -43.65
v -165.09 0.05 -39.15
v -166.11 0.05 -38.05
v -89.92 0.05 25.78
v -90.88 0.05 26.92
v -85.50 0.05 28.29
v -86.24 0.05 29.59
v -81.64 0.05 30.48
v -82.60 0.05 31.64
v -68.19 0.05 42.44
v -69.19 0.05 43.56
f 14121 14122 14124
f 14121 14124 14123
f 14125 14126 14128
f 14125 14128 14127
o r1413963733_footway
v 358.77 0.05 349.72
v 360.09 0.05 350.42
v 360.96 0.05 345.58
v 362.28 0.05 346.28
o r1413963734_steps
v 360.96 0.05 345.58
v 362.28 0.05 346.28
v 364.02 0.05 339.83
v 365.34 0.05 340.53
o r1413963735_steps
v 355.77 0.05 336.27
v 356.01 0.05 337.75
v 361.97 0.05 335.27
v 362.21 0.05 336.75
o r1413963736_footway
v 351.53 0.05 336.96
v 351.77 0.05 338.44
v 355.77 0.05 336.27
v 356.01 0.05 337.75
o r1413963737_steps
v 402.85 0.05 308.81
v 403.31 0.05 310.25
v 407.97 0.05 307.19
v 408.43 0.05 308.63
o r1413963738_footway
v 389.17 0.05 313.19
v 389.63 0.05 314.61
v 402.85 0.05 308.82
v 403.31 0.05 310.24
o r1413963739_footway
v 396.69 0.05 326.05
v 397.79 0.05 327.07
v 406.45 0.05 315.45
v 407.55 0.05 316.47
o r1413963740_steps
v 406.45 0.05 315.45
v 407.55 0.05 316.47
v 410.14 0.05 311.44
v 411.24 0.05 312.46
o r1414360052_cycleway
v -531.80 0.05 -352.62
v -532.74 0.05 -351.44
v -526.14 0.05 -348.12
v -527.04 0.05 -346.92
v -495.30 0.05 -325.39
v -496.20 0.05 -324.19
v -475.24 0.05 -309.47
v -476.20 0.05 -308.31
v -451.20 0.05 -288.67
v -452.16 0.05 -287.51
v -449.70 0.05 -288.15
v -450.08 0.05 -286.69
v -447.54 0.05 -287.78
v -448.00 0.05 -286.36
v -444.39 0.05 -286.38
v -445.27 0.05 -285.18
v -437.38 0.05 -280.34
v -438.36 0.05 -279.22
v -396.18 0.05 -244.23
v -397.16 0.05 -243.11
v -365.17 0.05 -217.17
v -366.15 0.05 -216.05
v -320.60 0.05 -178.04
v -321.62 0.05 -176.94
v -314.09 0.05 -169.41
v -315.13 0.05 -168.33
v -285.82 0.05 -144.54
v -286.74 0.05 -143.36
v -279.57 0.05 -142.34
v -280.07 0.05 -140.92
f 14167 14168 14170
f 14167 14170 14169
f 14171 14172 14174
f 14171 14174 14173
f 14175 14176 14178
f 14175 14178 14177
f 14179 14180 14182
f 14179 14182 14181
f 14183 14184 14186
f 14183 14186 14185
f 14187 14188 14190
f 14187 14190 14189
o r1415265350_footway
v 369.04 0.05 357.65
v 369.80 0.05 358.93
v 371.19 0.05 356.37
v 371.95 0.05 357.65
o r1416887246_footway
v -270.88 0.05 -152.90
v -269.90 0.05 -154.02
v -310.58 0.05 -187.74
v -309.62 0.05 -188.90
v -315.50 0.05 -189.84
v -314.56 0.05 -191.00
v -342.13 0.05 -213.46
v -341.03 0.05 -214.48
v -341.48 0.05 -218.60
v -340.00 0.05 -218.32
f 14201 14202 14204
f 14201 14204 14203
o r1417461577_pedestrian
v 215.02 0.05 337.65
v 215.10 0.05 333.65
v 205.91 0.05 337.47
v 206.01 0.05 333.47
v 184.40 0.05 336.87
v 184.50 0.05 332.87
v 182.55 0.05 336.87
v 182.55 0.05 332.87
v 149.45 0.05 336.84
v 149.35 0.05 332.84
v 150.98 0.05 334.49
v 147.80 0.05 336.91
v 151.77 0.05 334.66
v 148.37 0.05 336.78
v 151.63 0.05 335.55
v 148.57 0.05 338.13
v 152.39 0.05 335.40
v 149.65 0.05 338.30
v 152.71 0.05 336.64
v 149.33 0.05 338.78
v 153.58 0.05 337.60
v 149.60 0.05 337.90
v 153.52 0.05 345.45
v 149.60 0.05 344.61
v 151.60 0.05 347.23
v 147.66 0.05 346.57
v 152.37 0.05 351.71
v 148.41 0.05 352.23
v 151.28 0.05 354.71
v 149.54 0.05 351.11
v 148.46 0.05 354.89
v 148.50 0.05 350.89
v 144.64 0.05 352.91
v 148.64 0.05 352.83
v 144.35 0.05 247.42
v 148.35 0.05 247.46
v 147.68 0.05 245.44
v 147.68 0.05 249.44
v 152.98 0.05 245.85
v 150.52 0.05 249.01
v 159.12 0.05 255.21
v 155.20 0.05 254.37
v 151.95 0.05 255.79
v 148.39 0.05 253.95
v 152.20 0.05 268.28
v 148.20 0.05 268.34
v 152.12 0.05 292.16
v 149.42 0.05 295.12
v 178.62 0.05 292.20
v 178.58 0.05 296.20
v 189.59 0.05 292.32
v 187.73 0.05 295.86
v 197.28 0.05 302.00
v 193.96 0.05 304.24
v 204.32 0.05 313.69
v 200.90 0.05 315.75
v 205.30 0.05 315.30
v 201.86 0.05 317.34
v 215.42 0.05 332.36
v 211.98 0.05 334.40
v 216.78 0.05 334.62
v 213.34 0.05 336.68
f 14211 14212 14214
f 14211 14214 14213
f 14215 14216 14218
f 14215 14218 14217
f 14219 14220 14222
f 14219 14222 14221
f 14223 14224 14226
f 14223 14226 14225
f 14227 14228 14230
f 14227 14230 14229
f 14231 14232 14234
f 14231 14234 14233
f 14235 14236 14238
f 14235 14238 14237
f 14239 14240 14242
f 14239 14242 14241
f 14243 14244 14246
f 14243 14246 14245
f 14247 14248 14250
f 14247 14250 14249
f 14251 14252 14254
f 14251 14254 14253
f 14255 14256 14258
f 14255 14258 14257
f 14259 14260 14262
f 14259 14262 14261
f 14263 14264 14266
f 14263 14266 14265
o r1417461578_footway
v 148.59 0.05 244.04
v 147.09 0.05 243.98
v 148.43 0.05 247.44
v 146.93 0.05 247.44
v 148.94 0.05 314.33
v 147.44 0.05 314.35
v 149.23 0.05 352.89
v 147.73 0.05 352.89
v 149.16 0.05 357.56
v 147.66 0.05 357.54
f 14273 14274 14276
f 14273 14276 14275
o r1417461579_footway
v 206.55 0.05 315.49
v 206.55 0.05 313.99
v 202.60 0.05 315.47
v 202.62 0.05 313.97
v 184.60 0.05 315.25
v 184.62 0.05 313.75
v 148.19 0.05 315.09
v 148.19 0.05 313.59
f 14283 14284 14286
f 14283 14286 14285
o r1417468283_footway
v 206.75 0.05 333.30
v 205.25 0.05 333.28
v 206.71 0.05 335.47
v 205.21 0.05 335.47
v 206.61 0.05 358.09
v 205.11 0.05 358.09
o r1417468284_footway
v 185.36 0.05 314.51
v 183.86 0.05 314.49
v 185.21 0.05 333.04
v 183.71 0.05 333.02
v 185.20 0.05 334.87
v 183.70 0.05 334.87
v 185.26 0.05 357.84
v 183.76 0.05 357.84
f 14297 14298 14300
f 14297 14300 14299
o r1417468285_footway
v 184.47 0.05 332.28
v 184.45 0.05 333.78
v 206.01 0.05 332.54
v 205.99 0.05 334.04
v 213.71 0.05 332.63
v 213.69 0.05 334.13
v 217.97 0.05 332.68
v 217.95 0.05 334.18
f 14305 14306 14308
f 14305 14308 14307
o r1474625484_footway
v 183.77 0.05 12.19
v 184.57 0.05 13.47
v 190.36 0.05 8.06
v 191.16 0.05 9.34
o r1474625485_footway
v 194.92 0.05 5.22
v 195.72 0.05 6.48
v 196.52 0.05 4.21
v 197.32 0.05 5.47
o r1474625486_steps
v 190.36 0.05 8.06
v 191.16 0.05 9.34
v 194.92 0.05 5.21
v 195.72 0.05 6.49
o r1474625487_footway
v 182.74 0.05 12.86
v 183.56 0.05 14.12
v 183.76 0.05 12.20
v 184.58 0.05 13.46
o r1481647346_footway
v -373.18 0.05 -203.95
v -374.02 0.05 -202.71
v -367.67 0.05 -200.28
v -368.51 0.05 -199.04
o r1481647347_footway
v -356.51 0.05 -194.09
v -357.67 0.05 -195.05
v -367.40 0.05 -181.00
v -368.56 0.05 -181.96
o r1481647348_footway
v -332.27 0.05 -255.86
v -331.29 0.05 -257.00
v -339.53 0.05 -262.07
v -338.55 0.05 -263.21
o r1481647349_steps
v -339.52 0.05 -262.07
v -338.56 0.05 -263.21
v -345.00 0.05 -266.67
v -344.04 0.05 -267.81
o r1481647350_footway
v -343.95 0.05 -266.75
v -345.09 0.05 -267.73
v -345.74 0.05 -265.65
v -346.90 0.05 -264.69
v -332.47 0.05 -253.88
v -333.47 0.05 -252.76
o r1481647351_footway
v -344.88 0.05 -238.46
v -346.02 0.05 -239.44
v -350.60 0.05 -231.89
v -351.74 0.05 -232.87
v -353.90 0.05 -228.08
v -355.04 0.05 -229.06
v -355.18 0.05 -226.61
v -356.32 0.05 -227.59
v -371.18 0.05 -208.19
v -372.32 0.05 -209.17
f 14351 14352 14354
f 14351 14354 14353
o r1481647352_footway
v -332.40 0.05 -252.83
v -333.54 0.05 -253.81
v -338.95 0.05 -245.30
v -340.09 0.05 -246.28
v -344.88 0.05 -238.46
v -346.02 0.05 -239.44
o r1481647353_footway
v -346.79 0.05 -264.58
v -345.85 0.05 -265.76
v -347.51 0.05 -265.15
v -346.57 0.05 -266.33
o r1481647354_footway
v -332.48 0.05 -253.89
v -333.46 0.05 -252.75
v -322.40 0.05 -245.34
v -323.38 0.05 -244.20
o r1481647355_footway
v -371.05 0.05 -208.41
v -372.45 0.05 -208.95
v -371.98 0.05 -206.98
v -373.18 0.05 -206.10
v -365.47 0.05 -201.40
v -366.55 0.05 -200.36
v -365.22 0.05 -199.70
v -366.72 0.05 -199.66
f 14375 14376 14378
f 14375 14378 14377
o r1481647356_footway
v -366.59 0.05 -201.36
v -365.43 0.05 -200.40
v -365.59 0.05 -202.56
v -364.43 0.05 -201.60
o r1504730593_footway
v -52.34 0.05 25.44
v -53.48 0.05 24.46
v -56.51 0.05 30.30
v -57.65 0.05 29.32
o r1504730594_path
v -69.26 0.05 42.51
v -68.12 0.05 43.49
v -65.15 0.05 37.80
v -64.03 0.05 38.80
v -62.61 0.05 35.03
v -61.51 0.05 36.05
o r1504730595_cycleway
v -71.55 0.05 15.16
v -70.59 0.05 14.00
v -85.99 0.05 3.14
v -85.03 0.05 1.98
o r1504730596_cycleway
v -89.12 0.05 0.54
v -88.16 0.05 -0.62
v -90.52 0.05 -0.62
v -89.56 0.05 -1.78
o r1504730597_cycleway
v -85.99 0.05 3.14
v -85.03 0.05 1.98
v -87.39 0.05 1.98
v -86.43 0.05 0.82
v -89.12 0.05 0.54
v -88.16 0.05 -0.62
o r1504730598_cycleway
v -145.33 0.05 -50.40
v -146.31 0.05 -49.26
v -91.37 0.05 -3.36
v -92.35 0.05 -2.22
v -89.55 0.05 -1.76
v -90.53 0.05 -0.64
o r1504730599_cycleway
v -158.06 0.05 -61.46
v -159.04 0.05 -60.32
v -156.35 0.05 -60.00
v -157.33 0.05 -58.86
v -145.33 0.05 -50.40
v -146.31 0.05 -49.26
o r1504730600_cycleway
v -163.46 0.05 -66.31
v -164.46 0.05 -65.19
v -160.65 0.05 -63.79
v -161.65 0.05 -62.67
v -158.05 0.05 -61.45
v -159.05 0.05 -60.33
o r1504730601_cycleway
v -179.13 0.05 -79.85
v -180.11 0.05 -78.71
v -164.14 0.05 -66.94
v -165.12 0.05 -65.80
v -163.45 0.05 -66.30
v -164.47 0.05 -65.20
o r1504730602_path
v -155.07 0.05 -64.85
v -156.07 0.05 -63.73
v -153.34 0.05 -63.30
v -154.34 0.05 -62.18
v -152.15 0.05 -62.25
v -153.13 0.05 -61.11
v -83.32 0.05 -2.76
v -84.30 0.05 -1.62
f 14435 14436 14438
f 14435 14438 14437
o r1504730604_footway
v -159.88 0.05 -57.18
v -158.76 0.05 -56.18
v -157.40 0.05 -59.93
v -156.28 0.05 -58.93
v -154.40 0.05 -63.24
v -153.28 0.05 -62.24
o r1504730605_footway
v -160.59 0.05 -69.61
v -161.57 0.05 -68.47
v -157.68 0.05 -67.10
v -158.66 0.05 -65.96
v -155.08 0.05 -64.86
v -156.06 0.05 -63.72
o r1504730606_footway
v -89.76 0.05 4.70
v -88.78 0.05 3.56
v -98.02 0.05 -2.50
v -97.04 0.05 -3.64
v -159.81 0.05 -56.11
v -158.83 0.05 -57.25
v -161.46 0.05 -57.55
v -160.48 0.05 -58.69
f 14455 14456 14458
f 14455 14458 14457
o r1504730607_footway
v -161.46 0.05 -57.56
v -160.48 0.05 -58.68
v -164.14 0.05 -59.91
v -163.16 0.05 -61.03
v -166.94 0.05 -62.34
v -165.96 0.05 -63.48
o r1504730609_cycleway
v -245.73 0.05 -138.33
v -246.71 0.05 -137.21
v -179.13 0.05 -79.84
v -180.11 0.05 -78.72
o r1504730610_footway
v -265.13 0.05 -160.54
v -264.91 0.05 -159.06
v -263.76 0.05 -160.67
v -262.92 0.05 -159.43
v -262.19 0.05 -162.47
v -260.85 0.05 -161.81
v -262.57 0.05 -162.01
v -261.63 0.05 -163.19
f 14473 14474 14476
f 14473 14476 14475
o r1504730611_footway
v -280.03 0.05 -139.05
v -278.79 0.05 -138.21
v -278.89 0.05 -140.74
v -277.65 0.05 -139.90
v -274.52 0.05 -147.18
v -273.28 0.05 -146.34
v -272.29 0.05 -150.48
v -271.05 0.05 -149.64
f 14481 14482 14484
f 14481 14484 14483
o r1504730612_path
v -341.30 0.05 -218.96
v -340.18 0.05 -217.96
v -337.53 0.05 -222.42
v -338.07 0.05 -221.02
v -325.04 0.05 -213.16
v -326.02 0.05 -212.02
v -264.53 0.05 -160.36
v -265.51 0.05 -159.24
v -262.03 0.05 -158.13
v -263.03 0.05 -157.01
f 14489 14490 14492
f 14489 14492 14491
o r1504730613_cycleway
v -261.28 0.05 -146.30
v -261.06 0.05 -144.82
v -255.76 0.05 -146.98
v -256.46 0.05 -145.64
v -245.73 0.05 -138.34
v -246.71 0.05 -137.20
o r1504730615_footway
v -262.03 0.05 -158.13
v -263.03 0.05 -157.01
v -258.73 0.05 -155.18
v -259.71 0.05 -154.04
v -255.33 0.05 -152.38
v -256.29 0.05 -151.22
o r1504730616_cycleway
v -267.42 0.05 -151.88
v -268.40 0.05 -150.74
v -263.93 0.05 -148.85
v -264.91 0.05 -147.71
v -260.69 0.05 -146.14
v -261.65 0.05 -144.98
o r1504730617_footway
v -261.65 0.05 -144.98
v -260.69 0.05 -146.14
v -264.91 0.05 -147.71
v -263.93 0.05 -148.85
v -268.40 0.05 -150.74
v -267.42 0.05 -151.88
o r1504730619_cycleway
v -280.43 0.05 -168.16
v -281.41 0.05 -167.02
v -270.02 0.05 -159.09
v -271.02 0.05 -157.97
v -268.89 0.05 -157.60
v -270.33 0.05 -157.18
v -268.97 0.05 -155.60
v -270.45 0.05 -155.90
v -269.67 0.05 -153.25
v -271.11 0.05 -153.67
f 14523 14524 14526
f 14523 14526 14525
o r1504730620_cycleway
v -322.18 0.05 -202.53
v -321.22 0.05 -203.69
v -333.39 0.05 -211.90
v -332.43 0.05 -213.06
o r1504730621_cycleway
v -333.37 0.05 -211.88
v -332.45 0.05 -213.08
v -341.20 0.05 -217.86
v -340.28 0.05 -219.06
o r1504730622_cycleway
v -369.66 0.05 -244.82
v -370.64 0.05 -243.68
v -353.29 0.05 -230.58
v -354.27 0.05 -229.46
v -340.24 0.05 -219.02
v -341.24 0.05 -217.90
o r1504730640_footway
v -278.86 0.05 -138.12
v -279.96 0.05 -139.14
v -281.76 0.05 -134.99
v -282.86 0.05 -136.01
o r1504730641_secondary
v 15.48 0.05 104.42
v 17.94 0.05 96.80
v 8.98 0.05 102.31
v 11.84 0.05 94.83
v 2.16 0.05 99.30
v 5.94 0.05 92.26
v -3.10 0.05 95.82
v 1.46 0.05 89.24
v -6.60 0.05 93.26
v -1.86 0.05 86.80
f 14551 14552 14554
f 14551 14554 14553
o r1505402239_service
v 152.28 0.05 200.52
v 149.86 0.05 197.34
v 149.24 0.05 202.82
v 146.80 0.05 199.66
v 147.80 0.05 203.97
v 145.38 0.05 200.79
v 133.94 0.05 214.46
v 131.52 0.05 211.26
f 14561 14562 14564
f 14561 14564 14563
o r1505402240_service
v 158.38 0.05 195.89
v 155.96 0.05 192.71
v 152.28 0.05 200.52
v 149.86 0.05 197.34
o r1505402241_service
v 260.37 0.05 353.03
v 258.37 0.05 349.57
v 257.17 0.05 354.88
v 255.17 0.05 351.42
v 255.84 0.05 355.63
v 253.84 0.05 352.17
v 252.62 0.05 357.52
v 250.68 0.05 354.02
v 246.45 0.05 360.73
v 245.51 0.05 356.85
v 239.61 0.05 360.66
v 239.73 0.05 356.66
v 232.88 0.05 360.43
v 233.02 0.05 356.43
f 14573 14574 14576
f 14573 14576 14575
f 14577 14578 14580
f 14577 14580 14579
o r1505402242_service
v 269.90 0.05 347.50
v 267.90 0.05 344.04
v 260.37 0.05 353.03
v 258.37 0.05 349.57
o r1505402243_footway
v 280.15 0.05 380.16
v 281.43 0.05 379.38
v 274.62 0.05 371.11
v 275.88 0.05 370.29
v 273.52 0.05 369.87
v 274.44 0.05 368.67
v 271.59 0.05 368.82
v 272.29 0.05 367.50
v 269.06 0.05 367.47
v 269.96 0.05 366.27
v 267.43 0.05 365.66
v 268.69 0.05 364.84
v 258.73 0.05 351.70
v 260.01 0.05 350.90
f 14591 14592 14594
f 14591 14594 14593
f 14595 14596 14598
f 14595 14598 14597
o r1505402244_footway
v 258.73 0.05 351.69
v 260.01 0.05 350.91
v 228.57 0.05 302.46
v 229.85 0.05 301.68
v 228.07 0.05 300.98
v 229.53 0.05 300.66
v 227.92 0.05 299.62
v 229.42 0.05 299.64
v 228.11 0.05 296.84
v 229.61 0.05 296.90
v 228.07 0.05 296.17
v 229.53 0.05 295.81
v 227.75 0.05 295.35
v 229.01 0.05 294.55
v 218.99 0.05 281.80
v 220.27 0.05 281.00
v 203.93 0.05 257.00
v 205.21 0.05 256.20
v 203.45 0.05 256.57
v 204.23 0.05 255.29
v 202.05 0.05 255.95
v 202.67 0.05 254.59
v 200.37 0.05 255.18
v 201.07 0.05 253.86
v 198.31 0.05 253.94
v 199.27 0.05 252.78
v 197.24 0.05 252.58
v 198.46 0.05 251.70
v 188.84 0.05 240.89
v 190.04 0.05 239.99
v 184.31 0.05 235.28
v 185.47 0.05 234.32
v 174.76 0.05 223.88
v 175.88 0.05 222.88
v 162.73 0.05 211.02
v 163.79 0.05 209.96
v 150.55 0.05 199.47
v 151.59 0.05 198.39
v 146.51 0.05 195.55
v 147.65 0.05 194.57
v 144.37 0.05 192.17
v 145.69 0.05 191.47
v 143.44 0.05 189.81
v 144.66 0.05 188.95
v 133.29 0.05 176.47
v 134.49 0.05 175.57
f 14605 14606 14608
f 14605 14608 14607
f 14609 14610 14612
f 14609 14612 14611
f 14613 14614 14616
f 14613 14616 14615
f 14617 14618 14620
f 14617 14620 14619
f 14621 14622 14624
f 14621 14624 14623
f 14625 14626 14628
f 14625 14628 14627
f 14629 14630 14632
f 14629 14632 14631
f 14633 14634 14636
f 14633 14636 14635
f 14637 14638 14640
f 14637 14640 14639
f 14641 14642 14644
f 14641 14644 14643
o r1505402245_pedestrian
v 90.82 0.05 191.08
v 93.54 0.05 194.02
v 92.40 0.05 189.63
v 95.12 0.05 192.55
v 99.30 0.05 183.22
v 101.58 0.05 186.50
v 112.06 0.05 175.89
v 114.08 0.05 179.35
v 116.31 0.05 174.21
v 114.81 0.05 177.91
v 117.97 0.05 177.48
v 117.05 0.05 181.38
v 119.01 0.05 177.76
v 122.91 0.05 176.90
v 113.09 0.05 168.33
v 116.63 0.05 166.47
v 114.57 0.05 165.26
v 116.51 0.05 168.76
v 115.89 0.05 164.55
v 117.81 0.05 168.05
v 119.28 0.05 163.82
v 117.20 0.05 167.24
v 121.56 0.05 167.08
v 118.16 0.05 169.20
v 122.27 0.05 168.21
v 118.87 0.05 170.33
v 127.76 0.05 177.11
v 124.04 0.05 178.55
v 126.24 0.05 178.83
v 122.24 0.05 178.59
v 127.36 0.05 179.87
v 124.06 0.05 182.13
v 127.90 0.05 181.15
v 126.48 0.05 184.89
v 129.70 0.05 180.50
v 127.12 0.05 183.56
v 133.27 0.05 186.17
v 129.33 0.05 186.81
v 133.34 0.05 199.77
v 129.36 0.05 200.17
v 133.47 0.05 200.90
v 132.47 0.05 204.78
v 136.17 0.05 199.18
v 135.79 0.05 203.16
v 136.97 0.05 201.30
v 137.75 0.05 205.22
v 143.32 0.05 197.68
v 143.70 0.05 201.66
v 147.91 0.05 200.88
v 145.27 0.05 203.88
v 150.91 0.05 203.55
v 148.17 0.05 206.45
v 153.44 0.05 208.28
v 150.02 0.05 206.20
v 148.02 0.05 211.34
v 144.50 0.05 209.46
v 150.22 0.05 214.12
v 146.30 0.05 213.32
v 147.12 0.05 214.98
v 143.28 0.05 216.10
v 153.59 0.05 225.85
v 150.83 0.05 228.75
v 156.80 0.05 223.87
v 154.12 0.05 226.83
v 163.75 0.05 235.06
v 161.03 0.05 237.98
v 166.48 0.05 232.95
v 164.52 0.05 236.45
v 169.91 0.05 238.48
v 167.31 0.05 241.52
v 171.94 0.05 237.62
v 169.08 0.05 240.40
v 177.06 0.05 246.09
v 173.28 0.05 247.39
v 175.42 0.05 247.21
v 171.60 0.05 248.37
v 178.37 0.05 252.15
v 176.31 0.05 255.59
v 181.07 0.05 250.08
v 180.05 0.05 253.94
v 183.75 0.05 253.59
v 181.57 0.05 256.95
v 185.27 0.05 252.67
v 183.03 0.05 255.99
v 187.24 0.05 255.94
v 185.06 0.05 259.30
v 189.28 0.05 255.33
v 186.42 0.05 258.13
v 192.99 0.05 261.79
v 190.83 0.05 265.15
v 196.72 0.05 260.12
v 193.78 0.05 262.84
v 206.46 0.05 276.27
v 203.38 0.05 278.83
v 208.52 0.05 274.46
v 206.12 0.05 277.66
v 212.11 0.05 280.46
v 209.75 0.05 283.70
v 214.22 0.05 278.68
v 212.74 0.05 282.40
v 217.19 0.05 282.82
v 213.83 0.05 285.00
v 219.35 0.05 287.69
v 215.75 0.05 285.93
v 213.91 0.05 291.37
v 211.27 0.05 288.37
v 214.62 0.05 291.09
v 210.62 0.05 291.17
v 214.64 0.05 292.61
v 210.64 0.05 292.67
v 214.91 0.05 311.18
v 210.95 0.05 310.62
v 210.87 0.05 314.47
v 208.81 0.05 311.05
v 207.54 0.05 316.48
v 205.56 0.05 313.00
v 203.57 0.05 318.32
v 203.59 0.05 314.32
v 200.90 0.05 315.75
v 204.32 0.05 313.69
v 193.96 0.05 304.24
v 197.28 0.05 302.00
v 187.07 0.05 295.31
v 190.25 0.05 292.87
v 173.94 0.05 278.08
v 177.06 0.05 275.58
v 160.45 0.05 261.90
v 163.53 0.05 259.34
v 155.58 0.05 256.02
v 158.74 0.05 253.56
v 150.24 0.05 248.74
v 153.26 0.05 246.12
v 146.52 0.05 245.51
v 149.16 0.05 242.51
v 144.67 0.05 243.88
v 147.43 0.05 240.98
v 121.36 0.05 221.66
v 124.12 0.05 218.78
v 117.07 0.05 217.38
v 119.75 0.05 214.42
v 90.85 0.05 194.04
v 93.51 0.05 191.06
f 14651 14652 14654
f 14651 14654 14653
f 14655 14656 14658
f 14655 14658 14657
f 14659 14660 14662
f 14659 14662 14661
f 14663 14664 14666
f 14663 14666 14665
f 14667 14668 14670
f 14667 14670 14669
f 14671 14672 14674
f 14671 14674 14673
f 14675 14676 14678
f 14675 14678 14677
f 14679 14680 14682
f 14679 14682 14681
f 14683 14684 14686
f 14683 14686 14685
f 14687 14688 14690
f 14687 14690 14689
f 14691 14692 14694
f 14691 14694 14693
f 14695 14696 14698
f 14695 14698 14697
f 14699 14700 14702
f 14699 14702 14701
f 14703 14704 14706
f 14703 14706 14705
f 14707 14708 14710
f 14707 14710 14709
f 14711 14712 14714
f 14711 14714 14713
f 14715 14716 14718
f 14715 14718 14717
f 14719 14720 14722
f 14719 14722 14721
f 14723 14724 14726
f 14723 14726 14725
f 14727 14728 14730
f 14727 14730 14729
f 14731 14732 14734
f 14731 14734 14733
f 14735 14736 14738
f 14735 14738 14737
f 14739 14740 14742
f 14739 14742 14741
f 14743 14744 14746
f 14743 14746 14745
f 14747 14748 14750
f 14747 14750 14749
f 14751 14752 14754
f 14751 14754 14753
f 14755 14756 14758
f 14755 14758 14757
f 14759 14760 14762
f 14759 14762 14761
f 14763 14764 14766
f 14763 14766 14765
f 14767 14768 14770
f 14767 14770 14769
f 14771 14772 14774
f 14771 14774 14773
f 14775 14776 14778
f 14775 14778 14777
f 14779 14780 14782
f 14779 14782 14781
f 14783 14784 14786
f 14783 14786 14785
o r1505402253_path
v 213.26 0.05 290.73
v 211.98 0.05 291.53
v 249.11 0.05 348.54
v 247.83 0.05 349.32
v 248.46 0.05 349.20
v 247.02 0.05 349.62
v 250.21 0.05 352.22
v 248.91 0.05 352.96
f 14793 14794 14796
f 14793 14796 14795
o r1505402254_path
v 250.19 0.05 352.18
v 248.93 0.05 353.00
v 252.28 0.05 355.36
v 251.02 0.05 356.18
v 254.20 0.05 358.29
v 252.94 0.05 359.11
o r1505402255_path
v 211.98 0.05 291.52
v 213.26 0.05 290.74
v 209.48 0.05 287.39
v 210.76 0.05 286.61
o r1505402256_path
v 254.21 0.05 358.31
v 252.93 0.05 359.09
v 269.56 0.05 383.15
v 268.28 0.05 383.93
o r1505402257_path
v 269.56 0.05 383.14
v 268.28 0.05 383.94
v 271.10 0.05 385.62
v 269.82 0.05 386.42
v 281.31 0.05 402.03
v 280.03 0.05 402.83
v 282.41 0.05 403.80
v 281.13 0.05 404.60
f 14815 14816 14818
f 14815 14818 14817
o r1505402274_pedestrian
v 237.48 0.05 338.61
v 240.88 0.05 336.51
v 237.28 0.05 337.03
v 238.00 0.05 333.09
v 233.76 0.05 338.48
v 235.82 0.05 335.04
v 231.05 0.05 333.39
v 232.27 0.05 329.59
v 225.82 0.05 335.69
v 228.78 0.05 332.99
v 211.38 0.05 312.16
v 214.48 0.05 309.64
v 210.87 0.05 314.47
v 208.81 0.05 311.05
v 207.54 0.05 316.48
v 205.56 0.05 313.00
v 205.45 0.05 315.60
v 201.71 0.05 317.04
v 215.42 0.05 332.36
v 211.98 0.05 334.40
v 216.78 0.05 334.62
v 213.34 0.05 336.68
v 227.61 0.05 352.75
v 224.19 0.05 354.83
v 230.52 0.05 357.26
v 227.16 0.05 359.42
v 260.54 0.05 403.76
v 257.16 0.05 405.90
v 273.64 0.05 424.98
v 270.24 0.05 427.08
v 275.55 0.05 428.05
v 272.17 0.05 430.17
v 283.27 0.05 440.36
v 279.89 0.05 442.48
v 296.50 0.05 461.48
v 293.32 0.05 463.90
v 296.15 0.05 459.86
v 297.79 0.05 463.50
v 300.85 0.05 457.83
v 302.45 0.05 461.49
v 303.02 0.05 459.06
v 306.66 0.05 457.40
v 288.92 0.05 436.45
v 292.56 0.05 434.79
v 291.82 0.05 433.18
v 295.60 0.05 434.52
v 290.34 0.05 430.78
v 294.00 0.05 432.38
v 294.49 0.05 428.04
v 296.49 0.05 431.50
v 295.10 0.05 427.57
v 297.14 0.05 431.01
v 295.76 0.05 427.28
v 297.84 0.05 430.70
v 297.78 0.05 426.80
v 301.74 0.05 427.34
v 295.83 0.05 424.24
v 299.31 0.05 422.26
v 293.76 0.05 420.61
v 297.18 0.05 418.55
v 293.08 0.05 418.77
v 294.38 0.05 414.99
v 292.29 0.05 419.93
v 290.39 0.05 416.41
v 291.64 0.05 420.29
v 289.62 0.05 416.83
v 290.99 0.05 420.69
v 288.95 0.05 417.25
v 291.26 0.05 418.68
v 287.46 0.05 419.94
v 292.31 0.05 422.80
v 289.29 0.05 420.18
v 284.00 0.05 427.52
v 283.96 0.05 423.52
v 279.56 0.05 421.81
v 283.54 0.05 421.33
v 279.51 0.05 405.34
v 283.51 0.05 405.40
v 279.97 0.05 403.33
v 283.57 0.05 405.07
v 281.24 0.05 402.07
v 283.30 0.05 405.51
v 286.45 0.05 399.18
v 289.45 0.05 401.82
v 285.02 0.05 399.88
v 288.34 0.05 397.66
v 285.05 0.05 398.39
v 285.33 0.05 394.39
v 280.42 0.05 399.88
v 283.18 0.05 396.98
v 272.27 0.05 386.50
v 276.11 0.05 385.38
v 275.91 0.05 382.81
v 279.27 0.05 384.97
v 274.71 0.05 383.52
v 278.11 0.05 381.42
v 275.20 0.05 381.74
v 274.88 0.05 377.76
v 270.69 0.05 384.73
v 268.59 0.05 381.33
v 269.91 0.05 385.28
v 267.93 0.05 381.80
v 269.28 0.05 385.54
v 267.20 0.05 382.12
v 263.21 0.05 388.32
v 264.85 0.05 384.68
v 259.15 0.05 381.91
v 261.25 0.05 378.51
v 256.01 0.05 383.88
v 258.17 0.05 380.52
v 251.34 0.05 375.97
v 255.32 0.05 375.63
v 254.51 0.05 374.64
v 258.31 0.05 373.42
v 246.79 0.05 362.03
v 250.69 0.05 361.11
v 251.86 0.05 357.36
v 253.90 0.05 360.80
v 252.63 0.05 356.94
v 254.51 0.05 360.46
v 253.22 0.05 356.63
v 255.34 0.05 360.03
v 254.67 0.05 356.53
v 258.63 0.05 357.03
v 253.15 0.05 354.97
v 256.53 0.05 352.83
v 252.08 0.05 352.48
v 253.42 0.05 348.70
v 251.16 0.05 353.91
v 249.04 0.05 350.53
v 250.65 0.05 354.27
v 248.47 0.05 350.91
v 250.02 0.05 354.65
v 247.92 0.05 351.25
v 245.06 0.05 357.48
v 244.66 0.05 353.50
v 241.63 0.05 353.35
v 245.63 0.05 353.61
v 243.09 0.05 353.10
v 246.99 0.05 352.18
v 240.40 0.05 348.35
v 244.40 0.05 348.29
v 243.10 0.05 345.94
v 246.78 0.05 347.52
v 244.24 0.05 346.99
v 243.38 0.05 343.09
v 240.63 0.05 349.00
v 237.09 0.05 347.14
v 242.70 0.05 351.03
v 238.70 0.05 350.85
v 237.19 0.05 353.73
v 240.13 0.05 351.03
v 229.22 0.05 341.19
v 232.92 0.05 339.69
v 233.38 0.05 337.04
v 233.16 0.05 341.04
v 233.70 0.05 338.67
v 234.68 0.05 342.55
v 238.14 0.05 335.85
v 240.22 0.05 339.27
f 14823 14824 14826
f 14823 14826 14825
f 14827 14828 14830
f 14827 14830 14829
f 14831 14832 14834
f 14831 14834 14833
f 14835 14836 14838
f 14835 14838 14837
f 14839 14840 14842
f 14839 14842 14841
f 14843 14844 14846
f 14843 14846 14845
f 14847 14848 14850
f 14847 14850 14849
f 14851 14852 14854
f 14851 14854 14853
f 14855 14856 14858
f 14855 14858 14857
f 14859 14860 14862
f 14859 14862 14861
f 14863 14864 14866
f 14863 14866 14865
f 14867 14868 14870
f 14867 14870 14869
f 14871 14872 14874
f 14871 14874 14873
f 14875 14876 14878
f 14875 14878 14877
f 14879 14880 14882
f 14879 14882 14881
f 14883 14884 14886
f 14883 14886 14885
f 14887 14888 14890
f 14887 14890 14889
f 14891 14892 14894
f 14891 14894 14893
f 14895 14896 14898
f 14895 14898 14897
f 14899 14900 14902
f 14899 14902 14901
f 14903 14904 14906
f 14903 14906 14905
f 14907 14908 14910
f 14907 14910 14909
f 14911 14912 14914
f 14911 14914 14913
f 14915 14916 14918
f 14915 14918 14917
f 14919 14920 14922
f 14919 14922 14921
f 14923 14924 14926
f 14923 14926 14925
f 14927 14928 14930
f 14927 14930 14929
f 14931 14932 14934
f 14931 14934 14933
f 14935 14936 14938
f 14935 14938 14937
f 14939 14940 14942
f 14939 14942 14941
f 14943 14944 14946
f 14943 14946 14945
f 14947 14948 14950
f 14947 14950 14949
f 14951 14952 14954
f 14951 14954 14953
f 14955 14956 14958
f 14955 14958 14957
f 14959 14960 14962
f 14959 14962 14961
f 14963 14964 14966
f 14963 14966 14965
f 14967 14968 14970
f 14967 14970 14969
f 14971 14972 14974
f 14971 14974 14973
f 14975 14976 14978
f 14975 14978 14977
o r1513284628_cycleway
v -268.80 0.05 -131.27
v -267.32 0.05 -131.49
v -270.39 0.05 -141.69
v -268.91 0.05 -141.97
v -272.40 0.05 -149.88
v -270.94 0.05 -150.24
o r1513284629_cycleway
v -272.37 0.05 -150.32
v -270.97 0.05 -149.80
v -271.09 0.05 -153.72
v -269.69 0.05 -153.20
o r1513285223_cycleway
v -269.90 0.05 -154.03
v -270.88 0.05 -152.89
v -267.42 0.05 -151.88
v -268.40 0.05 -150.74
o r1513856569_cycleway
v -267.58 0.05 -131.95
v -268.54 0.05 -130.81
v -265.10 0.05 -129.86
v -266.06 0.05 -128.72
o r1513856570_cycleway
v -279.34 0.05 -142.20
v -280.30 0.05 -141.06
v -277.78 0.05 -140.89
v -278.76 0.05 -139.75
v -267.57 0.05 -131.94
v -268.55 0.05 -130.82
o r1513857863_cycleway
v -313.19 0.05 -291.45
v -314.55 0.05 -292.09
v -316.71 0.05 -283.91
v -318.07 0.05 -284.55
o r1513857864_cycleway
v -316.65 0.05 -284.33
v -318.13 0.05 -284.13
v -315.35 0.05 -274.92
v -316.83 0.05 -274.72
o r1513858334_cycleway
v -166.86 0.05 -218.05
v -166.16 0.05 -219.37
v -172.03 0.05 -220.81
v -171.11 0.05 -221.99
v -175.41 0.05 -224.78
v -174.27 0.05 -225.74
o r1513858335_cycleway
v -196.20 0.05 -252.69
v -194.92 0.05 -253.47
v -198.82 0.05 -257.06
v -197.46 0.05 -257.70
v -199.82 0.05 -260.41
v -198.32 0.05 -260.53
v -199.36 0.05 -263.15
v -197.88 0.05 -262.89
f 15021 15022 15024
f 15021 15024 15023
o r1513858336_cycleway
v -196.60 0.05 -219.21
v -197.64 0.05 -218.13
v -192.26 0.05 -215.06
v -193.54 0.05 -214.26
v -191.56 0.05 -211.09
v -193.04 0.05 -210.85
o r1513858337_cycleway
v -201.00 0.05 -223.52
v -202.06 0.05 -222.44
v -198.79 0.05 -221.34
v -199.83 0.05 -220.26
v -196.60 0.05 -219.21
v -197.64 0.05 -218.13
o r1513858338_cycleway
v -130.66 0.05 -143.52
v -131.18 0.05 -142.12
v -126.35 0.05 -141.93
v -127.17 0.05 -140.67
v -122.15 0.05 -137.89
v -123.19 0.05 -136.81
o r1513858339_cycleway
v -122.15 0.05 -137.89
v -123.19 0.05 -136.81
v -119.22 0.05 -135.06
v -120.24 0.05 -133.96
v -112.90 0.05 -129.25
v -113.92 0.05 -128.15
v -106.92 0.05 -123.76
v -107.92 0.05 -122.64
v -104.31 0.05 -121.46
v -105.31 0.05 -120.34
f 15047 15048 15050
f 15047 15050 15049
o r1524781793_cycleway
v 380.35 0.05 8.51
v 381.63 0.05 7.73
v 379.17 0.05 6.60
v 380.45 0.05 5.80
v 367.40 0.05 -12.38
v 368.68 0.05 -13.18
v 338.93 0.05 -58.30
v 340.21 0.05 -59.10
v 325.62 0.05 -79.75
v 326.90 0.05 -80.55
v 323.16 0.05 -83.75
v 324.44 0.05 -84.55
v 318.96 0.05 -90.38
v 320.22 0.05 -91.18
v 314.19 0.05 -98.01
v 315.47 0.05 -98.81
v 312.14 0.05 -101.25
v 313.42 0.05 -102.03
v 277.21 0.05 -158.30
v 278.49 0.05 -159.10
v 274.69 0.05 -161.01
v 275.79 0.05 -162.03
v 269.45 0.05 -166.51
v 270.53 0.05 -167.55
v 263.18 0.05 -173.18
v 264.26 0.05 -174.22
v 260.65 0.05 -175.82
v 261.63 0.05 -176.96
v 182.05 0.05 -243.98
v 183.03 0.05 -245.12
v 179.19 0.05 -246.45
v 180.17 0.05 -247.59
v 172.03 0.05 -252.51
v 173.01 0.05 -253.65
v 162.80 0.05 -260.38
v 163.78 0.05 -261.52
v 160.91 0.05 -261.97
v 161.89 0.05 -263.11
v 83.71 0.05 -328.23
v 84.69 0.05 -329.37
v 80.26 0.05 -331.29
v 81.26 0.05 -332.41
v 74.29 0.05 -336.53
v 75.29 0.05 -337.65
v 68.19 0.05 -341.97
v 69.19 0.05 -343.09
v 64.89 0.05 -344.82
v 65.87 0.05 -345.96
v -15.03 0.05 -414.28
v -14.05 0.05 -415.42
v -17.39 0.05 -416.32
v -16.43 0.05 -417.46
v -24.05 0.05 -421.87
v -23.07 0.05 -423.01
v -29.93 0.05 -427.08
v -28.95 0.05 -428.20
v -109.34 0.05 -496.34
v -108.34 0.05 -497.46
v -112.19 0.05 -500.26
v -111.05 0.05 -501.24
v -113.91 0.05 -501.71
v -112.93 0.05 -502.85
v -119.95 0.05 -506.86
v -118.97 0.05 -508.00
f 15057 15058 15060
f 15057 15060 15059
f 15061 15062 15064
f 15061 15064 15063
f 15065 15066 15068
f 15065 15068 15067
f 15069 15070 15072
f 15069 15072 15071
f 15073 15074 15076
f 15073 15076 15075
f 15077 15078 15080
f 15077 15080 15079
f 15081 15082 15084
f 15081 15084 15083
f 15085 15086 15088
f 15085 15088 15087
f 15089 15090 15092
f 15089 15092 15091
f 15093 15094 15096
f 15093 15096 15095
f 15097 15098 15100
f 15097 15100 15099
f 15101 15102 15104
f 15101 15104 15103
f 15105 15106 15108
f 15105 15108 15107
f 15109 15110 15112
f 15109 15112 15111
f 15113 15114 15116
f 15113 15116 15115
o r1528271578_primary
v 301.89 0.05 407.75
v 310.45 0.05 402.57
v 293.99 0.05 394.72
v 302.51 0.05 389.48
v 288.31 0.05 385.65
v 296.79 0.05 380.35