# Hometown Zero Phase 0 preview

o b23515081_retail
v -351.99 0.00 -97.52
v -360.17 0.00 -76.00
v -364.33 0.00 -65.10
v -372.50 0.00 -43.86
v -367.58 0.00 -42.01
v -368.88 0.00 -38.60
v -322.65 0.00 -21.17
v -321.39 0.00 -24.46
v -316.58 0.00 -22.65
v -298.06 0.00 -71.10
v -296.10 0.00 -76.22
v -300.92 0.00 -78.04
v -299.75 0.00 -81.11
v -337.09 0.00 -95.19
v -346.14 0.00 -98.60
v -347.24 0.00 -95.73
v -351.99 22.40 -97.52
v -360.17 22.40 -76.00
v -364.33 22.40 -65.10
v -372.50 22.40 -43.86
v -367.58 22.40 -42.01
v -368.88 22.40 -38.60
v -322.65 22.40 -21.17
v -321.39 22.40 -24.46
v -316.58 22.40 -22.65
v -298.06 22.40 -71.10
v -296.10 22.40 -76.22
v -300.92 22.40 -78.04
v -299.75 22.40 -81.11
v -337.09 22.40 -95.19
v -346.14 22.40 -98.60
v -347.24 22.40 -95.73
f 1 2 18
f 1 18 17
f 2 3 19
f 2 19 18
f 3 4 20
f 3 20 19
f 4 5 21
f 4 21 20
f 5 6 22
f 5 22 21
f 6 7 23
f 6 23 22
f 7 8 24
f 7 24 23
f 8 9 25
f 8 25 24
f 9 10 26
f 9 26 25
f 10 11 27
f 10 27 26
f 11 12 28
f 11 28 27
f 12 13 29
f 12 29 28
f 13 14 30
f 13 30 29
f 14 15 31
f 14 31 30
f 15 16 32
f 15 32 31
f 16 1 17
f 16 17 32
f 32 17 18
f 19 20 21
f 21 22 23
f 24 25 26
f 26 27 28
f 28 29 30
f 30 31 32
f 32 18 19
f 19 21 23
f 24 26 28
f 28 30 32
f 32 19 23
f 23 24 28
f 28 32 23
o b31722127_office
v 193.33 0.00 -230.06
v 182.42 0.00 -201.51
v 210.75 0.00 -190.84
v 221.66 0.00 -219.39
v 193.33 35.20 -230.06
v 182.42 35.20 -201.51
v 210.75 35.20 -190.84
v 221.66 35.20 -219.39
f 33 34 38
f 33 38 37
f 34 35 39
f 34 39 38
f 35 36 40
f 35 40 39
f 36 33 37
f 36 37 40
f 39 40 37
f 37 38 39
o b31722128_office
v -13.49 0.00 -243.36
v -12.18 0.00 -246.77
v -9.39 0.00 -245.72
v -1.10 0.00 -267.32
v -3.53 0.00 -268.25
v -2.46 0.00 -271.02
v -28.02 0.00 -280.68
v -57.08 0.00 -291.68
v -67.74 0.00 -263.88
v -13.49 12.80 -243.36
v -12.18 12.80 -246.77
v -9.39 12.80 -245.72
v -1.10 12.80 -267.32
v -3.53 12.80 -268.25
v -2.46 12.80 -271.02
v -28.02 12.80 -280.68
v -57.08 12.80 -291.68
v -67.74 12.80 -263.88
f 41 42 51
f 41 51 50
f 42 43 52
f 42 52 51
f 43 44 53
f 43 53 52
f 44 45 54
f 44 54 53
f 45 46 55
f 45 55 54
f 46 47 56
f 46 56 55
f 47 48 57
f 47 57 56
f 48 49 58
f 48 58 57
f 49 41 50
f 49 50 58
f 57 58 50
f 51 52 53
f 54 55 56
f 56 57 50
f 51 53 54
f 56 50 51
f 51 54 56
o b31722129_office
v -28.02 0.00 -280.68
v -2.46 0.00 -271.02
v 1.12 0.00 -269.67
v 12.47 0.00 -299.29
v -16.66 0.00 -310.31
v -28.02 38.40 -280.68
v -2.46 38.40 -271.02
v 1.12 38.40 -269.67
v 12.47 38.40 -299.29
v -16.66 38.40 -310.31
f 59 60 65
f 59 65 64
f 60 61 66
f 60 66 65
f 61 62 67
f 61 67 66
f 62 63 68
f 62 68 67
f 63 59 64
f 63 64 68
f 67 68 64
f 64 65 66
f 66 67 64
o b31722131_unknown
v -57.08 0.00 -291.68
v -28.02 0.00 -280.68
v -16.66 0.00 -310.31
v -27.14 0.00 -314.27
v -45.72 0.00 -321.30
v -57.08 12.80 -291.68
v -28.02 12.80 -280.68
v -16.66 12.80 -310.31
v -27.14 12.80 -314.27
v -45.72 12.80 -321.30
f 69 70 75
f 69 75 74
f 70 71 76
f 70 76 75
f 71 72 77
f 71 77 76
f 72 73 78
f 72 78 77
f 73 69 74
f 73 74 78
f 77 78 74
f 74 75 76
f 76 77 74
o b31722132_office
v -11.34 0.00 -327.10
v -6.81 0.00 -338.90
v -6.04 0.00 -340.91
v -0.49 0.00 -355.34
v -11.28 0.00 -359.43
v -28.20 0.00 -365.84
v -39.05 0.00 -337.60
v -11.34 6.40 -327.10
v -6.81 6.40 -338.90
v -6.04 6.40 -340.91
v -0.49 6.40 -355.34
v -11.28 6.40 -359.43
v -28.20 6.40 -365.84
v -39.05 6.40 -337.60
f 79 80 87
f 79 87 86
f 80 81 88
f 80 88 87
f 81 82 89
f 81 89 88
f 82 83 90
f 82 90 89
f 83 84 91
f 83 91 90
f 84 85 92
f 84 92 91
f 85 79 86
f 85 86 92
f 91 92 86
f 86 87 88
f 88 89 90
f 90 91 86
f 86 88 90
o b31722133_residential
v -66.69 0.00 -179.30
v -55.89 0.00 -207.16
v -73.43 0.00 -213.87
v -85.97 0.00 -218.66
v -96.77 0.00 -190.78
v -66.69 48.00 -179.30
v -55.89 48.00 -207.16
v -73.43 48.00 -213.87
v -85.97 48.00 -218.66
v -96.77 48.00 -190.78
f 93 94 99
f 93 99 98
f 94 95 100
f 94 100 99
f 95 96 101
f 95 101 100
f 96 97 102
f 96 102 101
f 97 93 98
f 97 98 102
f 101 102 98
f 98 99 100
f 100 101 98
o b31732580_residential
v -98.98 0.00 -171.66
v -101.06 0.00 -171.61
v -102.75 0.00 -171.04
v -104.02 0.00 -169.97
v -104.82 0.00 -168.63
v -109.89 0.00 -155.88
v -113.88 0.00 -145.14
v -84.39 0.00 -134.03
v -73.51 0.00 -162.49
v -96.99 0.00 -171.30
v -98.98 71.00 -171.66
v -101.06 71.00 -171.61
v -102.75 71.00 -171.04
v -104.02 71.00 -169.97
v -104.82 71.00 -168.63
v -109.89 71.00 -155.88
v -113.88 71.00 -145.14
v -84.39 71.00 -134.03
v -73.51 71.00 -162.49
v -96.99 71.00 -171.30
f 103 104 114
f 103 114 113
f 104 105 115
f 104 115 114
f 105 106 116
f 105 116 115
f 106 107 117
f 106 117 116
f 107 108 118
f 107 118 117
f 108 109 119
f 108 119 118
f 109 110 120
f 109 120 119
f 110 111 121
f 110 121 120
f 111 112 122
f 111 122 121
f 112 103 113
f 112 113 122
f 121 122 113
f 113 114 115
f 115 116 117
f 117 118 119
f 119 120 121
f 121 113 115
f 115 117 119
f 119 121 115
o b31732583_office
v -82.59 0.00 29.77
v -84.38 0.00 34.42
v -86.17 0.00 39.08
v -87.41 0.00 38.60
v -92.40 0.00 51.52
v -79.02 0.00 56.61
v -75.02 0.00 58.13
v -75.25 0.00 58.75
v -66.03 0.00 62.26
v -61.20 0.00 64.09
v -60.88 0.00 63.26
v -57.84 0.00 64.41
v -53.98 0.00 54.36
v -53.07 0.00 54.72
v -47.46 0.00 40.18
v -48.34 0.00 39.84
v -44.22 0.00 29.13
v -48.66 0.00 27.44
v -48.31 0.00 26.53
v -60.94 0.00 21.73
v -61.38 0.00 22.85
v -65.41 0.00 21.31
v -78.63 0.00 16.28
v -83.68 0.00 29.36
v -82.59 3.20 29.77
v -84.38 3.20 34.42
v -86.17 3.20 39.08
v -87.41 3.20 38.60
v -92.40 3.20 51.52
v -79.02 3.20 56.61
v -75.02 3.20 58.13
v -75.25 3.20 58.75
v -66.03 3.20 62.26
v -61.20 3.20 64.09
v -60.88 3.20 63.26
v -57.84 3.20 64.41
v -53.98 3.20 54.36
v -53.07 3.20 54.72
v -47.46 3.20 40.18
v -48.34 3.20 39.84
v -44.22 3.20 29.13
v -48.66 3.20 27.44
v -48.31 3.20 26.53
v -60.94 3.20 21.73
v -61.38 3.20 22.85
v -65.41 3.20 21.31
v -78.63 3.20 16.28
v -83.68 3.20 29.36
f 123 124 148
f 123 148 147
f 124 125 149
f 124 149 148
f 125 126 150
f 125 150 149
f 126 127 151
f 126 151 150
f 127 128 152
f 127 152 151
f 128 129 153
f 128 153 152
f 129 130 154
f 129 154 153
f 130 131 155
f 130 155 154
f 131 132 156
f 131 156 155
f 132 133 157
f 132 157 156
f 133 134 158
f 133 158 157
f 134 135 159
f 134 159 158
f 135 136 160
f 135 160 159
f 136 137 161
f 136 161 160
f 137 138 162
f 137 162 161
f 138 139 163
f 138 163 162
f 139 140 164
f 139 164 163
f 140 141 165
f 140 165 164
f 141 142 166
f 141 166 165
f 142 143 167
f 142 167 166
f 143 144 168
f 143 168 167
f 144 145 169
f 144 169 168
f 145 146 170
f 145 170 169
f 146 123 147
f 146 147 170
f 169 170 147
f 147 148 149
f 149 150 151
f 151 152 153
f 153 154 155
f 155 156 157
f 157 158 159
f 159 160 161
f 162 163 164
f 164 165 166
f 167 168 169
f 149 151 153
f 153 155 157
f 157 159 161
f 162 164 166
f 167 169 147
f 147 149 153
f 153 157 161
f 162 166 167
f 167 147 153
f 153 161 162
f 162 167 153
o b31742333_unknown
v -452.55 0.00 262.06
v -452.10 0.00 260.89
v -443.68 0.00 264.08
v -435.94 0.00 267.03
v -431.94 0.00 256.66
v -427.93 0.00 258.19
v -416.90 0.00 229.61
v -419.46 0.00 228.64
v -414.99 0.00 217.07
v -459.86 0.00 199.99
v -464.37 0.00 211.70
v -469.61 0.00 209.71
v -474.89 0.00 223.38
v -480.19 0.00 237.13
v -475.62 0.00 238.87
v -480.01 0.00 250.26
v -471.35 0.00 253.56
v -459.06 0.00 258.23
v -459.51 0.00 259.42
v -455.61 0.00 260.90
v -452.55 12.80 262.06
v -452.10 12.80 260.89
v -443.68 12.80 264.08
v -435.94 12.80 267.03
v -431.94 12.80 256.66
v -427.93 12.80 258.19
v -416.90 12.80 229.61
v -419.46 12.80 228.64
v -414.99 12.80 217.07
v -459.86 12.80 199.99
v -464.37 12.80 211.70
v -469.61 12.80 209.71
v -474.89 12.80 223.38
v -480.19 12.80 237.13
v -475.62 12.80 238.87
v -480.01 12.80 250.26
v -471.35 12.80 253.56
v -459.06 12.80 258.23
v -459.51 12.80 259.42
v -455.61 12.80 260.90
f 171 172 192
f 171 192 191
f 172 173 193
f 172 193 192
f 173 174 194
f 173 194 193
f 174 175 195
f 174 195 194
f 175 176 196
f 175 196 195
f 176 177 197
f 176 197 196
f 177 178 198
f 177 198 197
f 178 179 199
f 178 199 198
f 179 180 200
f 179 200 199
f 180 181 201
f 180 201 200
f 181 182 202
f 181 202 201
f 182 183 203
f 182 203 202
f 183 184 204
f 183 204 203
f 184 185 205
f 184 205 204
f 185 186 206
f 185 206 205
f 186 187 207
f 186 207 206
f 187 188 208
f 187 208 207
f 188 189 209
f 188 209 208
f 189 190 210
f 189 210 209
f 190 171 191
f 190 191 210
f 209 210 191
f 193 194 195
f 195 196 197
f 198 199 200
f 201 202 203
f 203 204 205
f 205 206 207
f 208 209 191
f 192 193 195
f 195 197 198
f 198 200 201
f 201 203 205
f 205 207 208
f 208 191 192
f 192 195 198
f 198 201 205
f 205 208 192
f 192 198 205
o b31742381_unknown
v 418.14 0.00 -354.90
v 444.98 0.00 -344.71
v 472.91 0.00 -334.11
v 480.01 0.00 -352.56
v 482.10 0.00 -357.95
v 427.32 0.00 -378.75
v 425.24 0.00 -373.35
v 418.14 9.60 -354.90
v 444.98 9.60 -344.71
v 472.91 9.60 -334.11
v 480.01 9.60 -352.56
v 482.10 9.60 -357.95
v 427.32 9.60 -378.75
v 425.24 9.60 -373.35
f 211 212 219
f 211 219 218
f 212 213 220
f 212 220 219
f 213 214 221
f 213 221 220
f 214 215 222
f 214 222 221
f 215 216 223
f 215 223 222
f 216 217 224
f 216 224 223
f 217 211 218
f 217 218 224
f 223 224 218
f 218 219 220
f 221 222 223
f 223 218 220
f 220 221 223
o b31742382_residential
v 384.37 0.00 -325.95
v 362.83 0.00 -334.11
v 328.96 0.00 -346.94
v 318.12 0.00 -318.73
v 346.51 0.00 -307.98
v 373.53 0.00 -297.74
v 384.37 19.20 -325.95
v 362.83 19.20 -334.11
v 328.96 19.20 -346.94
v 318.12 19.20 -318.73
v 346.51 19.20 -307.98
v 373.53 19.20 -297.74
f 225 226 232
f 225 232 231
f 226 227 233
f 226 233 232
f 227 228 234
f 227 234 233
f 228 229 235
f 228 235 234
f 229 230 236
f 229 236 235
f 230 225 231
f 230 231 236
f 235 236 231
f 231 232 233
f 233 234 235
f 235 231 233
o b31742383_office
v 12.40 0.00 -149.41
v 23.35 0.00 -177.83
v 34.45 0.00 -206.69
v 5.67 0.00 -217.61
v -0.62 0.00 -201.26
v -16.38 0.00 -160.33
v 12.40 35.20 -149.41
v 23.35 35.20 -177.83
v 34.45 35.20 -206.69
v 5.67 35.20 -217.61
v -0.62 35.20 -201.26
v -16.38 35.20 -160.33
f 237 238 244
f 237 244 243
f 238 239 245
f 238 245 244
f 239 240 246
f 239 246 245
f 240 241 247
f 240 247 246
f 241 242 248
f 241 248 247
f 242 237 243
f 242 243 248
f 247 248 243
f 243 244 245
f 245 246 247
f 247 243 245
o b32482524_retail
v 64.60 0.00 191.54
v 92.02 0.00 202.07
v 94.82 0.00 194.95
v 97.09 0.00 189.09
v 108.21 0.00 160.47
v 52.82 0.00 139.23
v 42.67 0.00 165.40
v 39.05 0.00 174.71
v 36.64 0.00 180.82
v 64.60 22.40 191.54
v 92.02 22.40 202.07
v 94.82 22.40 194.95
v 97.09 22.40 189.09
v 108.21 22.40 160.47
v 52.82 22.40 139.23
v 42.67 22.40 165.40
v 39.05 22.40 174.71
v 36.64 22.40 180.82
f 249 250 259
f 249 259 258
f 250 251 260
f 250 260 259
f 251 252 261
f 251 261 260
f 252 253 262
f 252 262 261
f 253 254 263
f 253 263 262
f 254 255 264
f 254 264 263
f 255 256 265
f 255 265 264
f 256 257 266
f 256 266 265
f 257 249 258
f 257 258 266
f 265 266 258
f 258 259 260
f 261 262 263
f 264 265 258
f 258 260 261
f 261 263 264
f 264 258 261
o b32499299_education
v -462.56 0.00 -50.00
v -470.39 0.00 -29.41
v -479.77 0.00 -4.76
v -430.03 0.00 13.91
v -424.34 0.00 -1.05
v -421.51 0.00 -8.49
v -419.77 0.00 -13.05
v -412.82 0.00 -31.33
v -462.56 9.60 -50.00
v -470.39 9.60 -29.41
v -479.77 9.60 -4.76
v -430.03 9.60 13.91
v -424.34 9.60 -1.05
v -421.51 9.60 -8.49
v -419.77 9.60 -13.05
v -412.82 9.60 -31.33
f 267 268 276
f 267 276 275
f 268 269 277
f 268 277 276
f 269 270 278
f 269 278 277
f 270 271 279
f 270 279 278
f 271 272 280
f 271 280 279
f 272 273 281
f 272 281 280
f 273 274 282
f 273 282 281
f 274 267 275
f 274 275 282
f 281 282 275
f 276 277 278
f 280 281 275
f 275 276 278
f 279 280 275
f 275 278 279
o b36735404_unknown
v -389.96 0.00 87.15
v -379.18 0.00 59.06
v -392.69 0.00 53.94
v -407.61 0.00 48.28
v -413.92 0.00 64.72
v -418.40 0.00 76.37
v -389.96 3.20 87.15
v -379.18 3.20 59.06
v -392.69 3.20 53.94
v -407.61 3.20 48.28
v -413.92 3.20 64.72
v -418.40 3.20 76.37
f 283 284 290
f 283 290 289
f 284 285 291
f 284 291 290
f 285 286 292
f 285 292 291
f 286 287 293
f 286 293 292
f 287 288 294
f 287 294 293
f 288 283 289
f 288 289 294
f 293 294 289
f 289 290 291
f 291 292 293
f 293 289 291
o b36741647_retail
v -362.77 0.00 13.17
v -368.69 0.00 28.48
v -339.50 0.00 39.60
v -333.70 0.00 24.24
v -362.77 6.40 13.17
v -368.69 6.40 28.48
v -339.50 6.40 39.60
v -333.70 6.40 24.24
f 295 296 300
f 295 300 299
f 296 297 301
f 296 301 300
f 297 298 302
f 297 302 301
f 298 295 299
f 298 299 302
f 301 302 299
f 299 300 301
o b36741651_office
v -190.19 0.00 56.32
v -193.87 0.00 65.85
v -175.71 0.00 72.74
v -168.70 0.00 54.49
v -186.86 0.00 47.63
v -190.19 56.00 56.32
v -193.87 56.00 65.85
v -175.71 56.00 72.74
v -168.70 56.00 54.49
v -186.86 56.00 47.63
f 303 304 309
f 303 309 308
f 304 305 310
f 304 310 309
f 305 306 311
f 305 311 310
f 306 307 312
f 306 312 311
f 307 303 308
f 307 308 312
f 311 312 308
f 308 309 310
f 310 311 308
o b39453286_unknown
v -164.02 0.00 -4.57
v -163.06 0.00 -2.42
v -159.14 0.00 -4.15
v -150.23 0.00 -8.06
v -154.11 0.00 -16.77
v -156.04 0.00 -21.10
v -160.73 0.00 -19.05
v -158.87 0.00 -14.85
v -159.85 0.00 -14.41
v -163.08 0.00 -12.99
v -167.00 0.00 -11.28
v -164.02 3.20 -4.57
v -163.06 3.20 -2.42
v -159.14 3.20 -4.15
v -150.23 3.20 -8.06
v -154.11 3.20 -16.77
v -156.04 3.20 -21.10
v -160.73 3.20 -19.05
v -158.87 3.20 -14.85
v -159.85 3.20 -14.41
v -163.08 3.20 -12.99
v -167.00 3.20 -11.28
f 313 314 325
f 313 325 324
f 314 315 326
f 314 326 325
f 315 316 327
f 315 327 326
f 316 317 328
f 316 328 327
f 317 318 329
f 317 329 328
f 318 319 330
f 318 330 329
f 319 320 331
f 319 331 330
f 320 321 332
f 320 332 331
f 321 322 333
f 321 333 332
f 322 323 334
f 322 334 333
f 323 313 324
f 323 324 334
f 333 334 324
f 324 325 326
f 326 327 328
f 328 329 330
f 332 333 324
f 324 326 328
f 328 330 331
f 331 332 324
f 324 328 331
o b39944838_unknown
v -190.81 0.00 -335.05
v -178.82 0.00 -330.64
v -173.57 0.00 -344.76
v -165.74 0.00 -365.85
v -191.54 0.00 -375.43
v -190.81 6.40 -335.05
v -178.82 6.40 -330.64
v -173.57 6.40 -344.76
v -165.74 6.40 -365.85
v -191.54 6.40 -375.43
f 335 336 341
f 335 341 340
f 336 337 342
f 336 342 341
f 337 338 343
f 337 343 342
f 338 339 344
f 338 344 343
f 339 335 340
f 339 340 344
f 343 344 340
f 340 341 342
f 342 343 340
o b39944840_office
v -212.58 0.00 -320.19
v -211.03 0.00 -320.86
v -210.04 0.00 -321.98
v -209.54 0.00 -323.71
v -211.07 0.00 -369.23
v -241.38 0.00 -368.14
v -240.09 0.00 -329.38
v -214.34 0.00 -320.23
v -212.58 16.00 -320.19
v -211.03 16.00 -320.86
v -210.04 16.00 -321.98
v -209.54 16.00 -323.71
v -211.07 16.00 -369.23
v -241.38 16.00 -368.14
v -240.09 16.00 -329.38
v -214.34 16.00 -320.23
f 345 346 354
f 345 354 353
f 346 347 355
f 346 355 354
f 347 348 356
f 347 356 355
f 348 349 357
f 348 357 356
f 349 350 358
f 349 358 357
f 350 351 359
f 350 359 358
f 351 352 360
f 351 360 359
f 352 345 353
f 352 353 360
f 359 360 353
f 353 354 355
f 355 356 357
f 357 358 359
f 359 353 355
f 355 357 359
o b39944841_residential
v -104.85 0.00 -362.47
v -91.07 0.00 -357.24
v -81.28 0.00 -382.70
v -76.03 0.00 -396.32
v -91.67 0.00 -396.72
v -104.85 6.40 -362.47
v -91.07 6.40 -357.24
v -81.28 6.40 -382.70
v -76.03 6.40 -396.32
v -91.67 6.40 -396.72
f 361 362 367
f 361 367 366
f 362 363 368
f 362 368 367
f 363 364 369
f 363 369 368
f 364 365 370
f 364 370 369
f 365 361 366
f 365 366 370
f 369 370 366
f 366 367 368
f 368 369 366
o b39944842_unknown
v -13.84 0.00 -430.18
v -13.08 0.00 -432.37
v -66.35 0.00 -431.16
v -66.00 0.00 -421.33
v -20.39 0.00 -421.60
v -13.84 22.40 -430.18
v -13.08 22.40 -432.37
v -66.35 22.40 -431.16
v -66.00 22.40 -421.33
v -20.39 22.40 -421.60
f 371 372 377
f 371 377 376
f 372 373 378
f 372 378 377
f 373 374 379
f 373 379 378
f 374 375 380
f 374 380 379
f 375 371 376
f 375 376 380
f 379 380 376
f 376 377 378
f 378 379 376
o b52058496_residential
v -280.62 0.00 -72.41
v -302.37 0.00 -15.88
v -273.88 0.00 -5.07
v -252.12 0.00 -61.60
v -280.62 140.00 -72.41
v -302.37 140.00 -15.88
v -273.88 140.00 -5.07
v -252.12 140.00 -61.60
f 381 382 386
f 381 386 385
f 382 383 387
f 382 387 386
f 383 384 388
f 383 388 387
f 384 381 385
f 384 385 388
f 387 388 385
f 385 386 387
o b52059549_residential
v -224.61 0.00 183.07
v -208.79 0.00 189.00
v -179.29 0.00 200.08
v -172.03 0.00 180.99
v -175.53 0.00 179.67
v -174.45 0.00 176.84
v -173.48 0.00 174.29
v -170.05 0.00 175.57
v -157.43 0.00 142.41
v -186.85 0.00 131.38
v -202.67 0.00 125.44
v -214.35 0.00 121.05
v -222.58 0.00 142.67
v -227.73 0.00 156.23
v -236.27 0.00 178.69
v -224.61 66.00 183.07
v -208.79 66.00 189.00
v -179.29 66.00 200.08
v -172.03 66.00 180.99
v -175.53 66.00 179.67
v -174.45 66.00 176.84
v -173.48 66.00 174.29
v -170.05 66.00 175.57
v -157.43 66.00 142.41
v -186.85 66.00 131.38
v -202.67 66.00 125.44
v -214.35 66.00 121.05
v -222.58 66.00 142.67
v -227.73 66.00 156.23
v -236.27 66.00 178.69
f 389 390 405
f 389 405 404
f 390 391 406
f 390 406 405
f 391 392 407
f 391 407 406
f 392 393 408
f 392 408 407
f 393 394 409
f 393 409 408
f 394 395 410
f 394 410 409
f 395 396 411
f 395 411 410
f 396 397 412
f 396 412 411
f 397 398 413
f 397 413 412
f 398 399 414
f 398 414 413
f 399 400 415
f 399 415 414
f 400 401 416
f 400 416 415
f 401 402 417
f 401 417 416
f 402 403 418
f 402 418 417
f 403 389 404
f 403 404 418
f 417 418 404
f 405 406 407
f 408 409 410
f 410 411 412
f 414 415 416
f 416 417 404
f 404 405 407
f 410 412 413
f 413 414 416
f 404 407 408
f 408 410 413
f 413 416 404
f 404 408 413
o b52085638_residential
v -91.09 0.00 -272.97
v -68.88 0.00 -330.21
v -96.61 0.00 -340.81
v -101.60 0.00 -327.95
v -107.86 0.00 -311.79
v -118.82 0.00 -283.57
v -108.54 0.00 -279.63
v -91.09 6.40 -272.97
v -68.88 6.40 -330.21
v -96.61 6.40 -340.81
v -101.60 6.40 -327.95
v -107.86 6.40 -311.79
v -118.82 6.40 -283.57
v -108.54 6.40 -279.63
f 419 420 427
f 419 427 426
f 420 421 428
f 420 428 427
f 421 422 429
f 421 429 428
f 422 423 430
f 422 430 429
f 423 424 431
f 423 431 430
f 424 425 432
f 424 432 431
f 425 419 426
f 425 426 432
f 431 432 426
f 426 427 428
f 428 429 430
f 430 431 426
f 426 428 430
o b68169244_retail
v -251.53 0.00 3.65
v -210.99 0.00 18.90
v -199.68 0.00 13.98
v -193.30 0.00 -2.61
v -190.37 0.00 -10.24
v -184.13 0.00 -26.46
v -189.37 0.00 -37.77
v -229.92 0.00 -53.03
v -241.35 0.00 -48.15
v -256.90 0.00 -7.70
v -251.53 16.00 3.65
v -210.99 16.00 18.90
v -199.68 16.00 13.98
v -193.30 16.00 -2.61
v -190.37 16.00 -10.24
v -184.13 16.00 -26.46
v -189.37 16.00 -37.77
v -229.92 16.00 -53.03
v -241.35 16.00 -48.15
v -256.90 16.00 -7.70
f 433 434 444
f 433 444 443
f 434 435 445
f 434 445 444
f 435 436 446
f 435 446 445
f 436 437 447
f 436 447 446
f 437 438 448
f 437 448 447
f 438 439 449
f 438 449 448
f 439 440 450
f 439 450 449
f 440 441 451
f 440 451 450
f 441 442 452
f 441 452 451
f 442 433 443
f 442 443 452
f 451 452 443
f 443 444 445
f 445 446 447
f 447 448 449
f 449 450 451
f 451 443 445
f 445 447 449
f 449 451 445
o b71175263_unknown
v -260.02 0.00 -167.58
v -245.40 0.00 -205.75
v -241.73 0.00 -215.32
v -238.06 0.00 -224.93
v -252.90 0.00 -230.53
v -266.46 0.00 -235.65
v -288.20 0.00 -243.86
v -294.03 0.00 -235.14
v -300.10 0.00 -237.45
v -318.42 0.00 -189.63
v -311.44 0.00 -187.00
v -289.65 0.00 -178.77
v -260.02 140.00 -167.58
v -245.40 140.00 -205.75
v -241.73 140.00 -215.32
v -238.06 140.00 -224.93
v -252.90 140.00 -230.53
v -266.46 140.00 -235.65
v -288.20 140.00 -243.86
v -294.03 140.00 -235.14
v -300.10 140.00 -237.45
v -318.42 140.00 -189.63
v -311.44 140.00 -187.00
v -289.65 140.00 -178.77
f 453 454 466
f 453 466 465
f 454 455 467
f 454 467 466
f 455 456 468
f 455 468 467
f 456 457 469
f 456 469 468
f 457 458 470
f 457 470 469
f 458 459 471
f 458 471 470
f 459 460 472
f 459 472 471
f 460 461 473
f 460 473 472
f 461 462 474
f 461 474 473
f 462 463 475
f 462 475 474
f 463 464 476
f 463 476 475
f 464 453 465
f 464 465 476
f 475 476 465
f 466 467 468
f 470 471 472
f 472 473 474
f 475 465 466
f 466 468 469
f 469 470 472
f 472 474 475
f 475 466 469
f 469 472 475
o b99625951_office
v -130.46 0.00 -398.85
v -131.33 0.00 -432.10
v -191.93 0.00 -430.54
v -190.66 0.00 -393.28
v -147.05 0.00 -376.86
v -144.41 0.00 -385.65
v -142.96 0.00 -390.74
v -142.27 0.00 -398.54
v -130.46 45.00 -398.85
v -131.33 45.00 -432.10
v -191.93 45.00 -430.54
v -190.66 45.00 -393.28
v -147.05 45.00 -376.86
v -144.41 45.00 -385.65
v -142.96 45.00 -390.74
v -142.27 45.00 -398.54
f 477 478 486
f 477 486 485
f 478 479 487
f 478 487 486
f 479 480 488
f 479 488 487
f 480 481 489
f 480 489 488
f 481 482 490
f 481 490 489
f 482 483 491
f 482 491 490
f 483 484 492
f 483 492 491
f 484 477 485
f 484 485 492
f 492 485 486
f 486 487 488
f 488 489 490
f 490 491 492
f 492 486 488
f 488 490 492
o b101647012_office
v 148.63 0.00 -29.55
v 143.03 0.00 -15.08
v 171.55 0.00 -4.20
v 177.15 0.00 -18.67
v 148.63 45.00 -29.55
v 143.03 45.00 -15.08
v 171.55 45.00 -4.20
v 177.15 45.00 -18.67
f 493 494 498
f 493 498 497
f 494 495 499
f 494 499 498
f 495 496 500
f 495 500 499
f 496 493 497
f 496 497 500
f 499 500 497
f 497 498 499
o b101647017_retail
v 138.48 0.00 -16.81
v 143.03 0.00 -15.08
v 148.63 0.00 -29.55
v 154.15 0.00 -43.81
v 165.14 0.00 -72.20
v 160.25 0.00 -74.06
v 136.39 0.00 -83.17
v 114.28 0.00 -26.04
v 138.48 35.20 -16.81
v 143.03 35.20 -15.08
v 148.63 35.20 -29.55
v 154.15 35.20 -43.81
v 165.14 35.20 -72.20
v 160.25 35.20 -74.06
v 136.39 35.20 -83.17
v 114.28 35.20 -26.04
f 501 502 510
f 501 510 509
f 502 503 511
f 502 511 510
f 503 504 512
f 503 512 511
f 504 505 513
f 504 513 512
f 505 506 514
f 505 514 513
f 506 507 515
f 506 515 514
f 507 508 516
f 507 516 515
f 508 501 509
f 508 509 516
f 515 516 509
f 509 510 511
f 512 513 514
f 514 515 509
f 509 511 512
f 512 514 509
o b101647019_unknown
v 450.51 0.00 -132.96
v 421.11 0.00 -144.04
v 409.94 0.00 -114.82
v 439.34 0.00 -103.74
v 450.51 12.80 -132.96
v 421.11 12.80 -144.04
v 409.94 12.80 -114.82
v 439.34 12.80 -103.74
f 517 518 522
f 517 522 521
f 518 519 523
f 518 523 522
f 519 520 524
f 519 524 523
f 520 517 521
f 520 521 524
f 523 524 521
f 521 522 523
o b101647063_medical
v 205.26 0.00 -24.44
v 233.85 0.00 -13.53
v 245.09 0.00 -42.57
v 216.49 0.00 -53.48
v 210.71 0.00 -38.51
v 205.26 12.80 -24.44
v 233.85 12.80 -13.53
v 245.09 12.80 -42.57
v 216.49 12.80 -53.48
v 210.71 12.80 -38.51
f 525 526 531
f 525 531 530
f 526 527 532
f 526 532 531
f 527 528 533
f 527 533 532
f 528 529 534
f 528 534 533
f 529 525 530
f 529 530 534
f 534 530 531
f 531 532 533
f 533 534 531
o b102367783_office
v -14.35 0.00 9.65
v 7.32 0.00 -48.79
v -51.91 0.00 -70.45
v -73.58 0.00 -12.00
v -14.35 63.00 9.65
v 7.32 63.00 -48.79
v -51.91 63.00 -70.45
v -73.58 63.00 -12.00
f 535 536 540
f 535 540 539
f 536 537 541
f 536 541 540
f 537 538 542
f 537 542 541
f 538 535 539
f 538 539 542
f 541 542 539
f 539 540 541
o b102367785_retail
v 77.65 0.00 70.55
v 69.02 0.00 92.72
v 60.57 0.00 114.55
v 58.02 0.00 121.02
v 65.16 0.00 123.79
v 108.93 0.00 140.68
v 115.54 0.00 143.19
v 118.08 0.00 136.58
v 135.01 0.00 92.91
v 137.73 0.00 86.12
v 131.01 0.00 83.47
v 86.13 0.00 66.38
v 80.16 0.00 64.09
v 77.65 16.00 70.55
v 69.02 16.00 92.72
v 60.57 16.00 114.55
v 58.02 16.00 121.02
v 65.16 16.00 123.79
v 108.93 16.00 140.68
v 115.54 16.00 143.19
v 118.08 16.00 136.58
v 135.01 16.00 92.91
v 137.73 16.00 86.12
v 131.01 16.00 83.47
v 86.13 16.00 66.38
v 80.16 16.00 64.09
f 543 544 557
f 543 557 556
f 544 545 558
f 544 558 557
f 545 546 559
f 545 559 558
f 546 547 560
f 546 560 559
f 547 548 561
f 547 561 560
f 548 549 562
f 548 562 561
f 549 550 563
f 549 563 562
f 550 551 564
f 550 564 563
f 551 552 565
f 551 565 564
f 552 553 566
f 552 566 565
f 553 554 567
f 553 567 566
f 554 555 568
f 554 568 567
f 555 543 556
f 555 556 568
f 567 568 556
f 556 557 558
f 558 559 560
f 560 561 562
f 564 565 566
f 566 567 556
f 556 558 560
f 560 562 563
f 563 564 566
f 566 556 560
f 560 563 566
o b102367787_unknown
v 154.49 0.00 -128.10
v 148.93 0.00 -113.46
v 176.69 0.00 -103.07
v 182.25 0.00 -117.71
v 154.49 9.60 -128.10
v 148.93 9.60 -113.46
v 176.69 9.60 -103.07
v 182.25 9.60 -117.71
f 569 570 574
f 569 574 573
f 570 571 575
f 570 575 574
f 571 572 576
f 571 576 575
f 572 569 573
f 572 573 576
f 575 576 573
f 573 574 575
o b102367788_unknown
v 125.25 0.00 -206.62
v 154.35 0.00 -195.68
v 155.40 0.00 -198.42
v 159.94 0.00 -210.35
v 130.84 0.00 -221.29
v 125.25 25.60 -206.62
v 154.35 25.60 -195.68
v 155.40 25.60 -198.42
v 159.94 25.60 -210.35
v 130.84 25.60 -221.29
f 577 578 583
f 577 583 582
f 578 579 584
f 578 584 583
f 579 580 585
f 579 585 584
f 580 581 586
f 580 586 585
f 581 577 582
f 581 582 586
f 585 586 582
f 582 583 584
f 584 585 582
o b128242214_retail
v -367.37 0.00 447.57
v -385.91 0.00 440.58
v -390.64 0.00 452.97
v -391.52 0.00 455.27
v -371.94 0.00 462.65
v -371.34 0.00 461.08
v -366.32 0.00 447.96
v -367.37 6.40 447.57
v -385.91 6.40 440.58
v -390.64 6.40 452.97
v -391.52 6.40 455.27
v -371.94 6.40 462.65
v -371.34 6.40 461.08
v -366.32 6.40 447.96
f 587 588 595
f 587 595 594
f 588 589 596
f 588 596 595
f 589 590 597
f 589 597 596
f 590 591 598
f 590 598 597
f 591 592 599
f 591 599 598
f 592 593 600
f 592 600 599
f 593 587 594
f 593 594 600
f 599 600 594
f 594 595 596
f 596 597 598
f 598 599 594
f 594 596 598
o b128242235_civic
v -407.45 0.00 449.52
v -406.67 0.00 447.48
v -402.67 0.00 448.98
v -402.44 0.00 448.36
v -401.04 0.00 444.71
v -399.12 0.00 445.43
v -398.24 0.00 443.13
v -396.05 0.00 443.96
v -392.29 0.00 434.10
v -398.18 0.00 431.88
v -397.45 0.00 429.99
v -399.76 0.00 429.12
v -397.59 0.00 423.43
v -417.61 0.00 415.90
v -418.21 0.00 415.66
v -420.41 0.00 421.46
v -419.32 0.00 421.86
v -423.62 0.00 433.11
v -424.69 0.00 436.64
v -424.07 0.00 440.54
v -422.42 0.00 442.83
v -419.74 0.00 444.90
v -407.45 9.60 449.52
v -406.67 9.60 447.48
v -402.67 9.60 448.98
v -402.44 9.60 448.36
v -401.04 9.60 444.71
v -399.12 9.60 445.43
v -398.24 9.60 443.13
v -396.05 9.60 443.96
v -392.29 9.60 434.10
v -398.18 9.60 431.88
v -397.45 9.60 429.99
v -399.76 9.60 429.12
v -397.59 9.60 423.43
v -417.61 9.60 415.90
v -418.21 9.60 415.66
v -420.41 9.60 421.46
v -419.32 9.60 421.86
v -423.62 9.60 433.11
v -424.69 9.60 436.64
v -424.07 9.60 440.54
v -422.42 9.60 442.83
v -419.74 9.60 444.90
f 601 602 624
f 601 624 623
f 602 603 625
f 602 625 624
f 603 604 626
f 603 626 625
f 604 605 627
f 604 627 626
f 605 606 628
f 605 628 627
f 606 607 629
f 606 629 628
f 607 608 630
f 607 630 629
f 608 609 631
f 608 631 630
f 609 610 632
f 609 632 631
f 610 611 633
f 610 633 632
f 611 612 634
f 611 634 633
f 612 613 635
f 612 635 634
f 613 614 636
f 613 636 635
f 614 615 637
f 614 637 636
f 615 616 638
f 615 638 637
f 616 617 639
f 616 639 638
f 617 618 640
f 617 640 639
f 618 619 641
f 618 641 640
f 619 620 642
f 619 642 641
f 620 621 643
f 620 643 642
f 621 622 644
f 621 644 643
f 622 601 623
f 622 623 644
f 643 644 623
f 624 625 626
f 627 628 629
f 629 630 631
f 632 633 634
f 634 635 636
f 636 637 638
f 639 640 641
f 641 642 643
f 643 623 624
f 624 626 627
f 627 629 631
f 632 634 636
f 636 638 639
f 639 641 643
f 643 624 627
f 627 631 632
f 632 636 639
f 639 643 627
f 627 632 639
o b134721767_office
v -242.19 0.00 259.91
v -239.29 0.00 261.01
v -236.30 0.00 262.13
v -235.18 0.00 259.21
v -233.06 0.00 253.68
v -228.19 0.00 240.93
v -225.47 0.00 233.85
v -222.76 0.00 226.76
v -217.89 0.00 214.05
v -215.78 0.00 208.52
v -214.64 0.00 205.55
v -217.63 0.00 204.42
v -220.52 0.00 203.34
v -240.10 0.00 195.94
v -244.28 0.00 197.77
v -246.39 0.00 203.29
v -251.26 0.00 216.01
v -252.57 0.00 219.43
v -253.97 0.00 223.09
v -255.38 0.00 226.75
v -256.69 0.00 230.18
v -261.56 0.00 242.92
v -263.68 0.00 248.45
v -261.76 0.00 252.53
v -242.19 92.00 259.91
v -239.29 92.00 261.01
v -236.30 92.00 262.13
v -235.18 92.00 259.21
v -233.06 92.00 253.68
v -228.19 92.00 240.93
v -225.47 92.00 233.85
v -222.76 92.00 226.76
v -217.89 92.00 214.05
v -215.78 92.00 208.52
v -214.64 92.00 205.55
v -217.63 92.00 204.42
v -220.52 92.00 203.34
v -240.10 92.00 195.94
v -244.28 92.00 197.77
v -246.39 92.00 203.29
v -251.26 92.00 216.01
v -252.57 92.00 219.43
v -253.97 92.00 223.09
v -255.38 92.00 226.75
v -256.69 92.00 230.18
v -261.56 92.00 242.92
v -263.68 92.00 248.45
v -261.76 92.00 252.53
f 645 646 670
f 645 670 669
f 646 647 671
f 646 671 670
f 647 648 672
f 647 672 671
f 648 649 673
f 648 673 672
f 649 650 674
f 649 674 673
f 650 651 675
f 650 675 674
f 651 652 676
f 651 676 675
f 652 653 677
f 652 677 676
f 653 654 678
f 653 678 677
f 654 655 679
f 654 679 678
f 655 656 680
f 655 680 679
f 656 657 681
f 656 681 680
f 657 658 682
f 657 682 681
f 658 659 683
f 658 683 682
f 659 660 684
f 659 684 683
f 660 661 685
f 660 685 684
f 661 662 686
f 661 686 685
f 662 663 687
f 662 687 686
f 663 664 688
f 663 688 687
f 664 665 689
f 664 689 688
f 665 666 690
f 665 690 689
f 666 667 691
f 666 691 690
f 667 668 692
f 667 692 691
f 668 645 669
f 668 669 692
f 691 692 669
f 669 670 671
f 671 672 673
f 674 675 676
f 676 677 678
f 678 679 680
f 681 682 683
f 685 686 687
f 687 688 689
f 690 691 669
f 669 671 673
f 674 676 678
f 678 680 681
f 681 683 684
f 684 685 687
f 687 689 690
f 690 669 673
f 674 678 681
f 681 684 687
f 687 690 673
f 673 674 681
f 681 687 673
o b134721770_unknown
v -105.58 0.00 311.90
v -48.75 0.00 333.34
v -38.02 0.00 305.30
v -27.07 0.00 276.68
v -83.90 0.00 255.24
v -105.58 19.20 311.90
v -48.75 19.20 333.34
v -38.02 19.20 305.30
v -27.07 19.20 276.68
v -83.90 19.20 255.24
f 693 694 699
f 693 699 698
f 694 695 700
f 694 700 699
f 695 696 701
f 695 701 700
f 696 697 702
f 696 702 701
f 697 693 698
f 697 698 702
f 701 702 698
f 698 699 700
f 700 701 698
o b134721774_office
v -349.04 0.00 472.16
v -292.00 0.00 493.66
v -270.36 0.00 437.03
v -327.39 0.00 415.53
v -349.04 16.80 472.16
v -292.00 16.80 493.66
v -270.36 16.80 437.03
v -327.39 16.80 415.53
f 703 704 708
f 703 708 707
f 704 705 709
f 704 709 708
f 705 706 710
f 705 710 709
f 706 703 707
f 706 707 710
f 709 710 707
f 707 708 709
o b141453033_residential
v -270.07 0.00 353.50
v -270.87 0.00 353.20
v -274.88 0.00 363.67
v -263.58 0.00 367.92
v -265.35 0.00 372.56
v -276.65 0.00 368.31
v -278.85 0.00 374.08
v -280.87 0.00 379.34
v -257.20 0.00 388.26
v -256.15 0.00 390.01
v -253.88 0.00 390.86
v -251.88 0.00 389.96
v -248.59 0.00 380.78
v -249.42 0.00 378.54
v -251.11 0.00 377.90
v -252.48 0.00 378.74
v -254.79 0.00 377.87
v -257.09 0.00 377.01
v -257.43 0.00 375.66
v -259.39 0.00 374.93
v -258.52 0.00 372.63
v -257.64 0.00 370.34
v -255.51 0.00 371.15
v -254.02 0.00 370.44
v -251.92 0.00 371.23
v -249.82 0.00 372.02
v -249.67 0.00 373.29
v -247.35 0.00 374.17
v -245.80 0.00 373.97
v -241.94 0.00 363.85
v -242.48 0.00 362.60
v -244.42 0.00 361.89
v -245.76 0.00 362.58
v -250.41 0.00 360.82
v -250.77 0.00 359.81
v -252.25 0.00 359.26
v -253.38 0.00 359.75
v -260.66 0.00 357.01
v -260.96 0.00 355.91
v -262.55 0.00 355.30
v -263.70 0.00 355.89
v -267.38 0.00 354.51
v -267.66 0.00 353.37
v -269.23 0.00 352.78
v -270.07 25.60 353.50
v -270.87 25.60 353.20
v -274.88 25.60 363.67
v -263.58 25.60 367.92
v -265.35 25.60 372.56
v -276.65 25.60 368.31
v -278.85 25.60 374.08
v -280.87 25.60 379.34
v -257.20 25.60 388.26
v -256.15 25.60 390.01
v -253.88 25.60 390.86
v -251.88 25.60 389.96
v -248.59 25.60 380.78
v -249.42 25.60 378.54
v -251.11 25.60 377.90
v -252.48 25.60 378.74
v -254.79 25.60 377.87
v -257.09 25.60 377.01
v -257.43 25.60 375.66
v -259.39 25.60 374.93
v -258.52 25.60 372.63
v -257.64 25.60 370.34
v -255.51 25.60 371.15
v -254.02 25.60 370.44
v -251.92 25.60 371.23
v -249.82 25.60 372.02
v -249.67 25.60 373.29
v -247.35 25.60 374.17
v -245.80 25.60 373.97
v -241.94 25.60 363.85
v -242.48 25.60 362.60
v -244.42 25.60 361.89
v -245.76 25.60 362.58
v -250.41 25.60 360.82
v -250.77 25.60 359.81
v -252.25 25.60 359.26
v -253.38 25.60 359.75
v -260.66 25.60 357.01
v -260.96 25.60 355.91
v -262.55 25.60 355.30
v -263.70 25.60 355.89
v -267.38 25.60 354.51
v -267.66 25.60 353.37
v -269.23 25.60 352.78
f 711 712 756
f 711 756 755
f 712 713 757
f 712 757 756
f 713 714 758
f 713 758 757
f 714 715 759
f 714 759 758
f 715 716 760
f 715 760 759
f 716 717 761
f 716 761 760
f 717 718 762
f 717 762 761
f 718 719 763
f 718 763 762
f 719 720 764
f 719 764 763
f 720 721 765
f 720 765 764
f 721 722 766
f 721 766 765
f 722 723 767
f 722 767 766
f 723 724 768
f 723 768 767
f 724 725 769
f 724 769 768
f 725 726 770
f 725 770 769
f 726 727 771
f 726 771 770
f 727 728 772
f 727 772 771
f 728 729 773
f 728 773 772
f 729 730 774
f 729 774 773
f 730 731 775
f 730 775 774
f 731 732 776
f 731 776 775
f 732 733 777
f 732 777 776
f 733 734 778
f 733 778 777
f 734 735 779
f 734 779 778
f 735 736 780
f 735 780 779
f 736 737 781
f 736 781 780
f 737 738 782
f 737 782 781
f 738 739 783
f 738 783 782
f 739 740 784
f 739 784 783
f 740 741 785
f 740 785 784
f 741 742 786
f 741 786 785
f 742 743 787
f 742 787 786
f 743 744 788
f 743 788 787
f 744 745 789
f 744 789 788
f 745 746 790
f 745 790 789
f 746 747 791
f 746 791 790
f 747 748 792
f 747 792 791
f 748 749 793
f 748 793 792
f 749 750 794
f 749 794 793
f 750 751 795
f 750 795 794
f 751 752 796
f 751 796 795
f 752 753 797
f 752 797 796
f 753 754 798
f 753 798 797
f 754 711 755
f 754 755 798
f 797 798 755
f 755 756 757
f 759 760 761
f 761 762 763
f 763 764 765
f 765 766 767
f 767 768 769
f 770 771 772
f 772 773 774
f 776 777 778
f 778 779 780
f 780 781 782
f 782 783 784
f 784 785 786
f 788 789 790
f 792 793 794
f 796 797 755
f 755 757 758
f 759 761 763
f 763 765 767
f 767 769 770
f 780 782 784
f 784 786 787
f 788 790 791
f 792 794 795
f 796 755 758
f 758 759 763
f 763 767 770
f 778 780 784
f 787 788 791
f 791 792 795
f 795 796 758
f 763 770 772
f 776 778 784
f 791 795 758
f 763 772 774
f 776 784 787
f 787 791 758
f 758 763 774
f 776 787 758
f 758 774 775
f 775 776 758
o b141453042_medical
v -123.50 0.00 261.42
v -121.19 0.00 255.40
v -118.51 0.00 248.38
v -128.62 0.00 244.57
v -126.90 0.00 240.06
v -163.73 0.00 226.18
v -177.89 0.00 263.24
v -167.63 0.00 267.11
v -169.86 0.00 272.96
v -172.10 0.00 278.83
v -161.59 0.00 282.78
v -163.81 0.00 288.59
v -149.64 0.00 293.93
v -127.26 0.00 302.22
v -120.47 0.00 284.03
v -118.49 0.00 278.73
v -113.45 0.00 265.26
v -123.50 89.00 261.42
v -121.19 89.00 255.40
v -118.51 89.00 248.38
v -128.62 89.00 244.57
v -126.90 89.00 240.06
v -163.73 89.00 226.18
v -177.89 89.00 263.24
v -167.63 89.00 267.11
v -169.86 89.00 272.96
v -172.10 89.00 278.83
v -161.59 89.00 282.78
v -163.81 89.00 288.59
v -149.64 89.00 293.93
v -127.26 89.00 302.22
v -120.47 89.00 284.03
v -118.49 89.00 278.73
v -113.45 89.00 265.26
f 799 800 817
f 799 817 816
f 800 801 818
f 800 818 817
f 801 802 819
f 801 819 818
f 802 803 820
f 802 820 819
f 803 804 821
f 803 821 820
f 804 805 822
f 804 822 821
f 805 806 823
f 805 823 822
f 806 807 824
f 806 824 823
f 807 808 825
f 807 825 824
f 808 809 826
f 808 826 825
f 809 810 827
f 809 827 826
f 810 811 828
f 810 828 827
f 811 812 829
f 811 829 828
f 812 813 830
f 812 830 829
f 813 814 831
f 813 831 830
f 814 815 832
f 814 832 831
f 815 799 816
f 815 816 832
f 831 832 816
f 816 817 818
f 819 820 821
f 821 822 823
f 824 825 826
f 826 827 828
f 828 829 830
f 830 831 816
f 816 818 819
f 819 821 823
f 823 824 826
f 826 828 830
f 830 816 819
f 819 823 826
f 826 830 819
o b141453050_retail
v -320.68 0.00 252.27
v -321.51 0.00 251.09
v -322.78 0.00 249.51
v -324.35 0.00 248.33
v -326.39 0.00 247.64
v -328.91 0.00 247.70
v -331.05 0.00 248.37
v -330.11 0.00 245.91
v -343.53 0.00 240.87
v -344.45 0.00 243.29
v -345.99 0.00 239.94
v -350.56 0.00 238.21
v -352.01 0.00 242.44
v -350.75 0.00 246.05
v -353.21 0.00 245.12
v -358.35 0.00 258.62
v -360.97 0.00 265.51
v -360.16 0.00 265.80
v -353.91 0.00 268.15
v -340.50 0.00 273.19
v -333.51 0.00 275.78
v -334.62 0.00 278.68
v -337.13 0.00 285.28
v -341.90 0.00 297.83
v -344.87 0.00 305.61
v -315.32 0.00 316.71
v -312.57 0.00 309.50
v -310.77 0.00 307.80
v -309.55 0.00 306.24
v -308.51 0.00 304.12
v -307.82 0.00 302.05
v -307.54 0.00 299.41
v -307.83 0.00 297.05
v -302.21 0.00 282.29
v -303.81 0.00 279.59
v -301.49 0.00 280.45
v -300.12 0.00 276.86
v -298.20 0.00 277.58
v -295.69 0.00 270.99
v -297.60 0.00 270.27
v -296.21 0.00 266.61
v -298.53 0.00 265.74
v -295.34 0.00 264.36
v -293.56 0.00 259.67
v -298.18 0.00 257.93
v -301.38 0.00 259.54
v -300.69 0.00 257.70
v -319.98 0.00 250.46
v -320.68 17.00 252.27
v -321.51 17.00 251.09
v -322.78 17.00 249.51
v -324.35 17.00 248.33
v -326.39 17.00 247.64
v -328.91 17.00 247.70
v -331.05 17.00 248.37
v -330.11 17.00 245.91
v -343.53 17.00 240.87
v -344.45 17.00 243.29
v -345.99 17.00 239.94
v -350.56 17.00 238.21
v -352.01 17.00 242.44
v -350.75 17.00 246.05
v -353.21 17.00 245.12
v -358.35 17.00 258.62
v -360.97 17.00 265.51
v -360.16 17.00 265.80
v -353.91 17.00 268.15
v -340.50 17.00 273.19
v -333.51 17.00 275.78
v -334.62 17.00 278.68
v -337.13 17.00 285.28
v -341.90 17.00 297.83
v -344.87 17.00 305.61
v -315.32 17.00 316.71
v -312.57 17.00 309.50
v -310.77 17.00 307.80
v -309.55 17.00 306.24
v -308.51 17.00 304.12
v -307.82 17.00 302.05
v -307.54 17.00 299.41
v -307.83 17.00 297.05
v -302.21 17.00 282.29
v -303.81 17.00 279.59
v -301.49 17.00 280.45
v -300.12 17.00 276.86
v -298.20 17.00 277.58
v -295.69 17.00 270.99
v -297.60 17.00 270.27
v -296.21 17.00 266.61
v -298.53 17.00 265.74
v -295.34 17.00 264.36
v -293.56 17.00 259.67
v -298.18 17.00 257.93
v -301.38 17.00 259.54
v -300.69 17.00 257.70
v -319.98 17.00 250.46
f 833 834 882
f 833 882 881
f 834 835 883
f 834 883 882
f 835 836 884
f 835 884 883
f 836 837 885
f 836 885 884
f 837 838 886
f 837 886 885
f 838 839 887
f 838 887 886
f 839 840 888
f 839 888 887
f 840 841 889
f 840 889 888
f 841 842 890
f 841 890 889
f 842 843 891
f 842 891 890
f 843 844 892
f 843 892 891
f 844 845 893
f 844 893 892
f 845 846 894
f 845 894 893
f 846 847 895
f 846 895 894
f 847 848 896
f 847 896 895
f 848 849 897
f 848 897 896
f 849 850 898
f 849 898 897
f 850 851 899
f 850 899 898
f 851 852 900
f 851 900 899
f 852 853 901
f 852 901 900
f 853 854 902
f 853 902 901
f 854 855 903
f 854 903 902
f 855 856 904
f 855 904 903
f 856 857 905
f 856 905 904
f 857 858 906
f 857 906 905
f 858 859 907
f 858 907 906
f 859 860 908
f 859 908 907
f 860 861 909
f 860 909 908
f 861 862 910
f 861 910 909
f 862 863 911
f 862 911 910
f 863 864 912
f 863 912 911
f 864 865 913
f 864 913 912
f 865 866 914
f 865 914 913
f 866 867 915
f 866 915 914
f 867 868 916
f 867 916 915
f 868 869 917
f 868 917 916
f 869 870 918
f 869 918 917
f 870 871 919
f 870 919 918
f 871 872 920
f 871 920 919
f 872 873 921
f 872 921 920
f 873 874 922
f 873 922 921
f 874 875 923
f 874 923 922
f 875 876 924
f 875 924 923
f 876 877 925
f 876 925 924
f 877 878 926
f 877 926 925
f 878 879 927
f 878 927 926
f 879 880 928
f 879 928 927
f 880 833 881
f 880 881 928
f 927 928 881
f 881 882 883
f 883 884 885
f 885 886 887
f 887 888 889
f 890 891 892
f 892 893 894
f 894 895 896
f 896 897 898
f 898 899 900
f 901 902 903
f 904 905 906
f 907 908 909
f 909 910 911
f 911 912 913
f 913 914 915
f 915 916 917
f 917 918 919
f 920 921 922
f 922 923 924
f 924 925 926
f 926 927 881
f 881 883 885
f 887 889 890
f 890 892 894
f 894 896 898
f 898 900 901
f 901 903 904
f 904 906 907
f 907 909 911
f 915 917 919
f 922 924 926
f 881 885 887
f 887 890 894
f 894 898 901
f 901 904 907
f 907 911 913
f 915 919 920
f 920 922 926
f 926 881 887
f 887 894 901
f 901 907 913
f 915 920 926
f 926 887 901
f 901 913 915
f 915 926 901
o b141453059_civic
v -362.38 0.00 268.26
v -364.89 0.00 274.86
v -364.32 0.00 275.07
v -369.10 0.00 287.61
v -369.71 0.00 287.38
v -372.74 0.00 295.35
v -365.33 0.00 298.13
v -365.08 0.00 297.46
v -351.67 0.00 302.50
v -351.85 0.00 302.99
v -344.87 0.00 305.61
v -341.90 0.00 297.83
v -337.13 0.00 285.28
v -334.62 0.00 278.68
v -341.60 0.00 276.06
v -355.01 0.00 271.02
v -361.28 0.00 268.67
v -362.38 9.90 268.26
v -364.89 9.90 274.86
v -364.32 9.90 275.07
v -369.10 9.90 287.61
v -369.71 9.90 287.38
v -372.74 9.90 295.35
v -365.33 9.90 298.13
v -365.08 9.90 297.46
v -351.67 9.90 302.50
v -351.85 9.90 302.99
v -344.87 9.90 305.61
v -341.90 9.90 297.83
v -337.13 9.90 285.28
v -334.62 9.90 278.68
v -341.60 9.90 276.06
v -355.01 9.90 271.02
v -361.28 9.90 268.67
f 929 930 947
f 929 947 946
f 930 931 948
f 930 948 947
f 931 932 949
f 931 949 948
f 932 933 950
f 932 950 949
f 933 934 951
f 933 951 950
f 934 935 952
f 934 952 951
f 935 936 953
f 935 953 952
f 936 937 954
f 936 954 953
f 937 938 955
f 937 955 954
f 938 939 956
f 938 956 955
f 939 940 957
f 939 957 956
f 940 941 958
f 940 958 957
f 941 942 959
f 941 959 958
f 942 943 960
f 942 960 959
f 943 944 961
f 943 961 960
f 944 945 962
f 944 962 961
f 945 929 946
f 945 946 962
f 961 962 946
f 946 947 948
f 949 950 951
f 951 952 953
f 954 955 956
f 956 957 958
f 958 959 960
f 960 961 946
f 949 951 953
f 954 956 958
f 958 960 946
f 948 949 953
f 953 954 958
f 958 946 948
f 948 953 958
o b141453068_retail
v -282.22 0.00 382.89
v -283.34 0.00 385.83
v -284.81 0.00 385.28
v -285.88 0.00 388.07
v -284.25 0.00 388.69
v -287.28 0.00 396.61
v -286.61 0.00 396.85
v -285.39 0.00 397.31
v -289.79 0.00 408.80
v -265.84 0.00 417.83
v -256.23 0.00 392.68
v -282.22 9.60 382.89
v -283.34 9.60 385.83
v -284.81 9.60 385.28
v -285.88 9.60 388.07
v -284.25 9.60 388.69
v -287.28 9.60 396.61
v -286.61 9.60 396.85
v -285.39 9.60 397.31
v -289.79 9.60 408.80
v -265.84 9.60 417.83
v -256.23 9.60 392.68
f 963 964 975
f 963 975 974
f 964 965 976
f 964 976 975
f 965 966 977
f 965 977 976
f 966 967 978
f 966 978 977
f 967 968 979
f 967 979 978
f 968 969 980
f 968 980 979
f 969 970 981
f 969 981 980
f 970 971 982
f 970 982 981
f 971 972 983
f 971 983 982
f 972 973 984
f 972 984 983
f 973 963 974
f 973 974 984
f 983 984 974
f 975 976 977
f 978 979 980
f 981 982 983
f 983 974 975
f 975 977 978
f 978 980 981
f 981 983 975
f 975 978 981
o b141453085_office
v -350.57 0.00 322.43
v -354.64 0.00 320.90
v -359.70 0.00 319.00
v -374.63 0.00 313.37
v -378.05 0.00 312.08
v -385.29 0.00 331.03
v -385.59 0.00 331.81
v -386.15 0.00 333.27
v -387.30 0.00 336.28
v -388.26 0.00 338.78
v -390.12 0.00 343.66
v -391.58 0.00 347.48
v -393.04 0.00 346.94
v -394.91 0.00 351.85
v -393.64 0.00 352.32
v -394.14 0.00 353.65
v -395.27 0.00 353.23
v -397.19 0.00 358.25
v -396.07 0.00 358.67
v -396.59 0.00 360.03
v -397.78 0.00 359.58
v -399.71 0.00 364.64
v -398.71 0.00 365.03
v -400.21 0.00 368.97
v -394.24 0.00 371.23
v -393.72 0.00 369.88
v -392.33 0.00 370.40
v -392.90 0.00 371.87
v -372.17 0.00 379.67
v -371.50 0.00 377.90
v -369.79 0.00 378.56
v -370.36 0.00 380.04
v -365.00 0.00 382.06
v -359.59 0.00 367.91
v -338.12 0.00 376.00
v -334.97 0.00 367.74
v -356.61 0.00 359.59
v -355.53 0.00 356.79
v -361.06 0.00 354.71
v -359.98 0.00 351.90
v -332.82 0.00 362.14
v -329.06 0.00 352.31
v -334.36 0.00 350.32
v -339.70 0.00 348.30
v -337.33 0.00 342.10
v -355.48 0.00 335.26
v -353.14 0.00 329.14
v -350.57 12.80 322.43
v -354.64 12.80 320.90
v -359.70 12.80 319.00
v -374.63 12.80 313.37
v -378.05 12.80 312.08
v -385.29 12.80 331.03
v -385.59 12.80 331.81
v -386.15 12.80 333.27
v -387.30 12.80 336.28
v -388.26 12.80 338.78
v -390.12 12.80 343.66
v -391.58 12.80 347.48
v -393.04 12.80 346.94
v -394.91 12.80 351.85
v -393.64 12.80 352.32
v -394.14 12.80 353.65
v -395.27 12.80 353.23
v -397.19 12.80 358.25
v -396.07 12.80 358.67
v -396.59 12.80 360.03
v -397.78 12.80 359.58
v -399.71 12.80 364.64
v -398.71 12.80 365.03
v -400.21 12.80 368.97
v -394.24 12.80 371.23
v -393.72 12.80 369.88
v -392.33 12.80 370.40
v -392.90 12.80 371.87
v -372.17 12.80 379.67
v -371.50 12.80 377.90
v -369.79 12.80 378.56
v -370.36 12.80 380.04
v -365.00 12.80 382.06
v -359.59 12.80 367.91
v -338.12 12.80 376.00
v -334.97 12.80 367.74
v -356.61 12.80 359.59
v -355.53 12.80 356.79
v -361.06 12.80 354.71
v -359.98 12.80 351.90
v -332.82 12.80 362.14
v -329.06 12.80 352.31
v -334.36 12.80 350.32
v -339.70 12.80 348.30
v -337.33 12.80 342.10
v -355.48 12.80 335.26
v -353.14 12.80 329.14
f 985 986 1033
f 985 1033 1032
f 986 987 1034
f 986 1034 1033
f 987 988 1035
f 987 1035 1034
f 988 989 1036
f 988 1036 1035
f 989 990 1037
f 989 1037 1036
f 990 991 1038
f 990 1038 1037
f 991 992 1039
f 991 1039 1038
f 992 993 1040
f 992 1040 1039
f 993 994 1041
f 993 1041 1040
f 994 995 1042
f 994 1042 1041
f 995 996 1043
f 995 1043 1042
f 996 997 1044
f 996 1044 1043
f 997 998 1045
f 997 1045 1044
f 998 999 1046
f 998 1046 1045
f 999 1000 1047
f 999 1047 1046
f 1000 1001 1048
f 1000 1048 1047
f 1001 1002 1049
f 1001 1049 1048
f 1002 1003 1050
f 1002 1050 1049
f 1003 1004 1051
f 1003 1051 1050
f 1004 1005 1052
f 1004 1052 1051
f 1005 1006 1053
f 1005 1053 1052
f 1006 1007 1054
f 1006 1054 1053
f 1007 1008 1055
f 1007 1055 1054
f 1008 1009 1056
f 1008 1056 1055
f 1009 1010 1057
f 1009 1057 1056
f 1010 1011 1058
f 1010 1058 1057
f 1011 1012 1059
f 1011 1059 1058
f 1012 1013 1060
f 1012 1060 1059
f 1013 1014 1061
f 1013 1061 1060
f 1014 1015 1062
f 1014 1062 1061
f 1015 1016 1063
f 1015 1063 1062
f 1016 1017 1064
f 1016 1064 1063
f 1017 1018 1065
f 1017 1065 1064
f 1018 1019 1066
f 1018 1066 1065
f 1019 1020 1067
f 1019 1067 1066
f 1020 1021 1068
f 1020 1068 1067
f 1021 1022 1069
f 1021 1069 1068
f 1022 1023 1070
f 1022 1070 1069
f 1023 1024 1071
f 1023 1071 1070
f 1024 1025 1072
f 1024 1072 1071
f 1025 1026 1073
f 1025 1073 1072
f 1026 1027 1074
f 1026 1074 1073
f 1027 1028 1075
f 1027 1075 1074
f 1028 1029 1076
f 1028 1076 1075
f 1029 1030 1077
f 1029 1077 1076
f 1030 1031 1078
f 1030 1078 1077
f 1031 985 1032
f 1031 1032 1078
f 1078 1032 1033
f 1035 1036 1037
f 1037 1038 1039
f 1040 1041 1042
f 1043 1044 1045
f 1047 1048 1049
f 1051 1052 1053
f 1054 1055 1056
f 1058 1059 1060
f 1062 1063 1064
f 1065 1066 1067
f 1068 1069 1070
f 1071 1072 1073
f 1075 1076 1077
f 1077 1078 1033
f 1034 1035 1037
f 1037 1039 1040
f 1043 1045 1046
f 1047 1049 1050
f 1051 1053 1054
f 1054 1056 1057
f 1058 1060 1061
f 1062 1064 1065
f 1065 1067 1068
f 1071 1073 1074
f 1077 1033 1034
f 1034 1037 1040
f 1043 1046 1047
f 1047 1050 1051
f 1051 1054 1057
f 1057 1058 1061
f 1061 1062 1065
f 1065 1068 1070
f 1071 1074 1075
f 1077 1034 1040
f 1043 1047 1051
f 1051 1057 1061
f 1061 1065 1070
f 1071 1075 1077
f 1077 1040 1042
f 1043 1051 1061
f 1061 1070 1071
f 1071 1077 1042
f 1042 1043 1061
f 1061 1071 1042
o b141453087_office
v -182.77 0.00 389.70
v -182.27 0.00 388.37
v -182.39 0.00 387.62
v -182.92 0.00 386.98
v -213.09 0.00 375.64
v -213.61 0.00 375.73
v -214.00 0.00 376.05
v -226.25 0.00 408.20
v -226.14 0.00 408.70
v -225.78 0.00 409.14
v -224.51 0.00 409.63
v -228.05 0.00 418.88
v -232.55 0.00 430.62
v -232.34 0.00 431.65
v -231.82 0.00 432.48
v -228.24 0.00 433.83
v -189.05 0.00 448.60
v -187.52 0.00 448.46
v -186.02 0.00 448.17
v -184.36 0.00 447.47
v -182.72 0.00 446.55
v -179.09 0.00 437.04
v -180.25 0.00 436.63
v -181.12 0.00 435.60
v -181.30 0.00 434.49
v -180.46 0.00 432.28
v -173.49 0.00 414.06
v -172.35 0.00 411.08
v -171.50 0.00 410.39
v -170.53 0.00 409.96
v -169.67 0.00 410.08
v -168.72 0.00 410.48
v -166.56 0.00 404.82
v -164.37 0.00 399.09
v -164.62 0.00 397.73
v -165.61 0.00 396.45
v -166.65 0.00 395.78
v -182.77 127.00 389.70
v -182.27 127.00 388.37
v -182.39 127.00 387.62
v -182.92 127.00 386.98
v -213.09 127.00 375.64
v -213.61 127.00 375.73
v -214.00 127.00 376.05
v -226.25 127.00 408.20
v -226.14 127.00 408.70
v -225.78 127.00 409.14
v -224.51 127.00 409.63
v -228.05 127.00 418.88
v -232.55 127.00 430.62
v -232.34 127.00 431.65
v -231.82 127.00 432.48
v -228.24 127.00 433.83
v -189.05 127.00 448.60
v -187.52 127.00 448.46
v -186.02 127.00 448.17
v -184.36 127.00 447.47
v -182.72 127.00 446.55
v -179.09 127.00 437.04
v -180.25 127.00 436.63
v -181.12 127.00 435.60
v -181.30 127.00 434.49
v -180.46 127.00 432.28
v -173.49 127.00 414.06
v -172.35 127.00 411.08
v -171.50 127.00 410.39
v -170.53 127.00 409.96
v -169.67 127.00 410.08
v -168.72 127.00 410.48
v -166.56 127.00 404.82
v -164.37 127.00 399.09
v -164.62 127.00 397.73
v -165.61 127.00 396.45
v -166.65 127.00 395.78
f 1079 1080 1117
f 1079 1117 1116
f 1080 1081 1118
f 1080 1118 1117
f 1081 1082 1119
f 1081 1119 1118
f 1082 1083 1120
f 1082 1120 1119
f 1083 1084 1121
f 1083 1121 1120
f 1084 1085 1122
f 1084 1122 1121
f 1085 1086 1123
f 1085 1123 1122
f 1086 1087 1124
f 1086 1124 1123
f 1087 1088 1125
f 1087 1125 1124
f 1088 1089 1126
f 1088 1126 1125
f 1089 1090 1127
f 1089 1127 1126
f 1090 1091 1128
f 1090 1128 1127
f 1091 1092 1129
f 1091 1129 1128
f 1092 1093 1130
f 1092 1130 1129
f 1093 1094 1131
f 1093 1131 1130
f 1094 1095 1132
f 1094 1132 1131
f 1095 1096 1133
f 1095 1133 1132
f 1096 1097 1134
f 1096 1134 1133
f 1097 1098 1135
f 1097 1135 1134
f 1098 1099 1136
f 1098 1136 1135
f 1099 1100 1137
f 1099 1137 1136
f 1100 1101 1138
f 1100 1138 1137
f 1101 1102 1139
f 1101 1139 1138
f 1102 1103 1140
f 1102 1140 1139
f 1103 1104 1141
f 1103 1141 1140
f 1104 1105 1142
f 1104 1142 1141
f 1105 1106 1143
f 1105 1143 1142
f 1106 1107 1144
f 1106 1144 1143
f 1107 1108 1145
f 1107 1145 1144
f 1108 1109 1146
f 1108 1146 1145
f 1109 1110 1147
f 1109 1147 1146
f 1110 1111 1148
f 1110 1148 1147
f 1111 1112 1149
f 1111 1149 1148
f 1112 1113 1150
f 1112 1150 1149
f 1113 1114 1151
f 1113 1151 1150
f 1114 1115 1152
f 1114 1152 1151
f 1115 1079 1116
f 1115 1116 1152
f 1151 1152 1116
f 1116 1117 1118
f 1118 1119 1120
f 1120 1121 1122
f 1122 1123 1124
f 1124 1125 1126
f 1127 1128 1129
f 1129 1130 1131
f 1131 1132 1133
f 1133 1134 1135
f 1135 1136 1137
f 1146 1147 1148
f 1148 1149 1150
f 1150 1151 1116
f 1116 1118 1120
f 1120 1122 1124
f 1126 1127 1129
f 1129 1131 1133
f 1133 1135 1137
f 1145 1146 1148
f 1148 1150 1116
f 1116 1120 1124
f 1126 1129 1133
f 1133 1137 1138
f 1144 1145 1148
f 1148 1116 1124
f 1126 1133 1138
f 1143 1144 1148
f 1148 1124 1126
f 1126 1138 1139
f 1143 1148 1126
f 1126 1139 1140
f 1142 1143 1126
f 1126 1140 1141
f 1141 1142 1126
o b141453089_unknown
v -146.01 0.00 426.45
v -150.70 0.00 438.84
v -146.86 0.00 440.40
v -150.19 0.00 448.90
v -151.75 0.00 448.31
v -156.84 0.00 461.37
v -124.42 0.00 473.85
v -116.07 0.00 477.06
v -110.98 0.00 464.00
v -119.34 0.00 460.79
v -121.17 0.00 460.08
v -118.52 0.00 453.30
v -114.23 0.00 454.56
v -109.78 0.00 454.42
v -107.05 0.00 452.57
v -104.79 0.00 449.74
v -103.78 0.00 446.77
v -103.62 0.00 443.94
v -104.64 0.00 440.68
v -106.66 0.00 438.56
v -108.77 0.00 437.00
v -111.73 0.00 435.85
v -109.00 0.00 428.77
v -107.52 0.00 429.33
v -99.39 0.00 432.44
v -94.39 0.00 419.58
v -102.53 0.00 416.46
v -134.43 0.00 404.13
v -139.50 0.00 417.00
v -137.94 0.00 417.61
v -142.00 0.00 427.97
v -146.01 12.80 426.45
v -150.70 12.80 438.84
v -146.86 12.80 440.40
v -150.19 12.80 448.90
v -151.75 12.80 448.31
v -156.84 12.80 461.37
v -124.42 12.80 473.85
v -116.07 12.80 477.06
v -110.98 12.80 464.00
v -119.34 12.80 460.79
v -121.17 12.80 460.08
v -118.52 12.80 453.30
v -114.23 12.80 454.56
v -109.78 12.80 454.42
v -107.05 12.80 452.57
v -104.79 12.80 449.74
v -103.78 12.80 446.77
v -103.62 12.80 443.94
v -104.64 12.80 440.68
v -106.66 12.80 438.56
v -108.77 12.80 437.00
v -111.73 12.80 435.85
v -109.00 12.80 428.77
v -107.52 12.80 429.33
v -99.39 12.80 432.44
v -94.39 12.80 419.58
v -102.53 12.80 416.46
v -134.43 12.80 404.13
v -139.50 12.80 417.00
v -137.94 12.80 417.61
v -142.00 12.80 427.97
f 1153 1154 1185
f 1153 1185 1184
f 1154 1155 1186
f 1154 1186 1185
f 1155 1156 1187
f 1155 1187 1186
f 1156 1157 1188
f 1156 1188 1187
f 1157 1158 1189
f 1157 1189 1188
f 1158 1159 1190
f 1158 1190 1189
f 1159 1160 1191
f 1159 1191 1190
f 1160 1161 1192
f 1160 1192 1191
f 1161 1162 1193
f 1161 1193 1192
f 1162 1163 1194
f 1162 1194 1193
f 1163 1164 1195
f 1163 1195 1194
f 1164 1165 1196
f 1164 1196 1195
f 1165 1166 1197
f 1165 1197 1196
f 1166 1167 1198
f 1166 1198 1197
f 1167 1168 1199
f 1167 1199 1198
f 1168 1169 1200
f 1168 1200 1199
f 1169 1170 1201
f 1169 1201 1200
f 1170 1171 1202
f 1170 1202 1201
f 1171 1172 1203
f 1171 1203 1202
f 1172 1173 1204
f 1172 1204 1203
f 1173 1174 1205
f 1173 1205 1204
f 1174 1175 1206
f 1174 1206 1205
f 1175 1176 1207
f 1175 1207 1206
f 1176 1177 1208
f 1176 1208 1207
f 1177 1178 1209
f 1177 1209 1208
f 1178 1179 1210
f 1178 1210 1209
f 1179 1180 1211
f 1179 1211 1210
f 1180 1181 1212
f 1180 1212 1211
f 1181 1182 1213
f 1181 1213 1212
f 1182 1183 1214
f 1182 1214 1213
f 1183 1153 1184
f 1183 1184 1214
f 1214 1184 1185
f 1187 1188 1189
f 1189 1190 1191
f 1191 1192 1193
f 1195 1196 1197
f 1197 1198 1199
f 1199 1200 1201
f 1201 1202 1203
f 1203 1204 1205
f 1207 1208 1209
f 1210 1211 1212
f 1214 1185 1186
f 1187 1189 1191
f 1191 1193 1194
f 1195 1197 1199
f 1199 1201 1203
f 1206 1207 1209
f 1209 1210 1212
f 1213 1214 1186
f 1186 1187 1191
f 1195 1199 1203
f 1206 1209 1212
f 1213 1186 1191
f 1195 1203 1205
f 1206 1212 1213
f 1213 1191 1194
f 1194 1195 1205
f 1205 1206 1213
f 1213 1194 1205
o b141453092_food
v -54.95 0.00 350.40
v -109.30 0.00 329.97
v -130.83 0.00 386.45
v -76.48 0.00 406.88
v -54.95 70.00 350.40
v -109.30 70.00 329.97
v -130.83 70.00 386.45
v -76.48 70.00 406.88
f 1215 1216 1220
f 1215 1220 1219
f 1216 1217 1221
f 1216 1221 1220
f 1217 1218 1222
f 1217 1222 1221
f 1218 1215 1219
f 1218 1219 1222
f 1221 1222 1219
f 1219 1220 1221
o b141453095_civic
v -282.96 0.00 231.70
v -299.23 0.00 225.56
v -297.27 0.00 220.45
v -301.09 0.00 219.01
v -291.18 0.00 193.08
v -285.64 0.00 178.63
v -297.29 0.00 174.23
v -306.75 0.00 170.66
v -316.17 0.00 167.10
v -322.53 0.00 164.70
v -324.67 0.00 170.31
v -342.20 0.00 216.06
v -344.20 0.00 221.28
v -311.82 0.00 233.52
v -296.03 0.00 239.48
v -287.22 0.00 242.81
v -285.06 0.00 237.20
v -282.96 25.00 231.70
v -299.23 25.00 225.56
v -297.27 25.00 220.45
v -301.09 25.00 219.01
v -291.18 25.00 193.08
v -285.64 25.00 178.63
v -297.29 25.00 174.23
v -306.75 25.00 170.66
v -316.17 25.00 167.10
v -322.53 25.00 164.70
v -324.67 25.00 170.31
v -342.20 25.00 216.06
v -344.20 25.00 221.28
v -311.82 25.00 233.52
v -296.03 25.00 239.48
v -287.22 25.00 242.81
v -285.06 25.00 237.20
f 1223 1224 1241
f 1223 1241 1240
f 1224 1225 1242
f 1224 1242 1241
f 1225 1226 1243
f 1225 1243 1242
f 1226 1227 1244
f 1226 1244 1243
f 1227 1228 1245
f 1227 1245 1244
f 1228 1229 1246
f 1228 1246 1245
f 1229 1230 1247
f 1229 1247 1246
f 1230 1231 1248
f 1230 1248 1247
f 1231 1232 1249
f 1231 1249 1248
f 1232 1233 1250
f 1232 1250 1249
f 1233 1234 1251
f 1233 1251 1250
f 1234 1235 1252
f 1234 1252 1251
f 1235 1236 1253
f 1235 1253 1252
f 1236 1237 1254
f 1236 1254 1253
f 1237 1238 1255
f 1237 1255 1254
f 1238 1239 1256
f 1238 1256 1255
f 1239 1223 1240
f 1239 1240 1256
f 1255 1256 1240
f 1241 1242 1243
f 1244 1245 1246
f 1247 1248 1249
f 1250 1251 1252
f 1252 1253 1254
f 1254 1255 1240
f 1243 1244 1246
f 1247 1249 1250
f 1250 1252 1254
f 1254 1240 1241
f 1243 1246 1247
f 1250 1254 1241
f 1243 1247 1250
f 1250 1241 1243
o b141453097_office
v -194.05 0.00 354.49
v -163.18 0.00 366.12
v -146.60 0.00 322.74
v -177.47 0.00 311.11
v -184.32 0.00 329.02
v -185.84 0.00 332.99
v -187.35 0.00 336.97
v -194.05 68.00 354.49
v -163.18 68.00 366.12
v -146.60 68.00 322.74
v -177.47 68.00 311.11
v -184.32 68.00 329.02
v -185.84 68.00 332.99
v -187.35 68.00 336.97
f 1257 1258 1265
f 1257 1265 1264
f 1258 1259 1266
f 1258 1266 1265
f 1259 1260 1267
f 1259 1267 1266
f 1260 1261 1268
f 1260 1268 1267
f 1261 1262 1269
f 1261 1269 1268
f 1262 1263 1270
f 1262 1270 1269
f 1263 1257 1264
f 1263 1264 1270
f 1270 1264 1265
f 1265 1266 1267
f 1268 1269 1270
f 1270 1265 1267
f 1267 1268 1270
o b141453099_unknown
v 250.43 0.00 398.43
v 239.34 0.00 402.60
v 215.71 0.00 393.67
v 204.84 0.00 422.01
v 207.09 0.00 427.72
v 245.44 0.00 442.20
v 255.23 0.00 445.90
v 260.21 0.00 443.77
v 277.55 0.00 398.52
v 275.52 0.00 393.81
v 258.46 0.00 387.38
v 255.15 0.00 386.12
v 250.43 32.00 398.43
v 239.34 32.00 402.60
v 215.71 32.00 393.67
v 204.84 32.00 422.01
v 207.09 32.00 427.72
v 245.44 32.00 442.20
v 255.23 32.00 445.90
v 260.21 32.00 443.77
v 277.55 32.00 398.52
v 275.52 32.00 393.81
v 258.46 32.00 387.38
v 255.15 32.00 386.12
f 1271 1272 1284
f 1271 1284 1283
f 1272 1273 1285
f 1272 1285 1284
f 1273 1274 1286
f 1273 1286 1285
f 1274 1275 1287
f 1274 1287 1286
f 1275 1276 1288
f 1275 1288 1287
f 1276 1277 1289
f 1276 1289 1288
f 1277 1278 1290
f 1277 1290 1289
f 1278 1279 1291
f 1278 1291 1290
f 1279 1280 1292
f 1279 1292 1291
f 1280 1281 1293
f 1280 1293 1292
f 1281 1282 1294
f 1281 1294 1293
f 1282 1271 1283
f 1282 1283 1294
f 1293 1294 1283
f 1284 1285 1286
f 1286 1287 1288
f 1288 1289 1290
f 1290 1291 1292
f 1292 1293 1283
f 1283 1284 1286
f 1286 1288 1290
f 1290 1292 1283
f 1283 1286 1290
o b141453104_unknown
v -286.79 0.00 324.78
v -240.09 0.00 342.38
v -222.34 0.00 295.94
v -245.40 0.00 287.25
v -269.05 0.00 278.34
v -274.02 0.00 291.35
v -286.79 22.40 324.78
v -240.09 22.40 342.38
v -222.34 22.40 295.94
v -245.40 22.40 287.25
v -269.05 22.40 278.34
v -274.02 22.40 291.35
f 1295 1296 1302
f 1295 1302 1301
f 1296 1297 1303
f 1296 1303 1302
f 1297 1298 1304
f 1297 1304 1303
f 1298 1299 1305
f 1298 1305 1304
f 1299 1300 1306
f 1299 1306 1305
f 1300 1295 1301
f 1300 1301 1306
f 1305 1306 1301
f 1301 1302 1303
f 1303 1304 1305
f 1305 1301 1303
o b144639308_retail
v 288.46 0.00 124.30
v 291.72 0.00 123.10
v 299.55 0.00 103.17
v 303.07 0.00 104.54
v 305.48 0.00 105.47
v 306.50 0.00 102.88
v 318.34 0.00 72.75
v 319.07 0.00 70.89
v 306.86 0.00 66.16
v 304.19 0.00 65.13
v 284.27 0.00 57.40
v 272.04 0.00 52.66
v 271.32 0.00 54.52
v 270.58 0.00 56.40
v 268.71 0.00 55.68
v 265.57 0.00 57.13
v 262.05 0.00 58.52
v 246.17 0.00 98.92
v 246.95 0.00 101.19
v 245.77 0.00 102.03
v 245.00 0.00 103.24
v 244.76 0.00 104.67
v 245.09 0.00 106.07
v 245.93 0.00 107.25
v 247.16 0.00 108.01
v 248.59 0.00 108.24
v 250.00 0.00 107.92
v 250.83 0.00 109.71
v 274.89 0.00 119.03
v 288.46 76.00 124.30
v 291.72 76.00 123.10
v 299.55 76.00 103.17
v 303.07 76.00 104.54
v 305.48 76.00 105.47
v 306.50 76.00 102.88
v 318.34 76.00 72.75
v 319.07 76.00 70.89
v 306.86 76.00 66.16
v 304.19 76.00 65.13
v 284.27 76.00 57.40
v 272.04 76.00 52.66
v 271.32 76.00 54.52
v 270.58 76.00 56.40
v 268.71 76.00 55.68
v 265.57 76.00 57.13
v 262.05 76.00 58.52
v 246.17 76.00 98.92
v 246.95 76.00 101.19
v 245.77 76.00 102.03
v 245.00 76.00 103.24
v 244.76 76.00 104.67
v 245.09 76.00 106.07
v 245.93 76.00 107.25
v 247.16 76.00 108.01
v 248.59 76.00 108.24
v 250.00 76.00 107.92
v 250.83 76.00 109.71
v 274.89 76.00 119.03
f 1307 1308 1337
f 1307 1337 1336
f 1308 1309 1338
f 1308 1338 1337
f 1309 1310 1339
f 1309 1339 1338
f 1310 1311 1340
f 1310 1340 1339
f 1311 1312 1341
f 1311 1341 1340
f 1312 1313 1342
f 1312 1342 1341
f 1313 1314 1343
f 1313 1343 1342
f 1314 1315 1344
f 1314 1344 1343
f 1315 1316 1345
f 1315 1345 1344
f 1316 1317 1346
f 1316 1346 1345
f 1317 1318 1347
f 1317 1347 1346
f 1318 1319 1348
f 1318 1348 1347
f 1319 1320 1349
f 1319 1349 1348
f 1320 1321 1350
f 1320 1350 1349
f 1321 1322 1351
f 1321 1351 1350
f 1322 1323 1352
f 1322 1352 1351
f 1323 1324 1353
f 1323 1353 1352
f 1324 1325 1354
f 1324 1354 1353
f 1325 1326 1355
f 1325 1355 1354
f 1326 1327 1356
f 1326 1356 1355
f 1327 1328 1357
f 1327 1357 1356
f 1328 1329 1358
f 1328 1358 1357
f 1329 1330 1359
f 1329 1359 1358
f 1330 1331 1360
f 1330 1360 1359
f 1331 1332 1361
f 1331 1361 1360
f 1332 1333 1362
f 1332 1362 1361
f 1333 1334 1363
f 1333 1363 1362
f 1334 1335 1364
f 1334 1364 1363
f 1335 1307 1336
f 1335 1336 1364
f 1364 1336 1337
f 1338 1339 1340
f 1340 1341 1342
f 1342 1343 1344
f 1345 1346 1347
f 1349 1350 1351
f 1351 1352 1353
f 1354 1355 1356
f 1356 1357 1358
f 1358 1359 1360
f 1360 1361 1362
f 1362 1363 1364
f 1364 1337 1338
f 1338 1340 1342
f 1342 1344 1345
f 1345 1347 1348
f 1349 1351 1353
f 1354 1356 1358
f 1358 1360 1362
f 1362 1364 1338
f 1338 1342 1345
f 1345 1348 1349
f 1349 1353 1354
f 1354 1358 1362
f 1362 1338 1345
f 1345 1349 1354
f 1354 1362 1345
o b152145179_education
v 235.74 0.00 39.05
v 216.90 0.00 31.92
v 206.60 0.00 28.03
v 187.98 0.00 20.99
v 183.09 0.00 33.76
v 166.36 0.00 77.39
v 184.98 0.00 84.43
v 208.24 0.00 93.23
v 221.95 0.00 98.40
v 242.31 0.00 45.30
v 243.57 0.00 42.01
v 235.74 94.00 39.05
v 216.90 94.00 31.92
v 206.60 94.00 28.03
v 187.98 94.00 20.99
v 183.09 94.00 33.76
v 166.36 94.00 77.39
v 184.98 94.00 84.43
v 208.24 94.00 93.23
v 221.95 94.00 98.40
v 242.31 94.00 45.30
v 243.57 94.00 42.01
f 1365 1366 1377
f 1365 1377 1376
f 1366 1367 1378
f 1366 1378 1377
f 1367 1368 1379
f 1367 1379 1378
f 1368 1369 1380
f 1368 1380 1379
f 1369 1370 1381
f 1369 1381 1380
f 1370 1371 1382
f 1370 1382 1381
f 1371 1372 1383
f 1371 1383 1382
f 1372 1373 1384
f 1372 1384 1383
f 1373 1374 1385
f 1373 1385 1384
f 1374 1375 1386
f 1374 1386 1385
f 1375 1365 1376
f 1375 1376 1386
f 1385 1386 1376
f 1376 1377 1378
f 1378 1379 1380
f 1380 1381 1382
f 1382 1383 1384
f 1384 1385 1376
f 1376 1378 1380
f 1380 1382 1384
f 1384 1376 1380
o b152294627_residential
v 36.04 0.00 -122.45
v 25.40 0.00 -126.45
v 6.02 0.00 -133.75
v -0.12 0.00 -117.66
v -5.30 0.00 -104.13
v -16.49 0.00 -74.84
v 13.53 0.00 -63.53
v 36.04 32.00 -122.45
v 25.40 32.00 -126.45
v 6.02 32.00 -133.75
v -0.12 32.00 -117.66
v -5.30 32.00 -104.13
v -16.49 32.00 -74.84
v 13.53 32.00 -63.53
f 1387 1388 1395
f 1387 1395 1394
f 1388 1389 1396
f 1388 1396 1395
f 1389 1390 1397
f 1389 1397 1396
f 1390 1391 1398
f 1390 1398 1397
f 1391 1392 1399
f 1391 1399 1398
f 1392 1393 1400
f 1392 1400 1399
f 1393 1387 1394
f 1393 1394 1400
f 1399 1400 1394
f 1395 1396 1397
f 1397 1398 1399
f 1399 1394 1395
f 1395 1397 1399
o b152294634_residential
v -369.72 0.00 399.68
v -369.97 0.00 400.33
v -373.34 0.00 399.06
v -373.23 0.00 398.80
v -375.05 0.00 398.11
v -375.61 0.00 399.58
v -376.74 0.00 399.16
v -375.95 0.00 397.08
v -385.77 0.00 393.39
v -407.06 0.00 385.51
v -411.58 0.00 396.96
v -410.17 0.00 397.49
v -410.60 0.00 398.62
v -413.75 0.00 397.42
v -415.05 0.00 400.83
v -411.97 0.00 401.99
v -412.43 0.00 403.17
v -413.80 0.00 402.65
v -418.27 0.00 414.34
v -417.18 0.00 414.75
v -417.61 0.00 415.90
v -397.59 0.00 423.43
v -399.76 0.00 429.12
v -397.45 0.00 429.99
v -398.18 0.00 431.88
v -392.29 0.00 434.10
v -386.29 0.00 436.36
v -382.97 0.00 427.66
v -362.69 0.00 435.30
v -360.89 0.00 435.98
v -349.87 0.00 407.16
v -369.72 75.00 399.68
v -369.97 75.00 400.33
v -373.34 75.00 399.06
v -373.23 75.00 398.80
v -375.05 75.00 398.11
v -375.61 75.00 399.58
v -376.74 75.00 399.16
v -375.95 75.00 397.08
v -385.77 75.00 393.39
v -407.06 75.00 385.51
v -411.58 75.00 396.96
v -410.17 75.00 397.49
v -410.60 75.00 398.62
v -413.75 75.00 397.42
v -415.05 75.00 400.83
v -411.97 75.00 401.99
v -412.43 75.00 403.17
v -413.80 75.00 402.65
v -418.27 75.00 414.34
v -417.18 75.00 414.75
v -417.61 75.00 415.90
v -397.59 75.00 423.43
v -399.76 75.00 429.12
v -397.45 75.00 429.99
v -398.18 75.00 431.88
v -392.29 75.00 434.10
v -386.29 75.00 436.36
v -382.97 75.00 427.66
v -362.69 75.00 435.30
v -360.89 75.00 435.98
v -349.87 75.00 407.16
f 1401 1402 1433
f 1401 1433 1432
f 1402 1403 1434
f 1402 1434 1433
f 1403 1404 1435
f 1403 1435 1434
f 1404 1405 1436
f 1404 1436 1435
f 1405 1406 1437
f 1405 1437 1436
f 1406 1407 1438
f 1406 1438 1437
f 1407 1408 1439
f 1407 1439 1438
f 1408 1409 1440
f 1408 1440 1439
f 1409 1410 1441
f 1409 1441 1440
f 1410 1411 1442
f 1410 1442 1441
f 1411 1412 1443
f 1411 1443 1442
f 1412 1413 1444
f 1412 1444 1443
f 1413 1414 1445
f 1413 1445 1444
f 1414 1415 1446
f 1414 1446 1445
f 1415 1416 1447
f 1415 1447 1446
f 1416 1417 1448
f 1416 1448 1447
f 1417 1418 1449
f 1417 1449 1448
f 1418 1419 1450
f 1418 1450 1449
f 1419 1420 1451
f 1419 1451 1450
f 1420 1421 1452
f 1420 1452 1451
f 1421 1422 1453
f 1421 1453 1452
f 1422 1423 1454
f 1422 1454 1453
f 1423 1424 1455
f 1423 1455 1454
f 1424 1425 1456
f 1424 1456 1455
f 1425 1426 1457
f 1425 1457 1456
f 1426 1427 1458
f 1426 1458 1457
f 1427 1428 1459
f 1427 1459 1458
f 1428 1429 1460
f 1428 1460 1459
f 1429 1430 1461
f 1429 1461 1460
f 1430 1431 1462
f 1430 1462 1461
f 1431 1401 1432
f 1431 1432 1462
f 1461 1462 1432
f 1434 1435 1436
f 1438 1439 1440
f 1440 1441 1442
f 1444 1445 1446
f 1448 1449 1450
f 1451 1452 1453
f 1453 1454 1455
f 1455 1456 1457
f 1457 1458 1459
f 1460 1461 1432
f 1434 1436 1437
f 1438 1440 1442
f 1444 1446 1447
f 1448 1450 1451
f 1453 1455 1457
f 1460 1432 1433
f 1433 1434 1437
f 1437 1438 1442
f 1444 1447 1448
f 1448 1451 1453
f 1453 1457 1459
f 1459 1460 1433
f 1433 1437 1442
f 1444 1448 1453
f 1453 1459 1433
f 1433 1442 1443
f 1443 1444 1453
f 1453 1433 1443
o b152294636_office
v 140.74 0.00 405.33
v 170.29 0.00 416.66
v 177.31 0.00 398.59
v 181.78 0.00 400.30
v 188.38 0.00 402.83
v 201.77 0.00 368.37
v 167.38 0.00 355.19
v 164.63 0.00 362.26
v 163.00 0.00 366.45
v 144.98 0.00 359.54
v 134.88 0.00 385.52
v 133.57 0.00 388.91
v 140.74 82.00 405.33
v 170.29 82.00 416.66
v 177.31 82.00 398.59
v 181.78 82.00 400.30
v 188.38 82.00 402.83
v 201.77 82.00 368.37
v 167.38 82.00 355.19
v 164.63 82.00 362.26
v 163.00 82.00 366.45
v 144.98 82.00 359.54
v 134.88 82.00 385.52
v 133.57 82.00 388.91
f 1463 1464 1476
f 1463 1476 1475
f 1464 1465 1477
f 1464 1477 1476
f 1465 1466 1478
f 1465 1478 1477
f 1466 1467 1479
f 1466 1479 1478
f 1467 1468 1480
f 1467 1480 1479
f 1468 1469 1481
f 1468 1481 1480
f 1469 1470 1482
f 1469 1482 1481
f 1470 1471 1483
f 1470 1483 1482
f 1471 1472 1484
f 1471 1484 1483
f 1472 1473 1485
f 1472 1485 1484
f 1473 1474 1486
f 1473 1486 1485
f 1474 1463 1475
f 1474 1475 1486
f 1485 1486 1475
f 1475 1476 1477
f 1478 1479 1480
f 1480 1481 1482
f 1483 1484 1485
f 1485 1475 1477
f 1477 1478 1480
f 1480 1482 1483
f 1483 1485 1477
f 1477 1480 1483
o b152294637_retail
v -130.21 0.00 -100.60
v -136.59 0.00 -83.40
v -144.08 0.00 -63.24
v -126.95 0.00 -56.97
v -113.09 0.00 -94.33
v -130.21 19.20 -100.60
v -136.59 19.20 -83.40
v -144.08 19.20 -63.24
v -126.95 19.20 -56.97
v -113.09 19.20 -94.33
f 1487 1488 1493
f 1487 1493 1492
f 1488 1489 1494
f 1488 1494 1493
f 1489 1490 1495
f 1489 1495 1494
f 1490 1491 1496
f 1490 1496 1495
f 1491 1487 1492
f 1491 1492 1496
f 1495 1496 1492
f 1493 1494 1495
f 1495 1492 1493
o b152294638_retail
v -21.74 0.00 90.57
v 35.83 0.00 112.97
v 46.97 0.00 84.41
v 57.85 0.00 55.89
v 9.16 0.00 37.31
v 6.91 0.00 36.81
v 4.45 0.00 36.90
v 2.04 0.00 37.62
v 0.05 0.00 38.71
v -1.18 0.00 40.03
v -2.49 0.00 42.02
v -21.74 9.60 90.57
v 35.83 9.60 112.97
v 46.97 9.60 84.41
v 57.85 9.60 55.89
v 9.16 9.60 37.31
v 6.91 9.60 36.81
v 4.45 9.60 36.90
v 2.04 9.60 37.62
v 0.05 9.60 38.71
v -1.18 9.60 40.03
v -2.49 9.60 42.02
f 1497 1498 1509
f 1497 1509 1508
f 1498 1499 1510
f 1498 1510 1509
f 1499 1500 1511
f 1499 1511 1510
f 1500 1501 1512
f 1500 1512 1511
f 1501 1502 1513
f 1501 1513 1512
f 1502 1503 1514
f 1502 1514 1513
f 1503 1504 1515
f 1503 1515 1514
f 1504 1505 1516
f 1504 1516 1515
f 1505 1506 1517
f 1505 1517 1516
f 1506 1507 1518
f 1506 1518 1517
f 1507 1497 1508
f 1507 1508 1518
f 1517 1518 1508
f 1508 1509 1510
f 1510 1511 1512
f 1512 1513 1514
f 1514 1515 1516
f 1516 1517 1508
f 1508 1510 1512
f 1512 1514 1516
f 1516 1508 1512
o b152294639_office
v -45.95 0.00 154.83
v -49.72 0.00 164.51
v -4.24 0.00 181.96
v 7.61 0.00 186.50
v 12.32 0.00 174.41
v 24.06 0.00 144.23
v 21.00 0.00 143.05
v -30.24 0.00 123.40
v -33.26 0.00 122.24
v -45.95 51.20 154.83
v -49.72 51.20 164.51
v -4.24 51.20 181.96
v 7.61 51.20 186.50
v 12.32 51.20 174.41
v 24.06 51.20 144.23
v 21.00 51.20 143.05
v -30.24 51.20 123.40
v -33.26 51.20 122.24
f 1519 1520 1529
f 1519 1529 1528
f 1520 1521 1530
f 1520 1530 1529
f 1521 1522 1531
f 1521 1531 1530
f 1522 1523 1532
f 1522 1532 1531
f 1523 1524 1533
f 1523 1533 1532
f 1524 1525 1534
f 1524 1534 1533
f 1525 1526 1535
f 1525 1535 1534
f 1526 1527 1536
f 1526 1536 1535
f 1527 1519 1528
f 1527 1528 1536
f 1535 1536 1528
f 1528 1529 1530
f 1530 1531 1532
f 1532 1533 1534
f 1534 1535 1528
f 1528 1530 1532
f 1532 1534 1528
o b152294643_office
v -108.90 0.00 160.80
v -135.45 0.00 150.71
v -141.08 0.00 165.28
v -152.09 0.00 193.84
v -156.78 0.00 205.99
v -157.70 0.00 208.39
v -131.16 0.00 218.48
v -125.54 0.00 203.95
v -114.53 0.00 175.37
v -108.90 65.00 160.80
v -135.45 65.00 150.71
v -141.08 65.00 165.28
v -152.09 65.00 193.84
v -156.78 65.00 205.99
v -157.70 65.00 208.39
v -131.16 65.00 218.48
v -125.54 65.00 203.95
v -114.53 65.00 175.37
f 1537 1538 1547
f 1537 1547 1546
f 1538 1539 1548
f 1538 1548 1547
f 1539 1540 1549
f 1539 1549 1548
f 1540 1541 1550
f 1540 1550 1549
f 1541 1542 1551
f 1541 1551 1550
f 1542 1543 1552
f 1542 1552 1551
f 1543 1544 1553
f 1543 1553 1552
f 1544 1545 1554
f 1544 1554 1553
f 1545 1537 1546
f 1545 1546 1554
f 1554 1546 1547
f 1547 1548 1549
f 1549 1550 1551
f 1551 1552 1553
f 1553 1554 1547
f 1547 1549 1551
f 1551 1553 1547
o b152294653_unknown
v 60.35 0.00 -79.24
v 75.03 0.00 -73.72
v 80.31 0.00 -87.59
v 85.79 0.00 -101.97
v 71.11 0.00 -107.49
v 60.35 19.20 -79.24
v 75.03 19.20 -73.72
v 80.31 19.20 -87.59
v 85.79 19.20 -101.97
v 71.11 19.20 -107.49
f 1555 1556 1561
f 1555 1561 1560
f 1556 1557 1562
f 1556 1562 1561
f 1557 1558 1563
f 1557 1563 1562
f 1558 1559 1564
f 1558 1564 1563
f 1559 1555 1560
f 1559 1560 1564
f 1563 1564 1560
f 1560 1561 1562
f 1562 1563 1560
o b152294654_office
v 44.57 0.00 -80.01
v 43.78 0.00 -77.94
v 35.25 0.00 -55.54
v 63.98 0.00 -44.74
v 75.03 0.00 -73.72
v 60.35 0.00 -79.24
v 46.28 0.00 -84.52
v 44.57 60.00 -80.01
v 43.78 60.00 -77.94
v 35.25 60.00 -55.54
v 63.98 60.00 -44.74
v 75.03 60.00 -73.72
v 60.35 60.00 -79.24
v 46.28 60.00 -84.52
f 1565 1566 1573
f 1565 1573 1572
f 1566 1567 1574
f 1566 1574 1573
f 1567 1568 1575
f 1567 1575 1574
f 1568 1569 1576
f 1568 1576 1575
f 1569 1570 1577
f 1569 1577 1576
f 1570 1571 1578
f 1570 1578 1577
f 1571 1565 1572
f 1571 1572 1578
f 1577 1578 1572
f 1572 1573 1574
f 1574 1575 1576
f 1576 1577 1572
f 1572 1574 1576
o b152294655_retail
v -197.27 0.00 244.32
v -186.70 0.00 215.97
v -214.64 0.00 205.55
v -215.78 0.00 208.52
v -217.89 0.00 214.05
v -222.76 0.00 226.76
v -225.47 0.00 233.85
v -228.19 0.00 240.93
v -233.06 0.00 253.68
v -235.18 0.00 259.21
v -236.30 0.00 262.13
v -207.74 0.00 272.43
v -197.27 20.00 244.32
v -186.70 20.00 215.97
v -214.64 20.00 205.55
v -215.78 20.00 208.52
v -217.89 20.00 214.05
v -222.76 20.00 226.76
v -225.47 20.00 233.85
v -228.19 20.00 240.93
v -233.06 20.00 253.68
v -235.18 20.00 259.21
v -236.30 20.00 262.13
v -207.74 20.00 272.43
f 1579 1580 1592
f 1579 1592 1591
f 1580 1581 1593
f 1580 1593 1592
f 1581 1582 1594
f 1581 1594 1593
f 1582 1583 1595
f 1582 1595 1594
f 1583 1584 1596
f 1583 1596 1595
f 1584 1585 1597
f 1584 1597 1596
f 1585 1586 1598
f 1585 1598 1597
f 1586 1587 1599
f 1586 1599 1598
f 1587 1588 1600
f 1587 1600 1599
f 1588 1589 1601
f 1588 1601 1600
f 1589 1590 1602
f 1589 1602 1601
f 1590 1579 1591
f 1590 1591 1602
f 1601 1602 1591
f 1591 1592 1593
f 1593 1594 1595
f 1595 1596 1597
f 1597 1598 1599
f 1600 1601 1591
f 1591 1593 1595
f 1595 1597 1599
f 1599 1600 1591
f 1591 1595 1599
o b152294660_office
v -151.76 0.00 125.63
v -142.76 0.00 102.18
v -140.99 0.00 97.56
v -169.17 0.00 86.91
v -182.41 0.00 81.90
v -197.78 0.00 76.07
v -199.49 0.00 75.43
v -201.22 0.00 79.95
v -210.25 0.00 103.50
v -204.57 0.00 105.65
v -198.87 0.00 107.81
v -193.16 0.00 109.97
v -189.21 0.00 111.46
v -151.76 55.00 125.63
v -142.76 55.00 102.18
v -140.99 55.00 97.56
v -169.17 55.00 86.91
v -182.41 55.00 81.90
v -197.78 55.00 76.07
v -199.49 55.00 75.43
v -201.22 55.00 79.95
v -210.25 55.00 103.50
v -204.57 55.00 105.65
v -198.87 55.00 107.81
v -193.16 55.00 109.97
v -189.21 55.00 111.46
f 1603 1604 1617
f 1603 1617 1616
f 1604 1605 1618
f 1604 1618 1617
f 1605 1606 1619
f 1605 1619 1618
f 1606 1607 1620
f 1606 1620 1619
f 1607 1608 1621
f 1607 1621 1620
f 1608 1609 1622
f 1608 1622 1621
f 1609 1610 1623
f 1609 1623 1622
f 1610 1611 1624
f 1610 1624 1623
f 1611 1612 1625
f 1611 1625 1624
f 1612 1613 1626
f 1612 1626 1625
f 1613 1614 1627
f 1613 1627 1626
f 1614 1615 1628
f 1614 1628 1627
f 1615 1603 1616
f 1615 1616 1628
f 1628 1616 1617
f 1617 1618 1619
f 1620 1621 1622
f 1623 1624 1625
f 1625 1626 1627
f 1627 1628 1617
f 1617 1619 1620
f 1620 1622 1623
f 1623 1625 1627
f 1627 1617 1620
f 1620 1623 1627
o b152294664_office
v -328.16 0.00 -226.71
v -317.42 0.00 -254.75
v -346.59 0.00 -265.75
v -357.32 0.00 -237.69
v -328.16 56.00 -226.71
v -317.42 56.00 -254.75
v -346.59 56.00 -265.75
v -357.32 56.00 -237.69
f 1629 1630 1634
f 1629 1634 1633
f 1630 1631 1635
f 1630 1635 1634
f 1631 1632 1636
f 1631 1636 1635
f 1632 1629 1633
f 1632 1633 1636
f 1635 1636 1633
f 1633 1634 1635
o b152298034_office
v 143.32 0.00 489.98
v 143.83 0.00 488.63
v 147.55 0.00 491.02
v 149.33 0.00 489.02
v 150.58 0.00 487.46
v 152.24 0.00 488.08
v 158.15 0.00 490.28
v 171.46 0.00 454.98
v 169.85 0.00 454.39
v 171.32 0.00 450.49
v 173.16 0.00 451.18
v 176.53 0.00 442.22
v 173.24 0.00 440.99
v 174.42 0.00 437.84
v 171.78 0.00 436.87
v 157.45 0.00 431.53
v 156.26 0.00 434.68
v 154.04 0.00 433.85
v 155.51 0.00 429.93
v 122.84 0.00 417.77
v 119.03 0.00 427.87
v 119.95 0.00 428.21
v 119.17 0.00 430.27
v 118.22 0.00 429.91
v 112.36 0.00 445.43
v 101.44 0.00 474.39
v 143.32 68.00 489.98
v 143.83 68.00 488.63
v 147.55 68.00 491.02
v 149.33 68.00 489.02
v 150.58 68.00 487.46
v 152.24 68.00 488.08
v 158.15 68.00 490.28
v 171.46 68.00 454.98
v 169.85 68.00 454.39
v 171.32 68.00 450.49
v 173.16 68.00 451.18
v 176.53 68.00 442.22
v 173.24 68.00 440.99
v 174.42 68.00 437.84
v 171.78 68.00 436.87
v 157.45 68.00 431.53
v 156.26 68.00 434.68
v 154.04 68.00 433.85
v 155.51 68.00 429.93
v 122.84 68.00 417.77
v 119.03 68.00 427.87
v 119.95 68.00 428.21
v 119.17 68.00 430.27
v 118.22 68.00 429.91
v 112.36 68.00 445.43
v 101.44 68.00 474.39
f 1637 1638 1664
f 1637 1664 1663
f 1638 1639 1665
f 1638 1665 1664
f 1639 1640 1666
f 1639 1666 1665
f 1640 1641 1667
f 1640 1667 1666
f 1641 1642 1668
f 1641 1668 1667
f 1642 1643 1669
f 1642 1669 1668
f 1643 1644 1670
f 1643 1670 1669
f 1644 1645 1671
f 1644 1671 1670
f 1645 1646 1672
f 1645 1672 1671
f 1646 1647 1673
f 1646 1673 1672
f 1647 1648 1674
f 1647 1674 1673
f 1648 1649 1675
f 1648 1675 1674
f 1649 1650 1676
f 1649 1676 1675
f 1650 1651 1677
f 1650 1677 1676
f 1651 1652 1678
f 1651 1678 1677
f 1652 1653 1679
f 1652 1679 1678
f 1653 1654 1680
f 1653 1680 1679
f 1654 1655 1681
f 1654 1681 1680
f 1655 1656 1682
f 1655 1682 1681
f 1656 1657 1683
f 1656 1683 1682
f 1657 1658 1684
f 1657 1684 1683
f 1658 1659 1685
f 1658 1685 1684
f 1659 1660 1686
f 1659 1686 1685
f 1660 1661 1687
f 1660 1687 1686
f 1661 1662 1688
f 1661 1688 1687
f 1662 1637 1663
f 1662 1663 1688
f 1687 1688 1663
f 1664 1665 1666
f 1667 1668 1669
f 1669 1670 1671
f 1672 1673 1674
f 1675 1676 1677
f 1677 1678 1679
f 1680 1681 1682
f 1682 1683 1684
f 1685 1686 1687
f 1687 1663 1664
f 1664 1666 1667
f 1667 1669 1671
f 1672 1674 1675
f 1675 1677 1679
f 1680 1682 1684
f 1685 1687 1664
f 1664 1667 1671
f 1671 1672 1675
f 1679 1680 1684
f 1684 1685 1664
f 1664 1671 1675
f 1675 1679 1684
f 1684 1664 1675
o b152298040_residential
v -318.34 0.00 111.70
v -315.15 0.00 103.39
v -308.24 0.00 85.37
v -322.59 0.00 79.93
v -337.17 0.00 74.52
v -344.07 0.00 92.39
v -347.27 0.00 100.70
v -348.11 0.00 102.88
v -343.82 0.00 104.46
v -336.17 0.00 107.37
v -331.69 0.00 109.07
v -324.05 0.00 111.98
v -319.16 0.00 113.83
v -318.34 56.00 111.70
v -315.15 56.00 103.39
v -308.24 56.00 85.37
v -322.59 56.00 79.93
v -337.17 56.00 74.52
v -344.07 56.00 92.39
v -347.27 56.00 100.70
v -348.11 56.00 102.88
v -343.82 56.00 104.46
v -336.17 56.00 107.37
v -331.69 56.00 109.07
v -324.05 56.00 111.98
v -319.16 56.00 113.83
f 1689 1690 1703
f 1689 1703 1702
f 1690 1691 1704
f 1690 1704 1703
f 1691 1692 1705
f 1691 1705 1704
f 1692 1693 1706
f 1692 1706 1705
f 1693 1694 1707
f 1693 1707 1706
f 1694 1695 1708
f 1694 1708 1707
f 1695 1696 1709
f 1695 1709 1708
f 1696 1697 1710
f 1696 1710 1709
f 1697 1698 1711
f 1697 1711 1710
f 1698 1699 1712
f 1698 1712 1711
f 1699 1700 1713
f 1699 1713 1712
f 1700 1701 1714
f 1700 1714 1713
f 1701 1689 1702
f 1701 1702 1714
f 1713 1714 1702
f 1702 1703 1704
f 1704 1705 1706
f 1706 1707 1708
f 1708 1709 1710
f 1710 1711 1712
f 1712 1713 1702
f 1702 1704 1706
f 1706 1708 1710
f 1710 1712 1702
f 1702 1706 1710
o b152298044_residential
v -212.93 0.00 -122.27
v -214.21 0.00 -122.74
v -219.84 0.00 -107.90
v -218.79 0.00 -107.51
v -221.10 0.00 -101.42
v -202.02 0.00 -94.29
v -192.61 0.00 -90.78
v -187.22 0.00 -104.99
v -181.83 0.00 -119.21
v -189.80 0.00 -122.19
v -210.08 0.00 -129.77
v -212.93 60.80 -122.27
v -214.21 60.80 -122.74
v -219.84 60.80 -107.90
v -218.79 60.80 -107.51
v -221.10 60.80 -101.42
v -202.02 60.80 -94.29
v -192.61 60.80 -90.78
v -187.22 60.80 -104.99
v -181.83 60.80 -119.21
v -189.80 60.80 -122.19
v -210.08 60.80 -129.77
f 1715 1716 1727
f 1715 1727 1726
f 1716 1717 1728
f 1716 1728 1727
f 1717 1718 1729
f 1717 1729 1728
f 1718 1719 1730
f 1718 1730 1729
f 1719 1720 1731
f 1719 1731 1730
f 1720 1721 1732
f 1720 1732 1731
f 1721 1722 1733
f 1721 1733 1732
f 1722 1723 1734
f 1722 1734 1733
f 1723 1724 1735
f 1723 1735 1734
f 1724 1725 1736
f 1724 1736 1735
f 1725 1715 1726
f 1725 1726 1736
f 1735 1736 1726
f 1726 1727 1728
f 1729 1730 1731
f 1731 1732 1733
f 1733 1734 1735
f 1735 1726 1728
f 1729 1731 1733
f 1733 1735 1728
f 1728 1729 1733
o b152298045_unknown
v -197.98 0.00 -76.60
v -226.47 0.00 -87.25
v -232.04 0.00 -72.58
v -203.55 0.00 -61.92
v -197.98 6.40 -76.60
v -226.47 6.40 -87.25
v -232.04 6.40 -72.58
v -203.55 6.40 -61.92
f 1737 1738 1742
f 1737 1742 1741
f 1738 1739 1743
f 1738 1743 1742
f 1739 1740 1744
f 1739 1744 1743
f 1740 1737 1741
f 1740 1741 1744
f 1743 1744 1741
f 1741 1742 1743
o b152298047_unknown
v -220.80 0.00 -185.53
v -209.63 0.00 -214.51
v -211.33 0.00 -215.16
v -224.41 0.00 -220.13
v -235.57 0.00 -191.15
v -220.80 38.40 -185.53
v -209.63 38.40 -214.51
v -211.33 38.40 -215.16
v -224.41 38.40 -220.13
v -235.57 38.40 -191.15
f 1745 1746 1751
f 1745 1751 1750
f 1746 1747 1752
f 1746 1752 1751
f 1747 1748 1753
f 1747 1753 1752
f 1748 1749 1754
f 1748 1754 1753
f 1749 1745 1750
f 1749 1750 1754
f 1753 1754 1750
f 1750 1751 1752
f 1752 1753 1750
o b152298049_retail
v -61.59 0.00 238.70
v -31.84 0.00 249.84
v -20.54 0.00 254.08
v -2.82 0.00 207.41
v -13.84 0.00 203.28
v -43.87 0.00 192.04
v -61.59 112.00 238.70
v -31.84 112.00 249.84
v -20.54 112.00 254.08
v -2.82 112.00 207.41
v -13.84 112.00 203.28
v -43.87 112.00 192.04
f 1755 1756 1762
f 1755 1762 1761
f 1756 1757 1763
f 1756 1763 1762
f 1757 1758 1764
f 1757 1764 1763
f 1758 1759 1765
f 1758 1765 1764
f 1759 1760 1766
f 1759 1766 1765
f 1760 1755 1761
f 1760 1761 1766
f 1765 1766 1761
f 1762 1763 1764
f 1764 1765 1761
f 1761 1762 1764
o b152298051_residential
v -249.50 0.00 -112.49
v -264.13 0.00 -117.94
v -265.00 0.00 -115.64
v -275.19 0.00 -88.71
v -260.55 0.00 -83.25
v -249.50 16.00 -112.49
v -264.13 16.00 -117.94
v -265.00 16.00 -115.64
v -275.19 16.00 -88.71
v -260.55 16.00 -83.25
f 1767 1768 1773
f 1767 1773 1772
f 1768 1769 1774
f 1768 1774 1773
f 1769 1770 1775
f 1769 1775 1774
f 1770 1771 1776
f 1770 1776 1775
f 1771 1767 1772
f 1771 1772 1776
f 1775 1776 1772
f 1772 1773 1774
f 1774 1775 1772
o b152298052_residential
v -422.26 0.00 -243.87
v -438.60 0.00 -250.02
v -437.79 0.00 -252.14
v -442.41 0.00 -253.88
v -447.92 0.00 -239.44
v -446.19 0.00 -238.79
v -419.28 0.00 -228.66
v -413.80 0.00 -243.03
v -421.48 0.00 -245.93
v -422.26 12.80 -243.87
v -438.60 12.80 -250.02
v -437.79 12.80 -252.14
v -442.41 12.80 -253.88
v -447.92 12.80 -239.44
v -446.19 12.80 -238.79
v -419.28 12.80 -228.66
v -413.80 12.80 -243.03
v -421.48 12.80 -245.93
f 1777 1778 1787
f 1777 1787 1786
f 1778 1779 1788
f 1778 1788 1787
f 1779 1780 1789
f 1779 1789 1788
f 1780 1781 1790
f 1780 1790 1789
f 1781 1782 1791
f 1781 1791 1790
f 1782 1783 1792
f 1782 1792 1791
f 1783 1784 1793
f 1783 1793 1792
f 1784 1785 1794
f 1784 1794 1793
f 1785 1777 1786
f 1785 1786 1794
f 1793 1794 1786
f 1787 1788 1789
f 1789 1790 1791
f 1791 1792 1793
f 1787 1789 1791
f 1791 1793 1786
f 1786 1787 1791
o b152298053_unknown
v -446.86 0.00 149.43
v -432.81 0.00 154.78
v -422.03 0.00 126.86
v -436.09 0.00 121.52
v -446.86 6.40 149.43
v -432.81 6.40 154.78
v -422.03 6.40 126.86
v -436.09 6.40 121.52
f 1795 1796 1800
f 1795 1800 1799
f 1796 1797 1801
f 1796 1801 1800
f 1797 1798 1802
f 1797 1802 1801
f 1798 1795 1799
f 1798 1799 1802
f 1801 1802 1799
f 1799 1800 1801
o b152298054_residential
v -418.83 0.00 77.50
v -419.95 0.00 77.08
v -430.70 0.00 105.08
v -416.50 0.00 110.46
v -410.43 0.00 94.67
v -406.60 0.00 96.11
v -412.68 0.00 111.97
v -401.17 0.00 116.32
v -400.81 0.00 115.39
v -390.40 0.00 88.27
v -418.83 19.20 77.50
v -419.95 19.20 77.08
v -430.70 19.20 105.08
v -416.50 19.20 110.46
v -410.43 19.20 94.67
v -406.60 19.20 96.11
v -412.68 19.20 111.97
v -401.17 19.20 116.32
v -400.81 19.20 115.39
v -390.40 19.20 88.27
f 1803 1804 1814
f 1803 1814 1813
f 1804 1805 1815
f 1804 1815 1814
f 1805 1806 1816
f 1805 1816 1815
f 1806 1807 1817
f 1806 1817 1816
f 1807 1808 1818
f 1807 1818 1817
f 1808 1809 1819
f 1808 1819 1818
f 1809 1810 1820
f 1809 1820 1819
f 1810 1811 1821
f 1810 1821 1820
f 1811 1812 1822
f 1811 1822 1821
f 1812 1803 1813
f 1812 1813 1822
f 1822 1813 1814
f 1814 1815 1816
f 1818 1819 1820
f 1820 1821 1822
f 1814 1816 1817
f 1818 1820 1822
f 1822 1814 1817
f 1817 1818 1822
o b152298056_residential
v -287.84 0.00 158.49
v -276.97 0.00 130.06
v -290.86 0.00 124.82
v -298.22 0.00 122.05
v -305.75 0.00 119.21
v -316.62 0.00 147.65
v -287.84 35.20 158.49
v -276.97 35.20 130.06
v -290.86 35.20 124.82
v -298.22 35.20 122.05
v -305.75 35.20 119.21
v -316.62 35.20 147.65
f 1823 1824 1830
f 1823 1830 1829
f 1824 1825 1831
f 1824 1831 1830
f 1825 1826 1832
f 1825 1832 1831
f 1826 1827 1833
f 1826 1833 1832
f 1827 1828 1834
f 1827 1834 1833
f 1828 1823 1829
f 1828 1829 1834
f 1833 1834 1829
f 1829 1830 1831
f 1832 1833 1829
f 1829 1831 1832
o b152298057_retail
v -259.20 0.00 169.29
v -253.24 0.00 153.68
v -248.33 0.00 140.85
v -276.97 0.00 130.06
v -287.84 0.00 158.49
v -259.20 6.40 169.29
v -253.24 6.40 153.68
v -248.33 6.40 140.85
v -276.97 6.40 130.06
v -287.84 6.40 158.49
f 1835 1836 1841
f 1835 1841 1840
f 1836 1837 1842
f 1836 1842 1841
f 1837 1838 1843
f 1837 1843 1842
f 1838 1839 1844
f 1838 1844 1843
f 1839 1835 1840
f 1839 1840 1844
f 1843 1844 1840
f 1841 1842 1843
f 1843 1840 1841
o b152299842_office
v 198.52 0.00 -312.87
v 141.39 0.00 -334.35
v 138.35 0.00 -326.33
v 119.63 0.00 -277.27
v 176.72 0.00 -255.73
v 198.52 22.40 -312.87
v 141.39 22.40 -334.35
v 138.35 22.40 -326.33
v 119.63 22.40 -277.27
v 176.72 22.40 -255.73
f 1845 1846 1851
f 1845 1851 1850
f 1846 1847 1852
f 1846 1852 1851
f 1847 1848 1853
f 1847 1853 1852
f 1848 1849 1854
f 1848 1854 1853
f 1849 1845 1850
f 1849 1850 1854
f 1853 1854 1850
f 1850 1851 1852
f 1852 1853 1850
o b152299844_office
v 132.13 0.00 336.59
v 87.15 0.00 319.60
v 76.91 0.00 315.70
v 72.34 0.00 327.54
v 69.15 0.00 335.94
v 68.09 0.00 338.71
v 55.00 0.00 372.71
v 75.82 0.00 380.61
v 96.58 0.00 388.40
v 108.12 0.00 392.76
v 115.82 0.00 372.65
v 118.00 0.00 373.48
v 132.13 97.00 336.59
v 87.15 97.00 319.60
v 76.91 97.00 315.70
v 72.34 97.00 327.54
v 69.15 97.00 335.94
v 68.09 97.00 338.71
v 55.00 97.00 372.71
v 75.82 97.00 380.61
v 96.58 97.00 388.40
v 108.12 97.00 392.76
v 115.82 97.00 372.65
v 118.00 97.00 373.48
f 1855 1856 1868
f 1855 1868 1867
f 1856 1857 1869
f 1856 1869 1868
f 1857 1858 1870
f 1857 1870 1869
f 1858 1859 1871
f 1858 1871 1870
f 1859 1860 1872
f 1859 1872 1871
f 1860 1861 1873
f 1860 1873 1872
f 1861 1862 1874
f 1861 1874 1873
f 1862 1863 1875
f 1862 1875 1874
f 1863 1864 1876
f 1863 1876 1875
f 1864 1865 1877
f 1864 1877 1876
f 1865 1866 1878
f 1865 1878 1877
f 1866 1855 1867
f 1866 1867 1878
f 1877 1878 1867
f 1868 1869 1870
f 1872 1873 1874
f 1875 1876 1877
f 1877 1867 1868
f 1868 1870 1871
f 1871 1872 1874
f 1874 1875 1877
f 1877 1868 1871
f 1871 1874 1877
o b152299845_residential
v 240.88 0.00 -314.93
v 248.47 0.00 -312.04
v 255.51 0.00 -309.37
v 262.82 0.00 -306.59
v 270.43 0.00 -303.70
v 284.58 0.00 -298.33
v 306.85 0.00 -356.07
v 292.70 0.00 -361.45
v 285.09 0.00 -364.35
v 270.74 0.00 -369.80
v 263.15 0.00 -372.69
v 249.10 0.00 -378.02
v 226.84 0.00 -320.27
v 240.88 28.80 -314.93
v 248.47 28.80 -312.04
v 255.51 28.80 -309.37
v 262.82 28.80 -306.59
v 270.43 28.80 -303.70
v 284.58 28.80 -298.33
v 306.85 28.80 -356.07
v 292.70 28.80 -361.45
v 285.09 28.80 -364.35
v 270.74 28.80 -369.80
v 263.15 28.80 -372.69
v 249.10 28.80 -378.02
v 226.84 28.80 -320.27
f 1879 1880 1893
f 1879 1893 1892
f 1880 1881 1894
f 1880 1894 1893
f 1881 1882 1895
f 1881 1895 1894
f 1882 1883 1896
f 1882 1896 1895
f 1883 1884 1897
f 1883 1897 1896
f 1884 1885 1898
f 1884 1898 1897
f 1885 1886 1899
f 1885 1899 1898
f 1886 1887 1900
f 1886 1900 1899
f 1887 1888 1901
f 1887 1901 1900
f 1888 1889 1902
f 1888 1902 1901
f 1889 1890 1903
f 1889 1903 1902
f 1890 1891 1904
f 1890 1904 1903
f 1891 1879 1892
f 1891 1892 1904
f 1903 1904 1892
f 1892 1893 1894
f 1894 1895 1896
f 1896 1897 1898
f 1899 1900 1901
f 1901 1902 1903
f 1903 1892 1894
f 1894 1896 1898
f 1899 1901 1903
f 1903 1894 1898
f 1898 1899 1903
o b152299846_residential
v 40.52 0.00 -222.06
v 51.78 0.00 -251.39
v 62.43 0.00 -279.66
v 50.62 0.00 -284.05
v 32.67 0.00 -290.78
v 21.69 0.00 -262.75
v 36.82 0.00 -257.03
v 25.57 0.00 -227.71
v 40.52 51.20 -222.06
v 51.78 51.20 -251.39
v 62.43 51.20 -279.66
v 50.62 51.20 -284.05
v 32.67 51.20 -290.78
v 21.69 51.20 -262.75
v 36.82 51.20 -257.03
v 25.57 51.20 -227.71
f 1905 1906 1914
f 1905 1914 1913
f 1906 1907 1915
f 1906 1915 1914
f 1907 1908 1916
f 1907 1916 1915
f 1908 1909 1917
f 1908 1917 1916
f 1909 1910 1918
f 1909 1918 1917
f 1910 1911 1919
f 1910 1919 1918
f 1911 1912 1920
f 1911 1920 1919
f 1912 1905 1913
f 1912 1913 1920
f 1919 1920 1913
f 1913 1914 1915
f 1916 1917 1918
f 1919 1913 1915
f 1915 1916 1918
f 1918 1919 1915
o b152299849_unknown
v 143.16 0.00 136.87
v 152.82 0.00 140.52
v 172.39 0.00 147.90
v 177.48 0.00 134.63
v 188.54 0.00 105.71
v 159.30 0.00 94.69
v 143.16 12.80 136.87
v 152.82 12.80 140.52
v 172.39 12.80 147.90
v 177.48 12.80 134.63
v 188.54 12.80 105.71
v 159.30 12.80 94.69
f 1921 1922 1928
f 1921 1928 1927
f 1922 1923 1929
f 1922 1929 1928
f 1923 1924 1930
f 1923 1930 1929
f 1924 1925 1931
f 1924 1931 1930
f 1925 1926 1932
f 1925 1932 1931
f 1926 1921 1927
f 1926 1927 1932
f 1931 1932 1927
f 1927 1928 1929
f 1929 1930 1931
f 1931 1927 1929
o b152299855_office
v 348.44 0.00 -170.93
v 339.36 0.00 -147.39
v 341.70 0.00 -146.50
v 338.26 0.00 -137.58
v 335.54 0.00 -138.62
v 333.63 0.00 -133.70
v 326.25 0.00 -114.55
v 350.39 0.00 -105.38
v 350.88 0.00 -106.66
v 358.15 0.00 -103.90
v 357.75 0.00 -102.89
v 366.09 0.00 -99.72
v 381.48 0.00 -93.87
v 390.69 0.00 -117.75
v 387.76 0.00 -118.86
v 391.09 0.00 -127.52
v 393.61 0.00 -126.56
v 402.79 0.00 -150.36
v 379.80 0.00 -159.10
v 379.43 0.00 -158.13
v 371.43 0.00 -161.17
v 371.77 0.00 -162.06
v 348.44 32.00 -170.93
v 339.36 32.00 -147.39
v 341.70 32.00 -146.50
v 338.26 32.00 -137.58
v 335.54 32.00 -138.62
v 333.63 32.00 -133.70
v 326.25 32.00 -114.55
v 350.39 32.00 -105.38
v 350.88 32.00 -106.66
v 358.15 32.00 -103.90
v 357.75 32.00 -102.89
v 366.09 32.00 -99.72
v 381.48 32.00 -93.87
v 390.69 32.00 -117.75
v 387.76 32.00 -118.86
v 391.09 32.00 -127.52
v 393.61 32.00 -126.56
v 402.79 32.00 -150.36
v 379.80 32.00 -159.10
v 379.43 32.00 -158.13
v 371.43 32.00 -161.17
v 371.77 32.00 -162.06
f 1933 1934 1956
f 1933 1956 1955
f 1934 1935 1957
f 1934 1957 1956
f 1935 1936 1958
f 1935 1958 1957
f 1936 1937 1959
f 1936 1959 1958
f 1937 1938 1960
f 1937 1960 1959
f 1938 1939 1961
f 1938 1961 1960
f 1939 1940 1962
f 1939 1962 1961
f 1940 1941 1963
f 1940 1963 1962
f 1941 1942 1964
f 1941 1964 1963
f 1942 1943 1965
f 1942 1965 1964
f 1943 1944 1966
f 1943 1966 1965
f 1944 1945 1967
f 1944 1967 1966
f 1945 1946 1968
f 1945 1968 1967
f 1946 1947 1969
f 1946 1969 1968
f 1947 1948 1970
f 1947 1970 1969
f 1948 1949 1971
f 1948 1971 1970
f 1949 1950 1972
f 1949 1972 1971
f 1950 1951 1973
f 1950 1973 1972
f 1951 1952 1974
f 1951 1974 1973
f 1952 1953 1975
f 1952 1975 1974
f 1953 1954 1976
f 1953 1976 1975
f 1954 1933 1955
f 1954 1955 1976
f 1975 1976 1955
f 1955 1956 1957
f 1958 1959 1960
f 1960 1961 1962
f 1964 1965 1966
f 1966 1967 1968
f 1970 1971 1972
f 1972 1973 1974
f 1975 1955 1957
f 1958 1960 1962
f 1964 1966 1968
f 1970 1972 1974
f 1974 1975 1957
f 1957 1958 1962
f 1963 1964 1968
f 1969 1970 1974
f 1957 1962 1963
f 1963 1968 1969
f 1969 1974 1957
f 1957 1963 1969
o b152299860_retail
v 59.66 0.00 290.15
v 70.51 0.00 261.98
v 42.01 0.00 251.16
v 13.14 0.00 240.18
v 2.29 0.00 268.35
v 59.66 25.60 290.15
v 70.51 25.60 261.98
v 42.01 25.60 251.16
v 13.14 25.60 240.18
v 2.29 25.60 268.35
f 1977 1978 1983
f 1977 1983 1982
f 1978 1979 1984
f 1978 1984 1983
f 1979 1980 1985
f 1979 1985 1984
f 1980 1981 1986
f 1980 1986 1985
f 1981 1977 1982
f 1981 1982 1986
f 1985 1986 1982
f 1982 1983 1984
f 1984 1985 1982
o b152299861_unknown
v 115.85 0.00 -122.79
v 127.50 0.00 -127.05
v 132.95 0.00 -141.34
v 141.84 0.00 -164.65
v 129.89 0.00 -169.14
v 118.41 0.00 -173.46
v 113.46 0.00 -175.32
v 102.51 0.00 -146.55
v 98.69 0.00 -136.55
v 92.07 0.00 -119.18
v 97.67 0.00 -117.08
v 102.93 0.00 -115.11
v 104.21 0.00 -118.48
v 115.85 6.40 -122.79
v 127.50 6.40 -127.05
v 132.95 6.40 -141.34
v 141.84 6.40 -164.65
v 129.89 6.40 -169.14
v 118.41 6.40 -173.46
v 113.46 6.40 -175.32
v 102.51 6.40 -146.55
v 98.69 6.40 -136.55
v 92.07 6.40 -119.18
v 97.67 6.40 -117.08
v 102.93 6.40 -115.11
v 104.21 6.40 -118.48
f 1987 1988 2001
f 1987 2001 2000
f 1988 1989 2002
f 1988 2002 2001
f 1989 1990 2003
f 1989 2003 2002
f 1990 1991 2004
f 1990 2004 2003
f 1991 1992 2005
f 1991 2005 2004
f 1992 1993 2006
f 1992 2006 2005
f 1993 1994 2007
f 1993 2007 2006
f 1994 1995 2008
f 1994 2008 2007
f 1995 1996 2009
f 1995 2009 2008
f 1996 1997 2010
f 1996 2010 2009
f 1997 1998 2011
f 1997 2011 2010
f 1998 1999 2012
f 1998 2012 2011
f 1999 1987 2000
f 1999 2000 2012
f 2000 2001 2002
f 2002 2003 2004
f 2004 2005 2006
f 2007 2008 2009
f 2009 2010 2011
f 2012 2000 2002
f 2002 2004 2006
f 2007 2009 2011
f 2012 2002 2006
f 2006 2007 2011
f 2011 2012 2006
o b152299863_unknown
v 183.32 0.00 -378.28
v 176.15 0.00 -380.98
v 166.79 0.00 -356.43
v 173.98 0.00 -353.73
v 169.80 0.00 -342.75
v 189.04 0.00 -335.52
v 204.66 0.00 -329.65
v 222.76 0.00 -377.14
v 225.49 0.00 -384.30
v 208.76 0.00 -390.59
v 188.27 0.00 -391.28
v 183.32 38.40 -378.28
v 176.15 38.40 -380.98
v 166.79 38.40 -356.43
v 173.98 38.40 -353.73
v 169.80 38.40 -342.75
v 189.04 38.40 -335.52
v 204.66 38.40 -329.65
v 222.76 38.40 -377.14
v 225.49 38.40 -384.30
v 208.76 38.40 -390.59
v 188.27 38.40 -391.28
f 2013 2014 2025
f 2013 2025 2024
f 2014 2015 2026
f 2014 2026 2025
f 2015 2016 2027
f 2015 2027 2026
f 2016 2017 2028
f 2016 2028 2027
f 2017 2018 2029
f 2017 2029 2028
f 2018 2019 2030
f 2018 2030 2029
f 2019 2020 2031
f 2019 2031 2030
f 2020 2021 2032
f 2020 2032 2031
f 2021 2022 2033
f 2021 2033 2032
f 2022 2023 2034
f 2022 2034 2033
f 2023 2013 2024
f 2023 2024 2034
f 2033 2034 2024
f 2024 2025 2026
f 2027 2028 2029
f 2029 2030 2031
f 2031 2032 2033
f 2033 2024 2026
f 2027 2029 2031
f 2031 2033 2026
f 2026 2027 2031
o b152299865_residential
v 290.03 0.00 -245.20
v 318.60 0.00 -234.37
v 345.71 0.00 -224.08
v 352.46 0.00 -241.60
v 356.56 0.00 -252.23
v 300.87 0.00 -273.37
v 290.03 16.00 -245.20
v 318.60 16.00 -234.37
v 345.71 16.00 -224.08
v 352.46 16.00 -241.60
v 356.56 16.00 -252.23
v 300.87 16.00 -273.37
f 2035 2036 2042
f 2035 2042 2041
f 2036 2037 2043
f 2036 2043 2042
f 2037 2038 2044
f 2037 2044 2043
f 2038 2039 2045
f 2038 2045 2044
f 2039 2040 2046
f 2039 2046 2045
f 2040 2035 2041
f 2040 2041 2046
f 2045 2046 2041
f 2042 2043 2044
f 2044 2045 2041
f 2041 2042 2044
o b152299869_unknown
v 220.89 0.00 -303.19
v 215.28 0.00 -288.39
v 210.19 0.00 -275.00
v 239.01 0.00 -264.20
v 266.96 0.00 -253.74
v 277.67 0.00 -281.94
v 220.89 16.00 -303.19
v 215.28 16.00 -288.39
v 210.19 16.00 -275.00
v 239.01 16.00 -264.20
v 266.96 16.00 -253.74
v 277.67 16.00 -281.94
f 2047 2048 2054
f 2047 2054 2053
f 2048 2049 2055
f 2048 2055 2054
f 2049 2050 2056
f 2049 2056 2055
f 2050 2051 2057
f 2050 2057 2056
f 2051 2052 2058
f 2051 2058 2057
f 2052 2047 2053
f 2052 2053 2058
f 2057 2058 2053
f 2054 2055 2056
f 2056 2057 2053
f 2053 2054 2056
o b152299871_retail
v 52.98 0.00 222.69
v 25.80 0.00 212.38
v 23.49 0.00 213.30
v 18.49 0.00 226.26
v 47.38 0.00 237.23
v 52.98 12.40 222.69
v 25.80 12.40 212.38
v 23.49 12.40 213.30
v 18.49 12.40 226.26
v 47.38 12.40 237.23
f 2059 2060 2065
f 2059 2065 2064
f 2060 2061 2066
f 2060 2066 2065
f 2061 2062 2067
f 2061 2067 2066
f 2062 2063 2068
f 2062 2068 2067
f 2063 2059 2064
f 2063 2064 2068
f 2067 2068 2064
f 2064 2065 2066
f 2066 2067 2064
o b152299874_education
v 240.88 0.00 158.25
v 224.93 0.00 152.36
v 214.44 0.00 180.36
v 241.14 0.00 190.22
v 246.66 0.00 175.49
v 251.62 0.00 162.22
v 240.88 12.80 158.25
v 224.93 12.80 152.36
v 214.44 12.80 180.36
v 241.14 12.80 190.22
v 246.66 12.80 175.49
v 251.62 12.80 162.22
f 2069 2070 2076
f 2069 2076 2075
f 2070 2071 2077
f 2070 2077 2076
f 2071 2072 2078
f 2071 2078 2077
f 2072 2073 2079
f 2072 2079 2078
f 2073 2074 2080
f 2073 2080 2079
f 2074 2069 2075
f 2074 2075 2080
f 2079 2080 2075
f 2075 2076 2077
f 2077 2078 2079
f 2079 2075 2077
o b166805530_retail
v 41.01 0.00 13.97
v 46.38 0.00 -0.06
v 17.36 0.00 -10.99
v 6.54 0.00 17.33
v 35.55 0.00 28.27
v 41.01 16.00 13.97
v 46.38 16.00 -0.06
v 17.36 16.00 -10.99
v 6.54 16.00 17.33
v 35.55 16.00 28.27
f 2081 2082 2087
f 2081 2087 2086
f 2082 2083 2088
f 2082 2088 2087
f 2083 2084 2089
f 2083 2089 2088
f 2084 2085 2090
f 2084 2090 2089
f 2085 2081 2086
f 2085 2086 2090
f 2089 2090 2086
f 2086 2087 2088
f 2088 2089 2086
o b166884607_unknown
v 288.45 0.00 -422.26
v 288.15 0.00 -434.78
v 290.50 0.00 -434.84
v 290.40 0.00 -439.09
v 281.61 0.00 -438.88
v 282.01 0.00 -422.11
v 288.45 9.60 -422.26
v 288.15 9.60 -434.78
v 290.50 9.60 -434.84
v 290.40 9.60 -439.09
v 281.61 9.60 -438.88
v 282.01 9.60 -422.11
f 2091 2092 2098
f 2091 2098 2097
f 2092 2093 2099
f 2092 2099 2098
f 2093 2094 2100
f 2093 2100 2099
f 2094 2095 2101
f 2094 2101 2100
f 2095 2096 2102
f 2095 2102 2101
f 2096 2091 2097
f 2096 2097 2102
f 2101 2102 2097
f 2098 2099 2100
f 2101 2097 2098
f 2098 2100 2101
o b166886331_unknown
v 337.74 0.00 -421.96
v 360.21 0.00 -422.54
v 360.06 0.00 -428.33
v 359.90 0.00 -434.25
v 337.31 0.00 -433.67
v 337.74 6.40 -421.96
v 360.21 6.40 -422.54
v 360.06 6.40 -428.33
v 359.90 6.40 -434.25
v 337.31 6.40 -433.67
f 2103 2104 2109
f 2103 2109 2108
f 2104 2105 2110
f 2104 2110 2109
f 2105 2106 2111
f 2105 2111 2110
f 2106 2107 2112
f 2106 2112 2111
f 2107 2103 2108
f 2107 2108 2112
f 2111 2112 2108
f 2108 2109 2110
f 2110 2111 2108
o b166886333_civic
v 390.03 0.00 -429.09
v 389.71 0.00 -441.30
v 359.74 0.00 -440.52
v 359.90 0.00 -434.25
v 360.06 0.00 -428.33
v 390.03 9.60 -429.09
v 389.71 9.60 -441.30
v 359.74 9.60 -440.52
v 359.90 9.60 -434.25
v 360.06 9.60 -428.33
f 2113 2114 2119
f 2113 2119 2118
f 2114 2115 2120
f 2114 2120 2119
f 2115 2116 2121
f 2115 2121 2120
f 2116 2117 2122
f 2116 2122 2121
f 2117 2113 2118
f 2117 2118 2122
f 2121 2122 2118
f 2118 2119 2120
f 2120 2121 2118
o b166887188_retail
v 424.49 0.00 -294.33
v 430.14 0.00 -308.55
v 404.36 0.00 -318.66
v 398.71 0.00 -304.45
v 424.49 6.40 -294.33
v 430.14 6.40 -308.55
v 404.36 6.40 -318.66
v 398.71 6.40 -304.45
f 2123 2124 2128
f 2123 2128 2127
f 2124 2125 2129
f 2124 2129 2128
f 2125 2126 2130
f 2125 2130 2129
f 2126 2123 2127
f 2126 2127 2130
f 2129 2130 2127
f 2127 2128 2129
o b166887189_unknown
v 418.92 0.00 -280.34
v 420.99 0.00 -285.56
v 424.49 0.00 -294.33
v 398.71 0.00 -304.45
v 393.14 0.00 -290.45
v 418.92 6.40 -280.34
v 420.99 6.40 -285.56
v 424.49 6.40 -294.33
v 398.71 6.40 -304.45
v 393.14 6.40 -290.45
f 2131 2132 2137
f 2131 2137 2136
f 2132 2133 2138
f 2132 2138 2137
f 2133 2134 2139
f 2133 2139 2138
f 2134 2135 2140
f 2134 2140 2139
f 2135 2131 2136
f 2135 2136 2140
f 2139 2140 2136
f 2137 2138 2139
f 2139 2136 2137
o b166887191_unknown
v 393.14 0.00 -290.45
v 381.98 0.00 -262.41
v 409.45 0.00 -251.64
v 420.61 0.00 -279.68
v 418.92 0.00 -280.34
v 393.14 9.60 -290.45
v 381.98 9.60 -262.41
v 409.45 9.60 -251.64
v 420.61 9.60 -279.68
v 418.92 9.60 -280.34
f 2141 2142 2147
f 2141 2147 2146
f 2142 2143 2148
f 2142 2148 2147
f 2143 2144 2149
f 2143 2149 2148
f 2144 2145 2150
f 2144 2150 2149
f 2145 2141 2146
f 2145 2146 2150
f 2150 2146 2147
f 2147 2148 2149
f 2149 2150 2147
o b166888241_office
v 362.45 0.00 -268.91
v 370.28 0.00 -289.27
v 373.53 0.00 -297.74
v 346.51 0.00 -307.98
v 343.80 0.00 -300.91
v 341.14 0.00 -294.00
v 335.43 0.00 -279.16
v 362.45 12.00 -268.91
v 370.28 12.00 -289.27
v 373.53 12.00 -297.74
v 346.51 12.00 -307.98
v 343.80 12.00 -300.91
v 341.14 12.00 -294.00
v 335.43 12.00 -279.16
f 2151 2152 2159
f 2151 2159 2158
f 2152 2153 2160
f 2152 2160 2159
f 2153 2154 2161
f 2153 2161 2160
f 2154 2155 2162
f 2154 2162 2161
f 2155 2156 2163
f 2155 2163 2162
f 2156 2157 2164
f 2156 2164 2163
f 2157 2151 2158
f 2157 2158 2164
f 2163 2164 2158
f 2158 2159 2160
f 2160 2161 2162
f 2162 2163 2158
f 2158 2160 2162
o b185170336_retail
v -336.57 0.00 -314.01
v -343.49 0.00 -316.63
v -346.87 0.00 -307.86
v -354.43 0.00 -288.21
v -340.22 0.00 -282.81
v -332.65 0.00 -302.46
v -329.27 0.00 -311.24
v -336.57 3.20 -314.01
v -343.49 3.20 -316.63
v -346.87 3.20 -307.86
v -354.43 3.20 -288.21
v -340.22 3.20 -282.81
v -332.65 3.20 -302.46
v -329.27 3.20 -311.24
f 2165 2166 2173
f 2165 2173 2172
f 2166 2167 2174
f 2166 2174 2173
f 2167 2168 2175
f 2167 2175 2174
f 2168 2169 2176
f 2168 2176 2175
f 2169 2170 2177
f 2169 2177 2176
f 2170 2171 2178
f 2170 2178 2177
f 2171 2165 2172
f 2171 2172 2178
f 2177 2178 2172
f 2172 2173 2174
f 2174 2175 2176
f 2176 2177 2172
f 2172 2174 2176
o b185336532_office
v 93.07 0.00 270.38
v 87.76 0.00 284.36
v 114.11 0.00 294.22
v 119.42 0.00 280.24
v 93.07 12.80 270.38
v 87.76 12.80 284.36
v 114.11 12.80 294.22
v 119.42 12.80 280.24
f 2179 2180 2184
f 2179 2184 2183
f 2180 2181 2185
f 2180 2185 2184
f 2181 2182 2186
f 2181 2186 2185
f 2182 2179 2183
f 2182 2183 2186
f 2185 2186 2183
f 2183 2184 2185
o b185542655_retail
v 283.71 0.00 -62.73
v 284.65 0.00 -65.19
v 287.75 0.00 -73.34
v 288.78 0.00 -76.05
v 262.11 0.00 -86.03
v 257.05 0.00 -72.71
v 283.71 9.60 -62.73
v 284.65 9.60 -65.19
v 287.75 9.60 -73.34
v 288.78 9.60 -76.05
v 262.11 9.60 -86.03
v 257.05 9.60 -72.71
f 2187 2188 2194
f 2187 2194 2193
f 2188 2189 2195
f 2188 2195 2194
f 2189 2190 2196
f 2189 2196 2195
f 2190 2191 2197
f 2190 2197 2196
f 2191 2192 2198
f 2191 2198 2197
f 2192 2187 2193
f 2192 2193 2198
f 2197 2198 2193
f 2193 2194 2195
f 2195 2196 2197
f 2197 2193 2195
o b185542657_office
v 294.37 0.00 -90.79
v 267.70 0.00 -100.77
v 262.11 0.00 -86.03
v 288.78 0.00 -76.05
v 294.37 12.80 -90.79
v 267.70 12.80 -100.77
v 262.11 12.80 -86.03
v 288.78 12.80 -76.05
f 2199 2200 2204
f 2199 2204 2203
f 2200 2201 2205
f 2200 2205 2204
f 2201 2202 2206
f 2201 2206 2205
f 2202 2199 2203
f 2202 2203 2206
f 2205 2206 2203
f 2203 2204 2205
o b186703043_office
v 359.57 0.00 -354.09
v 366.31 0.00 -351.71
v 391.77 0.00 -342.70
v 400.99 0.00 -368.43
v 396.97 0.00 -387.44
v 371.66 0.00 -387.74
v 365.99 0.00 -371.98
v 364.43 0.00 -367.63
v 359.57 6.40 -354.09
v 366.31 6.40 -351.71
v 391.77 6.40 -342.70
v 400.99 6.40 -368.43
v 396.97 6.40 -387.44
v 371.66 6.40 -387.74
v 365.99 6.40 -371.98
v 364.43 6.40 -367.63
f 2207 2208 2216
f 2207 2216 2215
f 2208 2209 2217
f 2208 2217 2216
f 2209 2210 2218
f 2209 2218 2217
f 2210 2211 2219
f 2210 2219 2218
f 2211 2212 2220
f 2211 2220 2219
f 2212 2213 2221
f 2212 2221 2220
f 2213 2214 2222
f 2213 2222 2221
f 2214 2207 2215
f 2214 2215 2222
f 2222 2215 2216
f 2216 2217 2218
f 2218 2219 2220
f 2220 2221 2222
f 2222 2216 2218
f 2218 2220 2222
o b218160123_retail
v 182.67 0.00 -32.93
v 154.15 0.00 -43.81
v 148.63 0.00 -29.55
v 177.15 0.00 -18.67
v 182.67 19.20 -32.93
v 154.15 19.20 -43.81
v 148.63 19.20 -29.55
v 177.15 19.20 -18.67
f 2223 2224 2228
f 2223 2228 2227
f 2224 2225 2229
f 2224 2229 2228
f 2225 2226 2230
f 2225 2230 2229
f 2226 2223 2227
f 2226 2227 2230
f 2229 2230 2227
f 2227 2228 2229
o b243085443_unknown
v 343.80 0.00 -300.91
v 315.40 0.00 -311.68
v 312.74 0.00 -304.76
v 341.14 0.00 -294.00
v 343.80 3.20 -300.91
v 315.40 3.20 -311.68
v 312.74 3.20 -304.76
v 341.14 3.20 -294.00
f 2231 2232 2236
f 2231 2236 2235
f 2232 2233 2237
f 2232 2237 2236
f 2233 2234 2238
f 2233 2238 2237
f 2234 2231 2235
f 2234 2235 2238
f 2237 2238 2235
f 2235 2236 2237
o b246700194_office
v 308.28 0.00 235.43
v 303.10 0.00 249.28
v 300.55 0.00 256.07
v 297.67 0.00 263.77
v 326.18 0.00 274.31
v 336.79 0.00 245.97
v 308.28 19.20 235.43
v 303.10 19.20 249.28
v 300.55 19.20 256.07
v 297.67 19.20 263.77
v 326.18 19.20 274.31
v 336.79 19.20 245.97
f 2239 2240 2246
f 2239 2246 2245
f 2240 2241 2247
f 2240 2247 2246
f 2241 2242 2248
f 2241 2248 2247
f 2242 2243 2249
f 2242 2249 2248
f 2243 2244 2250
f 2243 2250 2249
f 2244 2239 2245
f 2244 2245 2250
f 2249 2250 2245
f 2246 2247 2248
f 2249 2245 2246
f 2246 2248 2249
o b246700195_retail
v 297.67 0.00 263.77
v 292.39 0.00 277.82
v 320.91 0.00 288.35
v 326.18 0.00 274.31
v 297.67 3.20 263.77
v 292.39 3.20 277.82
v 320.91 3.20 288.35
v 326.18 3.20 274.31
f 2251 2252 2256
f 2251 2256 2255
f 2252 2253 2257
f 2252 2257 2256
f 2253 2254 2258
f 2253 2258 2257
f 2254 2251 2255
f 2254 2255 2258
f 2257 2258 2255
f 2255 2256 2257
o b246700196_unknown
v 292.39 0.00 277.82
v 287.11 0.00 291.91
v 315.63 0.00 302.45
v 320.91 0.00 288.35
v 292.39 3.20 277.82
v 287.11 3.20 291.91
v 315.63 3.20 302.45
v 320.91 3.20 288.35
f 2259 2260 2264
f 2259 2264 2263
f 2260 2261 2265
f 2260 2265 2264
f 2261 2262 2266
f 2261 2266 2265
f 2262 2259 2263
f 2262 2263 2266
f 2265 2266 2263
f 2263 2264 2265
o b246700197_medical
v 287.11 0.00 291.91
v 292.39 0.00 277.82
v 264.84 0.00 267.64
v 259.56 0.00 281.72
v 287.11 12.80 291.91
v 292.39 12.80 277.82
v 264.84 12.80 267.64
v 259.56 12.80 281.72
f 2267 2268 2272
f 2267 2272 2271
f 2268 2269 2273
f 2268 2273 2272
f 2269 2270 2274
f 2269 2274 2273
f 2270 2267 2271
f 2270 2271 2274
f 2273 2274 2271
f 2271 2272 2273
o b246700198_unknown
v 292.39 0.00 277.82
v 297.67 0.00 263.77
v 270.10 0.00 253.59
v 264.84 0.00 267.64
v 292.39 9.60 277.82
v 297.67 9.60 263.77
v 270.10 9.60 253.59
v 264.84 9.60 267.64
f 2275 2276 2280
f 2275 2280 2279
f 2276 2277 2281
f 2276 2281 2280
f 2277 2278 2282
f 2277 2282 2281
f 2278 2275 2279
f 2278 2279 2282
f 2281 2282 2279
f 2279 2280 2281
o b246700199_unknown
v 297.67 0.00 263.77
v 300.55 0.00 256.07
v 272.99 0.00 245.87
v 270.10 0.00 253.59
v 297.67 9.60 263.77
v 300.55 9.60 256.07
v 272.99 9.60 245.87
v 270.10 9.60 253.59
f 2283 2284 2288
f 2283 2288 2287
f 2284 2285 2289
f 2284 2289 2288
f 2285 2286 2290
f 2285 2290 2289
f 2286 2283 2287
f 2286 2287 2290
f 2289 2290 2287
f 2287 2288 2289
o b246700200_unknown
v 272.99 0.00 245.87
v 300.55 0.00 256.07
v 303.10 0.00 249.28
v 275.53 0.00 239.09
v 272.99 9.60 245.87
v 300.55 9.60 256.07
v 303.10 9.60 249.28
v 275.53 9.60 239.09
f 2291 2292 2296
f 2291 2296 2295
f 2292 2293 2297
f 2292 2297 2296
f 2293 2294 2298
f 2293 2298 2297
f 2294 2291 2295
f 2294 2295 2298
f 2297 2298 2295
f 2295 2296 2297
o b246701134_weapons_outdoors
v 226.55 0.00 204.60
v 221.11 0.00 218.94
v 229.20 0.00 221.95
v 234.64 0.00 207.63
v 226.55 6.40 204.60
v 221.11 6.40 218.94
v 229.20 6.40 221.95
v 234.64 6.40 207.63
f 2299 2300 2304
f 2299 2304 2303
f 2300 2301 2305
f 2300 2305 2304
f 2301 2302 2306
f 2301 2306 2305
f 2302 2299 2303
f 2302 2303 2306
f 2305 2306 2303
f 2303 2304 2305
o b246701992_unknown
v 148.65 0.00 239.84
v 166.21 0.00 246.50
v 171.56 0.00 232.61
v 154.00 0.00 225.94
v 148.65 12.80 239.84
v 166.21 12.80 246.50
v 171.56 12.80 232.61
v 154.00 12.80 225.94
f 2307 2308 2312
f 2307 2312 2311
f 2308 2309 2313
f 2308 2313 2312
f 2309 2310 2314
f 2309 2314 2313
f 2310 2307 2311
f 2310 2311 2314
f 2313 2314 2311
f 2311 2312 2313
o b246701994_unknown
v 175.33 0.00 222.83
v 148.52 0.00 212.65
v 144.75 0.00 222.44
v 154.00 0.00 225.94
v 171.56 0.00 232.61
v 175.33 6.40 222.83
v 148.52 6.40 212.65
v 144.75 6.40 222.44
v 154.00 6.40 225.94
v 171.56 6.40 232.61
f 2315 2316 2321
f 2315 2321 2320
f 2316 2317 2322
f 2316 2322 2321
f 2317 2318 2323
f 2317 2323 2322
f 2318 2319 2324
f 2318 2324 2323
f 2319 2315 2320
f 2319 2320 2324
f 2323 2324 2320
f 2320 2321 2322
f 2322 2323 2320
o b246701996_retail
v 152.96 0.00 201.11
v 150.19 0.00 208.30
v 148.52 0.00 212.65
v 175.33 0.00 222.83
v 179.76 0.00 211.29
v 152.96 9.60 201.11
v 150.19 9.60 208.30
v 148.52 9.60 212.65
v 175.33 9.60 222.83
v 179.76 9.60 211.29
f 2325 2326 2331
f 2325 2331 2330
f 2326 2327 2332
f 2326 2332 2331
f 2327 2328 2333
f 2327 2333 2332
f 2328 2329 2334
f 2328 2334 2333
f 2329 2325 2330
f 2329 2330 2334
f 2333 2334 2330
f 2330 2331 2332
f 2332 2333 2330
o b246702881_retail
v 36.64 0.00 180.82
v 31.05 0.00 195.16
v 59.01 0.00 205.89
v 64.60 0.00 191.54
v 36.64 3.20 180.82
v 31.05 3.20 195.16
v 59.01 3.20 205.89
v 64.60 3.20 191.54
f 2335 2336 2340
f 2335 2340 2339
f 2336 2337 2341
f 2336 2341 2340
f 2337 2338 2342
f 2337 2342 2341
f 2338 2335 2339
f 2338 2339 2342
f 2341 2342 2339
f 2339 2340 2341
o b246702882_retail
v 64.60 0.00 191.54
v 59.01 0.00 205.89
v 86.44 0.00 216.42
v 92.02 0.00 202.07
v 64.60 12.80 191.54
v 59.01 12.80 205.89
v 86.44 12.80 216.42
v 92.02 12.80 202.07
f 2343 2344 2348
f 2343 2348 2347
f 2344 2345 2349
f 2344 2349 2348
f 2345 2346 2350
f 2345 2350 2349
f 2346 2343 2347
f 2346 2347 2350
f 2349 2350 2347
f 2347 2348 2349
o b246702883_unknown
v 177.48 0.00 134.63
v 204.84 0.00 144.95
v 215.90 0.00 116.03
v 213.26 0.00 115.04
v 188.54 0.00 105.71
v 177.48 12.80 134.63
v 204.84 12.80 144.95
v 215.90 12.80 116.03
v 213.26 12.80 115.04
v 188.54 12.80 105.71
f 2351 2352 2357
f 2351 2357 2356
f 2352 2353 2358
f 2352 2358 2357
f 2353 2354 2359
f 2353 2359 2358
f 2354 2355 2360
f 2354 2360 2359
f 2355 2351 2356
f 2355 2356 2360
f 2359 2360 2356
f 2356 2357 2358
f 2358 2359 2356
o b246719830_unknown
v 251.62 0.00 162.22
v 246.66 0.00 175.49
v 276.07 0.00 186.35
v 283.64 0.00 166.14
v 291.74 0.00 144.51
v 262.33 0.00 133.64
v 259.78 0.00 140.43
v 254.18 0.00 155.39
v 251.62 3.20 162.22
v 246.66 3.20 175.49
v 276.07 3.20 186.35
v 283.64 3.20 166.14
v 291.74 3.20 144.51
v 262.33 3.20 133.64
v 259.78 3.20 140.43
v 254.18 3.20 155.39
f 2361 2362 2370
f 2361 2370 2369
f 2362 2363 2371
f 2362 2371 2370
f 2363 2364 2372
f 2363 2372 2371
f 2364 2365 2373
f 2364 2373 2372
f 2365 2366 2374
f 2365 2374 2373
f 2366 2367 2375
f 2366 2375 2374
f 2367 2368 2376
f 2367 2376 2375
f 2368 2361 2369
f 2368 2369 2376
f 2376 2369 2370
f 2370 2371 2372
f 2372 2373 2374
f 2374 2375 2376
f 2376 2370 2372
f 2372 2374 2376
o b246722974_unknown
v 352.13 0.00 208.59
v 335.08 0.00 202.18
v 332.44 0.00 201.18
v 329.95 0.00 207.73
v 349.68 0.00 215.12
v 350.91 0.00 211.88
v 352.13 9.60 208.59
v 335.08 9.60 202.18
v 332.44 9.60 201.18
v 329.95 9.60 207.73
v 349.68 9.60 215.12
v 350.91 9.60 211.88
f 2377 2378 2384
f 2377 2384 2383
f 2378 2379 2385
f 2378 2385 2384
f 2379 2380 2386
f 2379 2386 2385
f 2380 2381 2387
f 2380 2387 2386
f 2381 2382 2388
f 2381 2388 2387
f 2382 2377 2383
f 2382 2383 2388
f 2387 2388 2383
f 2384 2385 2386
f 2386 2387 2383
f 2383 2384 2386
o b246722975_office
v 349.68 0.00 215.12
v 329.95 0.00 207.73
v 321.14 0.00 204.43
v 318.23 0.00 212.07
v 325.22 0.00 214.69
v 322.45 0.00 221.98
v 344.01 0.00 230.06
v 349.68 12.80 215.12
v 329.95 12.80 207.73
v 321.14 12.80 204.43
v 318.23 12.80 212.07
v 325.22 12.80 214.69
v 322.45 12.80 221.98
v 344.01 12.80 230.06
f 2389 2390 2397
f 2389 2397 2396
f 2390 2391 2398
f 2390 2398 2397
f 2391 2392 2399
f 2391 2399 2398
f 2392 2393 2400
f 2392 2400 2399
f 2393 2394 2401
f 2393 2401 2400
f 2394 2395 2402
f 2394 2402 2401
f 2395 2389 2396
f 2395 2396 2402
f 2401 2402 2396
f 2397 2398 2399
f 2400 2401 2396
f 2396 2397 2399
f 2399 2400 2396
o b246722976_office
v 290.18 0.00 201.09
v 288.81 0.00 204.69
v 287.25 0.00 208.80
v 322.45 0.00 221.98
v 325.22 0.00 214.69
v 318.23 0.00 212.07
v 321.14 0.00 204.43
v 312.55 0.00 201.22
v 309.81 0.00 208.45
v 290.18 12.80 201.09
v 288.81 12.80 204.69
v 287.25 12.80 208.80
v 322.45 12.80 221.98
v 325.22 12.80 214.69
v 318.23 12.80 212.07
v 321.14 12.80 204.43
v 312.55 12.80 201.22
v 309.81 12.80 208.45
f 2403 2404 2413
f 2403 2413 2412
f 2404 2405 2414
f 2404 2414 2413
f 2405 2406 2415
f 2405 2415 2414
f 2406 2407 2416
f 2406 2416 2415
f 2407 2408 2417
f 2407 2417 2416
f 2408 2409 2418
f 2408 2418 2417
f 2409 2410 2419
f 2409 2419 2418
f 2410 2411 2420
f 2410 2420 2419
f 2411 2403 2412
f 2411 2412 2420
f 2420 2412 2413
f 2413 2414 2415
f 2415 2416 2417
f 2417 2418 2419
f 2420 2413 2415
f 2415 2417 2419
f 2419 2420 2415
o b246722977_unknown
v 290.18 0.00 201.09
v 309.81 0.00 208.45
v 312.55 0.00 201.22
v 292.92 0.00 193.87
v 290.18 6.40 201.09
v 309.81 6.40 208.45
v 312.55 6.40 201.22
v 292.92 6.40 193.87
f 2421 2422 2426
f 2421 2426 2425
f 2422 2423 2427
f 2422 2427 2426
f 2423 2424 2428
f 2423 2428 2427
f 2424 2421 2425
f 2424 2425 2428
f 2427 2428 2425
f 2425 2426 2427
o b246722978_unknown
v 292.92 0.00 193.87
v 312.55 0.00 201.22
v 321.14 0.00 204.43
v 329.95 0.00 207.73
v 332.44 0.00 201.18
v 295.41 0.00 187.24
v 292.92 9.60 193.87
v 312.55 9.60 201.22
v 321.14 9.60 204.43
v 329.95 9.60 207.73
v 332.44 9.60 201.18
v 295.41 9.60 187.24
f 2429 2430 2436
f 2429 2436 2435
f 2430 2431 2437
f 2430 2437 2436
f 2431 2432 2438
f 2431 2438 2437
f 2432 2433 2439
f 2432 2439 2438
f 2433 2434 2440
f 2433 2440 2439
f 2434 2429 2435
f 2434 2435 2440
f 2439 2440 2435
f 2435 2436 2437
f 2437 2438 2439
f 2439 2435 2437
o b246962440_unknown
v 423.35 0.00 -441.64
v 415.19 0.00 -441.74
v 409.23 0.00 -435.83
v 410.06 0.00 -419.10
v 423.98 0.00 -419.31
v 423.35 12.80 -441.64
v 415.19 12.80 -441.74
v 409.23 12.80 -435.83
v 410.06 12.80 -419.10
v 423.98 12.80 -419.31
f 2441 2442 2447
f 2441 2447 2446
f 2442 2443 2448
f 2442 2448 2447
f 2443 2444 2449
f 2443 2449 2448
f 2444 2445 2450
f 2444 2450 2449
f 2445 2441 2446
f 2445 2446 2450
f 2449 2450 2446
f 2446 2447 2448
f 2448 2449 2446
o b246962441_unknown
v 423.98 0.00 -419.31
v 410.06 0.00 -419.10
v 420.23 0.00 -394.93
v 424.81 0.00 -394.90
v 424.38 0.00 -407.61
v 423.98 12.80 -419.31
v 410.06 12.80 -419.10
v 420.23 12.80 -394.93
v 424.81 12.80 -394.90
v 424.38 12.80 -407.61
f 2451 2452 2457
f 2451 2457 2456
f 2452 2453 2458
f 2452 2458 2457
f 2453 2454 2459
f 2453 2459 2458
f 2454 2455 2460
f 2454 2460 2459
f 2455 2451 2456
f 2455 2456 2460
f 2459 2460 2456
f 2456 2457 2458
f 2458 2459 2456
o b246962442_unknown
v 423.98 0.00 -419.31
v 424.38 0.00 -407.61
v 424.81 0.00 -394.90
v 440.37 0.00 -394.84
v 440.07 0.00 -407.23
v 439.77 0.00 -419.52
v 423.98 6.40 -419.31
v 424.38 6.40 -407.61
v 424.81 6.40 -394.90
v 440.37 6.40 -394.84
v 440.07 6.40 -407.23
v 439.77 6.40 -419.52
f 2461 2462 2468
f 2461 2468 2467
f 2462 2463 2469
f 2462 2469 2468
f 2463 2464 2470
f 2463 2470 2469
f 2464 2465 2471
f 2464 2471 2470
f 2465 2466 2472
f 2465 2472 2471
f 2466 2461 2467
f 2466 2467 2472
f 2471 2472 2467
f 2468 2469 2470
f 2470 2471 2467
f 2467 2468 2470
o b246963710_office
v 301.03 0.00 -388.71
v 294.52 0.00 -388.81
v 294.48 0.00 -386.72
v 294.42 0.00 -382.76
v 299.97 0.00 -382.67
v 302.82 0.00 -379.38
v 305.01 0.00 -381.25
v 300.98 0.00 -385.90
v 301.03 3.20 -388.71
v 294.52 3.20 -388.81
v 294.48 3.20 -386.72
v 294.42 3.20 -382.76
v 299.97 3.20 -382.67
v 302.82 3.20 -379.38
v 305.01 3.20 -381.25
v 300.98 3.20 -385.90
f 2473 2474 2482
f 2473 2482 2481
f 2474 2475 2483
f 2474 2483 2482
f 2475 2476 2484
f 2475 2484 2483
f 2476 2477 2485
f 2476 2485 2484
f 2477 2478 2486
f 2477 2486 2485
f 2478 2479 2487
f 2478 2487 2486
f 2479 2480 2488
f 2479 2488 2487
f 2480 2473 2481
f 2480 2481 2488
f 2488 2481 2482
f 2482 2483 2484
f 2485 2486 2487
f 2487 2488 2482
f 2482 2484 2485
f 2485 2487 2482
o b246964157_unknown
v 418.14 0.00 -354.90
v 410.49 0.00 -335.07
v 437.34 0.00 -324.87
v 444.98 0.00 -344.71
v 418.14 16.00 -354.90
v 410.49 16.00 -335.07
v 437.34 16.00 -324.87
v 444.98 16.00 -344.71
f 2489 2490 2494
f 2489 2494 2493
f 2490 2491 2495
f 2490 2495 2494
f 2491 2492 2496
f 2491 2496 2495
f 2492 2489 2493
f 2492 2493 2496
f 2495 2496 2493
f 2493 2494 2495
o b247339021_residential
v 437.37 0.00 -240.69
v 450.60 0.00 -273.94
v 420.99 0.00 -285.56
v 418.92 0.00 -280.34
v 420.61 0.00 -279.68
v 409.45 0.00 -251.64
v 437.37 16.00 -240.69
v 450.60 16.00 -273.94
v 420.99 16.00 -285.56
v 418.92 16.00 -280.34
v 420.61 16.00 -279.68
v 409.45 16.00 -251.64
f 2497 2498 2504
f 2497 2504 2503
f 2498 2499 2505
f 2498 2505 2504
f 2499 2500 2506
f 2499 2506 2505
f 2500 2501 2507
f 2500 2507 2506
f 2501 2502 2508
f 2501 2508 2507
f 2502 2497 2503
f 2502 2503 2508
f 2507 2508 2503
f 2503 2504 2505
f 2505 2506 2507
f 2507 2503 2505
o b247339894_unknown
v 315.40 0.00 -311.68
v 343.80 0.00 -300.91
v 346.51 0.00 -307.98
v 318.12 0.00 -318.73
v 315.40 6.40 -311.68
v 343.80 6.40 -300.91
v 346.51 6.40 -307.98
v 318.12 6.40 -318.73
f 2509 2510 2514
f 2509 2514 2513
f 2510 2511 2515
f 2510 2515 2514
f 2511 2512 2516
f 2511 2516 2515
f 2512 2509 2513
f 2512 2513 2516
f 2515 2516 2513
f 2513 2514 2515
o b247340386_retail
v 206.19 0.00 -264.47
v 235.02 0.00 -253.68
v 239.01 0.00 -264.20
v 210.19 0.00 -275.00
v 206.19 3.20 -264.47
v 235.02 3.20 -253.68
v 239.01 3.20 -264.20
v 210.19 3.20 -275.00
f 2517 2518 2522
f 2517 2522 2521
f 2518 2519 2523
f 2518 2523 2522
f 2519 2520 2524
f 2519 2524 2523
f 2520 2517 2521
f 2520 2521 2524
f 2523 2524 2521
f 2521 2522 2523
o b247340387_residential
v 235.02 0.00 -253.68
v 206.19 0.00 -264.47
v 199.61 0.00 -247.12
v 228.44 0.00 -236.33
v 235.02 32.00 -253.68
v 206.19 32.00 -264.47
v 199.61 32.00 -247.12
v 228.44 32.00 -236.33
f 2525 2526 2530
f 2525 2530 2529
f 2526 2527 2531
f 2526 2531 2530
f 2527 2528 2532
f 2527 2532 2531
f 2528 2525 2529
f 2528 2529 2532
f 2531 2532 2529
f 2529 2530 2531
o b247340634_office
v 345.71 0.00 -224.08
v 318.60 0.00 -234.37
v 307.45 0.00 -205.38
v 334.56 0.00 -195.09
v 345.71 16.00 -224.08
v 318.60 16.00 -234.37
v 307.45 16.00 -205.38
v 334.56 16.00 -195.09
f 2533 2534 2538
f 2533 2538 2537
f 2534 2535 2539
f 2534 2539 2538
f 2535 2536 2540
f 2535 2540 2539
f 2536 2533 2537
f 2536 2537 2540
f 2539 2540 2537
f 2537 2538 2539
o b247377605_unknown
v 387.04 0.00 -192.16
v 401.40 0.00 -186.71
v 416.08 0.00 -181.14
v 421.51 0.00 -195.27
v 392.47 0.00 -206.29
v 387.04 3.20 -192.16
v 401.40 3.20 -186.71
v 416.08 3.20 -181.14
v 421.51 3.20 -195.27
v 392.47 3.20 -206.29
f 2541 2542 2547
f 2541 2547 2546
f 2542 2543 2548
f 2542 2548 2547
f 2543 2544 2549
f 2543 2549 2548
f 2544 2545 2550
f 2544 2550 2549
f 2545 2541 2546
f 2545 2546 2550
f 2549 2550 2546
f 2546 2547 2548
f 2548 2549 2546
o b247378483_unknown
v 426.89 0.00 -160.38
v 448.46 0.00 -152.34
v 459.06 0.00 -180.37
v 452.02 0.00 -183.00
v 446.84 0.00 -169.31
v 432.31 0.00 -174.73
v 426.89 3.20 -160.38
v 448.46 3.20 -152.34
v 459.06 3.20 -180.37
v 452.02 3.20 -183.00
v 446.84 3.20 -169.31
v 432.31 3.20 -174.73
f 2551 2552 2558
f 2551 2558 2557
f 2552 2553 2559
f 2552 2559 2558
f 2553 2554 2560
f 2553 2560 2559
f 2554 2555 2561
f 2554 2561 2560
f 2555 2556 2562
f 2555 2562 2561
f 2556 2551 2557
f 2556 2557 2562
f 2561 2562 2557
f 2558 2559 2560
f 2561 2557 2558
f 2558 2560 2561
o b247570076_unknown
v 279.52 0.00 -132.31
v 288.19 0.00 -155.04
v 280.23 0.00 -158.03
v 271.57 0.00 -135.29
v 279.52 9.60 -132.31
v 288.19 9.60 -155.04
v 280.23 9.60 -158.03
v 271.57 9.60 -135.29
f 2563 2564 2568
f 2563 2568 2567
f 2564 2565 2569
f 2564 2569 2568
f 2565 2566 2570
f 2565 2570 2569
f 2566 2563 2567
f 2566 2567 2570
f 2569 2570 2567
f 2567 2568 2569
o b247570080_unknown
v 277.85 0.00 -158.92
v 280.23 0.00 -158.03
v 288.19 0.00 -155.04
v 290.50 0.00 -161.09
v 286.37 0.00 -162.64
v 287.86 0.00 -166.54
v 285.09 0.00 -167.58
v 289.50 0.00 -179.17
v 268.04 0.00 -187.24
v 264.29 0.00 -177.37
v 278.36 0.00 -172.09
v 276.06 0.00 -166.04
v 279.99 0.00 -164.57
v 277.85 3.20 -158.92
v 280.23 3.20 -158.03
v 288.19 3.20 -155.04
v 290.50 3.20 -161.09
v 286.37 3.20 -162.64
v 287.86 3.20 -166.54
v 285.09 3.20 -167.58
v 289.50 3.20 -179.17
v 268.04 3.20 -187.24
v 264.29 3.20 -177.37
v 278.36 3.20 -172.09
v 276.06 3.20 -166.04
v 279.99 3.20 -164.57
f 2571 2572 2585
f 2571 2585 2584
f 2572 2573 2586
f 2572 2586 2585
f 2573 2574 2587
f 2573 2587 2586
f 2574 2575 2588
f 2574 2588 2587
f 2575 2576 2589
f 2575 2589 2588
f 2576 2577 2590
f 2576 2590 2589
f 2577 2578 2591
f 2577 2591 2590
f 2578 2579 2592
f 2578 2592 2591
f 2579 2580 2593
f 2579 2593 2592
f 2580 2581 2594
f 2580 2594 2593
f 2581 2582 2595
f 2581 2595 2594
f 2582 2583 2596
f 2582 2596 2595
f 2583 2571 2584
f 2583 2584 2596
f 2596 2584 2585
f 2585 2586 2587
f 2588 2589 2590
f 2590 2591 2592
f 2592 2593 2594
f 2594 2595 2596
f 2596 2585 2587
f 2588 2590 2592
f 2596 2587 2588
f 2588 2592 2594
f 2594 2596 2588
o b248180972_unknown
v -245.99 0.00 -432.54
v -272.42 0.00 -431.84
v -272.26 0.00 -425.84
v -245.54 0.00 -416.21
v -245.99 3.20 -432.54
v -272.42 3.20 -431.84
v -272.26 3.20 -425.84
v -245.54 3.20 -416.21
f 2597 2598 2602
f 2597 2602 2601
f 2598 2599 2603
f 2598 2603 2602
f 2599 2600 2604
f 2599 2604 2603
f 2600 2597 2601
f 2600 2601 2604
f 2603 2604 2601
f 2601 2602 2603
o b291655581_retail
v -327.17 0.00 57.64
v -320.53 0.00 60.13
v -315.20 0.00 46.22
v -318.51 0.00 44.96
v -321.85 0.00 43.71
v -327.17 3.20 57.64
v -320.53 3.20 60.13
v -315.20 3.20 46.22
v -318.51 3.20 44.96
v -321.85 3.20 43.71
f 2605 2606 2611
f 2605 2611 2610
f 2606 2607 2612
f 2606 2612 2611
f 2607 2608 2613
f 2607 2613 2612
f 2608 2609 2614
f 2608 2614 2613
f 2609 2605 2610
f 2609 2610 2614
f 2613 2614 2610
f 2610 2611 2612
f 2612 2613 2610
o b291656846_unknown
v -302.11 0.00 51.40
v -296.75 0.00 53.42
v -293.04 0.00 43.71
v -298.39 0.00 41.68
v -302.11 3.20 51.40
v -296.75 3.20 53.42
v -293.04 3.20 43.71
v -298.39 3.20 41.68
f 2615 2616 2620
f 2615 2620 2619
f 2616 2617 2621
f 2616 2621 2620
f 2617 2618 2622
f 2617 2622 2621
f 2618 2615 2619
f 2618 2619 2622
f 2621 2622 2619
f 2619 2620 2621
o b291656914_unknown
v -310.29 0.00 5.80
v -313.87 0.00 15.18
v -311.94 0.00 15.91
v -310.18 0.00 11.28
v -308.24 0.00 12.00
v -306.43 0.00 7.26
v -307.49 0.00 6.86
v -310.29 3.20 5.80
v -313.87 3.20 15.18
v -311.94 3.20 15.91
v -310.18 3.20 11.28
v -308.24 3.20 12.00
v -306.43 3.20 7.26
v -307.49 3.20 6.86
f 2623 2624 2631
f 2623 2631 2630
f 2624 2625 2632
f 2624 2632 2631
f 2625 2626 2633
f 2625 2633 2632
f 2626 2627 2634
f 2626 2634 2633
f 2627 2628 2635
f 2627 2635 2634
f 2628 2629 2636
f 2628 2636 2635
f 2629 2623 2630
f 2629 2630 2636
f 2636 2630 2631
f 2631 2632 2633
f 2633 2634 2635
f 2635 2636 2631
f 2631 2633 2635
o b321377387_retail
v -408.48 0.00 -257.19
v -413.36 0.00 -259.04
v -418.57 0.00 -261.00
v -419.24 0.00 -259.25
v -427.83 0.00 -262.49
v -427.16 0.00 -264.25
v -436.99 0.00 -267.95
v -438.81 0.00 -263.17
v -437.25 0.00 -262.59
v -439.39 0.00 -256.99
v -440.99 0.00 -257.60
v -442.41 0.00 -253.88
v -437.79 0.00 -252.14
v -435.58 0.00 -251.31
v -434.77 0.00 -253.44
v -423.25 0.00 -249.09
v -424.09 0.00 -246.91
v -421.48 0.00 -245.93
v -413.80 0.00 -243.03
v -408.48 12.80 -257.19
v -413.36 12.80 -259.04
v -418.57 12.80 -261.00
v -419.24 12.80 -259.25
v -427.83 12.80 -262.49
v -427.16 12.80 -264.25
v -436.99 12.80 -267.95
v -438.81 12.80 -263.17
v -437.25 12.80 -262.59
v -439.39 12.80 -256.99
v -440.99 12.80 -257.60
v -442.41 12.80 -253.88
v -437.79 12.80 -252.14
v -435.58 12.80 -251.31
v -434.77 12.80 -253.44
v -423.25 12.80 -249.09
v -424.09 12.80 -246.91
v -421.48 12.80 -245.93
v -413.80 12.80 -243.03
f 2637 2638 2657
f 2637 2657 2656
f 2638 2639 2658
f 2638 2658 2657
f 2639 2640 2659
f 2639 2659 2658
f 2640 2641 2660
f 2640 2660 2659
f 2641 2642 2661
f 2641 2661 2660
f 2642 2643 2662
f 2642 2662 2661
f 2643 2644 2663
f 2643 2663 2662
f 2644 2645 2664
f 2644 2664 2663
f 2645 2646 2665
f 2645 2665 2664
f 2646 2647 2666
f 2646 2666 2665
f 2647 2648 2667
f 2647 2667 2666
f 2648 2649 2668
f 2648 2668 2667
f 2649 2650 2669
f 2649 2669 2668
f 2650 2651 2670
f 2650 2670 2669
f 2651 2652 2671
f 2651 2671 2670
f 2652 2653 2672
f 2652 2672 2671
f 2653 2654 2673
f 2653 2673 2672
f 2654 2655 2674
f 2654 2674 2673
f 2655 2637 2656
f 2655 2656 2674
f 2673 2674 2656
f 2656 2657 2658
f 2660 2661 2662
f 2662 2663 2664
f 2665 2666 2667
f 2667 2668 2669
f 2671 2672 2673
f 2673 2656 2658
f 2660 2662 2664
f 2665 2667 2669
f 2673 2658 2659
f 2659 2660 2664
f 2664 2665 2669
f 2671 2673 2659
f 2664 2669 2670
f 2670 2671 2659
f 2659 2664 2670
o b321480038_unknown
v -413.04 0.00 138.73
v -410.52 0.00 139.70
v -413.14 0.00 146.50
v -383.82 0.00 157.66
v -378.06 0.00 142.74
v -407.51 0.00 131.53
v -408.85 0.00 135.02
v -411.26 0.00 134.11
v -413.04 25.60 138.73
v -410.52 25.60 139.70
v -413.14 25.60 146.50
v -383.82 25.60 157.66
v -378.06 25.60 142.74
v -407.51 25.60 131.53
v -408.85 25.60 135.02
v -411.26 25.60 134.11
f 2675 2676 2684
f 2675 2684 2683
f 2676 2677 2685
f 2676 2685 2684
f 2677 2678 2686
f 2677 2686 2685
f 2678 2679 2687
f 2678 2687 2686
f 2679 2680 2688
f 2679 2688 2687
f 2680 2681 2689
f 2680 2689 2688
f 2681 2682 2690
f 2681 2690 2689
f 2682 2675 2683
f 2682 2683 2690
f 2689 2690 2683
f 2684 2685 2686
f 2686 2687 2688
f 2689 2683 2684
f 2684 2686 2688
f 2688 2689 2684
o b321768741_retail
v -389.41 0.00 -307.64
v -380.41 0.00 -331.05
v -390.38 0.00 -334.74
v -391.05 0.00 -332.88
v -400.06 0.00 -336.27
v -399.37 0.00 -338.06
v -407.55 0.00 -341.09
v -414.67 0.00 -322.60
v -416.28 0.00 -323.22
v -420.14 0.00 -313.23
v -396.33 0.00 -304.18
v -389.41 9.60 -307.64
v -380.41 9.60 -331.05
v -390.38 9.60 -334.74
v -391.05 9.60 -332.88
v -400.06 9.60 -336.27
v -399.37 9.60 -338.06
v -407.55 9.60 -341.09
v -414.67 9.60 -322.60
v -416.28 9.60 -323.22
v -420.14 9.60 -313.23
v -396.33 9.60 -304.18
f 2691 2692 2703
f 2691 2703 2702
f 2692 2693 2704
f 2692 2704 2703
f 2693 2694 2705
f 2693 2705 2704
f 2694 2695 2706
f 2694 2706 2705
f 2695 2696 2707
f 2695 2707 2706
f 2696 2697 2708
f 2696 2708 2707
f 2697 2698 2709
f 2697 2709 2708
f 2698 2699 2710
f 2698 2710 2709
f 2699 2700 2711
f 2699 2711 2710
f 2700 2701 2712
f 2700 2712 2711
f 2701 2691 2702
f 2701 2702 2712
f 2711 2712 2702
f 2702 2703 2704
f 2706 2707 2708
f 2709 2710 2711
f 2702 2704 2705
f 2706 2708 2709
f 2709 2711 2702
f 2702 2705 2706
f 2706 2709 2702
o b321768744_civic
v -289.81 0.00 -385.75
v -304.66 0.00 -385.96
v -320.48 0.00 -386.09
v -319.71 0.00 -359.76
v -293.81 0.00 -349.60
v -289.10 0.00 -352.83
v -289.81 3.20 -385.75
v -304.66 3.20 -385.96
v -320.48 3.20 -386.09
v -319.71 3.20 -359.76
v -293.81 3.20 -349.60
v -289.10 3.20 -352.83
f 2713 2714 2720
f 2713 2720 2719
f 2714 2715 2721
f 2714 2721 2720
f 2715 2716 2722
f 2715 2722 2721
f 2716 2717 2723
f 2716 2723 2722
f 2717 2718 2724
f 2717 2724 2723
f 2718 2713 2719
f 2718 2719 2724
f 2723 2724 2719
f 2719 2720 2721
f 2721 2722 2723
f 2723 2719 2721
o b321768746_retail
v -320.48 0.00 -386.09
v -304.66 0.00 -385.96
v -305.08 0.00 -397.83
v -308.99 0.00 -397.97
v -309.32 0.00 -421.14
v -321.33 0.00 -425.47
v -320.48 9.30 -386.09
v -304.66 9.30 -385.96
v -305.08 9.30 -397.83
v -308.99 9.30 -397.97
v -309.32 9.30 -421.14
v -321.33 9.30 -425.47
f 2725 2726 2732
f 2725 2732 2731
f 2726 2727 2733
f 2726 2733 2732
f 2727 2728 2734
f 2727 2734 2733
f 2728 2729 2735
f 2728 2735 2734
f 2729 2730 2736
f 2729 2736 2735
f 2730 2725 2731
f 2730 2731 2736
f 2735 2736 2731
f 2731 2732 2733
f 2734 2735 2731
f 2731 2733 2734
o b321768750_residential
v -410.10 0.00 -345.14
v -436.26 0.00 -355.09
v -448.27 0.00 -323.95
v -436.64 0.00 -319.53
v -431.88 0.00 -317.69
v -420.14 0.00 -313.23
v -416.28 0.00 -323.22
v -418.27 0.00 -323.97
v -410.10 3.20 -345.14
v -436.26 3.20 -355.09
v -448.27 3.20 -323.95
v -436.64 3.20 -319.53
v -431.88 3.20 -317.69
v -420.14 3.20 -313.23
v -416.28 3.20 -323.22
v -418.27 3.20 -323.97
f 2737 2738 2746
f 2737 2746 2745
f 2738 2739 2747
f 2738 2747 2746
f 2739 2740 2748
f 2739 2748 2747
f 2740 2741 2749
f 2740 2749 2748
f 2741 2742 2750
f 2741 2750 2749
f 2742 2743 2751
f 2742 2751 2750
f 2743 2744 2752
f 2743 2752 2751
f 2744 2737 2745
f 2744 2745 2752
f 2752 2745 2746
f 2746 2747 2748
f 2748 2749 2750
f 2750 2751 2752
f 2752 2746 2748
f 2748 2750 2752
o b321768751_retail
v -352.32 0.00 -429.16
v -351.57 0.00 -401.68
v -335.57 0.00 -402.11
v -336.31 0.00 -429.58
v -352.32 9.60 -429.16
v -351.57 9.60 -401.68
v -335.57 9.60 -402.11
v -336.31 9.60 -429.58
f 2753 2754 2758
f 2753 2758 2757
f 2754 2755 2759
f 2754 2759 2758
f 2755 2756 2760
f 2755 2760 2759
f 2756 2753 2757
f 2756 2757 2760
f 2759 2760 2757
f 2757 2758 2759
o b321768752_unknown
v -351.57 0.00 -401.68
v -350.65 0.00 -371.35
v -334.58 0.00 -365.41
v -335.57 0.00 -402.11
v -351.57 12.80 -401.68
v -350.65 12.80 -371.35
v -334.58 12.80 -365.41
v -335.57 12.80 -402.11
f 2761 2762 2766
f 2761 2766 2765
f 2762 2763 2767
f 2762 2767 2766
f 2763 2764 2768
f 2763 2768 2767
f 2764 2761 2765
f 2764 2765 2768
f 2767 2768 2765
f 2765 2766 2767
o b322556467_retail
v -249.50 0.00 -112.49
v -238.71 0.00 -140.99
v -253.35 0.00 -146.45
v -264.13 0.00 -117.94
v -249.50 6.40 -112.49
v -238.71 6.40 -140.99
v -253.35 6.40 -146.45
v -264.13 6.40 -117.94
f 2769 2770 2774
f 2769 2774 2773
f 2770 2771 2775
f 2770 2775 2774
f 2771 2772 2776
f 2771 2776 2775
f 2772 2769 2773
f 2772 2773 2776
f 2775 2776 2773
f 2773 2774 2775
o b322556468_retail
v -357.32 0.00 -237.69
v -357.96 0.00 -236.01
v -360.19 0.00 -230.18
v -331.03 0.00 -219.18
v -328.16 0.00 -226.71
v -357.32 6.40 -237.69
v -357.96 6.40 -236.01
v -360.19 6.40 -230.18
v -331.03 6.40 -219.18
v -328.16 6.40 -226.71
f 2777 2778 2783
f 2777 2783 2782
f 2778 2779 2784
f 2778 2784 2783
f 2779 2780 2785
f 2779 2785 2784
f 2780 2781 2786
f 2780 2786 2785
f 2781 2777 2782
f 2781 2782 2786
f 2785 2786 2782
f 2783 2784 2785
f 2785 2782 2783
o b324438138_unknown
v 274.86 0.00 338.09
v 280.16 0.00 349.83
v 284.88 0.00 351.62
v 285.87 0.00 349.02
v 295.42 0.00 352.63
v 306.55 0.00 323.58
v 304.52 0.00 319.42
v 301.07 0.00 318.11
v 281.23 0.00 310.62
v 260.63 0.00 302.84
v 254.92 0.00 300.67
v 249.97 0.00 303.77
v 244.09 0.00 319.52
v 242.84 0.00 322.87
v 259.07 0.00 315.47
v 268.25 0.00 335.48
v 274.86 18.00 338.09
v 280.16 18.00 349.83
v 284.88 18.00 351.62
v 285.87 18.00 349.02
v 295.42 18.00 352.63
v 306.55 18.00 323.58
v 304.52 18.00 319.42
v 301.07 18.00 318.11
v 281.23 18.00 310.62
v 260.63 18.00 302.84
v 254.92 18.00 300.67
v 249.97 18.00 303.77
v 244.09 18.00 319.52
v 242.84 18.00 322.87
v 259.07 18.00 315.47
v 268.25 18.00 335.48
f 2787 2788 2804
f 2787 2804 2803
f 2788 2789 2805
f 2788 2805 2804
f 2789 2790 2806
f 2789 2806 2805
f 2790 2791 2807
f 2790 2807 2806
f 2791 2792 2808
f 2791 2808 2807
f 2792 2793 2809
f 2792 2809 2808
f 2793 2794 2810
f 2793 2810 2809
f 2794 2795 2811
f 2794 2811 2810
f 2795 2796 2812
f 2795 2812 2811
f 2796 2797 2813
f 2796 2813 2812
f 2797 2798 2814
f 2797 2814 2813
f 2798 2799 2815
f 2798 2815 2814
f 2799 2800 2816
f 2799 2816 2815
f 2800 2801 2817
f 2800 2817 2816
f 2801 2802 2818
f 2801 2818 2817
f 2802 2787 2803
f 2802 2803 2818
f 2817 2818 2803
f 2803 2804 2805
f 2806 2807 2808
f 2808 2809 2810
f 2812 2813 2814
f 2814 2815 2816
f 2817 2803 2805
f 2806 2808 2810
f 2811 2812 2814
f 2814 2816 2817
f 2817 2805 2806
f 2806 2810 2811
f 2811 2814 2817
f 2817 2806 2811
o b324438139_retail
v 222.47 0.00 324.35
v 233.40 0.00 295.34
v 230.98 0.00 290.06
v 201.19 0.00 278.95
v 183.37 0.00 272.25
v 177.78 0.00 274.99
v 167.32 0.00 302.28
v 172.57 0.00 304.27
v 185.34 0.00 309.10
v 184.86 0.00 310.32
v 187.32 0.00 315.70
v 203.09 0.00 321.58
v 217.04 0.00 326.79
v 222.47 73.00 324.35
v 233.40 73.00 295.34
v 230.98 73.00 290.06
v 201.19 73.00 278.95
v 183.37 73.00 272.25
v 177.78 73.00 274.99
v 167.32 73.00 302.28
v 172.57 73.00 304.27
v 185.34 73.00 309.10
v 184.86 73.00 310.32
v 187.32 73.00 315.70
v 203.09 73.00 321.58
v 217.04 73.00 326.79
f 2819 2820 2833
f 2819 2833 2832
f 2820 2821 2834
f 2820 2834 2833
f 2821 2822 2835
f 2821 2835 2834
f 2822 2823 2836
f 2822 2836 2835
f 2823 2824 2837
f 2823 2837 2836
f 2824 2825 2838
f 2824 2838 2837
f 2825 2826 2839
f 2825 2839 2838
f 2826 2827 2840
f 2826 2840 2839
f 2827 2828 2841
f 2827 2841 2840
f 2828 2829 2842
f 2828 2842 2841
f 2829 2830 2843
f 2829 2843 2842
f 2830 2831 2844
f 2830 2844 2843
f 2831 2819 2832
f 2831 2832 2844
f 2843 2844 2832
f 2832 2833 2834
f 2835 2836 2837
f 2837 2838 2839
f 2840 2841 2842
f 2842 2843 2832
f 2832 2834 2835
f 2835 2837 2839
f 2840 2842 2832
f 2835 2839 2840
f 2840 2832 2835
o b326788630_retail
v 26.18 0.00 129.75
v 0.48 0.00 119.90
v -25.06 0.00 110.10
v -30.24 0.00 123.40
v 21.00 0.00 143.05
v 26.18 3.20 129.75
v 0.48 3.20 119.90
v -25.06 3.20 110.10
v -30.24 3.20 123.40
v 21.00 3.20 143.05
f 2845 2846 2851
f 2845 2851 2850
f 2846 2847 2852
f 2846 2852 2851
f 2847 2848 2853
f 2847 2853 2852
f 2848 2849 2854
f 2848 2854 2853
f 2849 2845 2850
f 2849 2850 2854
f 2853 2854 2850
f 2851 2852 2853
f 2853 2850 2851
o b342812737_office
v 22.96 0.00 -329.87
v 4.77 0.00 -336.79
v -6.04 0.00 -340.91
v -6.81 0.00 -338.90
v -11.34 0.00 -327.10
v 17.64 0.00 -316.09
v 22.96 3.20 -329.87
v 4.77 3.20 -336.79
v -6.04 3.20 -340.91
v -6.81 3.20 -338.90
v -11.34 3.20 -327.10
v 17.64 3.20 -316.09
f 2855 2856 2862
f 2855 2862 2861
f 2856 2857 2863
f 2856 2863 2862
f 2857 2858 2864
f 2857 2864 2863
f 2858 2859 2865
f 2858 2865 2864
f 2859 2860 2866
f 2859 2866 2865
f 2860 2855 2861
f 2860 2861 2866
f 2865 2866 2861
f 2862 2863 2864
f 2864 2865 2861
f 2861 2862 2864
o b342812741_retail
v -211.25 0.00 -403.77
v -212.06 0.00 -433.45
v -245.99 0.00 -432.54
v -245.54 0.00 -416.21
v -228.33 0.00 -409.98
v -211.25 12.80 -403.77
v -212.06 12.80 -433.45
v -245.99 12.80 -432.54
v -245.54 12.80 -416.21
v -228.33 12.80 -409.98
f 2867 2868 2873
f 2867 2873 2872
f 2868 2869 2874
f 2868 2874 2873
f 2869 2870 2875
f 2869 2875 2874
f 2870 2871 2876
f 2870 2876 2875
f 2871 2867 2872
f 2871 2872 2876
f 2876 2872 2873
f 2873 2874 2875
f 2875 2876 2873
o b342812749_unknown
v 36.82 0.00 -257.03
v 21.69 0.00 -262.75
v 10.44 0.00 -233.44
v 25.57 0.00 -227.71
v 36.82 6.40 -257.03
v 21.69 6.40 -262.75
v 10.44 6.40 -233.44
v 25.57 6.40 -227.71
f 2877 2878 2882
f 2877 2882 2881
f 2878 2879 2883
f 2878 2883 2882
f 2879 2880 2884
f 2879 2884 2883
f 2880 2877 2881
f 2880 2881 2884
f 2883 2884 2881
f 2881 2882 2883
o b342812754_unknown
v 25.54 0.00 -336.56
v 28.13 0.00 -343.25
v 19.06 0.00 -346.70
v 19.46 0.00 -347.74
v 10.33 0.00 -351.21
v -0.49 0.00 -355.34
v -6.04 0.00 -340.91
v 4.77 0.00 -336.79
v 22.96 0.00 -329.87
v 25.54 3.20 -336.56
v 28.13 3.20 -343.25
v 19.06 3.20 -346.70
v 19.46 3.20 -347.74
v 10.33 3.20 -351.21
v -0.49 3.20 -355.34
v -6.04 3.20 -340.91
v 4.77 3.20 -336.79
v 22.96 3.20 -329.87
f 2885 2886 2895
f 2885 2895 2894
f 2886 2887 2896
f 2886 2896 2895
f 2887 2888 2897
f 2887 2897 2896
f 2888 2889 2898
f 2888 2898 2897
f 2889 2890 2899
f 2889 2899 2898
f 2890 2891 2900
f 2890 2900 2899
f 2891 2892 2901
f 2891 2901 2900
f 2892 2893 2902
f 2892 2902 2901
f 2893 2885 2894
f 2893 2894 2902
f 2901 2902 2894
f 2894 2895 2896
f 2896 2897 2898
f 2898 2899 2900
f 2900 2901 2894
f 2894 2896 2898
f 2898 2900 2894
o b344953414_retail
v -146.29 0.00 -125.70
v -135.66 0.00 -153.77
v -164.16 0.00 -164.41
v -174.79 0.00 -136.34
v -166.08 0.00 -133.08
v -146.29 12.80 -125.70
v -135.66 12.80 -153.77
v -164.16 12.80 -164.41
v -174.79 12.80 -136.34
v -166.08 12.80 -133.08
f 2903 2904 2909
f 2903 2909 2908
f 2904 2905 2910
f 2904 2910 2909
f 2905 2906 2911
f 2905 2911 2910
f 2906 2907 2912
f 2906 2912 2911
f 2907 2903 2908
f 2907 2908 2912
f 2911 2912 2908
f 2908 2909 2910
f 2910 2911 2908
o b344953446_retail
v -193.21 0.00 -175.26
v -203.84 0.00 -147.18
v -191.79 0.00 -142.69
v -186.65 0.00 -140.76
v -174.79 0.00 -136.34
v -164.16 0.00 -164.41
v -193.21 3.20 -175.26
v -203.84 3.20 -147.18
v -191.79 3.20 -142.69
v -186.65 3.20 -140.76
v -174.79 3.20 -136.34
v -164.16 3.20 -164.41
f 2913 2914 2920
f 2913 2920 2919
f 2914 2915 2921
f 2914 2921 2920
f 2915 2916 2922
f 2915 2922 2921
f 2916 2917 2923
f 2916 2923 2922
f 2917 2918 2924
f 2917 2924 2923
f 2918 2913 2919
f 2918 2919 2924
f 2923 2924 2919
f 2919 2920 2921
f 2921 2922 2923
f 2923 2919 2921
o b344953450_office
v -193.21 0.00 -175.26
v -164.16 0.00 -164.41
v -135.66 0.00 -153.77
v -133.50 0.00 -159.50
v -124.55 0.00 -183.11
v -156.91 0.00 -195.19
v -182.10 0.00 -204.60
v -185.88 0.00 -194.63
v -187.10 0.00 -191.41
v -193.21 28.80 -175.26
v -164.16 28.80 -164.41
v -135.66 28.80 -153.77
v -133.50 28.80 -159.50
v -124.55 28.80 -183.11
v -156.91 28.80 -195.19
v -182.10 28.80 -204.60
v -185.88 28.80 -194.63
v -187.10 28.80 -191.41
f 2925 2926 2935
f 2925 2935 2934
f 2926 2927 2936
f 2926 2936 2935
f 2927 2928 2937
f 2927 2937 2936
f 2928 2929 2938
f 2928 2938 2937
f 2929 2930 2939
f 2929 2939 2938
f 2930 2931 2940
f 2930 2940 2939
f 2931 2932 2941
f 2931 2941 2940
f 2932 2933 2942
f 2932 2942 2941
f 2933 2925 2934
f 2933 2934 2942
f 2941 2942 2934
f 2934 2935 2936
f 2937 2938 2939
f 2939 2940 2941
f 2941 2934 2936
f 2936 2937 2939
f 2939 2941 2936
o b350283325_office
v 131.87 0.00 167.66
v 120.56 0.00 197.06
v 150.19 0.00 208.30
v 152.96 0.00 201.11
v 161.50 0.00 178.90
v 131.87 19.20 167.66
v 120.56 19.20 197.06
v 150.19 19.20 208.30
v 152.96 19.20 201.11
v 161.50 19.20 178.90
f 2943 2944 2949
f 2943 2949 2948
f 2944 2945 2950
f 2944 2950 2949
f 2945 2946 2951
f 2945 2951 2950
f 2946 2947 2952
f 2946 2952 2951
f 2947 2943 2948
f 2947 2948 2952
f 2951 2952 2948
f 2948 2949 2950
f 2950 2951 2948
o b350283346_medical
v 161.50 0.00 178.90
v 152.96 0.00 201.11
v 179.76 0.00 211.29
v 188.31 0.00 189.07
v 161.50 19.20 178.90
v 152.96 19.20 201.11
v 179.76 19.20 211.29
v 188.31 19.20 189.07
f 2953 2954 2958
f 2953 2958 2957
f 2954 2955 2959
f 2954 2959 2958
f 2955 2956 2960
f 2955 2960 2959
f 2956 2953 2957
f 2956 2957 2960
f 2959 2960 2957
f 2957 2958 2959
o b350516165_office
v 221.11 0.00 218.94
v 202.83 0.00 212.09
v 186.90 0.00 254.09
v 213.27 0.00 263.95
v 218.72 0.00 249.57
v 247.55 0.00 260.35
v 263.46 0.00 218.42
v 234.64 0.00 207.63
v 229.20 0.00 221.95
v 221.11 9.60 218.94
v 202.83 9.60 212.09
v 186.90 9.60 254.09
v 213.27 9.60 263.95
v 218.72 9.60 249.57
v 247.55 9.60 260.35
v 263.46 9.60 218.42
v 234.64 9.60 207.63
v 229.20 9.60 221.95
f 2961 2962 2971
f 2961 2971 2970
f 2962 2963 2972
f 2962 2972 2971
f 2963 2964 2973
f 2963 2973 2972
f 2964 2965 2974
f 2964 2974 2973
f 2965 2966 2975
f 2965 2975 2974
f 2966 2967 2976
f 2966 2976 2975
f 2967 2968 2977
f 2967 2977 2976
f 2968 2969 2978
f 2968 2978 2977
f 2969 2961 2970
f 2969 2970 2978
f 2970 2971 2972
f 2972 2973 2974
f 2974 2975 2976
f 2976 2977 2978
f 2978 2970 2972
f 2972 2974 2976
f 2976 2978 2972
o b350516169_medical
v 247.55 0.00 260.35
v 218.72 0.00 249.57
v 213.27 0.00 263.95
v 242.10 0.00 274.74
v 247.55 9.60 260.35
v 218.72 9.60 249.57
v 213.27 9.60 263.95
v 242.10 9.60 274.74
f 2979 2980 2984
f 2979 2984 2983
f 2980 2981 2985
f 2980 2985 2984
f 2981 2982 2986
f 2981 2986 2985
f 2982 2979 2983
f 2982 2983 2986
f 2985 2986 2983
f 2983 2984 2985
o b350516171_office
v 208.26 0.00 197.76
v 202.83 0.00 212.09
v 221.11 0.00 218.94
v 226.55 0.00 204.60
v 208.26 12.80 197.76
v 202.83 12.80 212.09
v 221.11 12.80 218.94
v 226.55 12.80 204.60
f 2987 2988 2992
f 2987 2992 2991
f 2988 2989 2993
f 2988 2993 2992
f 2989 2990 2994
f 2989 2994 2993
f 2990 2987 2991
f 2990 2991 2994
f 2993 2994 2991
f 2991 2992 2993
o b350606321_unknown
v 251.69 0.00 129.72
v 235.63 0.00 123.78
v 228.84 0.00 141.92
v 224.93 0.00 152.36
v 240.88 0.00 158.25
v 244.80 0.00 147.81
v 247.90 0.00 148.95
v 250.71 0.00 141.45
v 247.71 0.00 140.33
v 251.69 22.40 129.72
v 235.63 22.40 123.78
v 228.84 22.40 141.92
v 224.93 22.40 152.36
v 240.88 22.40 158.25
v 244.80 22.40 147.81
v 247.90 22.40 148.95
v 250.71 22.40 141.45
v 247.71 22.40 140.33
f 2995 2996 3005
f 2995 3005 3004
f 2996 2997 3006
f 2996 3006 3005
f 2997 2998 3007
f 2997 3007 3006
f 2998 2999 3008
f 2998 3008 3007
f 2999 3000 3009
f 2999 3009 3008
f 3000 3001 3010
f 3000 3010 3009
f 3001 3002 3011
f 3001 3011 3010
f 3002 3003 3012
f 3002 3012 3011
f 3003 2995 3004
f 3003 3004 3012
f 3012 3004 3005
f 3006 3007 3008
f 3009 3010 3011
f 3012 3005 3006
f 3006 3008 3009
f 3009 3011 3012
f 3012 3006 3009
o b350606324_unknown
v 270.55 0.00 201.08
v 276.07 0.00 186.35
v 246.66 0.00 175.49
v 241.14 0.00 190.22
v 270.55 9.60 201.08
v 276.07 9.60 186.35
v 246.66 9.60 175.49
v 241.14 9.60 190.22
f 3013 3014 3018
f 3013 3018 3017
f 3014 3015 3019
f 3014 3019 3018
f 3015 3016 3020
f 3015 3020 3019
f 3016 3013 3017
f 3016 3017 3020
f 3019 3020 3017
f 3017 3018 3019
o b351551947_retail
v 67.05 0.00 228.04
v 52.98 0.00 222.69
v 47.38 0.00 237.23
v 61.45 0.00 242.58
v 67.05 3.20 228.04
v 52.98 3.20 222.69
v 47.38 3.20 237.23
v 61.45 3.20 242.58
f 3021 3022 3026
f 3021 3026 3025
f 3022 3023 3027
f 3022 3027 3026
f 3023 3024 3028
f 3023 3028 3027
f 3024 3021 3025
f 3024 3025 3028
f 3027 3028 3025
f 3025 3026 3027
o b351551948_unknown
v 61.45 0.00 242.58
v 73.60 0.00 247.20
v 75.50 0.00 247.92
v 81.10 0.00 233.38
v 67.05 0.00 228.04
v 61.45 3.20 242.58
v 73.60 3.20 247.20
v 75.50 3.20 247.92
v 81.10 3.20 233.38
v 67.05 3.20 228.04
f 3029 3030 3035
f 3029 3035 3034
f 3030 3031 3036
f 3030 3036 3035
f 3031 3032 3037
f 3031 3037 3036
f 3032 3033 3038
f 3032 3038 3037
f 3033 3029 3034
f 3033 3034 3038
f 3037 3038 3034
f 3034 3035 3036
f 3036 3037 3034
o b351551952_retail
v 18.49 0.00 226.26
v 13.14 0.00 240.18
v 42.01 0.00 251.16
v 47.38 0.00 237.23
v 18.49 3.20 226.26
v 13.14 3.20 240.18
v 42.01 3.20 251.16
v 47.38 3.20 237.23
f 3039 3040 3044
f 3039 3044 3043
f 3040 3041 3045
f 3040 3045 3044
f 3041 3042 3046
f 3041 3046 3045
f 3042 3039 3043
f 3042 3043 3046
f 3045 3046 3043
f 3043 3044 3045
o b353691796_unknown
v -408.43 0.00 -73.67
v -416.44 0.00 -76.73
v -418.05 0.00 -72.57
v -418.96 0.00 -72.92
v -420.20 0.00 -69.74
v -419.33 0.00 -69.41
v -421.45 0.00 -63.93
v -421.79 0.00 -63.04
v -413.74 0.00 -59.97
v -408.43 6.40 -73.67
v -416.44 6.40 -76.73
v -418.05 6.40 -72.57
v -418.96 6.40 -72.92
v -420.20 6.40 -69.74
v -419.33 6.40 -69.41
v -421.45 6.40 -63.93
v -421.79 6.40 -63.04
v -413.74 6.40 -59.97
f 3047 3048 3057
f 3047 3057 3056
f 3048 3049 3058
f 3048 3058 3057
f 3049 3050 3059
f 3049 3059 3058
f 3050 3051 3060
f 3050 3060 3059
f 3051 3052 3061
f 3051 3061 3060
f 3052 3053 3062
f 3052 3062 3061
f 3053 3054 3063
f 3053 3063 3062
f 3054 3055 3064
f 3054 3064 3063
f 3055 3047 3056
f 3055 3056 3064
f 3063 3064 3056
f 3056 3057 3058
f 3058 3059 3060
f 3061 3062 3063
f 3063 3056 3058
f 3058 3060 3061
f 3061 3063 3058
o b353691800_retail
v -372.67 0.00 -147.69
v -377.72 0.00 -149.60
v -387.31 0.00 -153.23
v -389.57 0.00 -154.08
v -391.21 0.00 -149.79
v -392.62 0.00 -146.12
v -396.86 0.00 -135.05
v -394.15 0.00 -134.02
v -368.79 0.00 -124.43
v -361.49 0.00 -143.47
v -372.67 3.20 -147.69
v -377.72 3.20 -149.60
v -387.31 3.20 -153.23
v -389.57 3.20 -154.08
v -391.21 3.20 -149.79
v -392.62 3.20 -146.12
v -396.86 3.20 -135.05
v -394.15 3.20 -134.02
v -368.79 3.20 -124.43
v -361.49 3.20 -143.47
f 3065 3066 3076
f 3065 3076 3075
f 3066 3067 3077
f 3066 3077 3076
f 3067 3068 3078
f 3067 3078 3077
f 3068 3069 3079
f 3068 3079 3078
f 3069 3070 3080
f 3069 3080 3079
f 3070 3071 3081
f 3070 3081 3080
f 3071 3072 3082
f 3071 3082 3081
f 3072 3073 3083
f 3072 3083 3082
f 3073 3074 3084
f 3073 3084 3083
f 3074 3065 3075
f 3074 3075 3084
f 3083 3084 3075
f 3076 3077 3078
f 3079 3080 3081
f 3081 3082 3083
f 3083 3075 3076
f 3076 3078 3079
f 3079 3081 3083
f 3083 3076 3079
o b353691801_unknown
v -441.12 0.00 -106.49
v -442.99 0.00 -101.67
v -433.82 0.00 -98.18
v -413.60 0.00 -90.48
v -411.29 0.00 -96.47
v -409.07 0.00 -102.22
v -438.44 0.00 -113.43
v -441.12 6.40 -106.49
v -442.99 6.40 -101.67
v -433.82 6.40 -98.18
v -413.60 6.40 -90.48
v -411.29 6.40 -96.47
v -409.07 6.40 -102.22
v -438.44 6.40 -113.43
f 3085 3086 3093
f 3085 3093 3092
f 3086 3087 3094
f 3086 3094 3093
f 3087 3088 3095
f 3087 3095 3094
f 3088 3089 3096
f 3088 3096 3095
f 3089 3090 3097
f 3089 3097 3096
f 3090 3091 3098
f 3090 3098 3097
f 3091 3085 3092
f 3091 3092 3098
f 3097 3098 3092
f 3092 3093 3094
f 3094 3095 3096
f 3096 3097 3092
f 3092 3094 3096
o b353691802_retail
v -387.31 0.00 -153.23
v -377.72 0.00 -149.60
v -372.67 0.00 -147.69
v -361.49 0.00 -143.47
v -357.61 0.00 -153.60
v -385.68 0.00 -164.21
v -389.57 0.00 -154.08
v -387.31 3.20 -153.23
v -377.72 3.20 -149.60
v -372.67 3.20 -147.69
v -361.49 3.20 -143.47
v -357.61 3.20 -153.60
v -385.68 3.20 -164.21
v -389.57 3.20 -154.08
f 3099 3100 3107
f 3099 3107 3106
f 3100 3101 3108
f 3100 3108 3107
f 3101 3102 3109
f 3101 3109 3108
f 3102 3103 3110
f 3102 3110 3109
f 3103 3104 3111
f 3103 3111 3110
f 3104 3105 3112
f 3104 3112 3111
f 3105 3099 3106
f 3105 3106 3112
f 3111 3112 3106
f 3106 3107 3108
f 3108 3109 3110
f 3110 3111 3106
f 3106 3108 3110
o b353691805_office
v -430.32 0.00 -65.28
v -425.69 0.00 -63.52
v -425.00 0.00 -65.28
v -423.36 0.00 -69.53
v -422.14 0.00 -69.07
v -420.87 0.00 -72.36
v -420.09 0.00 -72.06
v -417.94 0.00 -77.61
v -420.54 0.00 -78.59
v -420.24 0.00 -79.37
v -430.02 0.00 -83.09
v -432.60 0.00 -76.42
v -435.77 0.00 -68.20
v -436.05 0.00 -67.47
v -431.57 0.00 -65.76
v -430.32 6.40 -65.28
v -425.69 6.40 -63.52
v -425.00 6.40 -65.28
v -423.36 6.40 -69.53
v -422.14 6.40 -69.07
v -420.87 6.40 -72.36
v -420.09 6.40 -72.06
v -417.94 6.40 -77.61
v -420.54 6.40 -78.59
v -420.24 6.40 -79.37
v -430.02 6.40 -83.09
v -432.60 6.40 -76.42
v -435.77 6.40 -68.20
v -436.05 6.40 -67.47
v -431.57 6.40 -65.76
f 3113 3114 3129
f 3113 3129 3128
f 3114 3115 3130
f 3114 3130 3129
f 3115 3116 3131
f 3115 3131 3130
f 3116 3117 3132
f 3116 3132 3131
f 3117 3118 3133
f 3117 3133 3132
f 3118 3119 3134
f 3118 3134 3133
f 3119 3120 3135
f 3119 3135 3134
f 3120 3121 3136
f 3120 3136 3135
f 3121 3122 3137
f 3121 3137 3136
f 3122 3123 3138
f 3122 3138 3137
f 3123 3124 3139
f 3123 3139 3138
f 3124 3125 3140
f 3124 3140 3139
f 3125 3126 3141
f 3125 3141 3140
f 3126 3127 3142
f 3126 3142 3141
f 3127 3113 3128
f 3127 3128 3142
f 3142 3128 3129
f 3129 3130 3131
f 3131 3132 3133
f 3133 3134 3135
f 3136 3137 3138
f 3138 3139 3140
f 3140 3141 3142
f 3142 3129 3131
f 3131 3133 3135
f 3136 3138 3140
f 3140 3142 3131
f 3131 3135 3136
f 3136 3140 3131
o b353691816_unknown
v -385.68 0.00 -164.21
v -357.61 0.00 -153.60
v -346.67 0.00 -182.10
v -374.83 0.00 -192.75
v -385.68 16.00 -164.21
v -357.61 16.00 -153.60
v -346.67 16.00 -182.10
v -374.83 16.00 -192.75
f 3143 3144 3148
f 3143 3148 3147
f 3144 3145 3149
f 3144 3149 3148
f 3145 3146 3150
f 3145 3150 3149
f 3146 3143 3147
f 3146 3147 3150
f 3149 3150 3147
f 3147 3148 3149
o b353691819_retail
v -399.76 0.00 -136.15
v -396.86 0.00 -135.05
v -392.62 0.00 -146.12
v -391.21 0.00 -149.79
v -420.27 0.00 -160.78
v -425.92 0.00 -146.03
v -399.76 9.60 -136.15
v -396.86 9.60 -135.05
v -392.62 9.60 -146.12
v -391.21 9.60 -149.79
v -420.27 9.60 -160.78
v -425.92 9.60 -146.03
f 3151 3152 3158
f 3151 3158 3157
f 3152 3153 3159
f 3152 3159 3158
f 3153 3154 3160
f 3153 3160 3159
f 3154 3155 3161
f 3154 3161 3160
f 3155 3156 3162
f 3155 3162 3161
f 3156 3151 3157
f 3156 3157 3162
f 3161 3162 3157
f 3157 3158 3159
f 3159 3160 3161
f 3161 3157 3159
o b353691829_unknown
v -432.02 0.00 -130.03
v -437.63 0.00 -115.54
v -408.25 0.00 -104.34
v -402.65 0.00 -118.83
v -417.29 0.00 -124.41
v -432.02 9.60 -130.03
v -437.63 9.60 -115.54
v -408.25 9.60 -104.34
v -402.65 9.60 -118.83
v -417.29 9.60 -124.41
f 3163 3164 3169
f 3163 3169 3168
f 3164 3165 3170
f 3164 3170 3169
f 3165 3166 3171
f 3165 3171 3170
f 3166 3167 3172
f 3166 3172 3171
f 3167 3163 3168
f 3167 3168 3172
f 3172 3168 3169
f 3169 3170 3171
f 3171 3172 3169
o b353691834_residential
v -403.81 0.00 -203.70
v -404.27 0.00 -202.50
v -419.35 0.00 -163.18
v -420.27 0.00 -160.78
v -391.21 0.00 -149.79
v -389.57 0.00 -154.08
v -385.68 0.00 -164.21
v -374.83 0.00 -192.75
v -403.81 19.20 -203.70
v -404.27 19.20 -202.50
v -419.35 19.20 -163.18
v -420.27 19.20 -160.78
v -391.21 19.20 -149.79
v -389.57 19.20 -154.08
v -385.68 19.20 -164.21
v -374.83 19.20 -192.75
f 3173 3174 3182
f 3173 3182 3181
f 3174 3175 3183
f 3174 3183 3182
f 3175 3176 3184
f 3175 3184 3183
f 3176 3177 3185
f 3176 3185 3184
f 3177 3178 3186
f 3177 3186 3185
f 3178 3179 3187
f 3178 3187 3186
f 3179 3180 3188
f 3179 3188 3187
f 3180 3173 3181
f 3180 3181 3188
f 3187 3188 3181
f 3182 3183 3184
f 3184 3185 3186
f 3186 3187 3181
f 3182 3184 3186
f 3186 3181 3182
o b353691837_residential
v -438.30 0.00 -85.99
v -437.64 0.00 -87.69
v -416.22 0.00 -79.52
v -412.85 0.00 -88.24
v -434.48 0.00 -96.49
v -433.82 0.00 -98.18
v -442.99 0.00 -101.67
v -447.67 0.00 -89.56
v -438.30 12.80 -85.99
v -437.64 12.80 -87.69
v -416.22 12.80 -79.52
v -412.85 12.80 -88.24
v -434.48 12.80 -96.49
v -433.82 12.80 -98.18
v -442.99 12.80 -101.67
v -447.67 12.80 -89.56
f 3189 3190 3198
f 3189 3198 3197
f 3190 3191 3199
f 3190 3199 3198
f 3191 3192 3200
f 3191 3200 3199
f 3192 3193 3201
f 3192 3201 3200
f 3193 3194 3202
f 3193 3202 3201
f 3194 3195 3203
f 3194 3203 3202
f 3195 3196 3204
f 3195 3204 3203
f 3196 3189 3197
f 3196 3197 3204
f 3203 3204 3197
f 3198 3199 3200
f 3201 3202 3203
f 3203 3197 3198
f 3198 3200 3201
f 3201 3203 3198
o b361360468_unknown
v 41.01 0.00 13.97
v 69.12 0.00 24.56
v 74.48 0.00 10.53
v 46.38 0.00 -0.06
v 41.01 16.00 13.97
v 69.12 16.00 24.56
v 74.48 16.00 10.53
v 46.38 16.00 -0.06
f 3205 3206 3210
f 3205 3210 3209
f 3206 3207 3211
f 3206 3211 3210
f 3207 3208 3212
f 3207 3212 3211
f 3208 3205 3209
f 3208 3209 3212
f 3211 3212 3209
f 3209 3210 3211
o b361360469_retail
v -77.90 0.00 172.60
v -108.90 0.00 160.80
v -114.53 0.00 175.37
v -125.54 0.00 203.95
v -131.16 0.00 218.48
v -122.04 0.00 221.95
v -100.14 0.00 230.28
v -77.90 15.00 172.60
v -108.90 15.00 160.80
v -114.53 15.00 175.37
v -125.54 15.00 203.95
v -131.16 15.00 218.48
v -122.04 15.00 221.95
v -100.14 15.00 230.28
f 3213 3214 3221
f 3213 3221 3220
f 3214 3215 3222
f 3214 3222 3221
f 3215 3216 3223
f 3215 3223 3222
f 3216 3217 3224
f 3216 3224 3223
f 3217 3218 3225
f 3217 3225 3224
f 3218 3219 3226
f 3218 3226 3225
f 3219 3213 3220
f 3219 3220 3226
f 3225 3226 3220
f 3220 3221 3222
f 3223 3224 3225
f 3225 3220 3222
f 3222 3223 3225
o b361360471_retail
v 69.12 0.00 24.56
v 41.01 0.00 13.97
v 35.55 0.00 28.27
v 63.65 0.00 38.87
v 69.12 9.60 24.56
v 41.01 9.60 13.97
v 35.55 9.60 28.27
v 63.65 9.60 38.87
f 3227 3228 3232
f 3227 3232 3231
f 3228 3229 3233
f 3228 3233 3232
f 3229 3230 3234
f 3229 3234 3233
f 3230 3227 3231
f 3230 3231 3234
f 3233 3234 3231
f 3231 3232 3233
o b361360474_retail
v 57.45 0.00 -29.02
v 28.43 0.00 -39.95
v 17.36 0.00 -10.99
v 46.38 0.00 -0.06
v 57.45 38.40 -29.02
v 28.43 38.40 -39.95
v 17.36 38.40 -10.99
v 46.38 38.40 -0.06
f 3235 3236 3240
f 3235 3240 3239
f 3236 3237 3241
f 3236 3241 3240
f 3237 3238 3242
f 3237 3242 3241
f 3238 3235 3239
f 3238 3239 3242
f 3241 3242 3239
f 3239 3240 3241
o b361504817_retail
v 244.67 0.00 7.20
v 248.45 0.00 -2.56
v 250.28 0.00 -7.26
v 233.85 0.00 -13.53
v 228.31 0.00 0.78
v 222.94 0.00 14.66
v 239.37 0.00 20.93
v 244.67 3.20 7.20
v 248.45 3.20 -2.56
v 250.28 3.20 -7.26
v 233.85 3.20 -13.53
v 228.31 3.20 0.78
v 222.94 3.20 14.66
v 239.37 3.20 20.93
f 3243 3244 3251
f 3243 3251 3250
f 3244 3245 3252
f 3244 3252 3251
f 3245 3246 3253
f 3245 3253 3252
f 3246 3247 3254
f 3246 3254 3253
f 3247 3248 3255
f 3247 3255 3254
f 3248 3249 3256
f 3248 3256 3255
f 3249 3243 3250
f 3249 3250 3256
f 3255 3256 3250
f 3251 3252 3253
f 3253 3254 3255
f 3255 3250 3251
f 3251 3253 3255
o b361504820_unknown
v 177.48 0.00 134.63
v 172.39 0.00 147.90
v 171.58 0.00 150.02
v 166.49 0.00 163.33
v 193.69 0.00 173.60
v 196.60 0.00 166.00
v 196.03 0.00 165.78
v 198.15 0.00 160.23
v 198.89 0.00 160.50
v 203.79 0.00 147.69
v 204.84 0.00 144.95
v 177.48 6.40 134.63
v 172.39 6.40 147.90
v 171.58 6.40 150.02
v 166.49 6.40 163.33
v 193.69 6.40 173.60
v 196.60 6.40 166.00
v 196.03 6.40 165.78
v 198.15 6.40 160.23
v 198.89 6.40 160.50
v 203.79 6.40 147.69
v 204.84 6.40 144.95
f 3257 3258 3269
f 3257 3269 3268
f 3258 3259 3270
f 3258 3270 3269
f 3259 3260 3271
f 3259 3271 3270
f 3260 3261 3272
f 3260 3272 3271
f 3261 3262 3273
f 3261 3273 3272
f 3262 3263 3274
f 3262 3274 3273
f 3263 3264 3275
f 3263 3275 3274
f 3264 3265 3276
f 3264 3276 3275
f 3265 3266 3277
f 3265 3277 3276
f 3266 3267 3278
f 3266 3278 3277
f 3267 3257 3268
f 3267 3268 3278
f 3277 3278 3268
f 3268 3269 3270
f 3270 3271 3272
f 3272 3273 3274
f 3275 3276 3277
f 3277 3268 3270
f 3270 3272 3274
f 3275 3277 3270
f 3270 3274 3275
o b361504821_retail
v 171.58 0.00 150.02
v 152.00 0.00 142.64
v 152.82 0.00 140.52
v 143.16 0.00 136.87
v 137.25 0.00 152.31
v 166.49 0.00 163.33
v 171.58 19.20 150.02
v 152.00 19.20 142.64
v 152.82 19.20 140.52
v 143.16 19.20 136.87
v 137.25 19.20 152.31
v 166.49 19.20 163.33
f 3279 3280 3286
f 3279 3286 3285
f 3280 3281 3287
f 3280 3287 3286
f 3281 3282 3288
f 3281 3288 3287
f 3282 3283 3289
f 3282 3289 3288
f 3283 3284 3290
f 3283 3290 3289
f 3284 3279 3285
f 3284 3285 3290
f 3289 3290 3285
f 3286 3287 3288
f 3289 3285 3286
f 3286 3288 3289
o b361504823_retail
v 194.36 0.00 3.75
v 222.94 0.00 14.66
v 228.31 0.00 0.78
v 199.72 0.00 -10.13
v 194.36 28.80 3.75
v 222.94 28.80 14.66
v 228.31 28.80 0.78
v 199.72 28.80 -10.13
f 3291 3292 3296
f 3291 3296 3295
f 3292 3293 3297
f 3292 3297 3296
f 3293 3294 3298
f 3293 3298 3297
f 3294 3291 3295
f 3294 3295 3298
f 3297 3298 3295
f 3295 3296 3297
o b361504824_retail
v 205.26 0.00 -24.44
v 199.72 0.00 -10.13
v 228.31 0.00 0.78
v 233.85 0.00 -13.53
v 205.26 3.20 -24.44
v 199.72 3.20 -10.13
v 228.31 3.20 0.78
v 233.85 3.20 -13.53
f 3299 3300 3304
f 3299 3304 3303
f 3300 3301 3305
f 3300 3305 3304
f 3301 3302 3306
f 3301 3306 3305
f 3302 3299 3303
f 3302 3303 3306
f 3305 3306 3303
f 3303 3304 3305
o b363532939_emergency
v 25.48 0.00 445.86
v 40.15 0.00 451.39
v 46.68 0.00 453.86
v 60.92 0.00 459.22
v 82.47 0.00 467.34
v 90.63 0.00 445.98
v 93.67 0.00 438.03
v 96.04 0.00 431.84
v 99.59 0.00 422.55
v 103.99 0.00 411.02
v 82.99 0.00 403.11
v 67.73 0.00 397.36
v 47.01 0.00 389.54
v 36.43 0.00 417.23
v 25.48 97.00 445.86
v 40.15 97.00 451.39
v 46.68 97.00 453.86
v 60.92 97.00 459.22
v 82.47 97.00 467.34
v 90.63 97.00 445.98
v 93.67 97.00 438.03
v 96.04 97.00 431.84
v 99.59 97.00 422.55
v 103.99 97.00 411.02
v 82.99 97.00 403.11
v 67.73 97.00 397.36
v 47.01 97.00 389.54
v 36.43 97.00 417.23
f 3307 3308 3322
f 3307 3322 3321
f 3308 3309 3323
f 3308 3323 3322
f 3309 3310 3324
f 3309 3324 3323
f 3310 3311 3325
f 3310 3325 3324
f 3311 3312 3326
f 3311 3326 3325
f 3312 3313 3327
f 3312 3327 3326
f 3313 3314 3328
f 3313 3328 3327
f 3314 3315 3329
f 3314 3329 3328
f 3315 3316 3330
f 3315 3330 3329
f 3316 3317 3331
f 3316 3331 3330
f 3317 3318 3332
f 3317 3332 3331
f 3318 3319 3333
f 3318 3333 3332
f 3319 3320 3334
f 3319 3334 3333
f 3320 3307 3321
f 3320 3321 3334
f 3334 3321 3322
f 3322 3323 3324
f 3324 3325 3326
f 3327 3328 3329
f 3329 3330 3331
f 3332 3333 3334
f 3334 3322 3324
f 3324 3326 3327
f 3327 3329 3331
f 3331 3332 3334
f 3334 3324 3327
f 3327 3331 3334
o b365882962_office
v -123.68 0.00 -31.19
v -93.70 0.00 -20.23
v -85.67 0.00 -41.87
v -107.26 0.00 -49.77
v -126.95 0.00 -56.97
v -144.08 0.00 -63.24
v -152.11 0.00 -41.60
v -123.68 62.00 -31.19
v -93.70 62.00 -20.23
v -85.67 62.00 -41.87
v -107.26 62.00 -49.77
v -126.95 62.00 -56.97
v -144.08 62.00 -63.24
v -152.11 62.00 -41.60
f 3335 3336 3343
f 3335 3343 3342
f 3336 3337 3344
f 3336 3344 3343
f 3337 3338 3345
f 3337 3345 3344
f 3338 3339 3346
f 3338 3346 3345
f 3339 3340 3347
f 3339 3347 3346
f 3340 3341 3348
f 3340 3348 3347
f 3341 3335 3342
f 3341 3342 3348
f 3347 3348 3342
f 3342 3343 3344
f 3344 3345 3346
f 3346 3347 3342
f 3342 3344 3346
o b365882972_office
v -93.40 0.00 -87.13
v -113.09 0.00 -94.33
v -126.95 0.00 -56.97
v -107.26 0.00 -49.77
v -93.40 6.40 -87.13
v -113.09 6.40 -94.33
v -126.95 6.40 -56.97
v -107.26 6.40 -49.77
f 3349 3350 3354
f 3349 3354 3353
f 3350 3351 3355
f 3350 3355 3354
f 3351 3352 3356
f 3351 3356 3355
f 3352 3349 3353
f 3352 3353 3356
f 3355 3356 3353
f 3353 3354 3355
o b365882973_office
v -71.81 0.00 -79.24
v -91.46 0.00 -86.42
v -93.40 0.00 -87.13
v -107.26 0.00 -49.77
v -85.67 0.00 -41.87
v -71.81 45.00 -79.24
v -91.46 45.00 -86.42
v -93.40 45.00 -87.13
v -107.26 45.00 -49.77
v -85.67 45.00 -41.87
f 3357 3358 3363
f 3357 3363 3362
f 3358 3359 3364
f 3358 3364 3363
f 3359 3360 3365
f 3359 3365 3364
f 3360 3361 3366
f 3360 3366 3365
f 3361 3357 3362
f 3361 3362 3366
f 3365 3366 3362
f 3363 3364 3365
f 3365 3362 3363
o b365949564_retail
v -398.41 0.00 -406.32
v -392.41 0.00 -406.30
v -377.97 0.00 -406.23
v -369.53 0.00 -406.19
v -369.85 0.00 -428.61
v -404.67 0.00 -428.02
v -404.42 0.00 -413.76
v -404.28 0.00 -406.74
v -398.41 12.80 -406.32
v -392.41 12.80 -406.30
v -377.97 12.80 -406.23
v -369.53 12.80 -406.19
v -369.85 12.80 -428.61
v -404.67 12.80 -428.02
v -404.42 12.80 -413.76
v -404.28 12.80 -406.74
f 3367 3368 3376
f 3367 3376 3375
f 3368 3369 3377
f 3368 3377 3376
f 3369 3370 3378
f 3369 3378 3377
f 3370 3371 3379
f 3370 3379 3378
f 3371 3372 3380
f 3371 3380 3379
f 3372 3373 3381
f 3372 3381 3380
f 3373 3374 3382
f 3373 3382 3381
f 3374 3367 3375
f 3374 3375 3382
f 3381 3382 3375
f 3376 3377 3378
f 3378 3379 3380
f 3380 3381 3375
f 3376 3378 3380
f 3380 3375 3376
o b365949573_residential
v -430.95 0.00 -427.87
v -430.71 0.00 -414.55
v -430.45 0.00 -400.63
v -403.29 0.00 -390.58
v -401.63 0.00 -398.44
v -400.22 0.00 -405.13
v -416.49 0.00 -410.89
v -416.54 0.00 -413.55
v -404.42 0.00 -413.76
v -404.67 0.00 -428.02
v -430.95 9.60 -427.87
v -430.71 9.60 -414.55
v -430.45 9.60 -400.63
v -403.29 9.60 -390.58
v -401.63 9.60 -398.44
v -400.22 9.60 -405.13
v -416.49 9.60 -410.89
v -416.54 9.60 -413.55
v -404.42 9.60 -413.76
v -404.67 9.60 -428.02
f 3383 3384 3394
f 3383 3394 3393
f 3384 3385 3395
f 3384 3395 3394
f 3385 3386 3396
f 3385 3396 3395
f 3386 3387 3397
f 3386 3397 3396
f 3387 3388 3398
f 3387 3398 3397
f 3388 3389 3399
f 3388 3399 3398
f 3389 3390 3400
f 3389 3400 3399
f 3390 3391 3401
f 3390 3401 3400
f 3391 3392 3402
f 3391 3402 3401
f 3392 3383 3393
f 3392 3393 3402
f 3401 3402 3393
f 3393 3394 3395
f 3395 3396 3397
f 3397 3398 3399
f 3400 3401 3393
f 3395 3397 3399
f 3399 3400 3393
f 3393 3395 3399
o b365949577_residential
v -392.41 0.00 -406.30
v -398.41 0.00 -406.32
v -400.07 0.00 -398.10
v -401.63 0.00 -398.44
v -403.29 0.00 -390.58
v -394.78 0.00 -387.43
v -369.18 0.00 -377.96
v -369.53 0.00 -406.19
v -377.97 0.00 -406.23
v -377.96 0.00 -404.45
v -392.52 0.00 -404.44
v -392.41 12.80 -406.30
v -398.41 12.80 -406.32
v -400.07 12.80 -398.10
v -401.63 12.80 -398.44
v -403.29 12.80 -390.58
v -394.78 12.80 -387.43
v -369.18 12.80 -377.96
v -369.53 12.80 -406.19
v -377.97 12.80 -406.23
v -377.96 12.80 -404.45
v -392.52 12.80 -404.44
f 3403 3404 3415
f 3403 3415 3414
f 3404 3405 3416
f 3404 3416 3415
f 3405 3406 3417
f 3405 3417 3416
f 3406 3407 3418
f 3406 3418 3417
f 3407 3408 3419
f 3407 3419 3418
f 3408 3409 3420
f 3408 3420 3419
f 3409 3410 3421
f 3409 3421 3420
f 3410 3411 3422
f 3410 3422 3421
f 3411 3412 3423
f 3411 3423 3422
f 3412 3413 3424
f 3412 3424 3423
f 3413 3403 3414
f 3413 3414 3424
f 3424 3414 3415
f 3416 3417 3418
f 3418 3419 3420
f 3420 3421 3422
f 3424 3415 3416
f 3416 3418 3420
f 3420 3422 3423
f 3423 3424 3416
f 3416 3420 3423
o b365949578_retail
v -328.31 0.00 -427.98
v -333.01 0.00 -429.67
v -336.31 0.00 -429.58
v -335.57 0.00 -402.11
v -334.58 0.00 -365.41
v -327.00 0.00 -362.54
v -319.71 0.00 -359.76
v -320.48 0.00 -386.09
v -321.33 0.00 -425.47
v -328.31 3.20 -427.98
v -333.01 3.20 -429.67
v -336.31 3.20 -429.58
v -335.57 3.20 -402.11
v -334.58 3.20 -365.41
v -327.00 3.20 -362.54
v -319.71 3.20 -359.76
v -320.48 3.20 -386.09
v -321.33 3.20 -425.47
f 3425 3426 3435
f 3425 3435 3434
f 3426 3427 3436
f 3426 3436 3435
f 3427 3428 3437
f 3427 3437 3436
f 3428 3429 3438
f 3428 3438 3437
f 3429 3430 3439
f 3429 3439 3438
f 3430 3431 3440
f 3430 3440 3439
f 3431 3432 3441
f 3431 3441 3440
f 3432 3433 3442
f 3432 3442 3441
f 3433 3425 3434
f 3433 3434 3442
f 3441 3442 3434
f 3434 3435 3436
f 3436 3437 3438
f 3439 3440 3441
f 3441 3434 3436
f 3436 3438 3439
f 3439 3441 3436
o b368336173_unknown
v 323.84 0.00 424.15
v 322.01 0.00 423.46
v 321.29 0.00 425.37
v 323.11 0.00 426.05
v 322.47 0.00 427.75
v 324.30 0.00 428.43
v 325.29 0.00 425.81
v 323.46 0.00 425.13
v 323.84 7.30 424.15
v 322.01 7.30 423.46
v 321.29 7.30 425.37
v 323.11 7.30 426.05
v 322.47 7.30 427.75
v 324.30 7.30 428.43
v 325.29 7.30 425.81
v 323.46 7.30 425.13
f 3443 3444 3452
f 3443 3452 3451
f 3444 3445 3453
f 3444 3453 3452
f 3445 3446 3454
f 3445 3454 3453
f 3446 3447 3455
f 3446 3455 3454
f 3447 3448 3456
f 3447 3456 3455
f 3448 3449 3457
f 3448 3457 3456
f 3449 3450 3458
f 3449 3458 3457
f 3450 3443 3451
f 3450 3451 3458
f 3458 3451 3452
f 3452 3453 3454
f 3454 3455 3456
f 3456 3457 3458
f 3458 3452 3454
f 3454 3456 3458
o b368336176_unknown
v 333.85 0.00 427.97
v 330.12 0.00 426.55
v 328.13 0.00 431.78
v 331.86 0.00 433.20
v 333.85 3.20 427.97
v 330.12 3.20 426.55
v 328.13 3.20 431.78
v 331.86 3.20 433.20
f 3459 3460 3464
f 3459 3464 3463
f 3460 3461 3465
f 3460 3465 3464
f 3461 3462 3466
f 3461 3466 3465
f 3462 3459 3463
f 3462 3463 3466
f 3465 3466 3463
f 3463 3464 3465
o b368336198_unknown
v 21.10 0.00 299.18
v 19.58 0.00 303.12
v 25.98 0.00 305.57
v 27.50 0.00 301.62
v 21.10 3.20 299.18
v 19.58 3.20 303.12
v 25.98 3.20 305.57
v 27.50 3.20 301.62
f 3467 3468 3472
f 3467 3472 3471
f 3468 3469 3473
f 3468 3473 3472
f 3469 3470 3474
f 3469 3474 3473
f 3470 3467 3471
f 3470 3471 3474
f 3473 3474 3471
f 3471 3472 3473
o b369416432_unknown
v -249.50 0.00 -112.49
v -234.80 0.00 -107.00
v -224.02 0.00 -135.51
v -236.34 0.00 -140.11
v -238.71 0.00 -140.99
v -249.50 9.60 -112.49
v -234.80 9.60 -107.00
v -224.02 9.60 -135.51
v -236.34 9.60 -140.11
v -238.71 9.60 -140.99
f 3475 3476 3481
f 3475 3481 3480
f 3476 3477 3482
f 3476 3482 3481
f 3477 3478 3483
f 3477 3483 3482
f 3478 3479 3484
f 3478 3484 3483
f 3479 3475 3480
f 3479 3480 3484
f 3483 3484 3480
f 3480 3481 3482
f 3482 3483 3480
o b369416438_retail
v -345.09 0.00 -114.96
v -331.85 0.00 -109.93
v -316.82 0.00 -104.24
v -290.86 0.00 -94.38
v -288.56 0.00 -93.51
v -266.06 0.00 -151.94
v -295.39 0.00 -163.07
v -324.55 0.00 -174.14
v -347.04 0.00 -115.70
v -345.09 16.00 -114.96
v -331.85 16.00 -109.93
v -316.82 16.00 -104.24
v -290.86 16.00 -94.38
v -288.56 16.00 -93.51
v -266.06 16.00 -151.94
v -295.39 16.00 -163.07
v -324.55 16.00 -174.14
v -347.04 16.00 -115.70
f 3485 3486 3495
f 3485 3495 3494
f 3486 3487 3496
f 3486 3496 3495
f 3487 3488 3497
f 3487 3497 3496
f 3488 3489 3498
f 3488 3498 3497
f 3489 3490 3499
f 3489 3499 3498
f 3490 3491 3500
f 3490 3500 3499
f 3491 3492 3501
f 3491 3501 3500
f 3492 3493 3502
f 3492 3502 3501
f 3493 3485 3494
f 3493 3494 3502
f 3501 3502 3494
f 3494 3495 3496
f 3496 3497 3498
f 3498 3499 3500
f 3500 3501 3494
f 3496 3498 3500
f 3500 3494 3496
o b369416444_retail
v -260.55 0.00 -83.25
v -245.84 0.00 -77.76
v -237.22 0.00 -100.56
v -234.80 0.00 -107.00
v -249.50 0.00 -112.49
v -260.55 22.40 -83.25
v -245.84 22.40 -77.76
v -237.22 22.40 -100.56
v -234.80 22.40 -107.00
v -249.50 22.40 -112.49
f 3503 3504 3509
f 3503 3509 3508
f 3504 3505 3510
f 3504 3510 3509
f 3505 3506 3511
f 3505 3511 3510
f 3506 3507 3512
f 3506 3512 3511
f 3507 3503 3508
f 3507 3508 3512
f 3511 3512 3508
f 3508 3509 3510
f 3510 3511 3508
o b369423095_retail
v -220.80 0.00 -185.53
v -206.19 0.00 -179.98
v -205.36 0.00 -182.14
v -195.03 0.00 -208.96
v -209.63 0.00 -214.51
v -220.80 19.20 -185.53
v -206.19 19.20 -179.98
v -205.36 19.20 -182.14
v -195.03 19.20 -208.96
v -209.63 19.20 -214.51
f 3513 3514 3519
f 3513 3519 3518
f 3514 3515 3520
f 3514 3520 3519
f 3515 3516 3521
f 3515 3521 3520
f 3516 3517 3522
f 3516 3522 3521
f 3517 3513 3518
f 3517 3518 3522
f 3521 3522 3518
f 3518 3519 3520
f 3520 3521 3518
o b369423113_retail
v -246.53 0.00 -162.71
v -233.76 0.00 -157.86
v -231.75 0.00 -157.10
v -220.80 0.00 -185.53
v -235.57 0.00 -191.15
v -246.53 25.60 -162.71
v -233.76 25.60 -157.86
v -231.75 25.60 -157.10
v -220.80 25.60 -185.53
v -235.57 25.60 -191.15
f 3523 3524 3529
f 3523 3529 3528
f 3524 3525 3530
f 3524 3530 3529
f 3525 3526 3531
f 3525 3531 3530
f 3526 3527 3532
f 3526 3532 3531
f 3527 3523 3528
f 3527 3528 3532
f 3531 3532 3528
f 3528 3529 3530
f 3530 3531 3528
o b369423115_unknown
v -231.75 0.00 -157.10
v -217.15 0.00 -151.55
v -206.19 0.00 -179.98
v -220.80 0.00 -185.53
v -231.75 19.20 -157.10
v -217.15 19.20 -151.55
v -206.19 19.20 -179.98
v -220.80 19.20 -185.53
f 3533 3534 3538
f 3533 3538 3537
f 3534 3535 3539
f 3534 3539 3538
f 3535 3536 3540
f 3535 3540 3539
f 3536 3533 3537
f 3536 3537 3540
f 3539 3540 3537
f 3537 3538 3539
o b369452572_office
v -273.93 0.00 -257.26
v -249.78 0.00 -248.10
v -231.98 0.00 -241.34
v -209.80 0.00 -298.97
v -267.84 0.00 -321.00
v -290.02 0.00 -263.36
v -273.93 6.40 -257.26
v -249.78 6.40 -248.10
v -231.98 6.40 -241.34
v -209.80 6.40 -298.97
v -267.84 6.40 -321.00
v -290.02 6.40 -263.36
f 3541 3542 3548
f 3541 3548 3547
f 3542 3543 3549
f 3542 3549 3548
f 3543 3544 3550
f 3543 3550 3549
f 3544 3545 3551
f 3544 3551 3550
f 3545 3546 3552
f 3545 3552 3551
f 3546 3541 3547
f 3546 3547 3552
f 3551 3552 3547
f 3548 3549 3550
f 3550 3551 3547
f 3547 3548 3550
o b369721287_unknown
v -73.03 0.00 -395.68
v -46.66 0.00 -386.38
v -43.18 0.00 -395.16
v -73.03 6.40 -395.68
v -46.66 6.40 -386.38
v -43.18 6.40 -395.16
f 3553 3554 3557
f 3553 3557 3556
f 3554 3555 3558
f 3554 3558 3557
f 3555 3553 3556
f 3555 3556 3558
f 3557 3558 3556
o b369721288_office
v -114.14 0.00 -397.06
v -119.24 0.00 -367.93
v -104.85 0.00 -362.47
v -91.67 0.00 -396.72
v -114.14 6.40 -397.06
v -119.24 6.40 -367.93
v -104.85 6.40 -362.47
v -91.67 6.40 -396.72
f 3559 3560 3564
f 3559 3564 3563
f 3560 3561 3565
f 3560 3565 3564
f 3561 3562 3566
f 3561 3566 3565
f 3562 3559 3563
f 3562 3563 3566
f 3565 3566 3563
f 3563 3564 3565
o b369721290_unknown
v -118.82 0.00 -283.57
v -107.86 0.00 -311.79
v -136.23 0.00 -322.64
v -147.18 0.00 -294.42
v -118.82 35.20 -283.57
v -107.86 35.20 -311.79
v -136.23 35.20 -322.64
v -147.18 35.20 -294.42
f 3567 3568 3572
f 3567 3572 3571
f 3568 3569 3573
f 3568 3573 3572
f 3569 3570 3574
f 3569 3574 3573
f 3570 3567 3571
f 3570 3571 3574
f 3573 3574 3571
f 3571 3572 3573
o b369721293_unknown
v -62.10 0.00 -346.26
v -53.13 0.00 -369.56
v -52.31 0.00 -371.70
v -67.16 0.00 -377.34
v -71.11 0.00 -378.84
v -81.28 0.00 -382.70
v -91.07 0.00 -357.24
v -80.90 0.00 -353.39
v -76.96 0.00 -351.89
v -62.10 3.20 -346.26
v -53.13 3.20 -369.56
v -52.31 3.20 -371.70
v -67.16 3.20 -377.34
v -71.11 3.20 -378.84
v -81.28 3.20 -382.70
v -91.07 3.20 -357.24
v -80.90 3.20 -353.39
v -76.96 3.20 -351.89
f 3575 3576 3585
f 3575 3585 3584
f 3576 3577 3586
f 3576 3586 3585
f 3577 3578 3587
f 3577 3587 3586
f 3578 3579 3588
f 3578 3588 3587
f 3579 3580 3589
f 3579 3589 3588
f 3580 3581 3590
f 3580 3590 3589
f 3581 3582 3591
f 3581 3591 3590
f 3582 3583 3592
f 3582 3592 3591
f 3583 3575 3584
f 3583 3584 3592
f 3591 3592 3584
f 3584 3585 3586
f 3586 3587 3588
f 3588 3589 3590
f 3591 3584 3586
f 3586 3588 3590
f 3590 3591 3586
o b369721298_unknown
v -178.82 0.00 -330.64
v -181.47 0.00 -323.51
v -178.06 0.00 -322.26
v -158.56 0.00 -315.11
v -157.96 0.00 -316.74
v -150.66 0.00 -336.37
v -170.15 0.00 -343.51
v -173.57 0.00 -344.76
v -178.82 12.80 -330.64
v -181.47 12.80 -323.51
v -178.06 12.80 -322.26
v -158.56 12.80 -315.11
v -157.96 12.80 -316.74
v -150.66 12.80 -336.37
v -170.15 12.80 -343.51
v -173.57 12.80 -344.76
f 3593 3594 3602
f 3593 3602 3601
f 3594 3595 3603
f 3594 3603 3602
f 3595 3596 3604
f 3595 3604 3603
f 3596 3597 3605
f 3596 3605 3604
f 3597 3598 3606
f 3597 3606 3605
f 3598 3599 3607
f 3598 3607 3606
f 3599 3600 3608
f 3599 3608 3607
f 3600 3593 3601
f 3600 3601 3608
f 3607 3608 3601
f 3601 3602 3603
f 3603 3604 3605
f 3605 3606 3607
f 3607 3601 3603
f 3603 3605 3607
o b369721302_residential
v -21.97 0.00 -419.85
v -20.39 0.00 -421.60
v -66.00 0.00 -421.33
v -65.42 0.00 -405.14
v -35.22 0.00 -405.25
v -21.97 9.60 -419.85
v -20.39 9.60 -421.60
v -66.00 9.60 -421.33
v -65.42 9.60 -405.14
v -35.22 9.60 -405.25
f 3609 3610 3615
f 3609 3615 3614
f 3610 3611 3616
f 3610 3616 3615
f 3611 3612 3617
f 3611 3617 3616
f 3612 3613 3618
f 3612 3618 3617
f 3613 3609 3614
f 3613 3614 3618
f 3617 3618 3614
f 3614 3615 3616
f 3616 3617 3614
o b369721305_unknown
v -81.28 0.00 -382.70
v -71.11 0.00 -378.84
v -67.16 0.00 -377.34
v -52.31 0.00 -371.70
v -46.66 0.00 -386.38
v -73.03 0.00 -395.68
v -76.03 0.00 -396.32
v -81.28 12.80 -382.70
v -71.11 12.80 -378.84
v -67.16 12.80 -377.34
v -52.31 12.80 -371.70
v -46.66 12.80 -386.38
v -73.03 12.80 -395.68
v -76.03 12.80 -396.32
f 3619 3620 3627
f 3619 3627 3626
f 3620 3621 3628
f 3620 3628 3627
f 3621 3622 3629
f 3621 3629 3628
f 3622 3623 3630
f 3622 3630 3629
f 3623 3624 3631
f 3623 3631 3630
f 3624 3625 3632
f 3624 3632 3631
f 3625 3619 3626
f 3625 3626 3632
f 3631 3632 3626
f 3628 3629 3630
f 3630 3631 3626
f 3627 3628 3630
f 3630 3626 3627
o b371785331_residential
v -331.03 0.00 -328.43
v -295.20 0.00 -314.83
v -289.58 0.00 -329.42
v -317.92 0.00 -340.19
v -346.91 0.00 -351.19
v -352.52 0.00 -336.58
v -331.03 12.80 -328.43
v -295.20 12.80 -314.83
v -289.58 12.80 -329.42
v -317.92 12.80 -340.19
v -346.91 12.80 -351.19
v -352.52 12.80 -336.58
f 3633 3634 3640
f 3633 3640 3639
f 3634 3635 3641
f 3634 3641 3640
f 3635 3636 3642
f 3635 3642 3641
f 3636 3637 3643
f 3636 3643 3642
f 3637 3638 3644
f 3637 3644 3643
f 3638 3633 3639
f 3638 3639 3644
f 3643 3644 3639
f 3639 3640 3641
f 3641 3642 3643
f 3643 3639 3641
o b371785336_residential
v -360.19 0.00 -230.18
v -367.98 0.00 -209.82
v -338.81 0.00 -198.83
v -331.03 0.00 -219.18
v -360.19 38.40 -230.18
v -367.98 38.40 -209.82
v -338.81 38.40 -198.83
v -331.03 38.40 -219.18
f 3645 3646 3650
f 3645 3650 3649
f 3646 3647 3651
f 3646 3651 3650
f 3647 3648 3652
f 3647 3652 3651
f 3648 3645 3649
f 3648 3649 3652
f 3651 3652 3649
f 3649 3650 3651
o b371785341_unknown
v -311.70 0.00 -271.98
v -300.75 0.00 -300.41
v -329.27 0.00 -311.24
v -332.65 0.00 -302.46
v -340.22 0.00 -282.81
v -311.70 16.00 -271.98
v -300.75 16.00 -300.41
v -329.27 16.00 -311.24
v -332.65 16.00 -302.46
v -340.22 16.00 -282.81
f 3653 3654 3659
f 3653 3659 3658
f 3654 3655 3660
f 3654 3660 3659
f 3655 3656 3661
f 3655 3661 3660
f 3656 3657 3662
f 3656 3662 3661
f 3657 3653 3658
f 3657 3658 3662
f 3661 3662 3658
f 3658 3659 3660
f 3660 3661 3658
o b371785343_unknown
v -360.19 0.00 -230.18
v -357.96 0.00 -236.01
v -360.67 0.00 -237.03
v -349.30 0.00 -266.77
v -363.67 0.00 -272.18
v -376.99 0.00 -277.21
v -398.38 0.00 -221.28
v -385.44 0.00 -216.40
v -367.98 0.00 -209.82
v -360.19 6.40 -230.18
v -357.96 6.40 -236.01
v -360.67 6.40 -237.03
v -349.30 6.40 -266.77
v -363.67 6.40 -272.18
v -376.99 6.40 -277.21
v -398.38 6.40 -221.28
v -385.44 6.40 -216.40
v -367.98 6.40 -209.82
f 3663 3664 3673
f 3663 3673 3672
f 3664 3665 3674
f 3664 3674 3673
f 3665 3666 3675
f 3665 3675 3674
f 3666 3667 3676
f 3666 3676 3675
f 3667 3668 3677
f 3667 3677 3676
f 3668 3669 3678
f 3668 3678 3677
f 3669 3670 3679
f 3669 3679 3678
f 3670 3671 3680
f 3670 3680 3679
f 3671 3663 3672
f 3671 3672 3680
f 3679 3680 3672
f 3672 3673 3674
f 3674 3675 3676
f 3676 3677 3678
f 3678 3679 3672
f 3672 3674 3676
f 3676 3678 3672
o b371785347_weapons_outdoors
v -352.52 0.00 -336.58
v -356.15 0.00 -327.18
v -358.08 0.00 -322.17
v -343.49 0.00 -316.63
v -336.57 0.00 -314.01
v -329.27 0.00 -311.24
v -300.75 0.00 -300.41
v -295.20 0.00 -314.83
v -331.03 0.00 -328.43
v -352.52 9.60 -336.58
v -356.15 9.60 -327.18
v -358.08 9.60 -322.17
v -343.49 9.60 -316.63
v -336.57 9.60 -314.01
v -329.27 9.60 -311.24
v -300.75 9.60 -300.41
v -295.20 9.60 -314.83
v -331.03 9.60 -328.43
f 3681 3682 3691
f 3681 3691 3690
f 3682 3683 3692
f 3682 3692 3691
f 3683 3684 3693
f 3683 3693 3692
f 3684 3685 3694
f 3684 3694 3693
f 3685 3686 3695
f 3685 3695 3694
f 3686 3687 3696
f 3686 3696 3695
f 3687 3688 3697
f 3687 3697 3696
f 3688 3689 3698
f 3688 3698 3697
f 3689 3681 3690
f 3689 3690 3698
f 3697 3698 3690
f 3690 3691 3692
f 3692 3693 3694
f 3695 3696 3697
f 3697 3690 3692
f 3694 3695 3697
f 3697 3692 3694
o b374186515_office
v -66.69 0.00 -179.30
v -56.76 0.00 -175.50
v -38.79 0.00 -168.63
v -16.65 0.00 -225.76
v -34.62 0.00 -232.62
v -44.55 0.00 -236.41
v -49.13 0.00 -224.60
v -55.89 0.00 -207.16
v -66.69 59.00 -179.30
v -56.76 59.00 -175.50
v -38.79 59.00 -168.63
v -16.65 59.00 -225.76
v -34.62 59.00 -232.62
v -44.55 59.00 -236.41
v -49.13 59.00 -224.60
v -55.89 59.00 -207.16
f 3699 3700 3708
f 3699 3708 3707
f 3700 3701 3709
f 3700 3709 3708
f 3701 3702 3710
f 3701 3710 3709
f 3702 3703 3711
f 3702 3711 3710
f 3703 3704 3712
f 3703 3712 3711
f 3704 3705 3713
f 3704 3713 3712
f 3705 3706 3714
f 3705 3714 3713
f 3706 3699 3707
f 3706 3707 3714
f 3714 3707 3708
f 3708 3709 3710
f 3710 3711 3712
f 3712 3713 3714
f 3714 3708 3710
f 3710 3712 3714
o b374186517_residential
v -85.97 0.00 -218.66
v -73.43 0.00 -213.87
v -55.89 0.00 -207.16
v -49.13 0.00 -224.60
v -44.55 0.00 -236.41
v -74.64 0.00 -247.91
v -80.39 0.00 -233.04
v -85.97 28.80 -218.66
v -73.43 28.80 -213.87
v -55.89 28.80 -207.16
v -49.13 28.80 -224.60
v -44.55 28.80 -236.41
v -74.64 28.80 -247.91
v -80.39 28.80 -233.04
f 3715 3716 3723
f 3715 3723 3722
f 3716 3717 3724
f 3716 3724 3723
f 3717 3718 3725
f 3717 3725 3724
f 3718 3719 3726
f 3718 3726 3725
f 3719 3720 3727
f 3719 3727 3726
f 3720 3721 3728
f 3720 3728 3727
f 3721 3715 3722
f 3721 3722 3728
f 3728 3722 3723
f 3723 3724 3725
f 3725 3726 3727
f 3727 3728 3723
f 3723 3725 3727
o b382327963_retail
v -193.87 0.00 65.85
v -197.78 0.00 76.07
v -182.41 0.00 81.90
v -169.17 0.00 86.91
v -158.25 0.00 58.45
v -163.40 0.00 56.47
v -168.70 0.00 54.49
v -175.71 0.00 72.74
v -193.87 9.60 65.85
v -197.78 9.60 76.07
v -182.41 9.60 81.90
v -169.17 9.60 86.91
v -158.25 9.60 58.45
v -163.40 9.60 56.47
v -168.70 9.60 54.49
v -175.71 9.60 72.74
f 3729 3730 3738
f 3729 3738 3737
f 3730 3731 3739
f 3730 3739 3738
f 3731 3732 3740
f 3731 3740 3739
f 3732 3733 3741
f 3732 3741 3740
f 3733 3734 3742
f 3733 3742 3741
f 3734 3735 3743
f 3734 3743 3742
f 3735 3736 3744
f 3735 3744 3743
f 3736 3729 3737
f 3736 3737 3744
f 3744 3737 3738
f 3738 3739 3740
f 3740 3741 3742
f 3742 3743 3744
f 3744 3738 3740
f 3740 3742 3744
o b382327965_office
v -169.17 0.00 86.91
v -140.99 0.00 97.56
v -130.07 0.00 69.12
v -158.25 0.00 58.45
v -169.17 40.00 86.91
v -140.99 40.00 97.56
v -130.07 40.00 69.12
v -158.25 40.00 58.45
f 3745 3746 3750
f 3745 3750 3749
f 3746 3747 3751
f 3746 3751 3750
f 3747 3748 3752
f 3747 3752 3751
f 3748 3745 3749
f 3748 3749 3752
f 3751 3752 3749
f 3749 3750 3751
o b382563330_residential
v -290.86 0.00 124.82
v -279.92 0.00 96.21
v -294.71 0.00 90.63
v -305.17 0.00 118.00
v -297.75 0.00 120.80
v -298.22 0.00 122.05
v -290.86 16.00 124.82
v -279.92 16.00 96.21
v -294.71 16.00 90.63
v -305.17 16.00 118.00
v -297.75 16.00 120.80
v -298.22 16.00 122.05
f 3753 3754 3760
f 3753 3760 3759
f 3754 3755 3761
f 3754 3761 3760
f 3755 3756 3762
f 3755 3762 3761
f 3756 3757 3763
f 3756 3763 3762
f 3757 3758 3764
f 3757 3764 3763
f 3758 3753 3759
f 3758 3759 3764
f 3763 3764 3759
f 3759 3760 3761
f 3761 3762 3763
f 3763 3759 3761
o b382563332_retail
v -276.97 0.00 130.06
v -248.33 0.00 140.85
v -237.40 0.00 112.24
v -266.03 0.00 101.44
v -276.97 12.80 130.06
v -248.33 12.80 140.85
v -237.40 12.80 112.24
v -266.03 12.80 101.44
f 3765 3766 3770
f 3765 3770 3769
f 3766 3767 3771
f 3766 3771 3770
f 3767 3768 3772
f 3767 3772 3771
f 3768 3765 3769
f 3768 3769 3772
f 3771 3772 3769
f 3769 3770 3771
o b382563333_retail
v -290.86 0.00 124.82
v -276.97 0.00 130.06
v -266.03 0.00 101.44
v -279.92 0.00 96.21
v -290.86 12.80 124.82
v -276.97 12.80 130.06
v -266.03 12.80 101.44
v -279.92 12.80 96.21
f 3773 3774 3778
f 3773 3778 3777
f 3774 3775 3779
f 3774 3779 3778
f 3775 3776 3780
f 3775 3780 3779
f 3776 3773 3777
f 3776 3777 3780
f 3779 3780 3777
f 3777 3778 3779
o b382827809_food
v 277.85 0.00 -158.92
v 279.99 0.00 -164.57
v 276.06 0.00 -166.04
v 278.36 0.00 -172.09
v 264.29 0.00 -177.37
v 251.17 0.00 -142.96
v 269.18 0.00 -136.20
v 277.85 6.40 -158.92
v 279.99 6.40 -164.57
v 276.06 6.40 -166.04
v 278.36 6.40 -172.09
v 264.29 6.40 -177.37
v 251.17 6.40 -142.96
v 269.18 6.40 -136.20
f 3781 3782 3789
f 3781 3789 3788
f 3782 3783 3790
f 3782 3790 3789
f 3783 3784 3791
f 3783 3791 3790
f 3784 3785 3792
f 3784 3792 3791
f 3785 3786 3793
f 3785 3793 3792
f 3786 3787 3794
f 3786 3794 3793
f 3787 3781 3788
f 3787 3788 3794
f 3793 3794 3788
f 3788 3789 3790
f 3790 3791 3792
f 3792 3793 3788
f 3788 3790 3792
o b382827814_unknown
v 286.46 0.00 -110.05
v 273.12 0.00 -115.05
v 267.70 0.00 -100.77
v 294.37 0.00 -90.79
v 299.79 0.00 -105.07
v 286.46 16.00 -110.05
v 273.12 16.00 -115.05
v 267.70 16.00 -100.77
v 294.37 16.00 -90.79
v 299.79 16.00 -105.07
f 3795 3796 3801
f 3795 3801 3800
f 3796 3797 3802
f 3796 3802 3801
f 3797 3798 3803
f 3797 3803 3802
f 3798 3799 3804
f 3798 3804 3803
f 3799 3795 3800
f 3799 3800 3804
f 3803 3804 3800
f 3800 3801 3802
f 3802 3803 3800
o b382827818_food
v 251.40 0.00 -57.83
v 278.07 0.00 -47.85
v 278.54 0.00 -49.09
v 283.21 0.00 -61.40
v 283.71 0.00 -62.73
v 257.05 0.00 -72.71
v 251.40 9.60 -57.83
v 278.07 9.60 -47.85
v 278.54 9.60 -49.09
v 283.21 9.60 -61.40
v 283.71 9.60 -62.73
v 257.05 9.60 -72.71
f 3805 3806 3812
f 3805 3812 3811
f 3806 3807 3813
f 3806 3813 3812
f 3807 3808 3814
f 3807 3814 3813
f 3808 3809 3815
f 3808 3815 3814
f 3809 3810 3816
f 3809 3816 3815
f 3810 3805 3811
f 3810 3811 3816
f 3815 3816 3811
f 3811 3812 3813
f 3813 3814 3815
f 3815 3811 3813
o b382827821_weapons_outdoors
v 289.50 0.00 -179.17
v 285.09 0.00 -167.58
v 287.86 0.00 -166.54
v 286.37 0.00 -162.64
v 290.50 0.00 -161.09
v 301.11 0.00 -188.95
v 272.75 0.00 -199.60
v 268.04 0.00 -187.24
v 289.50 6.40 -179.17
v 285.09 6.40 -167.58
v 287.86 6.40 -166.54
v 286.37 6.40 -162.64
v 290.50 6.40 -161.09
v 301.11 6.40 -188.95
v 272.75 6.40 -199.60
v 268.04 6.40 -187.24
f 3817 3818 3826
f 3817 3826 3825
f 3818 3819 3827
f 3818 3827 3826
f 3819 3820 3828
f 3819 3828 3827
f 3820 3821 3829
f 3820 3829 3828
f 3821 3822 3830
f 3821 3830 3829
f 3822 3823 3831
f 3822 3831 3830
f 3823 3824 3832
f 3823 3832 3831
f 3824 3817 3825
f 3824 3825 3832
f 3831 3832 3825
f 3825 3826 3827
f 3827 3828 3829
f 3830 3831 3825
f 3825 3827 3829
f 3829 3830 3825
o b382827825_unknown
v 309.87 0.00 -45.85
v 314.87 0.00 -44.05
v 316.34 0.00 -48.11
v 310.27 0.00 -50.28
v 309.12 0.00 -47.11
v 309.87 3.20 -45.85
v 314.87 3.20 -44.05
v 316.34 3.20 -48.11
v 310.27 3.20 -50.28
v 309.12 3.20 -47.11
f 3833 3834 3839
f 3833 3839 3838
f 3834 3835 3840
f 3834 3840 3839
f 3835 3836 3841
f 3835 3841 3840
f 3836 3837 3842
f 3836 3842 3841
f 3837 3833 3838
f 3837 3838 3842
f 3841 3842 3838
f 3838 3839 3840
f 3840 3841 3838
o b382988417_retail
v 39.62 0.00 -373.06
v 14.20 0.00 -382.74
v -12.75 0.00 -392.98
v -23.17 0.00 -381.58
v -29.10 0.00 -366.20
v -28.20 0.00 -365.84
v -11.28 0.00 -359.43
v -0.49 0.00 -355.34
v 10.33 0.00 -351.21
v 19.46 0.00 -347.74
v 28.52 0.00 -344.29
v 39.62 16.00 -373.06
v 14.20 16.00 -382.74
v -12.75 16.00 -392.98
v -23.17 16.00 -381.58
v -29.10 16.00 -366.20
v -28.20 16.00 -365.84
v -11.28 16.00 -359.43
v -0.49 16.00 -355.34
v 10.33 16.00 -351.21
v 19.46 16.00 -347.74
v 28.52 16.00 -344.29
f 3843 3844 3855
f 3843 3855 3854
f 3844 3845 3856
f 3844 3856 3855
f 3845 3846 3857
f 3845 3857 3856
f 3846 3847 3858
f 3846 3858 3857
f 3847 3848 3859
f 3847 3859 3858
f 3848 3849 3860
f 3848 3860 3859
f 3849 3850 3861
f 3849 3861 3860
f 3850 3851 3862
f 3850 3862 3861
f 3851 3852 3863
f 3851 3863 3862
f 3852 3853 3864
f 3852 3864 3863
f 3853 3843 3854
f 3853 3854 3864
f 3863 3864 3854
f 3854 3855 3856
f 3856 3857 3858
f 3858 3859 3860
f 3861 3862 3863
f 3863 3854 3856
f 3856 3858 3860
f 3861 3863 3856
f 3856 3860 3861
o b383235360_unknown
v -321.18 0.00 119.11
v -319.16 0.00 113.83
v -324.05 0.00 111.98
v -331.69 0.00 109.07
v -336.17 0.00 107.37
v -343.82 0.00 104.46
v -348.11 0.00 102.88
v -358.91 0.00 131.03
v -329.96 0.00 141.99
v -321.18 12.80 119.11
v -319.16 12.80 113.83
v -324.05 12.80 111.98
v -331.69 12.80 109.07
v -336.17 12.80 107.37
v -343.82 12.80 104.46
v -348.11 12.80 102.88
v -358.91 12.80 131.03
v -329.96 12.80 141.99
f 3865 3866 3875
f 3865 3875 3874
f 3866 3867 3876
f 3866 3876 3875
f 3867 3868 3877
f 3867 3877 3876
f 3868 3869 3878
f 3868 3878 3877
f 3869 3870 3879
f 3869 3879 3878
f 3870 3871 3880
f 3870 3880 3879
f 3871 3872 3881
f 3871 3881 3880
f 3872 3873 3882
f 3872 3882 3881
f 3873 3865 3874
f 3873 3874 3882
f 3881 3882 3874
f 3874 3875 3876
f 3876 3877 3878
f 3878 3879 3880
f 3880 3881 3874
f 3874 3876 3878
f 3878 3880 3874
o b383235362_retail
v -351.32 0.00 69.61
v -372.17 0.00 61.71
v -379.18 0.00 59.06
v -389.96 0.00 87.15
v -390.40 0.00 88.27
v -400.81 0.00 115.39
v -393.81 0.00 118.05
v -372.96 0.00 125.94
v -351.32 16.00 69.61
v -372.17 16.00 61.71
v -379.18 16.00 59.06
v -389.96 16.00 87.15
v -390.40 16.00 88.27
v -400.81 16.00 115.39
v -393.81 16.00 118.05
v -372.96 16.00 125.94
f 3883 3884 3892
f 3883 3892 3891
f 3884 3885 3893
f 3884 3893 3892
f 3885 3886 3894
f 3885 3894 3893
f 3886 3887 3895
f 3886 3895 3894
f 3887 3888 3896
f 3887 3896 3895
f 3888 3889 3897
f 3888 3897 3896
f 3889 3890 3898
f 3889 3898 3897
f 3890 3883 3891
f 3890 3891 3898
f 3897 3898 3891
f 3891 3892 3893
f 3894 3895 3896
f 3896 3897 3891
f 3891 3893 3894
f 3894 3896 3891
o b389491582_unknown
v 312.74 0.00 -304.76
v 307.04 0.00 -289.91
v 335.43 0.00 -279.16
v 341.14 0.00 -294.00
v 312.74 9.60 -304.76
v 307.04 9.60 -289.91
v 335.43 9.60 -279.16
v 341.14 9.60 -294.00
f 3899 3900 3904
f 3899 3904 3903
f 3900 3901 3905
f 3900 3905 3904
f 3901 3902 3906
f 3901 3906 3905
f 3902 3899 3903
f 3902 3903 3906
f 3905 3906 3903
f 3903 3904 3905
o b391130316_retail
v 392.47 0.00 -206.29
v 421.51 0.00 -195.27
v 430.91 0.00 -219.68
v 432.16 0.00 -222.93
v 403.12 0.00 -233.95
v 392.47 3.20 -206.29
v 421.51 3.20 -195.27
v 430.91 3.20 -219.68
v 432.16 3.20 -222.93
v 403.12 3.20 -233.95
f 3907 3908 3913
f 3907 3913 3912
f 3908 3909 3914
f 3908 3914 3913
f 3909 3910 3915
f 3909 3915 3914
f 3910 3911 3916
f 3910 3916 3915
f 3911 3907 3912
f 3911 3912 3916
f 3915 3916 3912
f 3912 3913 3914
f 3914 3915 3912
o b391487030_unknown
v 125.25 0.00 -206.62
v 130.84 0.00 -221.29
v 141.85 0.00 -250.17
v 129.51 0.00 -254.82
v 123.25 0.00 -257.16
v 114.15 0.00 -260.59
v 92.02 0.00 -202.52
v 101.13 0.00 -199.09
v 107.37 0.00 -196.75
v 119.72 0.00 -192.11
v 125.25 7.20 -206.62
v 130.84 7.20 -221.29
v 141.85 7.20 -250.17
v 129.51 7.20 -254.82
v 123.25 7.20 -257.16
v 114.15 7.20 -260.59
v 92.02 7.20 -202.52
v 101.13 7.20 -199.09
v 107.37 7.20 -196.75
v 119.72 7.20 -192.11
f 3917 3918 3928
f 3917 3928 3927
f 3918 3919 3929
f 3918 3929 3928
f 3919 3920 3930
f 3919 3930 3929
f 3920 3921 3931
f 3920 3931 3930
f 3921 3922 3932
f 3921 3932 3931
f 3922 3923 3933
f 3922 3933 3932
f 3923 3924 3934
f 3923 3934 3933
f 3924 3925 3935
f 3924 3935 3934
f 3925 3926 3936
f 3925 3936 3935
f 3926 3917 3927
f 3926 3927 3936
f 3935 3936 3927
f 3928 3929 3930
f 3931 3932 3933
f 3933 3934 3935
f 3935 3927 3928
f 3928 3930 3931
f 3931 3933 3935
f 3935 3928 3931
o b391487042_civic
v 221.66 0.00 -219.39
v 210.75 0.00 -190.84
v 239.35 0.00 -180.06
v 250.25 0.00 -208.61
v 225.77 0.00 -217.84
v 221.66 19.20 -219.39
v 210.75 19.20 -190.84
v 239.35 19.20 -180.06
v 250.25 19.20 -208.61
v 225.77 19.20 -217.84
f 3937 3938 3943
f 3937 3943 3942
f 3938 3939 3944
f 3938 3944 3943
f 3939 3940 3945
f 3939 3945 3944
f 3940 3941 3946
f 3940 3946 3945
f 3941 3937 3942
f 3941 3942 3946
f 3946 3942 3943
f 3943 3944 3945
f 3945 3946 3943
o b391487043_unknown
v 119.72 0.00 -192.11
v 148.82 0.00 -181.18
v 154.35 0.00 -195.68
v 125.25 0.00 -206.62
v 119.72 6.40 -192.11
v 148.82 6.40 -181.18
v 154.35 6.40 -195.68
v 125.25 6.40 -206.62
f 3947 3948 3952
f 3947 3952 3951
f 3948 3949 3953
f 3948 3953 3952
f 3949 3950 3954
f 3949 3954 3953
f 3950 3947 3951
f 3950 3951 3954
f 3953 3954 3951
f 3951 3952 3953
o b391487044_retail
v 193.66 0.00 -61.32
v 165.14 0.00 -72.20
v 154.15 0.00 -43.81
v 182.67 0.00 -32.93
v 193.66 25.60 -61.32
v 165.14 25.60 -72.20
v 154.15 25.60 -43.81
v 182.67 25.60 -32.93
f 3955 3956 3960
f 3955 3960 3959
f 3956 3957 3961
f 3956 3961 3960
f 3957 3958 3962
f 3957 3962 3961
f 3958 3955 3959
f 3958 3959 3962
f 3961 3962 3959
f 3959 3960 3961
o b391487047_residential
v 187.70 0.00 -132.05
v 182.25 0.00 -117.71
v 210.76 0.00 -107.04
v 221.53 0.00 -135.40
v 165.26 0.00 -156.47
v 159.94 0.00 -142.44
v 187.70 19.20 -132.05
v 182.25 19.20 -117.71
v 210.76 19.20 -107.04
v 221.53 19.20 -135.40
v 165.26 19.20 -156.47
v 159.94 19.20 -142.44
f 3963 3964 3970
f 3963 3970 3969
f 3964 3965 3971
f 3964 3971 3970
f 3965 3966 3972
f 3965 3972 3971
f 3966 3967 3973
f 3966 3973 3972
f 3967 3968 3974
f 3967 3974 3973
f 3968 3963 3969
f 3968 3969 3974
f 3973 3974 3969
f 3969 3970 3971
f 3971 3972 3973
f 3973 3969 3971
o b391487056_food
v 80.31 0.00 -87.59
v 75.03 0.00 -73.72
v 103.32 0.00 -63.10
v 108.60 0.00 -76.97
v 80.31 12.80 -87.59
v 75.03 12.80 -73.72
v 103.32 12.80 -63.10
v 108.60 12.80 -76.97
f 3975 3976 3980
f 3975 3980 3979
f 3976 3977 3981
f 3976 3981 3980
f 3977 3978 3982
f 3977 3982 3981
f 3978 3975 3979
f 3978 3979 3982
f 3981 3982 3979
f 3979 3980 3981
o b391487061_retail
v 148.93 0.00 -113.46
v 143.63 0.00 -99.52
v 171.39 0.00 -89.13
v 176.69 0.00 -103.07
v 148.93 9.60 -113.46
v 143.63 9.60 -99.52
v 171.39 9.60 -89.13
v 176.69 9.60 -103.07
f 3983 3984 3988
f 3983 3988 3987
f 3984 3985 3989
f 3984 3989 3988
f 3985 3986 3990
f 3985 3990 3989
f 3986 3983 3987
f 3986 3987 3990
f 3989 3990 3987
f 3987 3988 3989
o b391487065_office
v 182.25 0.00 -117.71
v 176.69 0.00 -103.07
v 171.39 0.00 -89.13
v 174.05 0.00 -88.13
v 185.74 0.00 -83.76
v 199.90 0.00 -78.45
v 210.76 0.00 -107.04
v 182.25 38.40 -117.71
v 176.69 38.40 -103.07
v 171.39 38.40 -89.13
v 174.05 38.40 -88.13
v 185.74 38.40 -83.76
v 199.90 38.40 -78.45
v 210.76 38.40 -107.04
f 3991 3992 3999
f 3991 3999 3998
f 3992 3993 4000
f 3992 4000 3999
f 3993 3994 4001
f 3993 4001 4000
f 3994 3995 4002
f 3994 4002 4001
f 3995 3996 4003
f 3995 4003 4002
f 3996 3997 4004
f 3996 4004 4003
f 3997 3991 3998
f 3997 3998 4004
f 4003 4004 3998
f 3999 4000 4001
f 4002 4003 3998
f 3998 3999 4001
f 4001 4002 3998
o b391487066_residential
v 154.49 0.00 -128.10
v 182.25 0.00 -117.71
v 187.70 0.00 -132.05
v 159.94 0.00 -142.44
v 154.49 9.60 -128.10
v 182.25 9.60 -117.71
v 187.70 9.60 -132.05
v 159.94 9.60 -142.44
f 4005 4006 4010
f 4005 4010 4009
f 4006 4007 4011
f 4006 4011 4010
f 4007 4008 4012
f 4007 4012 4011
f 4008 4005 4009
f 4008 4009 4012
f 4011 4012 4009
f 4009 4010 4011
o b391487068_residential
v 103.32 0.00 -63.10
v 75.03 0.00 -73.72
v 63.98 0.00 -44.74
v 92.27 0.00 -34.11
v 103.32 12.80 -63.10
v 75.03 12.80 -73.72
v 63.98 12.80 -44.74
v 92.27 12.80 -34.11
f 4013 4014 4018
f 4013 4018 4017
f 4014 4015 4019
f 4014 4019 4018
f 4015 4016 4020
f 4015 4020 4019
f 4016 4013 4017
f 4016 4017 4020
f 4019 4020 4017
f 4017 4018 4019
o b391487069_unknown
v 80.31 0.00 -87.59
v 108.60 0.00 -76.97
v 114.08 0.00 -91.35
v 85.79 0.00 -101.97
v 80.31 16.00 -87.59
v 108.60 16.00 -76.97
v 114.08 16.00 -91.35
v 85.79 16.00 -101.97
f 4021 4022 4026
f 4021 4026 4025
f 4022 4023 4027
f 4022 4027 4026
f 4023 4024 4028
f 4023 4028 4027
f 4024 4021 4025
f 4024 4025 4028
f 4027 4028 4025
f 4025 4026 4027
o b391692485_unknown
v -192.61 0.00 -90.78
v -197.98 0.00 -76.60
v -169.20 0.00 -65.85
v -163.83 0.00 -80.01
v -192.61 16.00 -90.78
v -197.98 16.00 -76.60
v -169.20 16.00 -65.85
v -163.83 16.00 -80.01
f 4029 4030 4034
f 4029 4034 4033
f 4030 4031 4035
f 4030 4035 4034
f 4031 4032 4036
f 4031 4036 4035
f 4032 4029 4033
f 4032 4033 4036
f 4035 4036 4033
f 4033 4034 4035
o b391692486_residential
v -226.47 0.00 -87.25
v -197.98 0.00 -76.60
v -192.61 0.00 -90.78
v -202.02 0.00 -94.29
v -221.10 0.00 -101.42
v -226.47 22.40 -87.25
v -197.98 22.40 -76.60
v -192.61 22.40 -90.78
v -202.02 22.40 -94.29
v -221.10 22.40 -101.42
f 4037 4038 4043
f 4037 4043 4042
f 4038 4039 4044
f 4038 4044 4043
f 4039 4040 4045
f 4039 4045 4044
f 4040 4041 4046
f 4040 4046 4045
f 4041 4037 4042
f 4041 4042 4046
f 4045 4046 4042
f 4042 4043 4044
f 4044 4045 4042
o b391692487_retail
v -158.44 0.00 -94.22
v -187.22 0.00 -104.99
v -192.61 0.00 -90.78
v -163.83 0.00 -80.01
v -158.44 9.60 -94.22
v -187.22 9.60 -104.99
v -192.61 9.60 -90.78
v -163.83 9.60 -80.01
f 4047 4048 4052
f 4047 4052 4051
f 4048 4049 4053
f 4048 4053 4052
f 4049 4050 4054
f 4049 4054 4053
f 4050 4047 4051
f 4050 4051 4054
f 4053 4054 4051
f 4051 4052 4053
o b391692491_office
v -158.44 0.00 -94.22
v -153.05 0.00 -108.45
v -179.54 0.00 -118.36
v -181.83 0.00 -119.21
v -187.22 0.00 -104.99
v -158.44 9.60 -94.22
v -153.05 9.60 -108.45
v -179.54 9.60 -118.36
v -181.83 9.60 -119.21
v -187.22 9.60 -104.99
f 4055 4056 4061
f 4055 4061 4060
f 4056 4057 4062
f 4056 4062 4061
f 4057 4058 4063
f 4057 4063 4062
f 4058 4059 4064
f 4058 4064 4063
f 4059 4055 4060
f 4059 4060 4064
f 4063 4064 4060
f 4060 4061 4062
f 4062 4063 4060
o b391692493_retail
v -169.20 0.00 -65.85
v -197.98 0.00 -76.60
v -203.55 0.00 -61.92
v -197.31 0.00 -59.59
v -174.76 0.00 -51.17
v -169.20 32.00 -65.85
v -197.98 32.00 -76.60
v -203.55 32.00 -61.92
v -197.31 32.00 -59.59
v -174.76 32.00 -51.17
f 4065 4066 4071
f 4065 4071 4070
f 4066 4067 4072
f 4066 4072 4071
f 4067 4068 4073
f 4067 4073 4072
f 4068 4069 4074
f 4068 4074 4073
f 4069 4065 4070
f 4069 4070 4074
f 4073 4074 4070
f 4070 4071 4072
f 4072 4073 4070
o b392714067_civic
v -322.75 0.00 -4.11
v -347.18 0.00 -13.41
v -351.82 0.00 -15.18
v -362.77 0.00 13.17
v -333.70 0.00 24.24
v -322.75 16.00 -4.11
v -347.18 16.00 -13.41
v -351.82 16.00 -15.18
v -362.77 16.00 13.17
v -333.70 16.00 24.24
f 4075 4076 4081
f 4075 4081 4080
f 4076 4077 4082
f 4076 4082 4081
f 4077 4078 4083
f 4077 4083 4082
f 4078 4079 4084
f 4078 4084 4083
f 4079 4075 4080
f 4079 4080 4084
f 4083 4084 4080
f 4081 4082 4083
f 4083 4080 4081
o b392714069_office
v -368.69 0.00 28.48
v -373.89 0.00 41.95
v -371.39 0.00 42.90
v -344.70 0.00 53.06
v -339.50 0.00 39.60
v -368.69 25.60 28.48
v -373.89 25.60 41.95
v -371.39 25.60 42.90
v -344.70 25.60 53.06
v -339.50 25.60 39.60
f 4085 4086 4091
f 4085 4091 4090
f 4086 4087 4092
f 4086 4092 4091
f 4087 4088 4093
f 4087 4093 4092
f 4088 4089 4094
f 4088 4094 4093
f 4089 4085 4090
f 4089 4090 4094
f 4093 4094 4090
f 4090 4091 4092
f 4092 4093 4090
o b392714073_retail
v -401.95 0.00 31.26
v -373.89 0.00 41.95
v -368.69 0.00 28.48
v -362.77 0.00 13.17
v -390.84 0.00 2.48
v -401.95 6.40 31.26
v -373.89 6.40 41.95
v -368.69 6.40 28.48
v -362.77 6.40 13.17
v -390.84 6.40 2.48
f 4095 4096 4101
f 4095 4101 4100
f 4096 4097 4102
f 4096 4102 4101
f 4097 4098 4103
f 4097 4103 4102
f 4098 4099 4104
f 4098 4104 4103
f 4099 4095 4100
f 4099 4100 4104
f 4103 4104 4100
f 4100 4101 4102
f 4102 4103 4100
o b397806324_unknown
v -182.23 0.00 276.00
v -183.94 0.00 280.47
v -179.16 0.00 282.26
v -177.46 0.00 277.80
v -182.23 3.20 276.00
v -183.94 3.20 280.47
v -179.16 3.20 282.26
v -177.46 3.20 277.80
f 4105 4106 4110
f 4105 4110 4109
f 4106 4107 4111
f 4106 4111 4110
f 4107 4108 4112
f 4107 4112 4111
f 4108 4105 4109
f 4108 4109 4112
f 4111 4112 4109
f 4109 4110 4111
o b399825293_unknown
v -338.12 0.00 376.00
v -359.59 0.00 367.91
v -365.00 0.00 382.06
v -345.51 0.00 389.40
v -342.72 0.00 388.04
v -338.12 3.20 376.00
v -359.59 3.20 367.91
v -365.00 3.20 382.06
v -345.51 3.20 389.40
v -342.72 3.20 388.04
f 4113 4114 4119
f 4113 4119 4118
f 4114 4115 4120
f 4114 4120 4119
f 4115 4116 4121
f 4115 4121 4120
f 4116 4117 4122
f 4116 4122 4121
f 4117 4113 4118
f 4117 4118 4122
f 4121 4122 4118
f 4118 4119 4120
f 4120 4121 4118
o b399825297_residential
v -350.57 0.00 322.43
v -353.14 0.00 329.14
v -355.48 0.00 335.26
v -337.33 0.00 342.10
v -339.70 0.00 348.30
v -334.36 0.00 350.32
v -329.06 0.00 352.31
v -321.79 0.00 333.29
v -350.57 28.80 322.43
v -353.14 28.80 329.14
v -355.48 28.80 335.26
v -337.33 28.80 342.10
v -339.70 28.80 348.30
v -334.36 28.80 350.32
v -329.06 28.80 352.31
v -321.79 28.80 333.29
f 4123 4124 4132
f 4123 4132 4131
f 4124 4125 4133
f 4124 4133 4132
f 4125 4126 4134
f 4125 4134 4133
f 4126 4127 4135
f 4126 4135 4134
f 4127 4128 4136
f 4127 4136 4135
f 4128 4129 4137
f 4128 4137 4136
f 4129 4130 4138
f 4129 4138 4137
f 4130 4123 4131
f 4130 4131 4138
f 4137 4138 4131
f 4131 4132 4133
f 4134 4135 4136
f 4131 4133 4134
f 4134 4136 4137
f 4137 4131 4134
o b400015226_residential
v -285.64 0.00 178.63
v -291.18 0.00 193.08
v -301.09 0.00 219.01
v -297.27 0.00 220.45
v -299.23 0.00 225.56
v -282.96 0.00 231.70
v -268.39 0.00 193.69
v -265.54 0.00 186.23
v -285.64 32.00 178.63
v -291.18 32.00 193.08
v -301.09 32.00 219.01
v -297.27 32.00 220.45
v -299.23 32.00 225.56
v -282.96 32.00 231.70
v -268.39 32.00 193.69
v -265.54 32.00 186.23
f 4139 4140 4148
f 4139 4148 4147
f 4140 4141 4149
f 4140 4149 4148
f 4141 4142 4150
f 4141 4150 4149
f 4142 4143 4151
f 4142 4151 4150
f 4143 4144 4152
f 4143 4152 4151
f 4144 4145 4153
f 4144 4153 4152
f 4145 4146 4154
f 4145 4154 4153
f 4146 4139 4147
f 4146 4147 4154
f 4153 4154 4147
f 4147 4148 4149
f 4150 4151 4152
f 4152 4153 4147
f 4147 4149 4150
f 4150 4152 4147
o b400268862_retail
v -302.69 0.00 365.10
v -304.49 0.00 369.80
v -308.78 0.00 368.19
v -309.28 0.00 369.49
v -309.77 0.00 370.80
v -305.41 0.00 372.44
v -281.65 0.00 381.40
v -280.87 0.00 379.34
v -278.85 0.00 374.08
v -302.69 6.40 365.10
v -304.49 6.40 369.80
v -308.78 6.40 368.19
v -309.28 6.40 369.49
v -309.77 6.40 370.80
v -305.41 6.40 372.44
v -281.65 6.40 381.40
v -280.87 6.40 379.34
v -278.85 6.40 374.08
f 4155 4156 4165
f 4155 4165 4164
f 4156 4157 4166
f 4156 4166 4165
f 4157 4158 4167
f 4157 4167 4166
f 4158 4159 4168
f 4158 4168 4167
f 4159 4160 4169
f 4159 4169 4168
f 4160 4161 4170
f 4160 4170 4169
f 4161 4162 4171
f 4161 4171 4170
f 4162 4163 4172
f 4162 4172 4171
f 4163 4155 4164
f 4163 4164 4172
f 4171 4172 4164
f 4165 4166 4167
f 4167 4168 4169
f 4169 4170 4171
f 4171 4164 4165
f 4165 4167 4169
f 4169 4171 4165
o b402011057_unknown
v 360.67 0.00 30.71
v 357.13 0.00 29.50
v 354.79 0.00 36.26
v 358.33 0.00 37.46
v 360.67 3.20 30.71
v 357.13 3.20 29.50
v 354.79 3.20 36.26
v 358.33 3.20 37.46
f 4173 4174 4178
f 4173 4178 4177
f 4174 4175 4179
f 4174 4179 4178
f 4175 4176 4180
f 4175 4180 4179
f 4176 4173 4177
f 4176 4177 4180
f 4179 4180 4177
f 4177 4178 4179
o b404613678_office
v 401.40 0.00 -186.71
v 387.04 0.00 -192.16
v 381.32 0.00 -177.31
v 410.36 0.00 -166.29
v 416.08 0.00 -181.14
v 401.40 9.60 -186.71
v 387.04 9.60 -192.16
v 381.32 9.60 -177.31
v 410.36 9.60 -166.29
v 416.08 9.60 -181.14
f 4181 4182 4187
f 4181 4187 4186
f 4182 4183 4188
f 4182 4188 4187
f 4183 4184 4189
f 4183 4189 4188
f 4184 4185 4190
f 4184 4190 4189
f 4185 4181 4186
f 4185 4186 4190
f 4189 4190 4186
f 4186 4187 4188
f 4188 4189 4186
o b404675270_unknown
v 304.51 0.00 -422.65
v 307.30 0.00 -422.73
v 306.82 0.00 -439.53
v 290.40 0.00 -439.09
v 290.50 0.00 -434.84
v 288.15 0.00 -434.78
v 288.45 0.00 -422.26
v 304.51 3.20 -422.65
v 307.30 3.20 -422.73
v 306.82 3.20 -439.53
v 290.40 3.20 -439.09
v 290.50 3.20 -434.84
v 288.15 3.20 -434.78
v 288.45 3.20 -422.26
f 4191 4192 4199
f 4191 4199 4198
f 4192 4193 4200
f 4192 4200 4199
f 4193 4194 4201
f 4193 4201 4200
f 4194 4195 4202
f 4194 4202 4201
f 4195 4196 4203
f 4195 4203 4202
f 4196 4197 4204
f 4196 4204 4203
f 4197 4191 4198
f 4197 4198 4204
f 4203 4204 4198
f 4198 4199 4200
f 4200 4201 4202
f 4202 4203 4198
f 4198 4200 4202
o b404675274_unknown
v 360.21 0.00 -422.54
v 390.18 0.00 -423.31
v 390.03 0.00 -429.09
v 360.06 0.00 -428.33
v 360.21 9.60 -422.54
v 390.18 9.60 -423.31
v 390.03 9.60 -429.09
v 360.06 9.60 -428.33
f 4205 4206 4210
f 4205 4210 4209
f 4206 4207 4211
f 4206 4211 4210
f 4207 4208 4212
f 4207 4212 4211
f 4208 4205 4209
f 4208 4209 4212
f 4211 4212 4209
f 4209 4210 4211
o b404675277_retail
v 338.62 0.00 -439.98
v 337.20 0.00 -437.98
v 337.29 0.00 -434.51
v 337.31 0.00 -433.67
v 359.90 0.00 -434.25
v 359.74 0.00 -440.52
v 338.62 6.40 -439.98
v 337.20 6.40 -437.98
v 337.29 6.40 -434.51
v 337.31 6.40 -433.67
v 359.90 6.40 -434.25
v 359.74 6.40 -440.52
f 4213 4214 4220
f 4213 4220 4219
f 4214 4215 4221
f 4214 4221 4220
f 4215 4216 4222
f 4215 4222 4221
f 4216 4217 4223
f 4216 4223 4222
f 4217 4218 4224
f 4217 4224 4223
f 4218 4213 4219
f 4218 4219 4224
f 4223 4224 4219
f 4219 4220 4221
f 4221 4222 4223
f 4223 4219 4221
o b404675285_retail
v 360.89 0.00 -396.61
v 360.21 0.00 -422.54
v 337.74 0.00 -421.96
v 338.38 0.00 -397.45
v 360.89 6.40 -396.61
v 360.21 6.40 -422.54
v 337.74 6.40 -421.96
v 338.38 6.40 -397.45
f 4225 4226 4230
f 4225 4230 4229
f 4226 4227 4231
f 4226 4231 4230
f 4227 4228 4232
f 4227 4232 4231
f 4228 4225 4229
f 4228 4229 4232
f 4231 4232 4229
f 4229 4230 4231
o b408711883_retail
v 165.08 0.00 -223.83
v 170.96 0.00 -239.24
v 156.54 0.00 -244.66
v 141.85 0.00 -250.17
v 130.84 0.00 -221.29
v 159.94 0.00 -210.35
v 165.08 19.20 -223.83
v 170.96 19.20 -239.24
v 156.54 19.20 -244.66
v 141.85 19.20 -250.17
v 130.84 19.20 -221.29
v 159.94 19.20 -210.35
f 4233 4234 4240
f 4233 4240 4239
f 4234 4235 4241
f 4234 4241 4240
f 4235 4236 4242
f 4235 4242 4241
f 4236 4237 4243
f 4236 4243 4242
f 4237 4238 4244
f 4237 4244 4243
f 4238 4233 4239
f 4238 4239 4244
f 4243 4244 4239
f 4239 4240 4241
f 4241 4242 4243
f 4243 4239 4241
o b417734291_unknown
v 51.78 0.00 -251.39
v 59.53 0.00 -248.46
v 80.23 0.00 -240.62
v 82.83 0.00 -247.59
v 90.84 0.00 -268.93
v 62.43 0.00 -279.66
v 51.78 35.20 -251.39
v 59.53 35.20 -248.46
v 80.23 35.20 -240.62
v 82.83 35.20 -247.59
v 90.84 35.20 -268.93
v 62.43 35.20 -279.66
f 4245 4246 4252
f 4245 4252 4251
f 4246 4247 4253
f 4246 4253 4252
f 4247 4248 4254
f 4247 4254 4253
f 4248 4249 4255
f 4248 4255 4254
f 4249 4250 4256
f 4249 4256 4255
f 4250 4245 4251
f 4250 4251 4256
f 4255 4256 4251
f 4252 4253 4254
f 4254 4255 4251
f 4251 4252 4254
o b417734304_office
v 68.98 0.00 -211.30
v 80.23 0.00 -240.62
v 59.53 0.00 -248.46
v 51.78 0.00 -251.39
v 40.52 0.00 -222.06
v 68.98 16.00 -211.30
v 80.23 16.00 -240.62
v 59.53 16.00 -248.46
v 51.78 16.00 -251.39
v 40.52 16.00 -222.06
f 4257 4258 4263
f 4257 4263 4262
f 4258 4259 4264
f 4258 4264 4263
f 4259 4260 4265
f 4259 4265 4264
f 4260 4261 4266
f 4260 4266 4265
f 4261 4257 4262
f 4261 4262 4266
f 4265 4266 4262
f 4262 4263 4264
f 4264 4265 4262
o b417990379_retail
v -58.68 0.00 -117.76
v -55.05 0.00 -127.24
v -45.61 0.00 -151.98
v -73.51 0.00 -162.49
v -84.39 0.00 -134.03
v -95.55 0.00 -104.81
v -91.27 0.00 -103.20
v -67.64 0.00 -94.30
v -58.68 35.20 -117.76
v -55.05 35.20 -127.24
v -45.61 35.20 -151.98
v -73.51 35.20 -162.49
v -84.39 35.20 -134.03
v -95.55 35.20 -104.81
v -91.27 35.20 -103.20
v -67.64 35.20 -94.30
f 4267 4268 4276
f 4267 4276 4275
f 4268 4269 4277
f 4268 4277 4276
f 4269 4270 4278
f 4269 4278 4277
f 4270 4271 4279
f 4270 4279 4278
f 4271 4272 4280
f 4271 4280 4279
f 4272 4273 4281
f 4272 4281 4280
f 4273 4274 4282
f 4273 4282 4281
f 4274 4267 4275
f 4274 4275 4282
f 4281 4282 4275
f 4275 4276 4277
f 4277 4278 4279
f 4279 4280 4281
f 4281 4275 4277
f 4277 4279 4281
o b417990381_office
v -16.49 0.00 -74.84
v -5.30 0.00 -104.13
v -34.45 0.00 -115.12
v -45.64 0.00 -85.82
v -16.49 58.00 -74.84
v -5.30 58.00 -104.13
v -34.45 58.00 -115.12
v -45.64 58.00 -85.82
f 4283 4284 4288
f 4283 4288 4287
f 4284 4285 4289
f 4284 4289 4288
f 4285 4286 4290
f 4285 4290 4289
f 4286 4283 4287
f 4286 4287 4290
f 4289 4290 4287
f 4287 4288 4289
o b417990385_unknown
v -34.45 0.00 -115.12
v -5.30 0.00 -104.13
v -0.12 0.00 -117.66
v -29.28 0.00 -128.65
v -34.45 16.00 -115.12
v -5.30 16.00 -104.13
v -0.12 16.00 -117.66
v -29.28 16.00 -128.65
f 4291 4292 4296
f 4291 4296 4295
f 4292 4293 4297
f 4292 4297 4296
f 4293 4294 4298
f 4293 4298 4297
f 4294 4291 4295
f 4294 4295 4298
f 4297 4298 4295
f 4295 4296 4297
o b417990388_office
v 23.35 0.00 -177.83
v 52.20 0.00 -166.87
v 63.30 0.00 -195.73
v 34.45 0.00 -206.69
v 23.35 15.40 -177.83
v 52.20 15.40 -166.87
v 63.30 15.40 -195.73
v 34.45 15.40 -206.69
f 4299 4300 4304
f 4299 4304 4303
f 4300 4301 4305
f 4300 4305 4304
f 4301 4302 4306
f 4301 4306 4305
f 4302 4299 4303
f 4302 4303 4306
f 4305 4306 4303
f 4303 4304 4305
o b417990389_retail
v -125.04 0.00 -115.92
v -98.35 0.00 -105.88
v -95.55 0.00 -104.81
v -84.39 0.00 -134.03
v -113.88 0.00 -145.14
v -125.04 28.80 -115.92
v -98.35 28.80 -105.88
v -95.55 28.80 -104.81
v -84.39 28.80 -134.03
v -113.88 28.80 -145.14
f 4307 4308 4313
f 4307 4313 4312
f 4308 4309 4314
f 4308 4314 4313
f 4309 4310 4315
f 4309 4315 4314
f 4310 4311 4316
f 4310 4316 4315
f 4311 4307 4312
f 4311 4312 4316
f 4315 4316 4312
f 4313 4314 4315
f 4315 4312 4313
o b417990392_retail
v 12.40 0.00 -149.41
v 41.25 0.00 -138.45
v 52.20 0.00 -166.87
v 23.35 0.00 -177.83
v 12.40 22.40 -149.41
v 41.25 22.40 -138.45
v 52.20 22.40 -166.87
v 23.35 22.40 -177.83
f 4317 4318 4322
f 4317 4322 4321
f 4318 4319 4323
f 4318 4323 4322
f 4319 4320 4324
f 4319 4324 4323
f 4320 4317 4321
f 4320 4321 4324
f 4323 4324 4321
f 4321 4322 4323
o b417990405_office
v 6.02 0.00 -133.75
v -23.13 0.00 -144.73
v -29.28 0.00 -128.65
v -0.12 0.00 -117.66
v 6.02 48.00 -133.75
v -23.13 48.00 -144.73
v -29.28 48.00 -128.65
v -0.12 48.00 -117.66
f 4325 4326 4330
f 4325 4330 4329
f 4326 4327 4331
f 4326 4331 4330
f 4327 4328 4332
f 4327 4332 4331
f 4328 4325 4329
f 4328 4329 4332
f 4331 4332 4329
f 4329 4330 4331
o b422293712_residential
v -58.20 0.00 120.51
v -115.47 0.00 98.93
v -129.24 0.00 134.99
v -122.06 0.00 137.70
v -90.43 0.00 149.62
v -71.98 0.00 156.57
v -58.20 73.00 120.51
v -115.47 73.00 98.93
v -129.24 73.00 134.99
v -122.06 73.00 137.70
v -90.43 73.00 149.62
v -71.98 73.00 156.57
f 4333 4334 4340
f 4333 4340 4339
f 4334 4335 4341
f 4334 4341 4340
f 4335 4336 4342
f 4335 4342 4341
f 4336 4337 4343
f 4336 4343 4342
f 4337 4338 4344
f 4337 4344 4343
f 4338 4333 4339
f 4338 4339 4344
f 4343 4344 4339
f 4339 4340 4341
f 4341 4342 4343
f 4343 4339 4341
o b422293726_office
v -107.23 0.00 77.37
v -115.47 0.00 98.93
v -58.20 0.00 120.51
v -49.96 0.00 98.94
v -77.84 0.00 88.43
v -107.23 32.00 77.37
v -115.47 32.00 98.93
v -58.20 32.00 120.51
v -49.96 32.00 98.94
v -77.84 32.00 88.43
f 4345 4346 4351
f 4345 4351 4350
f 4346 4347 4352
f 4346 4352 4351
f 4347 4348 4353
f 4347 4353 4352
f 4348 4349 4354
f 4348 4354 4353
f 4349 4345 4350
f 4349 4350 4354
f 4353 4354 4350
f 4350 4351 4352
f 4352 4353 4350
o b422293744_unknown
v -99.28 0.00 61.27
v -99.92 0.00 62.92
v -94.79 0.00 64.91
v -94.14 0.00 63.25
v -99.28 3.20 61.27
v -99.92 3.20 62.92
v -94.79 3.20 64.91
v -94.14 3.20 63.25
f 4355 4356 4360
f 4355 4360 4359
f 4356 4357 4361
f 4356 4361 4360
f 4357 4358 4362
f 4357 4362 4361
f 4358 4355 4359
f 4358 4359 4362
f 4361 4362 4359
f 4359 4360 4361
o b422293746_unknown
v -97.12 0.00 51.73
v -98.75 0.00 51.10
v -100.81 0.00 56.35
v -99.18 0.00 56.98
v -97.12 3.20 51.73
v -98.75 3.20 51.10
v -100.81 3.20 56.35
v -99.18 3.20 56.98
f 4363 4364 4368
f 4363 4368 4367
f 4364 4365 4369
f 4364 4369 4368
f 4365 4366 4370
f 4365 4370 4369
f 4366 4363 4367
f 4366 4367 4370
f 4369 4370 4367
f 4367 4368 4369
o b483812903_unknown
v 79.64 0.00 -155.15
v 79.32 0.00 -154.30
v 75.82 0.00 -145.14
v 69.88 0.00 -147.37
v 63.26 0.00 -130.01
v 83.94 0.00 -122.24
v 92.07 0.00 -119.18
v 98.69 0.00 -136.55
v 102.51 0.00 -146.55
v 79.64 22.40 -155.15
v 79.32 22.40 -154.30
v 75.82 22.40 -145.14
v 69.88 22.40 -147.37
v 63.26 22.40 -130.01
v 83.94 22.40 -122.24
v 92.07 22.40 -119.18
v 98.69 22.40 -136.55
v 102.51 22.40 -146.55
f 4371 4372 4381
f 4371 4381 4380
f 4372 4373 4382
f 4372 4382 4381
f 4373 4374 4383
f 4373 4383 4382
f 4374 4375 4384
f 4374 4384 4383
f 4375 4376 4385
f 4375 4385 4384
f 4376 4377 4386
f 4376 4386 4385
f 4377 4378 4387
f 4377 4387 4386
f 4378 4379 4388
f 4378 4388 4387
f 4379 4371 4380
f 4379 4380 4388
f 4387 4388 4380
f 4382 4383 4384
f 4385 4386 4387
f 4387 4380 4381
f 4382 4384 4385
f 4385 4387 4381
f 4381 4382 4385
o b483812904_unknown
v 108.17 0.00 -177.31
v 84.64 0.00 -186.14
v 79.42 0.00 -172.43
v 74.88 0.00 -160.52
v 73.69 0.00 -157.39
v 79.64 0.00 -155.15
v 102.51 0.00 -146.55
v 113.46 0.00 -175.32
v 108.17 25.60 -177.31
v 84.64 25.60 -186.14
v 79.42 25.60 -172.43
v 74.88 25.60 -160.52
v 73.69 25.60 -157.39
v 79.64 25.60 -155.15
v 102.51 25.60 -146.55
v 113.46 25.60 -175.32
f 4389 4390 4398
f 4389 4398 4397
f 4390 4391 4399
f 4390 4399 4398
f 4391 4392 4400
f 4391 4400 4399
f 4392 4393 4401
f 4392 4401 4400
f 4393 4394 4402
f 4393 4402 4401
f 4394 4395 4403
f 4394 4403 4402
f 4395 4396 4404
f 4395 4404 4403
f 4396 4389 4397
f 4396 4397 4404
f 4403 4404 4397
f 4397 4398 4399
f 4399 4400 4401
f 4401 4402 4403
f 4403 4397 4399
f 4399 4401 4403
o b483812907_unknown
v 71.11 0.00 -107.49
v 57.06 0.00 -112.77
v 46.28 0.00 -84.52
v 60.35 0.00 -79.24
v 71.11 22.40 -107.49
v 57.06 22.40 -112.77
v 46.28 22.40 -84.52
v 60.35 22.40 -79.24
f 4405 4406 4410
f 4405 4410 4409
f 4406 4407 4411
f 4406 4411 4410
f 4407 4408 4412
f 4407 4412 4411
f 4408 4405 4409
f 4408 4409 4412
f 4411 4412 4409
f 4409 4410 4411
o b555591282_residential
v 120.56 0.00 197.06
v 109.72 0.00 225.21
v 139.35 0.00 236.46
v 144.75 0.00 222.44
v 148.52 0.00 212.65
v 150.19 0.00 208.30
v 120.56 41.60 197.06
v 109.72 41.60 225.21
v 139.35 41.60 236.46
v 144.75 41.60 222.44
v 148.52 41.60 212.65
v 150.19 41.60 208.30
f 4413 4414 4420
f 4413 4420 4419
f 4414 4415 4421
f 4414 4421 4420
f 4415 4416 4422
f 4415 4422 4421
f 4416 4417 4423
f 4416 4423 4422
f 4417 4418 4424
f 4417 4424 4423
f 4418 4413 4419
f 4418 4419 4424
f 4423 4424 4419
f 4419 4420 4421
f 4421 4422 4423
f 4423 4419 4421
o b555591283_unknown
v 158.84 0.00 262.92
v 103.73 0.00 242.29
v 93.07 0.00 270.38
v 119.42 0.00 280.24
v 148.17 0.00 291.01
v 158.84 35.20 262.92
v 103.73 35.20 242.29
v 93.07 35.20 270.38
v 119.42 35.20 280.24
v 148.17 35.20 291.01
f 4425 4426 4431
f 4425 4431 4430
f 4426 4427 4432
f 4426 4432 4431
f 4427 4428 4433
f 4427 4433 4432
f 4428 4429 4434
f 4428 4434 4433
f 4429 4425 4430
f 4429 4430 4434
f 4433 4434 4430
f 4430 4431 4432
f 4432 4433 4430
o b677783188_residential
v -454.71 0.00 -222.51
v -458.99 0.00 -211.31
v -465.61 0.00 -194.02
v -436.96 0.00 -183.22
v -426.07 0.00 -211.71
v -454.71 48.00 -222.51
v -458.99 48.00 -211.31
v -465.61 48.00 -194.02
v -436.96 48.00 -183.22
v -426.07 48.00 -211.71
f 4435 4436 4441
f 4435 4441 4440
f 4436 4437 4442
f 4436 4442 4441
f 4437 4438 4443
f 4437 4443 4442
f 4438 4439 4444
f 4438 4444 4443
f 4439 4435 4440
f 4439 4440 4444
f 4443 4444 4440
f 4441 4442 4443
f 4443 4440 4441
o b679940097_unknown
v -25.83 0.00 418.80
v -27.35 0.00 422.74
v -20.95 0.00 425.18
v -19.42 0.00 421.23
v -25.83 3.20 418.80
v -27.35 3.20 422.74
v -20.95 3.20 425.18
v -19.42 3.20 421.23
f 4445 4446 4450
f 4445 4450 4449
f 4446 4447 4451
f 4446 4451 4450
f 4447 4448 4452
f 4447 4452 4451
f 4448 4445 4449
f 4448 4449 4452
f 4451 4452 4449
f 4449 4450 4451
o b681313848_retail
v -408.35 0.00 -344.46
v -402.15 0.00 -360.53
v -398.46 0.00 -370.11
v -426.37 0.00 -380.72
v -436.26 0.00 -355.09
v -410.10 0.00 -345.14
v -408.35 6.40 -344.46
v -402.15 6.40 -360.53
v -398.46 6.40 -370.11
v -426.37 6.40 -380.72
v -436.26 6.40 -355.09
v -410.10 6.40 -345.14
f 4453 4454 4460
f 4453 4460 4459
f 4454 4455 4461
f 4454 4461 4460
f 4455 4456 4462
f 4455 4462 4461
f 4456 4457 4463
f 4456 4463 4462
f 4457 4458 4464
f 4457 4464 4463
f 4458 4453 4459
f 4458 4459 4464
f 4464 4459 4460
f 4460 4461 4462
f 4462 4463 4464
f 4464 4460 4462
o b681313851_residential
v -374.46 0.00 -347.31
v -369.86 0.00 -359.25
v -398.46 0.00 -370.11
v -402.15 0.00 -360.53
v -400.33 0.00 -359.83
v -407.55 0.00 -341.09
v -399.37 0.00 -338.06
v -397.00 0.00 -338.98
v -389.85 0.00 -336.19
v -390.38 0.00 -334.74
v -380.41 0.00 -331.05
v -375.81 0.00 -342.93
v -391.77 0.00 -348.92
v -390.17 0.00 -353.06
v -374.46 19.20 -347.31
v -369.86 19.20 -359.25
v -398.46 19.20 -370.11
v -402.15 19.20 -360.53
v -400.33 19.20 -359.83
v -407.55 19.20 -341.09
v -399.37 19.20 -338.06
v -397.00 19.20 -338.98
v -389.85 19.20 -336.19
v -390.38 19.20 -334.74
v -380.41 19.20 -331.05
v -375.81 19.20 -342.93
v -391.77 19.20 -348.92
v -390.17 19.20 -353.06
f 4465 4466 4480
f 4465 4480 4479
f 4466 4467 4481
f 4466 4481 4480
f 4467 4468 4482
f 4467 4482 4481
f 4468 4469 4483
f 4468 4483 4482
f 4469 4470 4484
f 4469 4484 4483
f 4470 4471 4485
f 4470 4485 4484
f 4471 4472 4486
f 4471 4486 4485
f 4472 4473 4487
f 4472 4487 4486
f 4473 4474 4488
f 4473 4488 4487
f 4474 4475 4489
f 4474 4489 4488
f 4475 4476 4490
f 4475 4490 4489
f 4476 4477 4491
f 4476 4491 4490
f 4477 4478 4492
f 4477 4492 4491
f 4478 4465 4479
f 4478 4479 4492
f 4492 4479 4480
f 4480 4481 4482
f 4483 4484 4485
f 4487 4488 4489
f 4489 4490 4491
f 4480 4482 4483
f 4483 4485 4486
f 4487 4489 4491
f 4492 4480 4483
f 4483 4486 4487
f 4491 4492 4483
f 4483 4487 4491
o b681803942_retail
v -396.13 0.00 -50.96
v -389.03 0.00 -69.32
v -406.19 0.00 -75.86
v -407.41 0.00 -76.33
v -408.43 0.00 -73.67
v -413.74 0.00 -59.97
v -414.51 0.00 -57.97
v -396.13 6.40 -50.96
v -389.03 6.40 -69.32
v -406.19 6.40 -75.86
v -407.41 6.40 -76.33
v -408.43 6.40 -73.67
v -413.74 6.40 -59.97
v -414.51 6.40 -57.97
f 4493 4494 4501
f 4493 4501 4500
f 4494 4495 4502
f 4494 4502 4501
f 4495 4496 4503
f 4495 4503 4502
f 4496 4497 4504
f 4496 4504 4503
f 4497 4498 4505
f 4497 4505 4504
f 4498 4499 4506
f 4498 4506 4505
f 4499 4493 4500
f 4499 4500 4506
f 4505 4506 4500
f 4500 4501 4502
f 4502 4503 4504
f 4504 4505 4500
f 4500 4502 4504
o b681803943_retail
v -402.65 0.00 -118.83
v -408.25 0.00 -104.34
v -409.07 0.00 -102.22
v -411.29 0.00 -96.47
v -399.90 0.00 -92.12
v -406.19 0.00 -75.86
v -389.03 0.00 -69.32
v -374.09 0.00 -107.94
v -402.65 3.20 -118.83
v -408.25 3.20 -104.34
v -409.07 3.20 -102.22
v -411.29 3.20 -96.47
v -399.90 3.20 -92.12
v -406.19 3.20 -75.86
v -389.03 3.20 -69.32
v -374.09 3.20 -107.94
f 4507 4508 4516
f 4507 4516 4515
f 4508 4509 4517
f 4508 4517 4516
f 4509 4510 4518
f 4509 4518 4517
f 4510 4511 4519
f 4510 4519 4518
f 4511 4512 4520
f 4511 4520 4519
f 4512 4513 4521
f 4512 4521 4520
f 4513 4514 4522
f 4513 4522 4521
f 4514 4507 4515
f 4514 4515 4522
f 4521 4522 4515
f 4516 4517 4518
f 4519 4520 4521
f 4515 4516 4518
f 4519 4521 4515
f 4515 4518 4519
o b682359888_unknown
v -107.86 0.00 -311.79
v -101.60 0.00 -327.95
v -96.61 0.00 -340.81
v -124.98 0.00 -351.66
v -136.23 0.00 -322.64
v -107.86 35.20 -311.79
v -101.60 35.20 -327.95
v -96.61 35.20 -340.81
v -124.98 35.20 -351.66
v -136.23 35.20 -322.64
f 4523 4524 4529
f 4523 4529 4528
f 4524 4525 4530
f 4524 4530 4529
f 4525 4526 4531
f 4525 4531 4530
f 4526 4527 4532
f 4526 4532 4531
f 4527 4523 4528
f 4527 4528 4532
f 4531 4532 4528
f 4529 4530 4531
f 4531 4528 4529
o b683828427_retail
v -362.77 0.00 13.17
v -351.82 0.00 -15.18
v -379.89 0.00 -25.87
v -390.84 0.00 2.48
v -362.77 6.40 13.17
v -351.82 6.40 -15.18
v -379.89 6.40 -25.87
v -390.84 6.40 2.48
f 4533 4534 4538
f 4533 4538 4537
f 4534 4535 4539
f 4534 4539 4538
f 4535 4536 4540
f 4535 4540 4539
f 4536 4533 4537
f 4536 4537 4540
f 4539 4540 4537
f 4537 4538 4539
o b688834932_food
v 198.78 0.00 -407.98
v 213.12 0.00 -408.42
v 213.23 0.00 -405.36
v 223.18 0.00 -405.66
v 222.77 0.00 -418.80
v 208.37 0.00 -418.36
v 202.45 0.00 -418.22
v 198.47 0.00 -418.10
v 198.78 3.20 -407.98
v 213.12 3.20 -408.42
v 213.23 3.20 -405.36
v 223.18 3.20 -405.66
v 222.77 3.20 -418.80
v 208.37 3.20 -418.36
v 202.45 3.20 -418.22
v 198.47 3.20 -418.10
f 4541 4542 4550
f 4541 4550 4549
f 4542 4543 4551
f 4542 4551 4550
f 4543 4544 4552
f 4543 4552 4551
f 4544 4545 4553
f 4544 4553 4552
f 4545 4546 4554
f 4545 4554 4553
f 4546 4547 4555
f 4546 4555 4554
f 4547 4548 4556
f 4547 4556 4555
f 4548 4541 4549
f 4548 4549 4556
f 4555 4556 4549
f 4550 4551 4552
f 4552 4553 4554
f 4554 4555 4549
f 4550 4552 4554
f 4554 4549 4550
o b688834933_fuel
v 202.33 0.00 -421.93
v 202.45 0.00 -418.22
v 208.37 0.00 -418.36
v 207.80 0.00 -436.61
v 198.24 0.00 -436.32
v 198.69 0.00 -421.82
v 202.33 5.40 -421.93
v 202.45 5.40 -418.22
v 208.37 5.40 -418.36
v 207.80 5.40 -436.61
v 198.24 5.40 -436.32
v 198.69 5.40 -421.82
f 4557 4558 4564
f 4557 4564 4563
f 4558 4559 4565
f 4558 4565 4564
f 4559 4560 4566
f 4559 4566 4565
f 4560 4561 4567
f 4560 4567 4566
f 4561 4562 4568
f 4561 4568 4567
f 4562 4557 4563
f 4562 4563 4568
f 4567 4568 4563
f 4563 4564 4565
f 4565 4566 4567
f 4567 4563 4565
o b689879853_office
v -266.08 0.00 17.39
v -287.93 0.00 74.16
v -278.39 0.00 77.79
v -271.79 0.00 80.29
v -250.81 0.00 88.24
v -231.07 0.00 95.74
v -209.22 0.00 38.98
v -233.51 0.00 29.76
v -266.08 113.00 17.39
v -287.93 113.00 74.16
v -278.39 113.00 77.79
v -271.79 113.00 80.29
v -250.81 113.00 88.24
v -231.07 113.00 95.74
v -209.22 113.00 38.98
v -233.51 113.00 29.76
f 4569 4570 4578
f 4569 4578 4577
f 4570 4571 4579
f 4570 4579 4578
f 4571 4572 4580
f 4571 4580 4579
f 4572 4573 4581
f 4572 4581 4580
f 4573 4574 4582
f 4573 4582 4581
f 4574 4575 4583
f 4574 4583 4582
f 4575 4576 4584
f 4575 4584 4583
f 4576 4569 4577
f 4576 4577 4584
f 4584 4577 4578
f 4578 4579 4580
f 4581 4582 4583
f 4583 4584 4578
f 4578 4580 4581
f 4581 4583 4578
o b691370853_unknown
v 359.57 0.00 -354.09
v 364.43 0.00 -367.63
v 354.49 0.00 -371.15
v 356.04 0.00 -375.49
v 365.99 0.00 -371.98
v 371.66 0.00 -387.74
v 344.37 0.00 -388.02
v 335.28 0.00 -362.68
v 359.57 3.20 -354.09
v 364.43 3.20 -367.63
v 354.49 3.20 -371.15
v 356.04 3.20 -375.49
v 365.99 3.20 -371.98
v 371.66 3.20 -387.74
v 344.37 3.20 -388.02
v 335.28 3.20 -362.68
f 4585 4586 4594
f 4585 4594 4593
f 4586 4587 4595
f 4586 4595 4594
f 4587 4588 4596
f 4587 4596 4595
f 4588 4589 4597
f 4588 4597 4596
f 4589 4590 4598
f 4589 4598 4597
f 4590 4591 4599
f 4590 4599 4598
f 4591 4592 4600
f 4591 4600 4599
f 4592 4585 4593
f 4592 4593 4600
f 4599 4600 4593
f 4593 4594 4595
f 4596 4597 4598
f 4599 4593 4595
f 4596 4598 4599
f 4599 4595 4596
o b693284923_unknown
v 57.45 0.00 -29.02
v 46.38 0.00 -0.06
v 74.48 0.00 10.53
v 85.55 0.00 -18.43
v 57.45 16.00 -29.02
v 46.38 16.00 -0.06
v 74.48 16.00 10.53
v 85.55 16.00 -18.43
f 4601 4602 4606
f 4601 4606 4605
f 4602 4603 4607
f 4602 4607 4606
f 4603 4604 4608
f 4603 4608 4607
f 4604 4601 4605
f 4604 4605 4608
f 4607 4608 4605
f 4605 4606 4607
o b693712595_residential
v 295.41 0.00 187.24
v 332.44 0.00 201.18
v 335.08 0.00 202.18
v 352.13 0.00 208.59
v 364.49 0.00 176.22
v 361.43 0.00 175.07
v 362.39 0.00 172.54
v 357.58 0.00 170.74
v 357.98 0.00 169.67
v 350.56 0.00 166.87
v 337.17 0.00 161.83
v 309.13 0.00 151.29
v 305.61 0.00 160.52
v 301.80 0.00 170.50
v 300.01 0.00 175.10
v 295.41 16.00 187.24
v 332.44 16.00 201.18
v 335.08 16.00 202.18
v 352.13 16.00 208.59
v 364.49 16.00 176.22
v 361.43 16.00 175.07
v 362.39 16.00 172.54
v 357.58 16.00 170.74
v 357.98 16.00 169.67
v 350.56 16.00 166.87
v 337.17 16.00 161.83
v 309.13 16.00 151.29
v 305.61 16.00 160.52
v 301.80 16.00 170.50
v 300.01 16.00 175.10
f 4609 4610 4625
f 4609 4625 4624
f 4610 4611 4626
f 4610 4626 4625
f 4611 4612 4627
f 4611 4627 4626
f 4612 4613 4628
f 4612 4628 4627
f 4613 4614 4629
f 4613 4629 4628
f 4614 4615 4630
f 4614 4630 4629
f 4615 4616 4631
f 4615 4631 4630
f 4616 4617 4632
f 4616 4632 4631
f 4617 4618 4633
f 4617 4633 4632
f 4618 4619 4634
f 4618 4634 4633
f 4619 4620 4635
f 4619 4635 4634
f 4620 4621 4636
f 4620 4636 4635
f 4621 4622 4637
f 4621 4637 4636
f 4622 4623 4638
f 4622 4638 4637
f 4623 4609 4624
f 4623 4624 4638
f 4637 4638 4624
f 4625 4626 4627
f 4627 4628 4629
f 4629 4630 4631
f 4631 4632 4633
f 4633 4634 4635
f 4636 4637 4624
f 4624 4625 4627
f 4627 4629 4631
f 4631 4633 4635
f 4636 4624 4627
f 4627 4631 4635
f 4635 4636 4627
o b693986051_office
v -147.46 0.00 -273.13
v -154.87 0.00 -253.84
v -155.94 0.00 -251.06
v -157.64 0.00 -246.65
v -164.26 0.00 -249.16
v -169.46 0.00 -235.60
v -167.03 0.00 -234.68
v -168.09 0.00 -231.92
v -163.89 0.00 -230.34
v -165.22 0.00 -226.89
v -143.49 0.00 -218.67
v -146.37 0.00 -211.19
v -136.62 0.00 -207.49
v -135.05 0.00 -211.62
v -132.31 0.00 -210.58
v -133.96 0.00 -206.28
v -130.60 0.00 -205.01
v -127.66 0.00 -212.68
v -121.26 0.00 -210.25
v -119.96 0.00 -213.62
v -115.59 0.00 -211.96
v -109.30 0.00 -228.35
v -113.67 0.00 -230.00
v -107.90 0.00 -245.05
v -103.50 0.00 -256.49
v -147.46 81.00 -273.13
v -154.87 81.00 -253.84
v -155.94 81.00 -251.06
v -157.64 81.00 -246.65
v -164.26 81.00 -249.16
v -169.46 81.00 -235.60
v -167.03 81.00 -234.68
v -168.09 81.00 -231.92
v -163.89 81.00 -230.34
v -165.22 81.00 -226.89
v -143.49 81.00 -218.67
v -146.37 81.00 -211.19
v -136.62 81.00 -207.49
v -135.05 81.00 -211.62
v -132.31 81.00 -210.58
v -133.96 81.00 -206.28
v -130.60 81.00 -205.01
v -127.66 81.00 -212.68
v -121.26 81.00 -210.25
v -119.96 81.00 -213.62
v -115.59 81.00 -211.96
v -109.30 81.00 -228.35
v -113.67 81.00 -230.00
v -107.90 81.00 -245.05
v -103.50 81.00 -256.49
f 4639 4640 4665
f 4639 4665 4664
f 4640 4641 4666
f 4640 4666 4665
f 4641 4642 4667
f 4641 4667 4666
f 4642 4643 4668
f 4642 4668 4667
f 4643 4644 4669
f 4643 4669 4668
f 4644 4645 4670
f 4644 4670 4669
f 4645 4646 4671
f 4645 4671 4670
f 4646 4647 4672
f 4646 4672 4671
f 4647 4648 4673
f 4647 4673 4672
f 4648 4649 4674
f 4648 4674 4673
f 4649 4650 4675
f 4649 4675 4674
f 4650 4651 4676
f 4650 4676 4675
f 4651 4652 4677
f 4651 4677 4676
f 4652 4653 4678
f 4652 4678 4677
f 4653 4654 4679
f 4653 4679 4678
f 4654 4655 4680
f 4654 4680 4679
f 4655 4656 4681
f 4655 4681 4680
f 4656 4657 4682
f 4656 4682 4681
f 4657 4658 4683
f 4657 4683 4682
f 4658 4659 4684
f 4658 4684 4683
f 4659 4660 4685
f 4659 4685 4684
f 4660 4661 4686
f 4660 4686 4685
f 4661 4662 4687
f 4661 4687 4686
f 4662 4663 4688
f 4662 4688 4687
f 4663 4639 4664
f 4663 4664 4688
f 4687 4688 4664
f 4667 4668 4669
f 4670 4671 4672
f 4672 4673 4674
f 4674 4675 4676
f 4678 4679 4680
f 4681 4682 4683
f 4683 4684 4685
f 4686 4687 4664
f 4667 4669 4670
f 4670 4672 4674
f 4674 4676 4677
f 4678 4680 4681
f 4681 4683 4685
f 4686 4664 4665
f 4667 4670 4674
f 4674 4677 4678
f 4678 4681 4685
f 4686 4665 4666
f 4666 4667 4674
f 4674 4678 4685
f 4686 4666 4674
f 4674 4685 4686
o b790546385_unknown
v -465.37 0.00 -278.66
v -451.15 0.00 -273.29
v -436.99 0.00 -267.95
v -427.16 0.00 -264.25
v -418.57 0.00 -261.00
v -413.36 0.00 -259.04
v -408.48 0.00 -257.19
v -397.75 0.00 -285.23
v -454.64 0.00 -306.69
v -465.37 91.00 -278.66
v -451.15 91.00 -273.29
v -436.99 91.00 -267.95
v -427.16 91.00 -264.25
v -418.57 91.00 -261.00
v -413.36 91.00 -259.04
v -408.48 91.00 -257.19
v -397.75 91.00 -285.23
v -454.64 91.00 -306.69
f 4689 4690 4699
f 4689 4699 4698
f 4690 4691 4700
f 4690 4700 4699
f 4691 4692 4701
f 4691 4701 4700
f 4692 4693 4702
f 4692 4702 4701
f 4693 4694 4703
f 4693 4703 4702
f 4694 4695 4704
f 4694 4704 4703
f 4695 4696 4705
f 4695 4705 4704
f 4696 4697 4706
f 4696 4706 4705
f 4697 4689 4698
f 4697 4698 4706
f 4705 4706 4698
f 4698 4699 4700
f 4701 4702 4703
f 4703 4704 4705
f 4705 4698 4700
f 4701 4703 4705
f 4705 4700 4701
o b802390151_unknown
v -131.49 0.00 -372.28
v -131.89 0.00 -369.19
v -121.44 0.00 -365.56
v -121.21 0.00 -367.18
v -117.19 0.00 -395.18
v -116.90 0.00 -396.06
v -116.17 0.00 -397.00
v -115.13 0.00 -397.52
v -114.12 0.00 -397.90
v -80.33 0.00 -398.24
v -81.78 0.00 -430.95
v -128.19 0.00 -430.11
v -130.00 0.00 -432.41
v -128.30 0.00 -396.68
v -131.49 7.70 -372.28
v -131.89 7.70 -369.19
v -121.44 7.70 -365.56
v -121.21 7.70 -367.18
v -117.19 7.70 -395.18
v -116.90 7.70 -396.06
v -116.17 7.70 -397.00
v -115.13 7.70 -397.52
v -114.12 7.70 -397.90
v -80.33 7.70 -398.24
v -81.78 7.70 -430.95
v -128.19 7.70 -430.11
v -130.00 7.70 -432.41
v -128.30 7.70 -396.68
f 4707 4708 4722
f 4707 4722 4721
f 4708 4709 4723
f 4708 4723 4722
f 4709 4710 4724
f 4709 4724 4723
f 4710 4711 4725
f 4710 4725 4724
f 4711 4712 4726
f 4711 4726 4725
f 4712 4713 4727
f 4712 4727 4726
f 4713 4714 4728
f 4713 4728 4727
f 4714 4715 4729
f 4714 4729 4728
f 4715 4716 4730
f 4715 4730 4729
f 4716 4717 4731
f 4716 4731 4730
f 4717 4718 4732
f 4717 4732 4731
f 4718 4719 4733
f 4718 4733 4732
f 4719 4720 4734
f 4719 4734 4733
f 4720 4707 4721
f 4720 4721 4734
f 4734 4721 4722
f 4722 4723 4724
f 4729 4730 4731
f 4732 4733 4734
f 4734 4722 4724
f 4728 4729 4731
f 4731 4732 4734
f 4734 4724 4725
f 4727 4728 4731
f 4734 4725 4726
f 4727 4731 4734
f 4734 4726 4727
o b967656419_unknown
v -111.80 0.00 -419.50
v -111.37 0.00 -409.57
v -105.91 0.00 -409.80
v -106.21 0.00 -416.75
v -106.34 0.00 -419.73
v -111.80 10.60 -419.50
v -111.37 10.60 -409.57
v -105.91 10.60 -409.80
v -106.21 10.60 -416.75
v -106.34 10.60 -419.73
f 4735 4736 4741
f 4735 4741 4740
f 4736 4737 4742
f 4736 4742 4741
f 4737 4738 4743
f 4737 4743 4742
f 4738 4739 4744
f 4738 4744 4743
f 4739 4735 4740
f 4739 4740 4744
f 4743 4744 4740
f 4740 4741 4742
f 4742 4743 4740
o b967656420_unknown
v -92.12 0.00 -420.15
v -92.00 0.00 -417.27
v -91.70 0.00 -410.22
v -86.24 0.00 -410.46
v -86.66 0.00 -420.38
v -92.12 6.60 -420.15
v -92.00 6.60 -417.27
v -91.70 6.60 -410.22
v -86.24 6.60 -410.46
v -86.66 6.60 -420.38
f 4745 4746 4751
f 4745 4751 4750
f 4746 4747 4752
f 4746 4752 4751
f 4747 4748 4753
f 4747 4753 4752
f 4748 4749 4754
f 4748 4754 4753
f 4749 4745 4750
f 4749 4750 4754
f 4753 4754 4750
f 4750 4751 4752
f 4752 4753 4750
o b1227505777_office
v 102.97 0.00 -431.94
v 89.22 0.00 -395.24
v 87.94 0.00 -391.82
v 86.66 0.00 -388.39
v 76.32 0.00 -388.29
v 53.54 0.00 -329.80
v 71.45 0.00 -312.15
v 97.87 0.00 -287.66
v 122.04 0.00 -351.51
v 136.19 0.00 -388.89
v 137.49 0.00 -392.31
v 138.78 0.00 -395.73
v 152.58 0.00 -432.18
v 102.97 163.00 -431.94
v 89.22 163.00 -395.24
v 87.94 163.00 -391.82
v 86.66 163.00 -388.39
v 76.32 163.00 -388.29
v 53.54 163.00 -329.80
v 71.45 163.00 -312.15
v 97.87 163.00 -287.66
v 122.04 163.00 -351.51
v 136.19 163.00 -388.89
v 137.49 163.00 -392.31
v 138.78 163.00 -395.73
v 152.58 163.00 -432.18
f 4755 4756 4769
f 4755 4769 4768
f 4756 4757 4770
f 4756 4770 4769
f 4757 4758 4771
f 4757 4771 4770
f 4758 4759 4772
f 4758 4772 4771
f 4759 4760 4773
f 4759 4773 4772
f 4760 4761 4774
f 4760 4774 4773
f 4761 4762 4775
f 4761 4775 4774
f 4762 4763 4776
f 4762 4776 4775
f 4763 4764 4777
f 4763 4777 4776
f 4764 4765 4778
f 4764 4778 4777
f 4765 4766 4779
f 4765 4779 4778
f 4766 4767 4780
f 4766 4780 4779
f 4767 4755 4768
f 4767 4768 4780
f 4779 4780 4768
f 4768 4769 4770
f 4771 4772 4773
f 4773 4774 4775
f 4777 4778 4779
f 4779 4768 4770
f 4771 4773 4775
f 4777 4779 4770
f 4770 4771 4775
f 4776 4777 4770
f 4770 4775 4776
o b1275949983_unknown
v 204.00 0.00 351.55
v 208.11 0.00 346.42
v 184.18 0.00 336.68
v 178.12 0.00 341.24
v 204.00 5.20 351.55
v 208.11 5.20 346.42
v 184.18 5.20 336.68
v 178.12 5.20 341.24
f 4781 4782 4786
f 4781 4786 4785
f 4782 4783 4787
f 4782 4787 4786
f 4783 4784 4788
f 4783 4788 4787
f 4784 4781 4785
f 4784 4785 4788
f 4787 4788 4785
f 4785 4786 4787
o b1550450365_unknown
v 171.36 0.00 324.82
v 182.97 0.00 329.20
v 190.86 0.00 325.67
v 236.18 0.00 342.80
v 234.14 0.00 348.15
v 237.06 0.00 355.57
v 254.48 0.00 362.16
v 243.67 0.00 390.39
v 236.51 0.00 393.73
v 218.31 0.00 386.86
v 217.01 0.00 390.27
v 215.71 0.00 393.67
v 239.34 0.00 402.60
v 250.43 0.00 398.43
v 255.15 0.00 386.12
v 253.18 0.00 385.38
v 260.87 0.00 365.33
v 282.57 0.00 373.53
v 285.15 0.00 366.79
v 280.89 0.00 355.04
v 278.81 0.00 349.32
v 280.16 0.00 349.83
v 274.86 0.00 338.09
v 278.61 0.00 328.43
v 274.29 0.00 320.29
v 256.69 0.00 313.65
v 244.09 0.00 319.52
v 240.95 0.00 320.99
v 236.52 0.00 332.54
v 232.70 0.00 334.17
v 216.58 0.00 327.99
v 217.04 0.00 326.79
v 203.09 0.00 321.58
v 187.32 0.00 315.70
v 184.86 0.00 310.32
v 185.34 0.00 309.10
v 172.57 0.00 304.27
v 168.90 0.00 313.86
v 167.91 0.00 316.45
v 171.36 18.00 324.82
v 182.97 18.00 329.20
v 190.86 18.00 325.67
v 236.18 18.00 342.80
v 234.14 18.00 348.15
v 237.06 18.00 355.57
v 254.48 18.00 362.16
v 243.67 18.00 390.39
v 236.51 18.00 393.73
v 218.31 18.00 386.86
v 217.01 18.00 390.27
v 215.71 18.00 393.67
v 239.34 18.00 402.60
v 250.43 18.00 398.43
v 255.15 18.00 386.12
v 253.18 18.00 385.38
v 260.87 18.00 365.33
v 282.57 18.00 373.53
v 285.15 18.00 366.79
v 280.89 18.00 355.04
v 278.81 18.00 349.32
v 280.16 18.00 349.83
v 274.86 18.00 338.09
v 278.61 18.00 328.43
v 274.29 18.00 320.29
v 256.69 18.00 313.65
v 244.09 18.00 319.52
v 240.95 18.00 320.99
v 236.52 18.00 332.54
v 232.70 18.00 334.17
v 216.58 18.00 327.99
v 217.04 18.00 326.79
v 203.09 18.00 321.58
v 187.32 18.00 315.70
v 184.86 18.00 310.32
v 185.34 18.00 309.10
v 172.57 18.00 304.27
v 168.90 18.00 313.86
v 167.91 18.00 316.45
f 4789 4790 4829
f 4789 4829 4828
f 4790 4791 4830
f 4790 4830 4829
f 4791 4792 4831
f 4791 4831 4830
f 4792 4793 4832
f 4792 4832 4831
f 4793 4794 4833
f 4793 4833 4832
f 4794 4795 4834
f 4794 4834 4833
f 4795 4796 4835
f 4795 4835 4834
f 4796 4797 4836
f 4796 4836 4835
f 4797 4798 4837
f 4797 4837 4836
f 4798 4799 4838
f 4798 4838 4837
f 4799 4800 4839
f 4799 4839 4838
f 4800 4801 4840
f 4800 4840 4839
f 4801 4802 4841
f 4801 4841 4840
f 4802 4803 4842
f 4802 4842 4841
f 4803 4804 4843
f 4803 4843 4842
f 4804 4805 4844
f 4804 4844 4843
f 4805 4806 4845
f 4805 4845 4844
f 4806 4807 4846
f 4806 4846 4845
f 4807 4808 4847
f 4807 4847 4846
f 4808 4809 4848
f 4808 4848 4847
f 4809 4810 4849
f 4809 4849 4848
f 4810 4811 4850
f 4810 4850 4849
f 4811 4812 4851
f 4811 4851 4850
f 4812 4813 4852
f 4812 4852 4851
f 4813 4814 4853
f 4813 4853 4852
f 4814 4815 4854
f 4814 4854 4853
f 4815 4816 4855
f 4815 4855 4854
f 4816 4817 4856
f 4816 4856 4855
f 4817 4818 4857
f 4817 4857 4856
f 4818 4819 4858
f 4818 4858 4857
f 4819 4820 4859
f 4819 4859 4858
f 4820 4821 4860
f 4820 4860 4859
f 4821 4822 4861
f 4821 4861 4860
f 4822 4823 4862
f 4822 4862 4861
f 4823 4824 4863
f 4823 4863 4862
f 4824 4825 4864
f 4824 4864 4863
f 4825 4826 4865
f 4825 4865 4864
f 4826 4827 4866
f 4826 4866 4865
f 4827 4789 4828
f 4827 4828 4866
f 4865 4866 4828
f 4828 4829 4830
f 4831 4832 4833
f 4836 4837 4838
f 4838 4839 4840
f 4840 4841 4842
f 4844 4845 4846
f 4846 4847 4848
f 4848 4849 4850
f 4850 4851 4852
f 4852 4853 4854
f 4854 4855 4856
f 4858 4859 4860
f 4862 4863 4864
f 4864 4865 4828
f 4831 4833 4834
f 4836 4838 4840
f 4840 4842 4843
f 4844 4846 4848
f 4850 4852 4854
f 4858 4860 4861
f 4861 4862 4864
f 4864 4828 4830
f 4835 4836 4840
f 4840 4843 4844
f 4844 4848 4850
f 4850 4854 4856
f 4861 4864 4830
f 4834 4835 4840
f 4840 4844 4850
f 4850 4856 4857
f 4858 4861 4830
f 4834 4840 4850
f 4857 4858 4830
f 4831 4834 4850
f 4857 4830 4831
f 4831 4850 4857
o r5510504_primary
v 464.99 0.05 78.08
v 470.65 0.05 69.82
v 443.54 0.05 63.36
v 448.48 0.05 54.66
v 420.05 0.05 52.57
v 424.23 0.05 43.49
o r5519621_primary
v 369.54 0.05 47.77
v 367.64 0.05 57.59
v 394.80 0.05 52.63
v 392.86 0.05 62.45
v 412.00 0.05 56.14
v 409.78 0.05 65.88
v 423.61 0.05 59.22
v 421.05 0.05 68.88
f 4873 4874 4876
f 4873 4876 4875
o r5521807_unclassified
v -365.40 0.05 139.14
v -370.06 0.05 137.30
v -368.11 0.05 146.02
v -372.79 0.05 144.24
v -378.36 0.05 173.04
v -383.04 0.05 171.26
v -381.73 0.05 181.86
v -386.41 0.05 180.08
v -383.14 0.05 185.56
v -387.82 0.05 183.78
v -386.07 0.05 193.26
v -390.73 0.05 191.48
v -387.70 0.05 197.46
v -392.36 0.05 195.66
v -390.38 0.05 204.48
v -395.06 0.05 202.72
v -390.57 0.05 205.14
v -395.25 0.05 203.38
v -391.17 0.05 206.58
v -395.83 0.05 204.76
v -393.46 0.05 212.54
v -398.12 0.05 210.76
v -396.09 0.05 219.44
v -400.77 0.05 217.66
v -405.98 0.05 245.34
v -410.66 0.05 243.56
v -408.72 0.05 252.47
v -413.38 0.05 250.69
v -417.79 0.05 276.20
v -422.47 0.05 274.42
v -422.03 0.05 287.30
v -426.69 0.05 285.50
v -434.57 0.05 319.59
v -439.23 0.05 317.77
v -437.22 0.05 326.36
v -441.88 0.05 324.54
v -446.77 0.05 350.62
v -451.41 0.05 348.78
v -447.56 0.05 352.44
v -452.20 0.05 350.58
v -450.91 0.05 360.98
v -455.57 0.05 359.18
v -463.02 0.05 392.72
v -467.70 0.05 390.94
v -465.59 0.05 399.39
v -470.25 0.05 397.59
v -475.16 0.05 424.17
v -479.82 0.05 422.37
v -478.74 0.05 433.31
v -483.40 0.05 431.51
v -491.71 0.05 466.95
v -496.37 0.05 465.15
v -494.52 0.05 474.24
v -499.18 0.05 472.42
v -504.02 0.05 498.62
v -508.68 0.05 496.80
v -507.34 0.05 507.17
v -512.00 0.05 505.39
v -509.71 0.05 513.48
v -514.39 0.05 511.70
v -532.32 0.05 573.05
v -537.00 0.05 571.27
v -532.73 0.05 574.14
v -537.41 0.05 572.38
v -533.92 0.05 577.28
v -538.60 0.05 575.50
v -535.40 0.05 581.18
v -540.12 0.05 579.54
v -545.08 0.05 609.25
v -549.78 0.05 607.53
v -559.54 0.05 647.08
v -564.22 0.05 645.30
v -560.13 0.05 648.61
v -564.81 0.05 646.83
v -562.34 0.05 654.41
v -567.02 0.05 652.63
v -562.93 0.05 655.96
v -567.61 0.05 654.18
v -565.02 0.05 661.44
v -569.70 0.05 659.66
v -590.25 0.05 727.44
v -594.93 0.05 725.66
f 4881 4882 4884
f 4881 4884 4883
f 4885 4886 4888
f 4885 4888 4887
f 4889 4890 4892
f 4889 4892 4891
f 4893 4894 4896
f 4893 4896 4895
f 4897 4898 4900
f 4897 4900 4899
f 4901 4902 4904
f 4901 4904 4903
f 4905 4906 4908
f 4905 4908 4907
f 4909 4910 4912
f 4909 4912 4911
f 4913 4914 4916
f 4913 4916 4915
f 4917 4918 4920
f 4917 4920 4919
f 4921 4922 4924
f 4921 4924 4923
f 4925 4926 4928
f 4925 4928 4927
f 4929 4930 4932
f 4929 4932 4931
f 4933 4934 4936
f 4933 4936 4935
f 4937 4938 4940
f 4937 4940 4939
f 4941 4942 4944
f 4941 4944 4943
f 4945 4946 4948
f 4945 4948 4947
f 4949 4950 4952
f 4949 4952 4951
f 4953 4954 4956
f 4953 4956 4955
o r5522371_tertiary
v -355.14 0.05 -364.26
v -362.14 0.05 -364.02
v -355.01 0.05 -360.36
v -362.01 0.05 -360.20
v -354.99 0.05 -356.51
v -361.97 0.05 -357.05
v -355.64 0.05 -352.60
v -362.46 0.05 -354.14
v -356.50 0.05 -349.82
v -363.06 0.05 -352.26
v -368.82 0.05 -317.21
v -375.36 0.05 -319.69
f 4963 4964 4966
f 4963 4966 4965
f 4967 4968 4970
f 4967 4970 4969
o r5522395_tertiary
v 14.66 0.05 370.92
v 14.16 0.05 363.94
v 7.49 0.05 371.44
v 6.93 0.05 364.46
v 1.31 0.05 371.99
v 1.35 0.05 364.99
v -3.04 0.05 371.18
v -0.62 0.05 364.62
v -7.07 0.05 368.97
v -2.89 0.05 363.35
v -10.53 0.05 365.76
v -5.69 0.05 360.70
v -18.74 0.05 357.82
v -13.88 0.05 352.78
f 4975 4976 4978
f 4975 4978 4977
f 4979 4980 4982
f 4979 4982 4981
o r5522879_tertiary
v 50.52 0.05 -371.45
v 54.74 0.05 -377.03
v 43.64 0.05 -376.67
v 47.80 0.05 -382.29
v 38.46 0.05 -380.40
v 42.04 0.05 -386.42
v 35.11 0.05 -381.79
v 37.43 0.05 -388.39
v 30.59 0.05 -383.10
v 32.49 0.05 -389.84
v 22.77 0.05 -385.27
v 24.63 0.05 -392.01
f 4989 4990 4992
f 4989 4992 4991
f 4993 4994 4996
f 4993 4996 4995
o r5528245_tertiary
v 330.90 0.05 321.65
v 333.32 0.05 315.09
v 323.62 0.05 318.96
v 326.04 0.05 312.40
o r5528592_secondary
v 324.89 0.05 -450.23
v 316.89 0.05 -450.05
v 325.10 0.05 -440.77
v 317.10 0.05 -440.57
v 325.84 0.05 -413.02
v 317.84 0.05 -412.80
v 326.25 0.05 -397.55
v 318.25 0.05 -397.33
v 326.39 0.05 -392.42
v 318.39 0.05 -392.24
v 326.70 0.05 -377.95
v 318.70 0.05 -378.13
v 325.79 0.05 -367.31
v 317.85 0.05 -368.21
v 324.56 0.05 -359.15
v 316.74 0.05 -360.87
v 322.33 0.05 -351.64
v 314.79 0.05 -354.30
v 316.69 0.05 -336.77
v 309.21 0.05 -339.61
v 299.57 0.05 -291.57
v 292.09 0.05 -294.41
v 296.88 0.05 -284.63
v 289.42 0.05 -287.53
f 5005 5006 5008
f 5005 5008 5007
f 5009 5010 5012
f 5009 5012 5011
f 5013 5014 5016
f 5013 5016 5015
f 5017 5018 5020
f 5017 5020 5019
f 5021 5022 5024
f 5021 5024 5023
o r5531013_unclassified
v 409.82 0.05 -393.45
v 409.74 0.05 -388.45
v 449.20 0.05 -392.79
v 449.12 0.05 -387.79
v 465.73 0.05 -392.49
v 465.63 0.05 -387.49
o r5531015_tertiary
v 22.50 0.05 -385.35
v 24.90 0.05 -391.93
v 15.78 0.05 -387.80
v 18.28 0.05 -394.34
v 8.02 0.05 -390.89
v 10.60 0.05 -397.39
v 6.58 0.05 -391.46
v 9.34 0.05 -397.90
v 3.44 0.05 -392.92
v 7.34 0.05 -398.72
v 0.94 0.05 -395.25
v 5.80 0.05 -400.29
f 5035 5036 5038
f 5035 5038 5037
f 5039 5040 5042
f 5039 5042 5041
o r5531923_secondary
v 283.75 0.05 -31.85
v 286.95 0.05 -39.19
v 275.16 0.05 -35.61
v 278.18 0.05 -43.01
v 266.99 0.05 -38.70
v 269.83 0.05 -46.18
v 232.33 0.05 -51.85
v 235.17 0.05 -59.33
v 215.14 0.05 -58.37
v 217.98 0.05 -65.85
v 207.59 0.05 -61.24
v 210.43 0.05 -68.72
f 5047 5048 5050
f 5047 5050 5049
f 5051 5052 5054
f 5051 5054 5053
o r5531925_unclassified
v 355.07 0.05 -10.91
v 354.65 0.05 -15.89
v 350.03 0.05 -10.50
v 350.21 0.05 -15.50
v 344.21 0.05 -11.36
v 345.63 0.05 -16.16
v 337.79 0.05 -14.10
v 339.95 0.05 -18.60
v 322.60 0.05 -21.72
v 325.30 0.05 -25.92
v 309.76 0.05 -32.19
v 313.20 0.05 -35.81
v 302.46 0.05 -40.87
v 306.50 0.05 -43.83
v 298.23 0.05 -47.91
v 302.51 0.05 -50.49
v 297.17 0.05 -49.70
v 301.71 0.05 -51.80
v 292.69 0.05 -59.84
v 297.27 0.05 -61.86
f 5059 5060 5062
f 5059 5062 5061
f 5063 5064 5066
f 5063 5066 5065
f 5067 5068 5070
f 5067 5070 5069
f 5071 5072 5074
f 5071 5074 5073
o r5534227_unclassified
v -75.41 0.05 -399.91
v -70.41 0.05 -400.09
v -75.61 0.05 -405.32
v -70.61 0.05 -405.50
v -76.59 0.05 -431.71
v -71.59 0.05 -431.89
v -76.61 0.05 -432.34
v -71.61 0.05 -432.54
v -76.94 0.05 -440.29
v -71.94 0.05 -440.49
f 5079 5080 5082
f 5079 5082 5081
o r5534730_secondary
v 1.40 0.05 -440.84
v 9.40 0.05 -440.90
v 1.32 0.05 -452.78
v 9.32 0.05 -452.84
o r5537917_unclassified
v 387.40 0.05 173.22
v 389.02 0.05 168.48
v 379.84 0.05 170.63
v 381.46 0.05 165.89
o r30290543_path
v 442.48 0.05 200.83
v 443.06 0.05 199.45
v 410.13 0.05 187.26
v 410.87 0.05 185.96
v 410.91 0.05 182.62
v 412.39 0.05 182.38
v 404.78 0.05 155.85
v 406.20 0.05 155.39
v 402.05 0.05 154.83
v 402.69 0.05 153.47
f 5097 5098 5100
f 5097 5100 5099
o r30290602_secondary
v 185.89 0.05 441.53
v 190.03 0.05 434.69
v 178.43 0.05 437.00
v 182.09 0.05 429.88
v 167.00 0.05 431.81
v 169.94 0.05 424.37
v 122.38 0.05 414.82
v 125.36 0.05 407.40
v 114.94 0.05 410.97
v 118.64 0.05 403.87
f 5107 5108 5110
f 5107 5110 5109
o r30291298_unclassified
v 385.81 0.05 -82.07
v 381.15 0.05 -83.87
v 383.12 0.05 -75.07
v 378.44 0.05 -76.83
v 361.38 0.05 -17.33
v 356.70 0.05 -19.11
v 359.90 0.05 -14.18
v 355.64 0.05 -16.80
v 357.98 0.05 -12.09
v 355.06 0.05 -16.15
v 355.85 0.05 -11.11
v 353.87 0.05 -15.69
f 5117 5118 5120
f 5117 5120 5119
f 5121 5122 5124
f 5121 5124 5123
o r30291303_unclassified
v 327.55 0.05 73.14
v 322.87 0.05 71.36
v 311.31 0.05 115.95
v 306.59 0.05 114.31
v 307.76 0.05 130.06
v 302.92 0.05 128.78
v 306.79 0.05 133.19
v 301.97 0.05 131.87
v 305.07 0.05 139.81
v 300.23 0.05 138.55
f 5129 5130 5132
f 5129 5132 5131
o r30291308_unclassified
v 277.47 0.05 213.97
v 272.65 0.05 212.65
v 275.90 0.05 219.72
v 271.14 0.05 218.20
v 274.25 0.05 224.07
v 269.61 0.05 222.23
v 272.19 0.05 229.12
v 267.53 0.05 227.30
v 251.86 0.05 281.04
v 247.20 0.05 279.22
v 249.22 0.05 287.78
v 244.56 0.05 285.96
f 5139 5140 5142
f 5139 5142 5141
f 5143 5144 5146
f 5143 5146 5145
o r30291317_tertiary
v 191.22 0.05 439.37
v 184.70 0.05 436.85
v 187.68 0.05 448.53
v 181.10 0.05 446.13
v 179.60 0.05 471.22
v 173.00 0.05 468.88
o r30291530_unclassified
v 275.95 0.05 210.97
v 274.17 0.05 215.65
v 282.87 0.05 213.60
v 281.09 0.05 218.28
v 307.28 0.05 222.87
v 305.52 0.05 227.55
v 344.35 0.05 236.69
v 342.57 0.05 241.37
v 353.58 0.05 240.40
v 351.72 0.05 245.04
v 360.65 0.05 243.22
v 358.79 0.05 247.86
f 5157 5158 5160
f 5157 5160 5159
f 5161 5162 5164
f 5161 5164 5163
o r33854872_secondary
v -567.42 0.05 -280.12
v -570.34 0.05 -272.66
v -559.46 0.05 -277.00
v -562.38 0.05 -269.56
v -551.44 0.05 -273.84
v -554.38 0.05 -266.40
v -497.96 0.05 -252.66
v -500.90 0.05 -245.22
v -489.93 0.05 -249.61
v -492.65 0.05 -242.09
v -480.82 0.05 -246.46
v -483.68 0.05 -238.98
v -418.58 0.05 -222.39
v -421.46 0.05 -214.93
v -413.04 0.05 -220.36
v -415.78 0.05 -212.84
v -409.82 0.05 -219.19
v -412.56 0.05 -211.67
v -400.92 0.05 -215.95
v -403.72 0.05 -208.45
v -387.55 0.05 -210.89
v -390.39 0.05 -203.41
v -340.09 0.05 -192.93
v -342.93 0.05 -185.45
v -329.87 0.05 -189.05
v -332.71 0.05 -181.57
f 5169 5170 5172
f 5169 5172 5171
f 5173 5174 5176
f 5173 5176 5175
f 5177 5178 5180
f 5177 5180 5179
f 5181 5182 5184
f 5181 5184 5183
f 5185 5186 5188
f 5185 5188 5187
o r37659078_footway
v -338.95 0.05 -439.08
v -339.49 0.05 -437.68
v -328.17 0.05 -434.97
v -328.71 0.05 -433.57
v -312.51 0.05 -428.87
v -313.05 0.05 -427.47
v -301.41 0.05 -424.54
v -301.95 0.05 -423.14
v -290.39 0.05 -420.46
v -290.91 0.05 -419.06
v -289.74 0.05 -420.24
v -290.10 0.05 -418.78
v -280.99 0.05 -418.10
v -281.35 0.05 -416.64
f 5195 5196 5198
f 5195 5198 5197
f 5199 5200 5202
f 5199 5202 5201
o r39453288_footway
v -110.23 0.05 25.90
v -109.69 0.05 24.50
v -126.33 0.05 19.57
v -125.77 0.05 18.19
v -137.43 0.05 14.86
v -136.87 0.05 13.46
v -147.76 0.05 11.13
v -147.26 0.05 9.71
v -158.54 0.05 7.28
v -158.04 0.05 5.86
f 5209 5210 5212
f 5209 5212 5211
o r44415430_tertiary
v -233.02 0.05 -396.85
v -230.56 0.05 -403.41
v -257.48 0.05 -406.07
v -255.02 0.05 -412.63
v -273.05 0.05 -411.94
v -270.57 0.05 -418.48
v -274.12 0.05 -412.38
v -272.52 0.05 -419.20
v -280.46 0.05 -413.66
v -279.08 0.05 -420.52
v -281.86 0.05 -413.94
v -280.48 0.05 -420.80
f 5219 5220 5222
f 5219 5222 5221
f 5223 5224 5226
f 5223 5226 5225
o r44706403_primary
v -360.42 0.05 -432.84
v -360.72 0.05 -442.84
v -362.49 0.05 -432.78
v -362.75 0.05 -442.78
v -368.34 0.05 -432.64
v -368.60 0.05 -442.64
v -432.76 0.05 -430.94
v -433.02 0.05 -440.94
v -439.65 0.05 -430.83
v -439.81 0.05 -440.83
f 5231 5232 5234
f 5231 5234 5233
o r44706405_primary
v -282.08 0.05 -435.50
v -282.42 0.05 -445.50
v -290.75 0.05 -435.21
v -291.13 0.05 -445.21
v -339.03 0.05 -433.38
v -339.41 0.05 -443.38
o r44706417_primary
v -74.50 0.05 -445.39
v -74.38 0.05 -435.39
v -67.89 0.05 -445.47
v -67.83 0.05 -435.47
v -12.56 0.05 -445.77
v -12.50 0.05 -435.77
v -10.61 0.05 -445.78
v -10.55 0.05 -435.78
v 5.37 0.05 -445.87
v 5.43 0.05 -435.87
f 5247 5248 5250
f 5247 5250 5249
o r45701294_primary
v 318.78 0.05 39.62
v 317.20 0.05 49.50
v 369.38 0.05 47.74
v 367.80 0.05 57.62
o r47414258_pedestrian
v -123.37 0.05 -401.28
v -123.31 0.05 -397.28
v -83.96 0.05 -401.83
v -83.90 0.05 -397.83
v -72.94 0.05 -402.00
v -72.88 0.05 -398.00
o r48101503_unclassified
v 240.77 0.05 -387.70
v 241.89 0.05 -392.58
v 235.45 0.05 -388.93
v 236.57 0.05 -393.81
v 231.52 0.05 -389.83
v 232.64 0.05 -394.71
v 220.77 0.05 -392.35
v 221.01 0.05 -397.35
v 160.62 0.05 -393.29
v 160.70 0.05 -398.29
v 151.54 0.05 -393.43
v 151.62 0.05 -398.43
f 5267 5268 5270
f 5267 5270 5269
f 5271 5272 5274
f 5271 5274 5273
o r48101504_unclassified
v 319.76 0.05 -357.67
v 321.54 0.05 -362.35
v 307.49 0.05 -362.33
v 309.27 0.05 -367.01
v 262.19 0.05 -379.54
v 263.97 0.05 -384.22
v 251.64 0.05 -383.54
v 253.42 0.05 -388.22
v 248.91 0.05 -384.58
v 250.69 0.05 -389.26
v 240.44 0.05 -387.80
v 242.22 0.05 -392.48
f 5279 5280 5282
f 5279 5282 5281
f 5283 5284 5286
f 5283 5286 5285
o r48161771_unclassified
v -281.43 0.05 -84.22
v -286.13 0.05 -85.92
v -282.75 0.05 -80.57
v -287.45 0.05 -82.27
v -284.28 0.05 -76.35
v -288.92 0.05 -78.19
v -308.95 0.05 -14.73
v -313.59 0.05 -16.59
v -310.53 0.05 -10.75
v -315.17 0.05 -12.59
v -311.66 0.05 -7.91
v -316.30 0.05 -9.77
f 5291 5292 5294
f 5291 5294 5293
f 5295 5296 5298
f 5295 5298 5297
o r49037171_secondary
v 333.91 0.05 0.21
v 338.27 0.05 -6.49
v 321.02 0.05 -8.18
v 325.38 0.05 -14.88
o r52059548_unclassified
v -381.92 0.05 299.28
v -383.68 0.05 303.96
v -376.64 0.05 301.27
v -378.40 0.05 305.95
v -355.93 0.05 309.08
v -357.69 0.05 313.76
v -315.87 0.05 324.21
v -317.63 0.05 328.89
v -304.87 0.05 328.32
v -306.63 0.05 333.00
f 5307 5308 5310
f 5307 5310 5309
o r52142813_unclassified
v 240.90 0.05 -392.60
v 241.76 0.05 -387.68
v 252.05 0.05 -394.57
v 252.91 0.05 -389.65
v 255.94 0.05 -395.24
v 256.24 0.05 -390.24
v 265.42 0.05 -395.37
v 265.48 0.05 -390.37
v 270.59 0.05 -395.44
v 270.55 0.05 -390.44
v 307.55 0.05 -395.07
v 307.49 0.05 -390.07
v 322.43 0.05 -394.83
v 322.35 0.05 -389.83
f 5317 5318 5320
f 5317 5320 5319
f 5321 5322 5324
f 5321 5324 5323
o r53062845_tertiary
v -259.89 0.05 432.96
v -253.35 0.05 435.46
v -256.64 0.05 424.49
v -250.14 0.05 427.07
v -233.01 0.05 364.96
v -226.49 0.05 367.52
v -230.86 0.05 358.89
v -224.26 0.05 361.23
f 5331 5332 5334
f 5331 5334 5333
o r53062847_secondary
v -339.76 0.05 430.87
v -347.24 0.05 428.01
v -355.29 0.05 471.51
v -362.77 0.05 468.65
v -358.18 0.05 479.07
v -365.66 0.05 476.21
o r53106783_secondary
v 8.91 0.05 -438.95
v 1.89 0.05 -442.79
v 5.13 0.05 -432.02
v -1.91 0.05 -435.82
v -0.34 0.05 -421.86
v -7.18 0.05 -426.02
v -7.94 0.05 -410.60
v -14.44 0.05 -415.26
v -12.17 0.05 -405.35
v -18.39 0.05 -410.37
f 5345 5346 5348
f 5345 5348 5347
o r69340896_path
v 317.97 0.05 392.97
v 316.73 0.05 392.13
v 315.61 0.05 396.43
v 314.27 0.05 395.77
v 314.64 0.05 399.72
v 313.16 0.05 399.50
v 314.64 0.05 403.17
v 313.16 0.05 403.39
v 315.62 0.05 406.49
v 314.26 0.05 407.11
v 317.49 0.05 409.39
v 316.35 0.05 410.37
v 320.09 0.05 411.67
v 319.29 0.05 412.93
v 323.58 0.05 413.23
v 323.18 0.05 414.67
v 327.38 0.05 413.64
v 327.44 0.05 415.14
v 331.11 0.05 412.89
v 331.63 0.05 414.29
v 334.44 0.05 411.03
v 335.36 0.05 412.21
v 337.02 0.05 408.24
v 338.26 0.05 409.08
v 338.63 0.05 404.82
v 340.07 0.05 405.22
v 339.08 0.05 400.80
v 340.58 0.05 400.72
v 338.20 0.05 396.85
v 339.58 0.05 396.29
v 336.06 0.05 393.43
v 337.18 0.05 392.43
v 332.91 0.05 390.86
v 333.65 0.05 389.56
v 329.09 0.05 389.46
v 329.37 0.05 387.98
v 325.02 0.05 389.39
v 324.80 0.05 387.91
v 321.14 0.05 390.63
v 320.46 0.05 389.29
v 317.80 0.05 393.15
v 316.90 0.05 391.95
f 5355 5356 5358
f 5355 5358 5357
f 5359 5360 5362
f 5359 5362 5361
f 5363 5364 5366
f 5363 5366 5365
f 5367 5368 5370
f 5367 5370 5369
f 5371 5372 5374
f 5371 5374 5373
f 5375 5376 5378
f 5375 5378 5377
f 5379 5380 5382
f 5379 5382 5381
f 5383 5384 5386
f 5383 5386 5385
f 5387 5388 5390
f 5387 5390 5389
o r69340906_service
v 335.67 0.05 304.74
v 337.19 0.05 308.44
v 341.41 0.05 302.40
v 343.15 0.05 306.00
v 352.92 0.05 296.65
v 356.16 0.05 298.99
v 361.31 0.05 274.69
v 365.29 0.05 275.13
v 356.75 0.05 262.12
v 360.49 0.05 260.68
v 354.09 0.05 256.44
v 357.71 0.05 254.74
f 5397 5398 5400
f 5397 5400 5399
f 5401 5402 5404
f 5401 5404 5403
o r69340949_footway
v 349.88 0.05 249.85
v 349.38 0.05 251.27
v 357.09 0.05 252.40
v 356.59 0.05 253.82
v 361.54 0.05 254.00
v 361.02 0.05 255.40
v 363.71 0.05 254.90
v 363.13 0.05 256.28
f 5409 5410 5412
f 5409 5412 5411
o r69340953_path
v 354.48 0.05 462.32
v 355.98 0.05 462.36
v 354.74 0.05 451.79
v 356.22 0.05 451.97
v 356.79 0.05 444.06
v 358.29 0.05 444.16
v 355.96 0.05 435.16
v 357.44 0.05 434.88
v 353.82 0.05 428.29
v 355.26 0.05 427.91
v 351.69 0.05 418.98
v 353.19 0.05 418.94
v 353.30 0.05 410.72
v 354.78 0.05 411.02
f 5417 5418 5420
f 5417 5420 5419
f 5421 5422 5424
f 5421 5424 5423
o r69340956_path
v 353.38 0.05 410.50
v 354.70 0.05 411.24
v 357.14 0.05 403.81
v 358.28 0.05 404.77
v 363.11 0.05 398.98
v 364.03 0.05 400.16
v 368.47 0.05 394.87
v 369.53 0.05 395.93
v 373.45 0.05 388.55
v 374.79 0.05 389.23
v 377.65 0.05 376.97
v 378.97 0.05 377.69
v 383.64 0.05 369.81
v 384.78 0.05 370.77
f 5431 5432 5434
f 5431 5434 5433
f 5435 5436 5438
f 5435 5438 5437
o r69340959_path
v 353.76 0.05 411.57
v 354.32 0.05 410.17
v 339.07 0.05 405.72
v 339.63 0.05 404.32
o r69340969_path
v 297.47 0.05 464.87
v 298.87 0.05 465.41
v 298.46 0.05 462.26
v 299.86 0.05 462.80
v 312.73 0.05 424.90
v 314.11 0.05 425.46
v 314.99 0.05 421.92
v 316.33 0.05 422.58
v 318.99 0.05 412.02
v 320.39 0.05 412.58
f 5449 5450 5452
f 5449 5452 5451
o r69340972_path
v 304.15 0.05 391.12
v 303.61 0.05 392.52
v 308.09 0.05 392.62
v 307.57 0.05 394.02
v 311.19 0.05 393.73
v 310.65 0.05 395.13
v 315.23 0.05 395.41
v 314.65 0.05 396.79
f 5459 5460 5462
f 5459 5462 5461
o r91821568_primary
v -339.11 0.05 -433.38
v -339.33 0.05 -443.38
v -353.76 0.05 -433.05
v -354.02 0.05 -443.05
v -360.41 0.05 -432.84
v -360.73 0.05 -442.84
o r101455185_primary
v 256.83 0.05 32.24
v 257.43 0.05 42.22
v 267.51 0.05 31.63
v 267.01 0.05 41.61
v 282.31 0.05 33.49
v 280.77 0.05 43.37
v 318.82 0.05 39.63
v 317.16 0.05 49.49
f 5473 5474 5476
f 5473 5476 5475
o r101455195_path
v 351.03 0.05 138.37
v 351.65 0.05 137.01
v 347.95 0.05 136.98
v 348.65 0.05 135.66
v 345.36 0.05 135.38
v 346.22 0.05 134.16
v 343.38 0.05 133.75
v 344.36 0.05 132.61
v 341.26 0.05 131.89
v 342.34 0.05 130.85
v 339.65 0.05 129.94
v 340.85 0.05 129.02
v 338.27 0.05 127.99
v 339.55 0.05 127.21
v 337.21 0.05 125.87
v 338.55 0.05 125.21
v 336.04 0.05 123.46
v 337.42 0.05 122.88
v 335.29 0.05 121.34
v 336.73 0.05 120.92
v 334.60 0.05 118.47
v 336.08 0.05 118.21
v 334.11 0.05 114.84
v 335.61 0.05 114.72
v 334.11 0.05 111.87
v 335.61 0.05 111.95
v 334.44 0.05 108.99
v 335.92 0.05 109.21
v 334.94 0.05 106.13
v 336.40 0.05 106.49
v 335.96 0.05 102.93
v 337.38 0.05 103.39
f 5481 5482 5484
f 5481 5484 5483
f 5485 5486 5488
f 5485 5488 5487
f 5489 5490 5492
f 5489 5492 5491
f 5493 5494 5496
f 5493 5496 5495
f 5497 5498 5500
f 5497 5500 5499
f 5501 5502 5504
f 5501 5504 5503
f 5505 5506 5508
f 5505 5508 5507
o r105234096_unclassified
v -284.66 0.05 -82.73
v -282.90 0.05 -87.41
v -290.97 0.05 -85.10
v -289.21 0.05 -89.78
v -351.33 0.05 -107.84
v -349.57 0.05 -112.52
v -356.55 0.05 -109.85
v -354.73 0.05 -114.51
v -360.26 0.05 -111.31
v -358.42 0.05 -115.97
f 5513 5514 5516
f 5513 5516 5515
o r115811862_cycleway
v 369.07 0.05 52.11
v 368.11 0.05 53.25
v 375.68 0.05 57.66
v 374.72 0.05 58.82
v 377.51 0.05 59.15
v 376.51 0.05 60.27
v 378.49 0.05 60.19
v 377.37 0.05 61.17
v 379.21 0.05 61.10
v 377.93 0.05 61.88
v 379.78 0.05 62.28
v 378.36 0.05 62.78
v 380.71 0.05 65.32
v 379.23 0.05 65.62
v 381.34 0.05 70.15
v 379.86 0.05 70.35
f 5523 5524 5526
f 5523 5526 5525
f 5527 5528 5530
f 5527 5530 5529
f 5531 5532 5534
f 5531 5534 5533
o r115811864_path
v 351.58 0.05 136.98
v 351.10 0.05 138.40
v 362.90 0.05 140.75
v 362.46 0.05 142.19
v 367.66 0.05 141.99
v 367.38 0.05 143.47
v 371.35 0.05 142.39
v 371.37 0.05 143.89
v 375.25 0.05 141.88
v 375.53 0.05 143.36
v 378.76 0.05 140.95
v 379.14 0.05 142.39
f 5539 5540 5542
f 5539 5542 5541
f 5543 5544 5546
f 5543 5546 5545
o r117445988_secondary
v 274.96 0.05 456.16
v 282.46 0.05 458.96
v 278.78 0.05 445.91
v 286.26 0.05 448.77
v 289.29 0.05 418.77
v 296.75 0.05 421.67
v 296.35 0.05 400.60
v 303.83 0.05 403.46
v 300.13 0.05 390.43
v 307.63 0.05 393.21
f 5551 5552 5554
f 5551 5554 5553
o r117445995_path
v 381.49 0.05 378.77
v 382.95 0.05 379.11
v 383.50 0.05 370.05
v 384.92 0.05 370.53
v 416.15 0.05 274.62
v 417.57 0.05 275.10
v 442.07 0.05 199.88
v 443.47 0.05 200.40
v 482.23 0.05 99.49
v 483.63 0.05 100.05
v 524.63 0.05 -6.44
v 526.01 0.05 -5.88
v 535.98 0.05 -32.72
v 537.36 0.05 -32.14
v 545.84 0.05 -56.50
v 547.22 0.05 -55.92
v 546.69 0.05 -58.56
v 548.09 0.05 -58.02
v 557.05 0.05 -85.71
v 558.45 0.05 -85.17
v 572.82 0.05 -125.39
v 574.22 0.05 -124.85
v 585.17 0.05 -158.05
v 586.57 0.05 -157.51
v 588.29 0.05 -166.32
v 589.69 0.05 -165.80
f 5561 5562 5564
f 5561 5564 5563
f 5565 5566 5568
f 5565 5568 5567
f 5569 5570 5572
f 5569 5572 5571
f 5573 5574 5576
f 5573 5576 5575
f 5577 5578 5580
f 5577 5580 5579
o r117446022_tertiary
v 221.72 0.05 361.17
v 215.14 0.05 358.79
v 218.81 0.05 369.22
v 212.27 0.05 366.72
v 211.37 0.05 388.15
v 204.85 0.05 385.59
v 195.43 0.05 428.95
v 188.91 0.05 426.39
v 191.21 0.05 439.42
v 184.71 0.05 436.80
f 5587 5588 5590
f 5587 5590 5589
o r117446027_steps
v 354.32 0.05 410.17
v 353.76 0.05 411.57
v 370.03 0.05 416.42
v 369.47 0.05 417.82
o r117446031_unclassified
v 258.73 0.05 35.31
v 255.53 0.05 39.15
v 266.44 0.05 41.76
v 263.56 0.05 45.84
v 273.18 0.05 45.58
v 271.04 0.05 50.10
v 280.43 0.05 48.38
v 278.87 0.05 53.14
v 293.74 0.05 52.29
v 292.46 0.05 57.13
v 312.63 0.05 56.87
v 311.33 0.05 61.69
v 318.97 0.05 59.10
v 317.15 0.05 63.76
v 322.59 0.05 60.74
v 320.51 0.05 65.30
f 5601 5602 5604
f 5601 5604 5603
f 5605 5606 5608
f 5605 5608 5607
f 5609 5610 5612
f 5609 5612 5611
o r117446036_primary
v 301.29 0.05 391.16
v 291.95 0.05 387.60
v 297.45 0.05 401.26
v 288.11 0.05 397.68
v 279.54 0.05 447.91
v 270.20 0.05 444.33
v 276.23 0.05 456.52
v 266.89 0.05 452.94
v 275.05 0.05 459.60
v 265.71 0.05 456.02
v 272.16 0.05 467.16
v 262.82 0.05 463.58
v 239.06 0.05 553.64
v 229.74 0.05 550.02
v 225.65 0.05 586.73
v 216.45 0.05 582.81
v 218.13 0.05 602.83
v 209.07 0.05 598.61
v 217.15 0.05 605.01
v 208.03 0.05 600.91
v 214.04 0.05 611.94
v 204.92 0.05 607.84
f 5617 5618 5620
f 5617 5620 5619
f 5621 5622 5624
f 5621 5624 5623
f 5625 5626 5628
f 5625 5628 5627
f 5629 5630 5632
f 5629 5632 5631
o r117739101_unclassified
v -85.79 0.05 -7.52
v -83.91 0.05 -12.16
v -88.42 0.05 -8.59
v -86.56 0.05 -13.23
v -95.44 0.05 -11.39
v -93.74 0.05 -16.09
v -130.46 0.05 -23.74
v -128.80 0.05 -28.46
f 5639 5640 5642
f 5639 5642 5641
o r117739102_footway
v 394.05 0.05 -443.16
v 393.97 0.05 -441.66
v 402.52 0.05 -442.73
v 402.56 0.05 -441.23
v 413.86 0.05 -443.64
v 413.98 0.05 -442.14
o r117752131_footway
v -118.07 0.05 -430.94
v -116.57 0.05 -431.02
v -118.56 0.05 -439.63
v -117.06 0.05 -439.71
v -119.09 0.05 -450.09
v -117.59 0.05 -450.17
v -119.38 0.05 -456.11
v -117.90 0.05 -456.37
v -120.42 0.05 -457.72
v -119.14 0.05 -458.50
f 5653 5654 5656
f 5653 5656 5655
o r117996456_primary
v -100.35 0.05 493.09
v -91.01 0.05 496.67
v -96.92 0.05 484.11
v -87.56 0.05 487.65
v -75.18 0.05 426.44
v -65.82 0.05 429.96
v -72.27 0.05 418.68
v -62.91 0.05 422.18
f 5663 5664 5666
f 5663 5666 5665
o r117996458_secondary
v 57.14 0.05 552.30
v 64.50 0.05 555.42
v 59.91 0.05 545.74
v 67.39 0.05 548.60
v 82.80 0.05 485.21
v 90.28 0.05 488.03
v 85.48 0.05 478.10
v 92.96 0.05 480.96
v 88.13 0.05 471.23
v 95.61 0.05 474.09
v 111.30 0.05 410.71
v 118.78 0.05 413.57
v 113.04 0.05 406.03
v 120.54 0.05 408.81
f 5671 5672 5674
f 5671 5674 5673
f 5675 5676 5678
f 5675 5678 5677
o r118118186_tertiary
v 80.42 0.05 -201.63
v 77.94 0.05 -195.09
v 88.27 0.05 -198.66
v 85.77 0.05 -192.12
v 103.33 0.05 -192.90
v 100.83 0.05 -186.36
v 148.14 0.05 -175.85
v 145.66 0.05 -169.31
v 149.18 0.05 -175.45
v 146.68 0.05 -168.91
v 152.89 0.05 -174.03
v 150.39 0.05 -167.49
v 158.19 0.05 -172.01
v 155.69 0.05 -165.47
v 167.65 0.05 -168.39
v 165.17 0.05 -161.85
v 197.80 0.05 -156.96
v 195.32 0.05 -150.42
v 201.64 0.05 -155.51
v 199.16 0.05 -148.97
f 5685 5686 5688
f 5685 5688 5687
f 5689 5690 5692
f 5689 5692 5691
f 5693 5694 5696
f 5693 5696 5695
f 5697 5698 5700
f 5697 5700 5699
o r118499500_tertiary
v -341.69 0.05 67.64
v -339.19 0.05 61.10
v -348.31 0.05 65.12
v -345.81 0.05 58.58
v -370.25 0.05 56.74
v -367.75 0.05 50.20
v -390.78 0.05 48.91
v -388.28 0.05 42.37
v -408.14 0.05 42.28
v -405.62 0.05 35.74
v -413.70 0.05 40.09
v -411.10 0.05 33.59
v -417.08 0.05 38.70
v -414.52 0.05 32.18
v -425.92 0.05 35.30
v -423.40 0.05 28.76
v -426.37 0.05 35.12
v -423.89 0.05 28.58
v -488.66 0.05 11.53
v -486.18 0.05 4.99
v -496.50 0.05 8.63
v -494.06 0.05 2.07
f 5705 5706 5708
f 5705 5708 5707
f 5709 5710 5712
f 5709 5712 5711
f 5713 5714 5716
f 5713 5716 5715
f 5717 5718 5720
f 5717 5720 5719
o r118499501_tertiary
v 135.07 0.05 247.96
v 137.53 0.05 241.40
v 103.55 0.05 236.14
v 106.05 0.05 229.60
v 94.83 0.05 232.61
v 97.39 0.05 226.09
v 84.55 0.05 228.69
v 87.03 0.05 222.15
v 24.32 0.05 205.89
v 26.82 0.05 199.35
v 15.49 0.05 202.38
v 18.01 0.05 195.86
v 9.69 0.05 200.23
v 12.13 0.05 193.67
v 4.63 0.05 198.35
v 7.07 0.05 191.79
v -55.88 0.05 175.74
v -53.42 0.05 169.18
v -62.44 0.05 173.29
v -60.00 0.05 166.73
v -63.24 0.05 173.00
v -60.80 0.05 166.44
v -74.42 0.05 168.84
v -71.90 0.05 162.30
v -90.18 0.05 162.62
v -87.70 0.05 156.08
v -135.85 0.05 145.56
v -133.41 0.05 139.00
v -145.90 0.05 141.81
v -143.46 0.05 135.25
v -146.17 0.05 141.73
v -144.09 0.05 135.05
f 5727 5728 5730
f 5727 5730 5729
f 5731 5732 5734
f 5731 5734 5733
f 5735 5736 5738
f 5735 5738 5737
f 5739 5740 5742
f 5739 5742 5741
f 5743 5744 5746
f 5743 5746 5745
f 5747 5748 5750
f 5747 5750 5749
f 5751 5752 5754
f 5751 5754 5753
o r118514928_tertiary
v -88.00 0.05 240.58
v -90.36 0.05 247.18
v -81.84 0.05 242.79
v -84.26 0.05 249.35
v -20.16 0.05 265.66
v -22.60 0.05 272.22
v -16.07 0.05 267.26
v -18.63 0.05 273.78
v -10.10 0.05 269.61
v -12.62 0.05 276.13
v -0.89 0.05 273.14
v -3.39 0.05 279.68
v 60.00 0.05 296.29
v 57.50 0.05 302.83
v 69.28 0.05 299.94
v 66.76 0.05 306.46
v 76.89 0.05 302.84
v 74.41 0.05 309.38
v 136.83 0.05 325.45
v 134.35 0.05 331.99
v 146.68 0.05 329.17
v 144.20 0.05 335.71
f 5759 5760 5762
f 5759 5762 5761
f 5763 5764 5766
f 5763 5766 5765
f 5767 5768 5770
f 5767 5770 5769
f 5771 5772 5774
f 5771 5774 5773
o r118530509_unclassified
v -380.94 0.05 219.92
v -379.18 0.05 215.24
v -396.67 0.05 213.99
v -394.91 0.05 209.31
v -403.76 0.05 211.32
v -402.00 0.05 206.64
v -410.70 0.05 208.71
v -408.94 0.05 204.03
v -412.01 0.05 208.21
v -410.25 0.05 203.53
v -457.61 0.05 191.02
v -455.85 0.05 186.34
v -464.38 0.05 188.47
v -462.62 0.05 183.79
v -469.58 0.05 186.51
v -467.82 0.05 181.83
v -472.69 0.05 185.36
v -470.93 0.05 180.68
v -483.30 0.05 181.35
v -481.54 0.05 176.67
v -500.88 0.05 174.72
v -499.12 0.05 170.04
v -506.94 0.05 172.43
v -505.18 0.05 167.75
v -543.96 0.05 158.46
v -542.20 0.05 153.78
v -553.25 0.05 154.97
v -551.49 0.05 150.29
v -555.80 0.05 154.01
v -554.04 0.05 149.33
v -562.28 0.05 151.56
v -560.52 0.05 146.88
v -587.21 0.05 142.18
v -585.45 0.05 137.50
v -600.14 0.05 137.31
v -598.38 0.05 132.63
v -614.29 0.05 131.97
v -612.53 0.05 127.29
v -623.76 0.05 128.38
v -622.00 0.05 123.70
v -633.00 0.05 124.92
v -631.24 0.05 120.24
v -641.94 0.05 121.52
v -640.18 0.05 116.84
v -655.68 0.05 116.37
v -653.92 0.05 111.69
v -673.50 0.05 109.65
v -671.74 0.05 104.97
v -700.76 0.05 99.38
v -699.00 0.05 94.70
v -703.67 0.05 98.29
v -701.91 0.05 93.61
v -709.96 0.05 95.91
v -708.20 0.05 91.23
f 5781 5782 5784
f 5781 5784 5783
f 5785 5786 5788
f 5785 5788 5787
f 5789 5790 5792
f 5789 5792 5791
f 5793 5794 5796
f 5793 5796 5795
f 5797 5798 5800
f 5797 5800 5799
f 5801 5802 5804
f 5801 5804 5803
f 5805 5806 5808
f 5805 5808 5807
f 5809 5810 5812
f 5809 5812 5811
f 5813 5814 5816
f 5813 5816 5815
f 5817 5818 5820
f 5817 5820 5819
f 5821 5822 5824
f 5821 5824 5823
f 5825 5826 5828
f 5825 5828 5827
o r118530729_primary
v -65.83 0.05 415.75
v -69.35 0.05 425.11
v -57.33 0.05 418.95
v -60.85 0.05 428.31
v -29.33 0.05 429.51
v -32.85 0.05 438.87
v -4.82 0.05 438.74
v -8.36 0.05 448.10
v 4.24 0.05 442.19
v 0.72 0.05 451.55
v 11.55 0.05 444.92
v 8.05 0.05 454.28
f 5835 5836 5838
f 5835 5838 5837
f 5839 5840 5842
f 5839 5842 5841
o r118530730_secondary
v -304.34 0.05 326.92
v -307.16 0.05 334.40
v -296.65 0.05 329.81
v -299.47 0.05 337.29
v -287.05 0.05 333.43
v -289.85 0.05 340.93
v -235.22 0.05 352.83
v -238.04 0.05 360.31
v -226.12 0.05 356.33
v -229.00 0.05 363.79
v -223.12 0.05 357.48
v -226.00 0.05 364.94
v -217.06 0.05 359.82
v -219.88 0.05 367.30
v -164.10 0.05 379.78
v -166.92 0.05 387.26
v -155.37 0.05 383.03
v -158.19 0.05 390.51
v -147.36 0.05 386.09
v -150.20 0.05 393.57
v -144.14 0.05 387.31
v -146.96 0.05 394.79
f 5847 5848 5850
f 5847 5850 5849
f 5851 5852 5854
f 5851 5854 5853
f 5855 5856 5858
f 5855 5858 5857
f 5859 5860 5862
f 5859 5862 5861
o r118759859_tertiary
v -284.67 0.05 -417.21
v -277.67 0.05 -417.53
v -285.17 0.05 -428.26
v -278.17 0.05 -428.58
v -285.31 0.05 -431.42
v -278.31 0.05 -431.76
v -285.75 0.05 -440.33
v -278.75 0.05 -440.67
f 5869 5870 5872
f 5869 5872 5871
o r118764043_pedestrian
v 409.73 0.05 -388.95
v 409.83 0.05 -392.95
v 398.08 0.05 -389.22
v 398.14 0.05 -393.22
v 340.08 0.05 -390.07
v 340.14 0.05 -394.07
v 322.36 0.05 -390.33
v 322.42 0.05 -394.33
f 5877 5878 5880
f 5877 5880 5879
o r118765065_tertiary
v 340.44 0.05 -179.87
v 342.86 0.05 -186.43
v 332.22 0.05 -182.90
v 334.68 0.05 -189.46
v 317.27 0.05 -188.57
v 319.75 0.05 -195.11
v 272.50 0.05 -205.60
v 274.98 0.05 -212.14
v 263.85 0.05 -208.89
v 266.33 0.05 -215.43
v 253.98 0.05 -212.61
v 256.46 0.05 -219.15
v 253.62 0.05 -212.77
v 256.12 0.05 -219.31
v 239.25 0.05 -218.23
v 241.73 0.05 -224.77
v 193.21 0.05 -235.72
v 195.71 0.05 -242.26
v 183.84 0.05 -239.38
v 186.38 0.05 -245.90
v 178.62 0.05 -241.42
v 181.18 0.05 -247.94
v 174.91 0.05 -242.87
v 177.37 0.05 -249.43
v 129.81 0.05 -259.78
v 132.27 0.05 -266.34
v 112.88 0.05 -266.18
v 115.36 0.05 -272.72
v 105.27 0.05 -269.11
v 107.79 0.05 -275.65
v 102.18 0.05 -270.29
v 104.70 0.05 -276.83
v 94.50 0.05 -273.27
v 96.98 0.05 -279.81
v 91.60 0.05 -274.32
v 93.98 0.05 -280.90
f 5885 5886 5888
f 5885 5888 5887
f 5889 5890 5892
f 5889 5892 5891
f 5893 5894 5896
f 5893 5896 5895
f 5897 5898 5900
f 5897 5900 5899
f 5901 5902 5904
f 5901 5904 5903
f 5905 5906 5908
f 5905 5908 5907
f 5909 5910 5912
f 5909 5912 5911
f 5913 5914 5916
f 5913 5916 5915
o r118765066_tertiary
v 109.81 0.05 -271.17
v 103.25 0.05 -273.59
v 107.26 0.05 -264.23
v 100.68 0.05 -266.63
v 85.36 0.05 -204.38
v 78.80 0.05 -206.80
v 82.43 0.05 -197.06
v 75.93 0.05 -199.66
f 5921 5922 5924
f 5921 5924 5923
o r118766436_primary
v 5.10 0.05 -445.86
v 5.70 0.05 -435.88
v 17.43 0.05 -446.60
v 18.03 0.05 -436.62
o r118767064_tertiary
v -7.40 0.05 -231.12
v -0.86 0.05 -228.64
v -4.62 0.05 -238.43
v 1.90 0.05 -235.89
v 14.75 0.05 -287.78
v 21.27 0.05 -285.22
o r118767239_tertiary
v 54.54 0.05 -123.62
v 47.98 0.05 -126.08
v 52.17 0.05 -117.34
v 45.65 0.05 -119.88
v 30.62 0.05 -62.06
v 24.10 0.05 -64.60
o r118767246_secondary
v 49.83 0.05 -121.12
v 52.69 0.05 -128.58
v 49.11 0.05 -121.39
v 51.95 0.05 -128.87
v 38.88 0.05 -125.27
v 41.72 0.05 -132.75
v -23.20 0.05 -148.83
v -20.36 0.05 -156.31
v -33.32 0.05 -152.66
v -30.48 0.05 -160.14
v -33.93 0.05 -152.92
v -30.75 0.05 -160.26
f 5945 5946 5948
f 5945 5948 5947
f 5949 5950 5952
f 5949 5952 5951
o r118768264_secondary
v -136.29 0.05 -115.26
v -139.11 0.05 -107.78
v -128.16 0.05 -112.20
v -130.98 0.05 -104.72
v -68.26 0.05 -89.67
v -71.08 0.05 -82.19
v -59.34 0.05 -86.28
v -62.18 0.05 -78.80
v -58.69 0.05 -86.03
v -61.51 0.05 -78.55
v -48.55 0.05 -82.20
v -51.37 0.05 -74.72
v 13.62 0.05 -58.73
v 10.80 0.05 -51.25
v 23.43 0.05 -55.04
v 20.61 0.05 -47.56
v 23.94 0.05 -54.86
v 21.20 0.05 -47.34
f 5957 5958 5960
f 5957 5960 5959
f 5961 5962 5964
f 5961 5964 5963
f 5965 5966 5968
f 5965 5968 5967
o r118768266_tertiary
v -64.03 0.05 -83.78
v -57.49 0.05 -81.30
v -61.60 0.05 -90.23
v -55.06 0.05 -87.71
v -37.53 0.05 -152.72
v -30.99 0.05 -150.20
v -35.62 0.05 -157.82
v -29.06 0.05 -155.36
f 5975 5976 5978
f 5975 5978 5977
o r118768505_unclassified
v 191.28 0.05 98.41
v 193.02 0.05 93.73
v 159.57 0.05 86.63
v 161.31 0.05 81.93
v 151.99 0.05 83.90
v 153.71 0.05 79.20
v 142.23 0.05 80.26
v 144.03 0.05 75.60
v 80.33 0.05 56.17
v 82.13 0.05 51.51
v 72.36 0.05 53.32
v 74.06 0.05 48.62
v 66.77 0.05 51.28
v 68.49 0.05 46.58
v 62.25 0.05 49.62
v 63.99 0.05 44.94
v 0.49 0.05 26.66
v 2.25 0.05 21.98
v -6.80 0.05 23.78
v -4.94 0.05 19.14
v -9.69 0.05 22.56
v -7.79 0.05 17.94
v -15.81 0.05 20.10
v -13.97 0.05 15.44
v -78.72 0.05 -4.70
v -76.88 0.05 -9.36
v -85.78 0.05 -7.52
v -83.92 0.05 -12.16
f 5983 5984 5986
f 5983 5986 5985
f 5987 5988 5990
f 5987 5990 5989
f 5991 5992 5994
f 5991 5994 5993
f 5995 5996 5998
f 5995 5998 5997
f 5999 6000 6002
f 5999 6002 6001
f 6003 6004 6006
f 6003 6006 6005
o r118768506_tertiary
v -2.60 0.05 22.72
v -9.14 0.05 20.20
v -3.52 0.05 25.11
v -10.06 0.05 22.59
v -5.20 0.05 29.46
v -11.72 0.05 26.92
v -26.68 0.05 84.82
v -33.20 0.05 82.30
v -28.68 0.05 90.25
v -35.24 0.05 87.83
v -30.49 0.05 95.13
v -37.05 0.05 92.69
v -31.73 0.05 98.47
v -38.29 0.05 96.05
f 6011 6012 6014
f 6011 6014 6013
f 6015 6016 6018
f 6015 6018 6017
o r118770306_unclassified
v -202.47 0.05 30.68
v -204.31 0.05 35.34
v -193.46 0.05 34.23
v -195.28 0.05 38.89
v -186.51 0.05 36.94
v -188.33 0.05 41.60
o r118770307_unclassified
v -272.88 0.05 6.76
v -268.18 0.05 8.46
v -271.86 0.05 3.93
v -267.16 0.05 5.63
v -270.11 0.05 -0.90
v -265.45 0.05 0.90
v -246.92 0.05 -60.95
v -242.26 0.05 -59.15
v -246.40 0.05 -62.34
v -241.72 0.05 -60.58
v -244.94 0.05 -66.23
v -240.26 0.05 -64.47
v -243.63 0.05 -69.74
v -238.95 0.05 -68.00
v -241.76 0.05 -74.76
v -237.08 0.05 -73.00
v -220.08 0.05 -132.77
v -215.40 0.05 -131.01
v -219.23 0.05 -135.03
v -214.55 0.05 -133.27
v -216.60 0.05 -142.07
v -211.92 0.05 -140.31
v -214.29 0.05 -148.23
v -209.61 0.05 -146.47
v -196.71 0.05 -195.05
v -192.03 0.05 -193.29
v -192.15 0.05 -207.19
v -187.47 0.05 -205.43
v -191.06 0.05 -210.09
v -186.38 0.05 -208.33
v -188.85 0.05 -215.97
v -184.17 0.05 -214.19
v -186.34 0.05 -222.50
v -181.68 0.05 -220.70
v -164.44 0.05 -279.49
v -159.78 0.05 -277.69
v -163.22 0.05 -282.60
v -158.56 0.05 -280.80
v -160.70 0.05 -289.23
v -156.02 0.05 -287.45
v -157.59 0.05 -297.38
v -152.91 0.05 -295.60
v -155.02 0.05 -304.23
v -150.34 0.05 -302.45
v -135.94 0.05 -354.53
v -131.28 0.05 -352.73
v -134.70 0.05 -356.93
v -130.02 0.05 -355.15
v -132.67 0.05 -363.16
v -127.91 0.05 -361.62
f 6031 6032 6034
f 6031 6034 6033
f 6035 6036 6038
f 6035 6038 6037
f 6039 6040 6042
f 6039 6042 6041
f 6043 6044 6046
f 6043 6046 6045
f 6047 6048 6050
f 6047 6050 6049
f 6051 6052 6054
f 6051 6054 6053
f 6055 6056 6058
f 6055 6058 6057
f 6059 6060 6062
f 6059 6062 6061
f 6063 6064 6066
f 6063 6066 6065
f 6067 6068 6070
f 6067 6070 6069
f 6071 6072 6074
f 6071 6074 6073
o r118770317_tertiary
v -120.23 0.05 64.32
v -113.75 0.05 66.98
v -119.10 0.05 61.56
v -112.62 0.05 64.22
v -117.29 0.05 57.15
v -110.75 0.05 59.65
v -94.15 0.05 -3.59
v -87.61 0.05 -1.09
v -92.12 0.05 -8.71
v -85.62 0.05 -6.13
v -90.74 0.05 -12.20
v -84.24 0.05 -9.62
f 6081 6082 6084
f 6081 6084 6083
f 6085 6086 6088
f 6085 6088 6087
o r118770318_unclassified
v 34.90 0.05 121.38
v 33.12 0.05 126.04
v 39.29 0.05 123.05
v 37.51 0.05 127.73
v 44.89 0.05 125.19
v 43.17 0.05 129.89
v 53.21 0.05 128.14
v 51.53 0.05 132.86
f 6093 6094 6096
f 6093 6096 6095
o r118770582_tertiary
v -57.95 0.05 171.26
v -64.49 0.05 168.76
v -60.81 0.05 178.73
v -67.35 0.05 176.25
v -83.29 0.05 238.04
v -89.83 0.05 235.56
v -85.90 0.05 245.09
v -92.46 0.05 242.67
f 6101 6102 6104
f 6101 6104 6103
o r118827893_tertiary
v -176.96 0.05 210.35
v -170.42 0.05 212.85
v -174.14 0.05 203.01
v -167.62 0.05 205.55
v -151.04 0.05 143.59
v -144.52 0.05 146.13
v -148.37 0.05 137.06
v -141.89 0.05 139.72
f 6109 6110 6112
f 6109 6112 6111
o r118827895_tertiary
v -679.51 0.05 16.10
v -681.93 0.05 22.66
v -672.52 0.05 18.67
v -675.02 0.05 25.21
v -612.04 0.05 41.85
v -614.54 0.05 48.39
v -602.64 0.05 45.35
v -605.06 0.05 51.91
v -593.56 0.05 48.67
v -596.02 0.05 55.23
v -584.51 0.05 52.14
v -587.01 0.05 58.68
v -571.13 0.05 57.24
v -573.63 0.05 63.78
v -558.55 0.05 62.04
v -561.05 0.05 68.58
v -544.74 0.05 67.30
v -547.24 0.05 73.84
v -540.64 0.05 68.88
v -543.14 0.05 75.42
v -531.74 0.05 72.27
v -534.22 0.05 78.81
v -525.61 0.05 74.56
v -528.07 0.05 81.12
v -522.94 0.05 75.56
v -525.40 0.05 82.12
v -513.88 0.05 78.95
v -516.34 0.05 85.51
v -505.28 0.05 82.21
v -507.76 0.05 88.75
v -490.18 0.05 87.93
v -492.66 0.05 94.47
v -453.02 0.05 102.06
v -455.50 0.05 108.60
v -442.74 0.05 105.82
v -445.24 0.05 112.36
v -439.29 0.05 107.32
v -441.91 0.05 113.80
v -433.67 0.05 109.50
v -436.15 0.05 116.04
v -411.19 0.05 118.01
v -413.67 0.05 124.55
v -396.02 0.05 123.76
v -398.50 0.05 130.30
v -373.15 0.05 132.43
v -375.63 0.05 138.97
v -366.53 0.05 134.93
v -368.93 0.05 141.51
v -361.83 0.05 136.55
v -364.33 0.05 143.09
v -330.72 0.05 148.66
v -333.22 0.05 155.20
v -325.14 0.05 150.59
v -327.52 0.05 157.17
v -320.01 0.05 152.54
v -322.49 0.05 159.08
v -258.74 0.05 175.72
v -261.22 0.05 182.26
v -248.08 0.05 179.72
v -250.54 0.05 186.28
v -240.28 0.05 182.67
v -242.76 0.05 189.21
v -179.10 0.05 205.88
v -181.58 0.05 212.42
v -172.48 0.05 208.32
v -174.90 0.05 214.88
f 6117 6118 6120
f 6117 6120 6119
f 6121 6122 6124
f 6121 6124 6123
f 6125 6126 6128
f 6125 6128 6127
f 6129 6130 6132
f 6129 6132 6131
f 6133 6134 6136
f 6133 6136 6135
f 6137 6138 6140
f 6137 6140 6139
f 6141 6142 6144
f 6141 6144 6143
f 6145 6146 6148
f 6145 6148 6147
f 6149 6150 6152
f 6149 6152 6151
f 6153 6154 6156
f 6153 6156 6155
f 6157 6158 6160
f 6157 6160 6159
f 6161 6162 6164
f 6161 6164 6163
f 6165 6166 6168
f 6165 6168 6167
f 6169 6170 6172
f 6169 6172 6171
f 6173 6174 6176
f 6173 6176 6175
o r118827897_secondary
v 114.92 0.05 410.96
v 118.66 0.05 403.88
v 107.17 0.05 406.83
v 110.13 0.05 399.39
v 45.57 0.05 383.44
v 48.41 0.05 375.96
v 36.96 0.05 380.22
v 39.76 0.05 372.72
f 6183 6184 6186
f 6183 6186 6185
o r118827901_tertiary
v -114.02 0.05 318.69
v -120.52 0.05 316.09
v -116.82 0.05 325.73
v -123.36 0.05 323.21
v -128.55 0.05 356.36
v -135.09 0.05 353.88
v -139.68 0.05 385.82
v -146.22 0.05 383.32
v -142.30 0.05 392.35
v -148.80 0.05 389.75
f 6191 6192 6194
f 6191 6194 6193
o r118829214_tertiary
v -230.86 0.05 358.90
v -224.26 0.05 361.22
v -228.38 0.05 351.83
v -221.76 0.05 354.11
v -207.58 0.05 291.17
v -200.96 0.05 293.45
v -204.88 0.05 283.88
v -198.32 0.05 286.32
f 6201 6202 6204
f 6201 6204 6203
o r118831209_tertiary
v -287.64 0.05 505.60
v -281.12 0.05 508.14
v -284.69 0.05 498.05
v -278.15 0.05 500.55
v -274.14 0.05 470.26
v -267.60 0.05 472.76
v -262.29 0.05 439.25
v -255.75 0.05 441.75
v -259.89 0.05 432.96
v -253.35 0.05 435.46
f 6209 6210 6212
f 6209 6212 6211
o r118879724_unclassified
v 526.45 0.05 -279.26
v 528.21 0.05 -283.94
v 500.56 0.05 -289.03
v 502.32 0.05 -293.71
v 485.29 0.05 -294.80
v 487.05 0.05 -299.48
v 482.06 0.05 -296.02
v 483.82 0.05 -300.70
v 479.25 0.05 -297.08
v 481.01 0.05 -301.76
v 475.58 0.05 -298.46
v 477.34 0.05 -303.14
v 473.87 0.05 -299.11
v 475.77 0.05 -303.73
v 471.13 0.05 -300.28
v 472.93 0.05 -304.94
v 468.16 0.05 -301.30
v 469.86 0.05 -306.00
v 463.68 0.05 -302.96
v 465.48 0.05 -307.62
v 448.97 0.05 -308.69
v 450.75 0.05 -313.37
v 407.01 0.05 -324.60
v 408.79 0.05 -329.28
v 397.48 0.05 -328.30
v 399.26 0.05 -332.96
v 389.08 0.05 -331.47
v 390.84 0.05 -336.15
v 385.98 0.05 -332.64
v 387.74 0.05 -337.32
v 344.30 0.05 -348.39
v 346.06 0.05 -353.07
v 331.30 0.05 -353.31
v 333.06 0.05 -357.99
v 328.74 0.05 -354.27
v 330.50 0.05 -358.95
v 319.76 0.05 -357.67
v 321.54 0.05 -362.35
f 6219 6220 6222
f 6219 6222 6221
f 6223 6224 6226
f 6223 6226 6225
f 6227 6228 6230
f 6227 6230 6229
f 6231 6232 6234
f 6231 6234 6233
f 6235 6236 6238
f 6235 6238 6237
f 6239 6240 6242
f 6239 6242 6241
f 6243 6244 6246
f 6243 6246 6245
f 6247 6248 6250
f 6247 6250 6249
o r118880265_primary
v 399.72 0.05 128.73
v 390.40 0.05 125.13
v 398.56 0.05 131.75
v 389.22 0.05 128.17
v 393.25 0.05 145.58
v 383.91 0.05 142.00
v 392.36 0.05 147.88
v 382.88 0.05 144.72
v 389.61 0.05 156.52
v 380.09 0.05 153.48
f 6257 6258 6260
f 6257 6260 6259
o r118880266_primary
v 357.32 0.05 244.52
v 347.98 0.05 240.92
v 354.30 0.05 252.35
v 344.96 0.05 248.77
v 332.34 0.05 309.84
v 323.00 0.05 306.28
v 329.52 0.05 317.43
v 320.14 0.05 313.93
v 326.50 0.05 325.52
v 317.16 0.05 321.94
v 304.04 0.05 383.95
v 294.70 0.05 380.37
v 301.29 0.05 391.16
v 291.95 0.05 387.60
f 6267 6268 6270
f 6267 6270 6269
f 6271 6272 6274
f 6271 6274 6273
o r118946530_secondary
v 328.37 0.05 316.96
v 335.85 0.05 319.78
v 331.19 0.05 309.44
v 338.71 0.05 312.20
v 332.69 0.05 305.18
v 340.17 0.05 308.00
v 342.61 0.05 279.18
v 350.09 0.05 282.04
f 6281 6282 6284
f 6281 6284 6283
o r118946531_secondary
v 300.13 0.05 390.42
v 307.63 0.05 393.22
v 303.02 0.05 382.67
v 310.50 0.05 385.53
v 314.48 0.05 352.87
v 321.94 0.05 355.73
o r119556991_secondary
v 216.89 0.05 482.17
v 224.29 0.05 479.13
v 213.46 0.05 473.86
v 220.80 0.05 470.66
v 210.16 0.05 466.74
v 217.30 0.05 463.12
v 207.05 0.05 461.20
v 213.81 0.05 456.92
v 203.76 0.05 456.66
v 210.12 0.05 451.80
v 201.07 0.05 453.37
v 207.13 0.05 448.15
v 198.25 0.05 450.26
v 204.03 0.05 444.72
v 195.70 0.05 447.76
v 201.04 0.05 441.80
v 194.71 0.05 447.03
v 199.03 0.05 440.29
v 185.85 0.05 441.51
v 190.07 0.05 434.71
f 6295 6296 6298
f 6295 6298 6297
f 6299 6300 6302
f 6299 6302 6301
f 6303 6304 6306
f 6303 6306 6305
f 6307 6308 6310
f 6307 6310 6309
o r122462484_footway
v 199.03 0.05 437.58
v 197.57 0.05 437.24
v 197.60 0.05 443.83
v 196.14 0.05 443.49
v 196.52 0.05 448.62
v 195.06 0.05 448.30
o r123655019_service
v 293.59 0.05 418.30
v 292.45 0.05 422.14
v 297.89 0.05 419.59
v 296.53 0.05 423.35
v 301.59 0.05 421.21
v 299.61 0.05 424.69
v 304.97 0.05 423.98
v 301.37 0.05 425.72
v 304.96 0.05 428.73
v 301.18 0.05 427.45
v 296.80 0.05 449.75
v 293.24 0.05 447.93
v 291.56 0.05 452.52
v 291.54 0.05 448.52
v 286.07 0.05 450.78
v 287.39 0.05 447.00
v 281.83 0.05 449.22
v 283.21 0.05 445.46
f 6321 6322 6324
f 6321 6324 6323
f 6325 6326 6328
f 6325 6328 6327
f 6329 6330 6332
f 6329 6332 6331
o r124082986_service
v 133.91 0.05 -344.64
v 135.31 0.05 -348.38
v 131.85 0.05 -345.40
v 133.29 0.05 -349.14
v 125.87 0.05 -347.71
v 127.37 0.05 -351.43
v 121.26 0.05 -349.67
v 122.82 0.05 -353.35
f 6339 6340 6342
f 6339 6342 6341
o r124398301_service
v 18.92 0.05 -390.43
v 15.14 0.05 -391.71
v 16.67 0.05 -383.82
v 12.89 0.05 -385.10
v 16.10 0.05 -382.10
v 12.30 0.05 -383.38
o r124462977_footway
v -362.37 0.05 140.06
v -363.79 0.05 139.58
v -364.82 0.05 147.15
v -366.24 0.05 146.67
o r124462983_footway
v -407.84 0.05 298.94
v -406.44 0.05 299.50
v -405.55 0.05 293.26
v -404.15 0.05 293.82
v -402.30 0.05 285.20
v -400.90 0.05 285.76
o r124462984_footway
v -379.45 0.05 225.72
v -378.05 0.05 226.26
v -376.80 0.05 218.80
v -375.40 0.05 219.34
v -374.53 0.05 212.85
v -373.13 0.05 213.39
o r124462988_footway
v -403.37 0.05 301.44
v -402.85 0.05 300.04
v -407.40 0.05 299.92
v -406.88 0.05 298.52
v -411.95 0.05 298.28
v -411.43 0.05 296.86
o r124462989_footway
v -405.72 0.05 283.06
v -406.26 0.05 284.46
v -401.33 0.05 284.78
v -401.87 0.05 286.18
v -396.91 0.05 286.51
v -397.45 0.05 287.91
o r124679520_tertiary
v 0.16 0.05 -399.15
v 6.58 0.05 -396.39
v 1.54 0.05 -402.31
v 8.24 0.05 -400.29
v 2.46 0.05 -406.83
v 9.26 0.05 -405.21
v 4.62 0.05 -415.18
v 11.52 0.05 -414.00
v 5.01 0.05 -421.69
v 11.99 0.05 -421.25
f 6381 6382 6384
f 6381 6384 6383
o r126670461_footway
v 211.39 0.05 180.38
v 210.83 0.05 181.78
v 215.13 0.05 181.88
v 214.59 0.05 183.28
v 223.46 0.05 185.08
v 222.92 0.05 186.48
v 264.22 0.05 200.87
v 263.70 0.05 202.27
v 271.44 0.05 202.71
v 271.06 0.05 204.17
f 6391 6392 6394
f 6391 6394 6393
o r126670469_footway
v -182.69 0.05 31.94
v -183.97 0.05 31.16
v -185.66 0.05 36.80
v -186.98 0.05 36.10
v -186.72 0.05 39.54
v -188.12 0.05 39.00
v -189.01 0.05 44.48
v -189.35 0.05 43.02
v -196.49 0.05 42.00
v -195.97 0.05 40.60
v -205.41 0.05 38.45
v -204.27 0.05 37.47
v -204.11 0.05 32.80
v -202.67 0.05 33.22
v -203.28 0.05 29.95
v -201.84 0.05 30.37
v -201.86 0.05 25.09
v -200.42 0.05 25.51
f 6401 6402 6404
f 6401 6404 6403
f 6405 6406 6408
f 6405 6408 6407
f 6409 6410 6412
f 6409 6412 6411
o r126670471_footway
v -97.82 0.05 -5.69
v -98.34 0.05 -4.29
v -90.62 0.05 -3.04
v -91.14 0.05 -1.64
v -87.41 0.05 -1.87
v -87.93 0.05 -0.47
v -80.52 0.05 0.65
v -81.04 0.05 2.05
f 6419 6420 6422
f 6419 6422 6421
o r126670472_footway
v -161.34 0.05 -29.41
v -159.94 0.05 -28.87
v -159.53 0.05 -34.03
v -158.13 0.05 -33.49
v -158.35 0.05 -37.02
v -156.95 0.05 -36.46
v -156.32 0.05 -42.16
v -154.92 0.05 -41.60
f 6427 6428 6430
f 6427 6430 6429
o r126670473_footway
v -104.83 0.05 62.92
v -104.27 0.05 61.52
v -111.26 0.05 60.33
v -110.70 0.05 58.93
v -114.30 0.05 59.10
v -113.74 0.05 57.70
v -122.14 0.05 55.93
v -121.58 0.05 54.53
f 6435 6436 6438
f 6435 6438 6437
o r126670474_footway
v -183.06 0.05 30.85
v -183.60 0.05 32.25
v -178.55 0.05 32.58
v -179.09 0.05 33.98
v -152.02 0.05 42.80
v -152.56 0.05 44.20
v -148.29 0.05 44.23
v -148.83 0.05 45.63
v -134.31 0.05 49.63
v -134.85 0.05 51.03
v -126.01 0.05 52.82
v -126.55 0.05 54.22
v -121.59 0.05 54.53
v -122.13 0.05 55.93
f 6443 6444 6446
f 6443 6446 6445
f 6447 6448 6450
f 6447 6450 6449
o r126670477_footway
v -160.37 0.05 -29.84
v -160.91 0.05 -28.44
v -155.49 0.05 -27.96
v -156.03 0.05 -26.56
v -151.33 0.05 -26.35
v -151.87 0.05 -24.95
v -135.22 0.05 -20.13
v -135.76 0.05 -18.73
v -125.39 0.05 -16.33
v -125.93 0.05 -14.93
v -103.07 0.05 -7.71
v -103.61 0.05 -6.31
v -97.81 0.05 -5.69
v -98.35 0.05 -4.29
f 6457 6458 6460
f 6457 6460 6459
f 6461 6462 6464
f 6461 6464 6463
o r126670479_footway
v -40.71 0.05 85.09
v -41.21 0.05 86.51
v -34.84 0.05 87.20
v -35.34 0.05 88.62
v -31.71 0.05 88.33
v -32.21 0.05 89.75
v -24.06 0.05 91.09
v -24.56 0.05 92.51
f 6471 6472 6474
f 6471 6474 6473
o r126670805_footway
v 273.27 0.05 219.67
v 273.77 0.05 218.25
v 266.19 0.05 216.95
v 267.47 0.05 216.15
v 267.98 0.05 211.02
v 269.40 0.05 211.50
v 269.51 0.05 206.47
v 270.93 0.05 206.93
v 270.53 0.05 203.21
v 271.97 0.05 203.67
f 6479 6480 6482
f 6479 6482 6481
o r126670808_footway
v 161.12 0.05 84.59
v 159.76 0.05 83.97
v 159.96 0.05 87.14
v 158.56 0.05 86.62
v 158.39 0.05 90.53
v 158.37 0.05 89.03
v 150.48 0.05 87.74
v 150.98 0.05 86.32
f 6489 6490 6492
f 6489 6492 6491
o r126670810_footway
v 191.60 0.05 188.25
v 190.72 0.05 189.47
v 194.23 0.05 190.16
v 193.53 0.05 191.50
v 198.35 0.05 191.75
v 197.77 0.05 193.13
v 204.86 0.05 194.57
v 204.26 0.05 195.95
f 6497 6498 6500
f 6497 6500 6499
o r126671370_footway
v -0.84 0.05 29.99
v -1.38 0.05 31.39
v 60.72 0.05 53.59
v 60.18 0.05 54.99
o r126671375_footway
v -24.04 0.05 91.10
v -24.58 0.05 92.50
v 37.63 0.05 114.88
v 37.09 0.05 116.28
o r126671381_footway
v 117.19 0.05 -276.49
v 117.77 0.05 -277.87
v 109.23 0.05 -279.82
v 109.81 0.05 -281.20
v 106.07 0.05 -281.13
v 106.65 0.05 -282.51
v 98.65 0.05 -284.23
v 99.23 0.05 -285.61
f 6513 6514 6516
f 6513 6516 6515
o r126671384_footway
v 42.25 0.05 -370.69
v 41.73 0.05 -369.29
v 50.20 0.05 -367.74
v 49.66 0.05 -366.34
v 52.91 0.05 -366.62
v 52.35 0.05 -365.22
v 57.78 0.05 -364.70
v 57.22 0.05 -363.30
f 6521 6522 6524
f 6521 6524 6523
o r126671389_footway
v -1.35 0.05 31.40
v -0.87 0.05 29.98
v -8.70 0.05 28.90
v -8.22 0.05 27.48
v -11.92 0.05 27.80
v -11.44 0.05 26.38
v -17.88 0.05 25.77
v -17.40 0.05 24.35
f 6529 6530 6532
f 6529 6532 6531
o r126671390_footway
v 63.82 0.05 47.55
v 62.42 0.05 47.01
v 62.77 0.05 50.32
v 61.37 0.05 49.78
v 61.13 0.05 53.97
v 59.77 0.05 54.61
v 65.20 0.05 55.32
v 64.66 0.05 56.72
v 70.73 0.05 57.48
v 70.19 0.05 58.88
f 6537 6538 6540
f 6537 6540 6539
o r126671391_footway
v 139.48 0.05 -335.47
v 140.06 0.05 -336.85
v 131.65 0.05 -338.70
v 132.21 0.05 -340.08
v 129.46 0.05 -339.56
v 130.02 0.05 -340.96
v 123.59 0.05 -341.91
v 124.15 0.05 -343.31
f 6547 6548 6550
f 6547 6550 6549
o r126671392_footway
v 46.94 0.05 119.95
v 47.46 0.05 118.55
v 41.30 0.05 117.84
v 41.82 0.05 116.44
v 37.69 0.05 116.25
v 37.03 0.05 114.91
v 36.18 0.05 120.41
v 34.80 0.05 119.83
v 34.70 0.05 124.00
v 33.32 0.05 123.42
f 6555 6556 6558
f 6555 6558 6557
o r126675564_footway
v -141.41 0.05 401.31
v -140.89 0.05 399.91
v -148.46 0.05 398.67
v -147.92 0.05 397.27
v -151.93 0.05 397.31
v -151.37 0.05 395.91
v -159.69 0.05 394.24
v -159.13 0.05 392.84
f 6565 6566 6568
f 6565 6568 6567
o r126675576_footway
v -262.77 0.05 421.30
v -263.31 0.05 422.70
v -253.12 0.05 425.08
v -253.66 0.05 426.48
v -248.34 0.05 426.96
v -248.88 0.05 428.36
v -243.08 0.05 429.01
v -243.62 0.05 430.41
f 6573 6574 6576
f 6573 6576 6575
o r126675581_footway
v -233.17 0.05 349.59
v -234.57 0.05 349.05
v -235.93 0.05 356.84
v -237.33 0.05 356.30
v -238.27 0.05 362.05
v -239.49 0.05 362.91
v -229.46 0.05 365.55
v -230.04 0.05 366.93
v -226.14 0.05 366.92
v -226.72 0.05 368.30
v -220.67 0.05 369.18
v -221.25 0.05 370.56
f 6581 6582 6584
f 6581 6584 6583
f 6585 6586 6588
f 6585 6588 6587
o r126678917_footway
v -278.77 0.05 -83.20
v -277.37 0.05 -82.68
v -277.01 0.05 -87.26
v -275.71 0.05 -88.00
v -282.30 0.05 -89.14
v -281.74 0.05 -90.54
v -287.87 0.05 -91.64
v -288.29 0.05 -93.08
v -289.39 0.05 -87.16
v -290.79 0.05 -87.72
v -290.77 0.05 -83.63
v -292.17 0.05 -84.17
v -292.48 0.05 -80.19
v -293.68 0.05 -79.31
v -286.36 0.05 -77.98
v -286.84 0.05 -76.56
v -281.18 0.05 -76.42
v -280.78 0.05 -74.98
v -280.25 0.05 -79.55
v -278.85 0.05 -78.99
v -278.77 0.05 -83.22
v -277.37 0.05 -82.66
f 6593 6594 6596
f 6593 6596 6595
f 6597 6598 6600
f 6597 6600 6599
f 6601 6602 6604
f 6601 6604 6603
f 6605 6606 6608
f 6605 6608 6607
o r126678934_footway
v -305.31 0.05 -11.76
v -306.71 0.05 -12.28
v -306.26 0.05 -9.22
v -307.66 0.05 -9.74
v -307.36 0.05 -6.25
v -308.76 0.05 -6.77
v -308.28 0.05 -3.81
v -309.68 0.05 -4.33
f 6615 6616 6618
f 6615 6618 6617
o r126678935_footway
v -395.65 0.05 -48.13
v -396.13 0.05 -46.71
v -385.38 0.05 -44.65
v -385.88 0.05 -43.23
v -381.46 0.05 -43.17
v -381.98 0.05 -41.77
v -376.58 0.05 -41.36
v -377.10 0.05 -39.96
f 6623 6624 6626
f 6623 6626 6625
o r126678937_footway
v -353.87 0.05 -102.94
v -352.45 0.05 -102.44
v -352.37 0.05 -107.12
v -350.95 0.05 -106.60
v -351.16 0.05 -110.43
v -349.74 0.05 -109.93
v -349.45 0.05 -115.19
v -348.03 0.05 -114.69
f 6631 6632 6634
f 6631 6634 6633
o r127586065_service
v 414.71 0.05 13.37
v 418.43 0.05 14.83
v 417.34 0.05 6.63
v 421.06 0.05 8.09
v 423.77 0.05 -9.90
v 427.53 0.05 -8.54
v 424.99 0.05 -14.56
v 428.87 0.05 -13.58
v 426.35 0.05 -20.15
v 430.31 0.05 -19.55
v 426.41 0.05 -23.58
v 430.41 0.05 -23.82
v 426.03 0.05 -26.15
v 429.83 0.05 -27.39
v 424.34 0.05 -29.90
v 427.86 0.05 -31.78
v 422.65 0.05 -32.48
v 425.71 0.05 -35.06
v 421.00 0.05 -33.97
v 423.02 0.05 -37.43
v 417.59 0.05 -35.34
v 418.87 0.05 -39.14
v 414.47 0.05 -36.16
v 415.05 0.05 -40.12
v 411.07 0.05 -36.32
v 410.69 0.05 -40.30
v 407.71 0.05 -35.50
v 406.45 0.05 -39.30
v 405.39 0.05 -34.50
v 403.01 0.05 -37.72
v 403.30 0.05 -32.21
v 400.12 0.05 -34.63
v 401.81 0.05 -29.72
v 398.17 0.05 -31.38
v 400.07 0.05 -25.00
v 396.29 0.05 -26.32
v 398.91 0.05 -21.44
v 394.99 0.05 -22.26
v 398.63 0.05 -18.12
v 394.63 0.05 -18.32
v 398.58 0.05 -14.59
v 394.60 0.05 -14.31
v 399.34 0.05 -8.50
v 395.36 0.05 -8.04
v 400.15 0.05 -1.34
v 396.17 0.05 -0.92
v 401.00 0.05 7.26
v 397.02 0.05 7.66
f 6639 6640 6642
f 6639 6642 6641
f 6643 6644 6646
f 6643 6646 6645
f 6647 6648 6650
f 6647 6650 6649
f 6651 6652 6654
f 6651 6654 6653
f 6655 6656 6658
f 6655 6658 6657
f 6659 6660 6662
f 6659 6662 6661
f 6663 6664 6666
f 6663 6666 6665
f 6667 6668 6670
f 6667 6670 6669
f 6671 6672 6674
f 6671 6674 6673
f 6675 6676 6678
f 6675 6678 6677
f 6679 6680 6682
f 6679 6682 6681
o r127586066_footway
v 389.82 0.05 -0.19
v 389.60 0.05 -1.67
v 389.69 0.05 -0.95
v 388.21 0.05 -0.69
v 391.30 0.05 3.72
v 389.90 0.05 4.26
v 392.80 0.05 7.21
v 391.44 0.05 7.85
v 394.47 0.05 10.45
v 393.17 0.05 11.19
v 396.50 0.05 13.75
v 395.24 0.05 14.57
v 398.51 0.05 16.66
v 397.33 0.05 17.58
v 401.28 0.05 19.87
v 400.18 0.05 20.89
v 404.37 0.05 22.93
v 403.35 0.05 24.03
v 407.95 0.05 26.07
v 406.99 0.05 27.21
v 412.02 0.05 29.36
v 411.10 0.05 30.54
v 416.64 0.05 32.85
v 415.76 0.05 34.07
v 420.99 0.05 35.76
v 420.19 0.05 37.04
v 425.86 0.05 38.60
v 425.12 0.05 39.90
v 433.81 0.05 42.95
v 433.11 0.05 44.27
v 441.77 0.05 47.12
v 441.09 0.05 48.46
v 458.29 0.05 55.42
v 457.65 0.05 56.78
v 482.36 0.05 65.95
v 481.76 0.05 67.33
v 497.89 0.05 72.63
v 497.31 0.05 74.01
v 506.58 0.05 75.93
v 506.04 0.05 77.33
f 6687 6688 6690
f 6687 6690 6689
f 6691 6692 6694
f 6691 6694 6693
f 6695 6696 6698
f 6695 6698 6697
f 6699 6700 6702
f 6699 6702 6701
f 6703 6704 6706
f 6703 6706 6705
f 6707 6708 6710
f 6707 6710 6709
f 6711 6712 6714
f 6711 6714 6713
f 6715 6716 6718
f 6715 6718 6717
f 6719 6720 6722
f 6719 6722 6721
o r127586069_steps
v 389.03 0.05 -11.25
v 387.55 0.05 -11.05
v 390.45 0.05 -1.03
v 388.97 0.05 -0.83
o r127586078_service
v 403.03 0.05 9.17
v 406.87 0.05 10.25
v 416.31 0.05 -37.78
v 420.15 0.05 -36.70
o r127586081_service
v 365.33 0.05 73.90
v 367.91 0.05 76.96
v 372.09 0.05 68.46
v 375.77 0.05 70.04
v 394.55 0.05 5.82
v 398.31 0.05 7.16
o r127586082_footway
v 373.47 0.05 -16.17
v 373.05 0.05 -14.73
v 382.78 0.05 -13.52
v 382.36 0.05 -12.08
v 388.50 0.05 -11.87
v 388.08 0.05 -10.43
o r127586088_service
v 367.31 0.05 73.55
v 365.93 0.05 77.31
v 379.31 0.05 77.96
v 378.49 0.05 81.88
v 383.15 0.05 77.07
v 384.15 0.05 80.95
v 386.21 0.05 76.00
v 388.03 0.05 79.56
v 388.99 0.05 74.57
v 392.69 0.05 76.07
v 411.53 0.05 12.23
v 415.29 0.05 13.59
f 6747 6748 6750
f 6747 6750 6749
f 6751 6752 6754
f 6751 6754 6753
o r127586090_service
v 392.83 0.05 75.12
v 388.85 0.05 75.52
v 393.58 0.05 84.36
v 389.76 0.05 83.18
v 378.35 0.05 122.15
v 374.63 0.05 120.67
v 377.59 0.05 124.23
v 373.83 0.05 122.85
f 6759 6760 6762
f 6759 6762 6761
o r127586091_service
v 423.57 0.05 18.89
v 424.99 0.05 15.15
v 415.86 0.05 15.97
v 417.28 0.05 12.23
v 412.70 0.05 14.78
v 414.12 0.05 11.04
v 404.24 0.05 11.58
v 405.66 0.05 7.84
v 398.30 0.05 9.33
v 399.72 0.05 5.59
v 395.73 0.05 8.36
v 397.13 0.05 4.62
f 6767 6768 6770
f 6767 6770 6769
f 6771 6772 6774
f 6771 6774 6773
o r127586093_service
v 395.73 0.05 8.36
v 397.13 0.05 4.62
v 385.90 0.05 4.66
v 387.14 0.05 0.86
v 384.57 0.05 4.56
v 384.37 0.05 0.56
v 382.76 0.05 4.87
v 381.52 0.05 1.07
v 382.61 0.05 4.57
v 378.95 0.05 2.95
v 379.78 0.05 13.28
v 376.02 0.05 11.90
v 367.75 0.05 45.14
v 364.01 0.05 43.72
v 360.62 0.05 63.47
v 356.82 0.05 62.21
v 360.72 0.05 65.65
v 356.80 0.05 66.49
v 361.69 0.05 68.31
v 358.63 0.05 70.89
v 367.96 0.05 73.95
v 365.28 0.05 76.91
f 6779 6780 6782
f 6779 6782 6781
f 6783 6784 6786
f 6783 6786 6785
f 6787 6788 6790
f 6787 6790 6789
f 6791 6792 6794
f 6791 6794 6793
o r127586094_service
v 368.43 0.05 76.28
v 364.81 0.05 74.58
v 362.49 0.05 88.95
v 358.97 0.05 87.05
v 358.50 0.05 94.68
v 355.12 0.05 92.54
v 353.94 0.05 102.52
v 350.46 0.05 100.54
v 352.87 0.05 104.59
v 349.33 0.05 102.73
v 350.17 0.05 109.69
v 346.43 0.05 108.29
v 349.17 0.05 114.20
v 345.17 0.05 114.04
v 349.80 0.05 117.87
v 346.02 0.05 119.19
v 351.80 0.05 121.70
v 348.74 0.05 124.28
v 354.66 0.05 123.77
v 353.18 0.05 127.49
v 357.35 0.05 124.02
v 358.17 0.05 127.94
v 360.36 0.05 122.33
v 362.24 0.05 125.87
f 6801 6802 6804
f 6801 6804 6803
f 6805 6806 6808
f 6805 6808 6807
f 6809 6810 6812
f 6809 6812 6811
f 6813 6814 6816
f 6813 6816 6815
f 6817 6818 6820
f 6817 6820 6819
o r128240384_tertiary
v 137.89 0.05 -345.28
v 131.33 0.05 -347.74
v 135.20 0.05 -338.14
v 128.66 0.05 -340.64
v 115.18 0.05 -285.63
v 108.64 0.05 -288.11
v 112.80 0.05 -279.29
v 106.24 0.05 -281.73
v 109.81 0.05 -271.17
v 103.25 0.05 -273.59
f 6825 6826 6828
f 6825 6828 6827
o r128240565_footway
v 30.34 0.05 -292.63
v 30.92 0.05 -294.01
v 24.44 0.05 -295.06
v 25.02 0.05 -296.44
v 21.79 0.05 -296.15
v 22.37 0.05 -297.53
v 13.78 0.05 -299.61
v 15.10 0.05 -300.35
v 15.95 0.05 -306.80
v 17.37 0.05 -306.32
v 19.01 0.05 -315.07
v 19.59 0.05 -313.69
v 28.35 0.05 -312.07
v 27.85 0.05 -310.65
v 30.83 0.05 -311.16
v 30.33 0.05 -309.74
v 36.56 0.05 -309.15
v 36.06 0.05 -307.73
f 6835 6836 6838
f 6835 6838 6837
f 6839 6840 6842
f 6839 6842 6841
f 6843 6844 6846
f 6843 6846 6845
o r128240566_footway
v 45.83 0.05 -332.69
v 44.81 0.05 -331.59
v 47.61 0.05 -331.06
v 46.63 0.05 -329.92
v 57.49 0.05 -322.74
v 56.49 0.05 -321.62
v 99.44 0.05 -285.48
v 98.44 0.05 -284.36
f 6853 6854 6856
f 6853 6856 6855
o r129276015_footway
v 380.58 0.05 -84.22
v 381.88 0.05 -83.46
v 384.76 0.05 -91.14
v 385.56 0.05 -89.88
v 389.61 0.05 -89.70
v 389.09 0.05 -88.30
v 391.82 0.05 -88.86
v 391.28 0.05 -87.46
v 393.96 0.05 -88.05
v 393.46 0.05 -86.63
v 397.09 0.05 -86.44
v 395.59 0.05 -86.42
v 394.53 0.05 -78.76
v 393.11 0.05 -79.22
v 392.30 0.05 -71.74
v 390.88 0.05 -72.20
f 6861 6862 6864
f 6861 6864 6863
f 6865 6866 6868
f 6865 6868 6867
f 6869 6870 6872
f 6869 6872 6871
o r129280938_footway
v 204.72 0.05 194.53
v 204.40 0.05 195.99
v 209.25 0.05 195.54
v 208.73 0.05 196.94
v 263.49 0.05 215.89
v 262.99 0.05 217.31
v 266.82 0.05 215.80
v 266.84 0.05 217.30
f 6877 6878 6880
f 6877 6880 6879
o r129280978_footway
v 220.76 0.05 106.65
v 219.36 0.05 106.09
v 219.69 0.05 109.32
v 218.29 0.05 108.76
v 218.25 0.05 111.53
v 217.27 0.05 112.67
v 227.80 0.05 115.64
v 227.20 0.05 117.02
f 6885 6886 6888
f 6885 6888 6887
o r129991790_footway
v -163.00 0.05 22.83
v -163.64 0.05 21.47
v -183.01 0.05 32.23
v -183.65 0.05 30.87
o r129991793_footway
v -153.93 0.05 35.37
v -152.93 0.05 34.25
v -157.20 0.05 32.49
v -156.10 0.05 31.47
v -161.38 0.05 27.31
v -160.14 0.05 26.47
v -164.02 0.05 22.41
v -162.62 0.05 21.89
v -165.22 0.05 16.98
v -163.72 0.05 16.84
v -165.08 0.05 10.96
v -163.58 0.05 11.04
v -164.79 0.05 8.24
v -163.33 0.05 8.56
v -163.63 0.05 4.48
v -162.21 0.05 4.98
v -161.95 0.05 0.02
v -160.55 0.05 0.54
f 6897 6898 6900
f 6897 6900 6899
f 6901 6902 6904
f 6901 6904 6903
f 6905 6906 6908
f 6905 6908 6907
o r129991795_footway
v -129.35 0.05 -8.31
v -130.79 0.05 -8.75
v -136.43 0.05 14.38
v -137.87 0.05 13.94
o r129992519_footway
v -97.75 0.05 -4.32
v -98.41 0.05 -5.66
v -136.63 0.05 14.70
v -137.67 0.05 13.62
v -130.27 0.05 26.19
v -131.61 0.05 26.85
v -128.14 0.05 30.98
v -129.52 0.05 31.58
v -123.13 0.05 42.30
v -124.51 0.05 42.90
v -121.92 0.05 45.11
v -123.40 0.05 45.35
v -121.11 0.05 55.17
v -122.61 0.05 55.29
f 6919 6920 6922
f 6919 6922 6921
f 6923 6924 6926
f 6923 6926 6925
o r130676352_pedestrian
v -220.12 0.05 -237.60
v -216.38 0.05 -236.18
v -197.88 0.05 -295.19
v -195.20 0.05 -292.21
v -165.29 0.05 -282.90
v -169.27 0.05 -282.46
v -187.65 0.05 -224.38
v -190.33 0.05 -227.36
v -218.95 0.05 -235.02
v -217.55 0.05 -238.76
f 6933 6934 6936
f 6933 6936 6935
o r131622633_footway
v -170.52 0.05 -3.95
v -171.04 0.05 -2.55
v -161.11 0.05 -0.46
v -161.39 0.05 1.02
v -156.60 0.05 -1.27
v -156.34 0.05 0.21
o r139211297_footway
v -273.14 0.05 -432.25
v -274.64 0.05 -432.15
v -272.60 0.05 -423.45
v -274.10 0.05 -423.35
o r139211298_footway
v -291.91 0.05 -431.48
v -290.41 0.05 -431.60
v -292.04 0.05 -433.15
v -290.54 0.05 -433.11
v -291.69 0.05 -440.25
v -290.19 0.05 -440.17
v -291.16 0.05 -448.73
v -289.66 0.05 -448.63
f 6953 6954 6956
f 6953 6956 6955
o r139211300_pedestrian
v -311.96 0.05 -434.39
v -311.82 0.05 -430.39
v -291.36 0.05 -435.13
v -291.22 0.05 -431.13
v -289.64 0.05 -435.20
v -289.78 0.05 -431.20
v -288.36 0.05 -434.89
v -289.98 0.05 -431.23
v -287.23 0.05 -434.07
v -290.29 0.05 -431.49
v -286.62 0.05 -432.83
v -290.50 0.05 -431.85
v -286.45 0.05 -431.62
v -290.45 0.05 -431.50
v -286.32 0.05 -424.65
v -290.32 0.05 -424.67
v -286.54 0.05 -423.23
v -290.40 0.05 -424.29
v -287.06 0.05 -422.05
v -290.40 0.05 -424.27
v -288.08 0.05 -421.00
v -290.32 0.05 -424.32
v -289.22 0.05 -420.48
v -290.60 0.05 -424.24
v -290.23 0.05 -420.18
v -290.95 0.05 -424.12
v -291.67 0.05 -420.05
v -291.51 0.05 -424.05
v -293.44 0.05 -420.36
v -292.06 0.05 -424.12
v -312.94 0.05 -427.80
v -311.48 0.05 -431.52
v -314.08 0.05 -428.60
v -311.26 0.05 -431.42
v -314.77 0.05 -429.53
v -311.21 0.05 -431.35
v -315.16 0.05 -430.87
v -311.16 0.05 -431.07
v -314.86 0.05 -432.49
v -311.24 0.05 -430.81
v -313.70 0.05 -433.82
v -311.54 0.05 -430.44
v -312.56 0.05 -434.27
v -311.22 0.05 -430.51
f 6961 6962 6964
f 6961 6964 6963
f 6965 6966 6968
f 6965 6968 6967
f 6969 6970 6972
f 6969 6972 6971
f 6973 6974 6976
f 6973 6976 6975
f 6977 6978 6980
f 6977 6980 6979
f 6981 6982 6984
f 6981 6984 6983
f 6985 6986 6988
f 6985 6988 6987
f 6989 6990 6992
f 6989 6992 6991
f 6993 6994 6996
f 6993 6996 6995
f 6997 6998 7000
f 6997 7000 6999
o r141453107_footway
v -1.43 0.05 276.66
v -2.85 0.05 276.16
v -3.96 0.05 283.67
v -5.24 0.05 282.91
v -6.19 0.05 283.49
v -5.67 0.05 282.09
v -14.23 0.05 280.50
v -13.71 0.05 279.10
f 7005 7006 7008
f 7005 7008 7007
o r141453109_footway
v 33.39 0.05 365.87
v 31.99 0.05 365.35
v 30.60 0.05 373.54
v 29.20 0.05 373.02
v 28.18 0.05 379.39
v 26.88 0.05 380.15
v 35.66 0.05 381.89
v 35.16 0.05 383.31
v 44.97 0.05 385.24
v 44.47 0.05 386.66
f 7013 7014 7016
f 7013 7016 7015
o r141453111_footway
v -46.64 0.05 335.87
v -48.04 0.05 335.33
v -49.38 0.05 342.84
v -50.78 0.05 342.30
v -51.96 0.05 349.02
v -53.42 0.05 349.34
v -47.96 0.05 350.21
v -48.50 0.05 351.61
v -41.75 0.05 352.62
v -42.29 0.05 354.02
v -33.53 0.05 355.98
v -33.09 0.05 357.42
v -31.32 0.05 349.63
v -29.92 0.05 350.17
v -28.56 0.05 343.40
v -27.28 0.05 342.64
v -37.05 0.05 340.27
v -36.51 0.05 338.87
f 7023 7024 7026
f 7023 7026 7025
f 7027 7028 7030
f 7027 7030 7029
f 7031 7032 7034
f 7031 7034 7033
o r141453113_footway
v 1.79 0.05 446.58
v 3.17 0.05 447.16
v 4.96 0.05 439.48
v 5.56 0.05 440.86
v 12.71 0.05 441.88
v 12.23 0.05 443.30
o r141455502_unclassified
v -497.77 0.05 595.42
v -493.09 0.05 597.20
v -496.28 0.05 591.55
v -491.62 0.05 593.33
v -495.04 0.05 588.29
v -490.36 0.05 590.07
v -472.45 0.05 529.16
v -467.77 0.05 530.94
v -469.48 0.05 521.42
v -464.82 0.05 523.20
v -456.46 0.05 487.41
v -451.80 0.05 489.19
v -453.80 0.05 480.42
v -449.12 0.05 482.20
v -444.08 0.05 454.94
v -439.40 0.05 456.72
v -441.30 0.05 447.70
v -436.64 0.05 449.48
v -428.18 0.05 413.48
v -423.52 0.05 415.26
v -425.49 0.05 406.41
v -420.81 0.05 408.19
v -416.37 0.05 382.46
v -411.69 0.05 384.24
v -413.54 0.05 375.06
v -408.86 0.05 376.84
v -410.37 0.05 366.77
v -405.71 0.05 368.55
v -400.22 0.05 340.28
v -395.56 0.05 342.06
v -397.44 0.05 333.00
v -392.76 0.05 334.78
v -387.83 0.05 307.79
v -383.15 0.05 309.57
v -387.30 0.05 306.38
v -382.62 0.05 308.16
v -385.14 0.05 300.73
v -380.46 0.05 302.51
v -382.18 0.05 293.01
v -377.52 0.05 294.81
v -372.15 0.05 267.06
v -367.49 0.05 268.86
v -369.42 0.05 259.74
v -364.74 0.05 261.52
v -359.37 0.05 233.33
v -354.69 0.05 235.11
v -356.71 0.05 226.37
v -352.03 0.05 228.15
v -354.33 0.05 220.16
v -349.67 0.05 221.96
v -349.50 0.05 207.64
v -344.84 0.05 209.44
v -346.42 0.05 199.54
v -341.74 0.05 201.32
v -332.04 0.05 161.80
v -327.36 0.05 163.58
v -331.37 0.05 160.08
v -326.71 0.05 161.86
v -328.66 0.05 152.99
v -324.00 0.05 154.77
v -325.73 0.05 145.31
v -321.05 0.05 147.09
v -303.51 0.05 87.18
v -298.83 0.05 88.96
v -302.92 0.05 85.63
v -298.24 0.05 87.41
v -300.58 0.05 79.49
v -295.90 0.05 81.27
f 7047 7048 7050
f 7047 7050 7049
f 7051 7052 7054
f 7051 7054 7053
f 7055 7056 7058
f 7055 7058 7057
f 7059 7060 7062
f 7059 7062 7061
f 7063 7064 7066
f 7063 7066 7065
f 7067 7068 7070
f 7067 7070 7069
f 7071 7072 7074
f 7071 7074 7073
f 7075 7076 7078
f 7075 7078 7077
f 7079 7080 7082
f 7079 7082 7081
f 7083 7084 7086
f 7083 7086 7085
f 7087 7088 7090
f 7087 7090 7089
f 7091 7092 7094
f 7091 7094 7093
f 7095 7096 7098
f 7095 7098 7097
f 7099 7100 7102
f 7099 7102 7101
f 7103 7104 7106
f 7103 7106 7105
f 7107 7108 7110
f 7107 7110 7109
o r144177927_tertiary
v 291.91 0.05 -282.81
v 294.39 0.05 -289.35
v 282.53 0.05 -286.38
v 285.05 0.05 -292.90
v 220.77 0.05 -310.32
v 223.29 0.05 -316.86
v 212.16 0.05 -313.49
v 214.58 0.05 -320.05
v 207.00 0.05 -315.42
v 209.44 0.05 -321.98
v 202.78 0.05 -316.97
v 205.24 0.05 -323.53
v 184.45 0.05 -323.89
v 186.91 0.05 -330.45
v 141.05 0.05 -340.17
v 143.53 0.05 -346.71
v 133.31 0.05 -343.26
v 135.91 0.05 -349.76
f 7115 7116 7118
f 7115 7118 7117
f 7119 7120 7122
f 7119 7122 7121
f 7123 7124 7126
f 7123 7126 7125
o r144373669_footway
v 357.56 0.05 77.74
v 356.30 0.05 78.56
v 359.33 0.05 80.42
v 358.07 0.05 81.24
o r144373670_footway
v 338.38 0.05 81.69
v 337.86 0.05 83.09
v 351.56 0.05 86.49
v 350.78 0.05 87.77
v 357.38 0.05 93.12
v 356.24 0.05 94.10
o r144373671_footway
v 267.41 0.05 30.33
v 267.63 0.05 28.85
v 260.48 0.05 29.30
v 260.68 0.05 27.82
v 251.85 0.05 28.13
v 251.21 0.05 26.77
v 249.66 0.05 34.38
v 248.26 0.05 33.84
v 246.60 0.05 41.48
v 245.24 0.05 42.12
v 254.37 0.05 44.12
v 253.83 0.05 45.52
v 263.70 0.05 47.97
v 263.12 0.05 49.35
f 7143 7144 7146
f 7143 7146 7145
f 7147 7148 7150
f 7147 7150 7149
o r144373672_footway
v 281.63 0.05 45.29
v 281.39 0.05 46.77
v 315.49 0.05 50.75
v 315.25 0.05 52.23
o r144373673_steps
v 359.18 0.05 81.41
v 358.22 0.05 80.25
v 351.65 0.05 87.71
v 350.69 0.05 86.55
o r144373674_footway
v 277.47 0.05 54.08
v 278.85 0.05 54.66
v 278.95 0.05 50.48
v 280.35 0.05 51.04
v 280.81 0.05 45.76
v 282.21 0.05 46.30
o r144373676_footway
v 377.91 0.05 62.69
v 376.41 0.05 62.79
v 378.11 0.05 65.70
v 376.61 0.05 65.80
v 378.46 0.05 70.41
v 376.96 0.05 70.53
o r144373677_footway
v 315.49 0.05 50.75
v 315.25 0.05 52.23
v 369.67 0.05 59.28
v 369.43 0.05 60.76
v 373.48 0.05 60.01
v 373.18 0.05 61.49
v 374.71 0.05 60.30
v 374.29 0.05 61.74
v 376.00 0.05 60.77
v 375.38 0.05 62.13
v 377.07 0.05 61.40
v 376.09 0.05 62.52
v 377.76 0.05 62.29
v 376.56 0.05 63.19
f 7177 7178 7180
f 7177 7180 7179
f 7181 7182 7184
f 7181 7184 7183
o r144480313_footway
v 379.65 0.05 141.93
v 378.25 0.05 141.41
v 376.02 0.05 151.63
v 374.62 0.05 151.11
v 373.69 0.05 157.81
v 372.29 0.05 157.29
v 371.02 0.05 164.93
v 369.62 0.05 164.41
f 7191 7192 7194
f 7191 7194 7193
o r144639302_footway
v 372.71 0.05 158.25
v 373.27 0.05 156.85
v 367.79 0.05 156.27
v 368.31 0.05 154.87
v 314.87 0.05 137.03
v 315.39 0.05 135.63
o r144639303_footway
v 427.68 0.05 -27.48
v 428.18 0.05 -26.06
v 436.09 0.05 -30.49
v 436.59 0.05 -29.07
v 437.59 0.05 -31.03
v 438.11 0.05 -29.63
o r144639304_steps
v 337.93 0.05 83.12
v 338.31 0.05 81.66
v 335.24 0.05 82.43
v 335.62 0.05 80.97
o r144639305_footway
v 300.77 0.05 146.07
v 301.29 0.05 144.67
v 293.90 0.05 143.30
v 295.26 0.05 142.66
v 296.29 0.05 136.60
v 297.69 0.05 137.16
v 297.90 0.05 132.56
v 299.30 0.05 133.12
f 7215 7216 7218
f 7215 7218 7217
o r144639307_footway
v 293.45 0.05 -41.58
v 294.77 0.05 -40.86
v 295.43 0.05 -45.24
v 296.73 0.05 -44.50
v 298.79 0.05 -51.13
v 300.09 0.05 -50.37
v 302.39 0.05 -56.98
v 303.67 0.05 -56.20
f 7223 7224 7226
f 7223 7226 7225
o r144914442_path
v 379.30 0.05 141.01
v 378.60 0.05 142.33
v 387.98 0.05 145.64
v 387.26 0.05 146.96
v 396.08 0.05 150.16
v 395.36 0.05 151.48
v 400.44 0.05 152.34
v 399.76 0.05 153.68
v 402.71 0.05 153.48
v 402.03 0.05 154.82
f 7231 7232 7234
f 7231 7234 7233
o r144914443_cycleway
v 398.18 0.05 120.28
v 397.56 0.05 118.92
v 387.83 0.05 124.95
v 387.21 0.05 123.59
o r144914444_path
v 378.33 0.05 141.25
v 379.57 0.05 142.09
v 381.72 0.05 136.26
v 383.08 0.05 136.92
v 386.08 0.05 125.20
v 387.46 0.05 125.78
v 386.88 0.05 123.88
v 388.16 0.05 124.66
f 7245 7246 7248
f 7245 7248 7247
o r150570455_tertiary
v -357.37 0.05 -367.40
v -359.91 0.05 -360.88
v -349.53 0.05 -364.36
v -351.99 0.05 -357.80
v -325.51 0.05 -355.43
v -327.97 0.05 -348.87
v -286.26 0.05 -340.64
v -288.74 0.05 -334.10
v -278.25 0.05 -337.59
v -280.75 0.05 -331.05
v -276.45 0.05 -336.91
v -278.91 0.05 -330.35
v -268.78 0.05 -334.04
v -271.28 0.05 -327.50
v -252.37 0.05 -327.74
v -254.87 0.05 -321.20
v -199.02 0.05 -307.34
v -201.52 0.05 -300.80
v -193.35 0.05 -305.22
v -195.81 0.05 -298.66
v -163.36 0.05 -293.96
v -165.82 0.05 -287.40
v -157.13 0.05 -291.62
v -159.59 0.05 -285.06
v -149.64 0.05 -288.79
v -152.12 0.05 -282.25
v -145.74 0.05 -287.31
v -148.22 0.05 -280.77
v -116.28 0.05 -276.21
v -118.74 0.05 -269.65
f 7253 7254 7256
f 7253 7256 7255
f 7257 7258 7260
f 7257 7260 7259
f 7261 7262 7264
f 7261 7264 7263
f 7265 7266 7268
f 7265 7268 7267
f 7269 7270 7272
f 7269 7272 7271
f 7273 7274 7276
f 7273 7276 7275
o r150590779_footway
v 236.49 0.05 507.38
v 237.83 0.05 506.72
v 235.55 0.05 505.44
v 236.93 0.05 504.88
v 230.57 0.05 492.83
v 231.97 0.05 492.29
v 227.88 0.05 485.82
v 229.28 0.05 485.28
v 223.57 0.05 474.95
v 224.97 0.05 474.39
v 220.50 0.05 467.45
v 221.88 0.05 466.87
v 219.12 0.05 464.13
v 220.46 0.05 463.47
v 217.59 0.05 461.50
v 218.91 0.05 460.78
v 216.06 0.05 458.63
v 217.36 0.05 457.87
v 214.46 0.05 456.19
v 215.70 0.05 455.35
v 212.67 0.05 453.54
v 213.89 0.05 452.66
v 211.32 0.05 451.81
v 212.52 0.05 450.91
v 210.03 0.05 450.07
v 211.23 0.05 449.17
v 209.40 0.05 449.22
v 210.52 0.05 448.22
v 206.93 0.05 446.59
v 207.99 0.05 445.53
v 204.43 0.05 444.20
v 205.47 0.05 443.12
v 202.77 0.05 442.60
v 203.79 0.05 441.50
v 197.79 0.05 437.96
v 198.81 0.05 436.86
f 7283 7284 7286
f 7283 7286 7285
f 7287 7288 7290
f 7287 7290 7289
f 7291 7292 7294
f 7291 7294 7293
f 7295 7296 7298
f 7295 7298 7297
f 7299 7300 7302
f 7299 7302 7301
f 7303 7304 7306
f 7303 7306 7305
f 7307 7308 7310
f 7307 7310 7309
f 7311 7312 7314
f 7311 7314 7313
o r150590793_path
v 265.04 0.05 452.96
v 265.60 0.05 451.56
v 261.32 0.05 451.48
v 261.88 0.05 450.08
v 200.46 0.05 427.33
v 201.02 0.05 425.93
o r150590795_footway
v 200.73 0.05 428.64
v 199.61 0.05 429.64
v 203.87 0.05 432.16
v 202.73 0.05 433.14
v 206.51 0.05 435.43
v 205.33 0.05 436.35
v 207.34 0.05 436.57
v 206.12 0.05 437.45
v 208.79 0.05 438.59
v 207.59 0.05 439.49
v 211.67 0.05 442.43
v 210.45 0.05 443.31
v 214.27 0.05 446.26
v 213.03 0.05 447.10
v 216.78 0.05 450.05
v 215.52 0.05 450.87
v 219.40 0.05 454.20
v 218.12 0.05 455.00
v 222.28 0.05 458.85
v 220.98 0.05 459.61
v 226.85 0.05 466.99
v 225.55 0.05 467.73
v 230.52 0.05 473.22
v 229.22 0.05 473.98
v 233.81 0.05 478.97
v 232.53 0.05 479.73
v 235.60 0.05 481.75
v 234.32 0.05 482.55
v 237.26 0.05 484.46
v 236.00 0.05 485.26
v 238.40 0.05 486.18
v 237.22 0.05 487.10
v 240.55 0.05 488.62
v 239.47 0.05 489.66
v 241.64 0.05 489.59
v 240.76 0.05 490.81
v 243.08 0.05 490.43
v 242.40 0.05 491.77
v 245.68 0.05 491.65
v 245.04 0.05 493.01
f 7325 7326 7328
f 7325 7328 7327
f 7329 7330 7332
f 7329 7332 7331
f 7333 7334 7336
f 7333 7336 7335
f 7337 7338 7340
f 7337 7340 7339
f 7341 7342 7344
f 7341 7344 7343
f 7345 7346 7348
f 7345 7348 7347
f 7349 7350 7352
f 7349 7352 7351
f 7353 7354 7356
f 7353 7356 7355
f 7357 7358 7360
f 7357 7360 7359
o r150843657_secondary
v -178.03 0.05 5.04
v -185.53 0.05 2.24
v -184.98 0.05 23.61
v -192.48 0.05 20.81
o r150843661_secondary
v -195.96 0.05 51.53
v -203.40 0.05 48.61
v -199.12 0.05 59.61
v -206.66 0.05 56.93
v -214.29 0.05 102.97
v -221.83 0.05 100.27
v -217.48 0.05 110.92
v -224.92 0.05 108.00
v -220.15 0.05 117.93
v -227.63 0.05 115.07
v -242.84 0.05 177.29
v -250.32 0.05 174.43
v -245.57 0.05 184.43
v -253.05 0.05 181.57
v -248.10 0.05 191.03
v -255.56 0.05 188.17
v -271.26 0.05 251.33
v -278.74 0.05 248.47
v -273.57 0.05 257.67
v -281.09 0.05 254.93
f 7369 7370 7372
f 7369 7372 7371
f 7373 7374 7376
f 7373 7376 7375
f 7377 7378 7380
f 7377 7380 7379
f 7381 7382 7384
f 7381 7384 7383
o r150843666_secondary
v -166.83 0.05 -23.74
v -174.29 0.05 -26.64
v -178.05 0.05 5.09
v -185.51 0.05 2.19
o r150843668_secondary
v -161.21 0.05 -38.05
v -168.65 0.05 -40.97
v -162.41 0.05 -35.00
v -169.85 0.05 -37.92
v -164.18 0.05 -30.49
v -171.62 0.05 -33.41
v -166.84 0.05 -23.73
v -174.28 0.05 -26.65
f 7393 7394 7396
f 7393 7396 7395
o r150843671_secondary
v -185.01 0.05 23.67
v -192.45 0.05 20.75
v -187.79 0.05 30.75
v -195.23 0.05 27.83
v -189.52 0.05 35.15
v -196.96 0.05 32.23
v -190.65 0.05 38.02
v -198.09 0.05 35.10
v -192.51 0.05 42.76
v -199.95 0.05 39.84
v -195.96 0.05 51.53
v -203.40 0.05 48.61
f 7401 7402 7404
f 7401 7404 7403
f 7405 7406 7408
f 7405 7408 7407
o r150843685_unclassified
v -130.52 0.05 -23.76
v -128.74 0.05 -28.44
v -149.87 0.05 -31.11
v -148.09 0.05 -35.79
o r150843689_unclassified
v -149.87 0.05 -31.11
v -148.09 0.05 -35.79
v -158.54 0.05 -34.40
v -156.76 0.05 -39.08
v -165.82 0.05 -37.17
v -164.04 0.05 -41.85
v -175.13 0.05 -40.70
v -173.33 0.05 -45.36
v -236.77 0.05 -64.40
v -234.97 0.05 -69.06
v -242.20 0.05 -66.54
v -240.38 0.05 -71.20
v -248.03 0.05 -68.81
v -246.25 0.05 -73.47
v -278.96 0.05 -80.60
v -277.18 0.05 -85.28
v -284.65 0.05 -82.73
v -282.91 0.05 -87.41
f 7417 7418 7420
f 7417 7420 7419
f 7421 7422 7424
f 7421 7424 7423
f 7425 7426 7428
f 7425 7428 7427
o r150843693_unclassified
v -150.87 0.05 50.22
v -152.63 0.05 54.90
v -130.57 0.05 57.90
v -132.33 0.05 62.58
o r150843697_unclassified
v -130.56 0.05 57.90
v -132.34 0.05 62.58
v -123.78 0.05 60.48
v -125.56 0.05 65.16
o r154068215_footway
v 314.43 0.05 136.07
v 315.83 0.05 136.59
v 334.73 0.05 81.43
v 336.13 0.05 81.97
v 339.83 0.05 69.35
v 341.21 0.05 69.95
v 344.62 0.05 58.40
v 346.02 0.05 58.94
v 353.57 0.05 34.29
v 354.97 0.05 34.81
v 359.31 0.05 19.18
v 360.71 0.05 19.70
v 365.81 0.05 1.16
v 367.21 0.05 1.70
v 372.56 0.05 -15.72
v 373.96 0.05 -15.18
v 376.66 0.05 -27.55
v 378.08 0.05 -27.07
v 380.71 0.05 -40.01
v 382.15 0.05 -39.57
v 382.60 0.05 -46.58
v 384.04 0.05 -46.12
v 390.88 0.05 -72.20
v 392.30 0.05 -71.74
f 7443 7444 7446
f 7443 7446 7445
f 7447 7448 7450
f 7447 7450 7449
f 7451 7452 7454
f 7451 7454 7453
f 7455 7456 7458
f 7455 7458 7457
f 7459 7460 7462
f 7459 7462 7461
o r156261067_footway
v 36.54 0.05 -309.15
v 36.08 0.05 -307.73
v 43.53 0.05 -306.92
v 43.01 0.05 -305.52
v 99.21 0.05 -285.62
v 98.67 0.05 -284.22
o r158068228_footway
v -404.81 0.05 31.87
v -403.41 0.05 32.39
v -389.48 0.05 -9.43
v -388.08 0.05 -8.91
v -383.67 0.05 -24.90
v -382.27 0.05 -24.38
o r158068229_footway
v -421.59 0.05 24.46
v -422.13 0.05 25.86
v -412.84 0.05 27.90
v -413.38 0.05 29.30
v -409.40 0.05 29.26
v -409.94 0.05 30.66
v -403.84 0.05 31.43
v -404.38 0.05 32.83
f 7479 7480 7482
f 7479 7482 7481
o r158069452_footway
v -349.44 0.05 -115.20
v -348.04 0.05 -114.68
v -334.37 0.05 -155.71
v -332.97 0.05 -155.19
v -328.00 0.05 -172.86
v -326.60 0.05 -172.34
v -327.16 0.05 -175.11
v -325.76 0.05 -174.59
f 7487 7488 7490
f 7487 7490 7489
o r158069456_footway
v -267.90 0.05 -322.28
v -269.28 0.05 -322.86
v -274.96 0.05 -305.48
v -276.36 0.05 -306.04
v -282.62 0.05 -285.40
v -284.02 0.05 -285.94
v -291.66 0.05 -262.50
v -293.06 0.05 -263.06
f 7495 7496 7498
f 7495 7498 7497
o r158069461_footway
v -275.95 0.05 -305.07
v -275.37 0.05 -306.45
v -278.36 0.05 -306.77
v -279.66 0.05 -307.53
v -285.88 0.05 -286.77
v -287.36 0.05 -287.07
v -283.05 0.05 -286.37
v -283.59 0.05 -284.97
f 7503 7504 7506
f 7503 7506 7505
o r158069462_footway
v -338.24 0.05 -195.60
v -339.64 0.05 -196.14
v -340.81 0.05 -188.93
v -342.21 0.05 -189.45
v -343.14 0.05 -182.11
v -344.56 0.05 -182.59
o r158069466_footway
v -291.66 0.05 -262.50
v -293.06 0.05 -263.06
v -294.21 0.05 -256.06
v -295.61 0.05 -256.60
v -297.08 0.05 -248.39
v -298.48 0.05 -248.91
o r158069467_footway
v -287.23 0.05 -329.78
v -287.75 0.05 -328.36
v -279.84 0.05 -327.10
v -280.34 0.05 -325.68
v -277.01 0.05 -326.08
v -277.49 0.05 -324.66
v -268.36 0.05 -323.28
v -268.82 0.05 -321.86
f 7523 7524 7526
f 7523 7526 7525
o r158070215_footway
v -296.00 0.05 -432.11
v -295.94 0.05 -430.61
v -291.19 0.05 -432.29
v -291.13 0.05 -430.79
o r158070217_footway
v -290.42 0.05 -431.64
v -291.90 0.05 -431.44
v -289.17 0.05 -422.46
v -290.65 0.05 -422.26
o r158070636_footway
v -272.60 0.05 -423.40
v -274.10 0.05 -423.40
v -272.57 0.05 -415.79
v -274.07 0.05 -415.79
o r158090037_footway
v -417.44 0.05 -226.63
v -416.82 0.05 -225.27
v -414.61 0.05 -227.76
v -413.31 0.05 -227.02
v -409.81 0.05 -240.30
v -408.41 0.05 -239.76
v -409.32 0.05 -239.72
v -408.62 0.05 -241.04
v -411.57 0.05 -240.50
v -411.07 0.05 -241.92
f 7543 7544 7546
f 7543 7546 7545
o r158090040_footway
v -404.91 0.05 -205.07
v -404.41 0.05 -206.49
v -413.80 0.05 -208.28
v -413.30 0.05 -209.70
v -417.02 0.05 -209.29
v -416.56 0.05 -210.71
v -422.77 0.05 -211.14
v -422.31 0.05 -212.56
f 7553 7554 7556
f 7553 7556 7555
o r158090042_footway
v -389.08 0.05 -299.58
v -390.50 0.05 -300.06
v -391.38 0.05 -292.78
v -392.78 0.05 -293.30
v -394.32 0.05 -285.47
v -395.72 0.05 -286.03
o r161372313_footway
v -67.23 0.05 -444.66
v -68.73 0.05 -444.62
v -67.11 0.05 -440.40
v -68.61 0.05 -440.54
v -68.34 0.05 -431.91
v -69.82 0.05 -432.13
o r164619506_footway
v -273.48 0.05 -449.06
v -274.98 0.05 -449.02
v -273.26 0.05 -440.80
v -274.76 0.05 -440.76
v -273.14 0.05 -432.21
v -274.64 0.05 -432.19
o r164619511_footway
v -273.81 0.05 -431.45
v -273.97 0.05 -432.95
v -280.13 0.05 -430.81
v -280.25 0.05 -432.31
v -281.81 0.05 -430.84
v -281.81 0.05 -432.34
v -288.45 0.05 -430.81
v -288.45 0.05 -432.31
v -291.15 0.05 -430.79
v -291.17 0.05 -432.29
f 7579 7580 7582
f 7579 7582 7581
o r180639441_tertiary
v -365.52 0.05 -107.17
v -358.94 0.05 -104.75
v -363.95 0.05 -111.44
v -357.39 0.05 -108.98
v -362.62 0.05 -114.87
v -356.06 0.05 -112.41
v -360.99 0.05 -119.31
v -354.41 0.05 -116.93
v -359.74 0.05 -122.85
v -353.22 0.05 -120.31
v -346.30 0.05 -157.00
v -339.78 0.05 -154.44
f 7589 7590 7592
f 7589 7592 7591
f 7593 7594 7596
f 7593 7596 7595
o r180639442_steps
v -386.25 0.05 -24.67
v -385.93 0.05 -23.21
v -383.13 0.05 -25.37
v -382.81 0.05 -23.91
o r180639443_tertiary
v -393.28 0.05 -33.47
v -386.70 0.05 -31.11
v -391.68 0.05 -37.92
v -385.12 0.05 -35.50
v -390.46 0.05 -41.12
v -383.92 0.05 -38.62
v -388.90 0.05 -45.18
v -382.36 0.05 -42.70
v -379.15 0.05 -71.02
v -372.61 0.05 -68.54
v -375.05 0.05 -81.87
v -368.51 0.05 -79.39
v -365.50 0.05 -107.19
v -358.96 0.05 -104.73
f 7605 7606 7608
f 7605 7608 7607
f 7609 7610 7612
f 7609 7612 7611
o r180639456_unclassified
v -318.74 0.05 -13.25
v -320.46 0.05 -8.55
v -313.09 0.05 -11.18
v -314.87 0.05 -6.50
v -307.14 0.05 -8.84
v -308.98 0.05 -4.18
o r180639457_unclassified
v -397.71 0.05 -42.79
v -399.43 0.05 -38.09
v -387.54 0.05 -39.06
v -389.26 0.05 -34.36
v -383.81 0.05 -37.70
v -385.53 0.05 -33.00
v -378.70 0.05 -35.83
v -380.42 0.05 -31.13
f 7625 7626 7628
f 7625 7628 7627
o r180639468_footway
v -382.03 0.05 -29.07
v -380.63 0.05 -28.53
v -380.26 0.05 -33.75
v -378.86 0.05 -33.21
v -379.06 0.05 -36.86
v -377.66 0.05 -36.32
v -377.54 0.05 -40.92
v -376.14 0.05 -40.40
f 7633 7634 7636
f 7633 7636 7635
o r180639482_footway
v -381.59 0.05 -28.10
v -381.07 0.05 -29.50
v -386.87 0.05 -30.06
v -386.31 0.05 -31.46
v -390.24 0.05 -31.58
v -389.74 0.05 -33.00
v -400.78 0.05 -35.08
v -400.30 0.05 -36.50
f 7641 7642 7644
f 7641 7644 7643
o r186076096_unclassified
v -200.08 0.05 -438.87
v -205.08 0.05 -438.69
v -199.91 0.05 -434.04
v -204.91 0.05 -433.90
v -198.85 0.05 -397.47
v -203.85 0.05 -397.31
v -198.42 0.05 -388.59
v -203.42 0.05 -388.41
v -198.28 0.05 -382.07
v -203.28 0.05 -381.97
v -197.46 0.05 -341.34
v -202.46 0.05 -341.24
f 7649 7650 7652
f 7649 7652 7651
f 7653 7654 7656
f 7653 7656 7655
o r186076097_primary
v -217.30 0.05 -436.42
v -217.42 0.05 -446.42
v -273.94 0.05 -435.78
v -274.08 0.05 -445.78
v -280.16 0.05 -435.57
v -280.50 0.05 -445.57
v -282.07 0.05 -435.50
v -282.43 0.05 -445.50
f 7661 7662 7664
f 7661 7664 7663
o r186076098_primary
v -190.94 0.05 -437.77
v -186.40 0.05 -446.67
v -196.16 0.05 -440.60
v -193.92 0.05 -450.34
v -202.55 0.05 -440.43
v -202.65 0.05 -450.43
v -210.14 0.05 -440.46
v -212.76 0.05 -450.12
v -214.62 0.05 -437.24
v -220.10 0.05 -445.60
f 7669 7670 7672
f 7669 7672 7671
o r186076099_primary
v -215.19 0.05 -445.93
v -219.53 0.05 -436.91
v -210.70 0.05 -443.56
v -212.46 0.05 -433.72
v -202.65 0.05 -443.78
v -202.51 0.05 -433.78
v -196.03 0.05 -443.73
v -193.63 0.05 -434.03
v -191.05 0.05 -446.62
v -186.29 0.05 -437.82
f 7679 7680 7682
f 7679 7682 7681
o r189781331_path
v 335.97 0.05 102.89
v 337.37 0.05 103.43
v 336.48 0.05 101.54
v 337.86 0.05 102.14
v 337.61 0.05 99.20
v 338.95 0.05 99.88
v 340.11 0.05 94.51
v 341.41 0.05 95.25
v 342.11 0.05 91.41
v 343.35 0.05 92.25
v 343.71 0.05 89.22
v 344.87 0.05 90.18
v 347.24 0.05 85.17
v 348.34 0.05 86.19
v 349.19 0.05 83.27
v 350.21 0.05 84.37
v 351.68 0.05 81.07
v 352.64 0.05 82.21
v 353.79 0.05 79.38
v 354.67 0.05 80.60
v 356.52 0.05 77.52
v 357.34 0.05 78.78
v 359.20 0.05 75.90
v 359.92 0.05 77.22
v 361.34 0.05 74.84
v 362.00 0.05 76.18
v 365.02 0.05 73.04
v 365.62 0.05 74.42
v 367.81 0.05 72.05
v 368.27 0.05 73.47
v 371.45 0.05 70.93
v 371.81 0.05 72.39
v 374.99 0.05 70.26
v 375.27 0.05 71.74
v 377.61 0.05 69.73
v 377.81 0.05 71.21
v 380.56 0.05 69.50
v 380.64 0.05 71.00
v 385.54 0.05 69.34
v 385.56 0.05 70.84
v 389.20 0.05 69.37
v 389.20 0.05 70.87
v 393.50 0.05 69.37
v 393.46 0.05 70.87
v 397.99 0.05 69.64
v 397.87 0.05 71.14
v 402.84 0.05 70.13
v 402.64 0.05 71.61
v 409.10 0.05 71.20
v 408.82 0.05 72.68
v 416.12 0.05 72.68
v 415.76 0.05 74.14
v 435.75 0.05 77.88
v 435.35 0.05 79.32
v 450.14 0.05 81.85
v 449.72 0.05 83.29
v 465.63 0.05 86.71
v 465.17 0.05 88.13
v 480.22 0.05 91.59
v 479.74 0.05 93.01
v 487.74 0.05 94.12
v 487.26 0.05 95.54
v 498.13 0.05 97.77
v 497.63 0.05 99.19
f 7689 7690 7692
f 7689 7692 7691
f 7693 7694 7696
f 7693 7696 7695
f 7697 7698 7700
f 7697 7700 7699
f 7701 7702 7704
f 7701 7704 7703
f 7705 7706 7708
f 7705 7708 7707
f 7709 7710 7712
f 7709 7712 7711
f 7713 7714 7716
f 7713 7716 7715
f 7717 7718 7720
f 7717 7720 7719
f 7721 7722 7724
f 7721 7724 7723
f 7725 7726 7728
f 7725 7728 7727
f 7729 7730 7732
f 7729 7732 7731
f 7733 7734 7736
f 7733 7736 7735
f 7737 7738 7740
f 7737 7740 7739
f 7741 7742 7744
f 7741 7744 7743
f 7745 7746 7748
f 7745 7748 7747
o r189781347_tertiary
v -17.55 0.05 358.57
v -15.07 0.05 352.03
v -29.34 0.05 354.12
v -26.86 0.05 347.58
v -31.85 0.05 353.18
v -29.39 0.05 346.62
v -40.67 0.05 349.86
v -38.21 0.05 343.30
f 7753 7754 7756
f 7753 7756 7755
o r189781348_cycleway
v 13.84 0.05 367.92
v 14.98 0.05 366.94
v 7.55 0.05 360.55
v 8.65 0.05 359.53
v 4.85 0.05 358.33
v 5.73 0.05 357.11
v 2.31 0.05 356.78
v 2.87 0.05 355.38
v -1.15 0.05 355.95
v -1.01 0.05 354.45
v -7.32 0.05 355.88
v -7.32 0.05 354.38
v -16.30 0.05 356.05
v -16.32 0.05 354.55
f 7761 7762 7764
f 7761 7764 7763
f 7765 7766 7768
f 7765 7768 7767
o r189781353_secondary
v -110.53 0.05 -181.97
v -107.77 0.05 -189.47
v -121.05 0.05 -185.84
v -118.21 0.05 -193.32
v -182.22 0.05 -209.15
v -179.36 0.05 -216.63
v -187.94 0.05 -211.34
v -185.08 0.05 -218.82
v -192.03 0.05 -212.90
v -189.19 0.05 -220.38
v -224.17 0.05 -225.09
v -221.35 0.05 -232.57
v -229.80 0.05 -227.18
v -227.02 0.05 -234.68
f 7775 7776 7778
f 7775 7778 7777
f 7779 7780 7782
f 7779 7782 7781
o r189781354_footway
v 196.26 0.05 175.41
v 195.72 0.05 176.81
v 203.85 0.05 178.40
v 203.31 0.05 179.80
v 210.12 0.05 180.82
v 209.58 0.05 182.22
o r189781355_footway
v 130.61 0.05 164.68
v 129.83 0.05 165.96
v 133.22 0.05 166.29
v 132.68 0.05 167.69
v 191.42 0.05 188.16
v 190.90 0.05 189.56
o r189781356_footway
v 135.01 0.05 152.46
v 134.39 0.05 153.82
v 137.98 0.05 153.79
v 137.46 0.05 155.19
v 196.25 0.05 175.41
v 195.73 0.05 176.81
o r189781372_footway
v 8.26 0.05 321.51
v 9.48 0.05 322.37
v 9.34 0.05 319.97
v 10.44 0.05 321.01
v 10.94 0.05 318.72
v 11.64 0.05 320.04
v 13.15 0.05 317.94
v 13.41 0.05 319.42
v 15.53 0.05 317.94
v 15.27 0.05 319.42
v 17.75 0.05 318.74
v 17.01 0.05 320.04
v 19.56 0.05 320.26
v 18.42 0.05 321.22
v 20.75 0.05 322.30
v 19.35 0.05 322.84
v 21.16 0.05 324.39
v 19.66 0.05 324.45
v 20.90 0.05 326.50
v 19.46 0.05 326.08
v 19.99 0.05 328.43
v 18.75 0.05 327.59
v 18.54 0.05 329.98
v 17.62 0.05 328.80
v 16.65 0.05 331.01
v 16.19 0.05 329.59
v 14.16 0.05 331.42
v 14.20 0.05 329.92
v 11.68 0.05 330.90
v 12.26 0.05 329.52
v 9.55 0.05 329.50
v 10.59 0.05 328.42
v 8.10 0.05 327.45
v 9.44 0.05 326.77
v 7.54 0.05 325.51
v 9.02 0.05 325.31
v 7.58 0.05 323.50
v 9.06 0.05 323.76
v 8.16 0.05 321.71
v 9.58 0.05 322.17
f 7807 7808 7810
f 7807 7810 7809
f 7811 7812 7814
f 7811 7814 7813
f 7815 7816 7818
f 7815 7818 7817
f 7819 7820 7822
f 7819 7822 7821
f 7823 7824 7826
f 7823 7826 7825
f 7827 7828 7830
f 7827 7830 7829
f 7831 7832 7834
f 7831 7834 7833
f 7835 7836 7838
f 7835 7838 7837
f 7839 7840 7842
f 7839 7842 7841
o r189781373_footway
v 207.13 0.05 188.57
v 206.61 0.05 189.97
v 211.16 0.05 190.06
v 210.72 0.05 191.50
v 220.38 0.05 192.58
v 219.96 0.05 194.02
v 240.66 0.05 198.56
v 240.32 0.05 200.02
v 260.62 0.05 202.02
v 260.48 0.05 203.52
v 263.71 0.05 200.86
v 264.21 0.05 202.28
f 7847 7848 7850
f 7847 7850 7849
f 7851 7852 7854
f 7851 7854 7853
o r189781375_footway
v -28.30 0.05 342.37
v -27.54 0.05 343.67
v -26.30 0.05 341.20
v -25.70 0.05 342.58
v 8.48 0.05 326.42
v 9.06 0.05 327.80
o r189781377_steps
v 354.30 0.05 427.39
v 354.78 0.05 428.81
v 367.57 0.05 422.88
v 368.05 0.05 424.30
o r189781378_steps
v 352.50 0.05 418.21
v 352.38 0.05 419.71
v 368.84 0.05 419.61
v 368.72 0.05 421.11
o r189781380_footway
v -3.91 0.05 282.99
v -5.29 0.05 283.59
v -3.05 0.05 284.95
v -4.43 0.05 285.55
v 11.98 0.05 319.08
v 10.60 0.05 319.68
o r189781383_path
v 370.89 0.05 413.15
v 370.53 0.05 414.61
v 372.25 0.05 413.66
v 372.87 0.05 415.02
v 375.03 0.05 411.11
v 376.03 0.05 412.23
o r189781385_footway
v 19.74 0.05 321.89
v 20.36 0.05 323.25
v 53.31 0.05 306.63
v 53.93 0.05 307.99
v 55.50 0.05 305.51
v 56.18 0.05 306.85
o r189781386_footway
v 17.10 0.05 329.98
v 15.74 0.05 330.62
v 32.98 0.05 363.64
v 31.62 0.05 364.26
v 33.42 0.05 365.44
v 31.96 0.05 365.78
o r189781388_steps
v 364.17 0.05 399.12
v 362.97 0.05 400.02
v 372.32 0.05 410.05
v 371.12 0.05 410.95
o r189781389_footway
v 219.47 0.05 193.02
v 220.87 0.05 193.58
v 221.59 0.05 187.79
v 222.99 0.05 188.35
v 222.49 0.05 185.51
v 223.89 0.05 186.05
o r189781390_footway
v -78.63 0.05 416.24
v -77.25 0.05 416.82
v -75.28 0.05 408.50
v -74.30 0.05 409.62
v -70.87 0.05 409.89
v -71.45 0.05 411.27
v -64.54 0.05 412.52
v -65.12 0.05 413.90
v -55.55 0.05 416.45
v -56.87 0.05 417.17
v -58.40 0.05 423.92
v -59.78 0.05 423.34
f 7907 7908 7910
f 7907 7910 7909
f 7911 7912 7914
f 7911 7914 7913
o r189781392_footway
v 64.91 0.05 310.93
v 65.51 0.05 309.55
v 55.20 0.05 306.57
v 56.48 0.05 305.79
v 58.06 0.05 299.26
v 59.44 0.05 299.86
v 61.77 0.05 291.49
v 62.19 0.05 292.93
v 71.16 0.05 295.37
v 70.56 0.05 296.75
v 79.27 0.05 299.09
v 77.91 0.05 299.73
v 76.34 0.05 306.41
v 74.96 0.05 305.81
v 72.74 0.05 314.08
v 72.18 0.05 312.68
v 64.91 0.05 310.93
v 65.51 0.05 309.55
f 7919 7920 7922
f 7919 7922 7921
f 7923 7924 7926
f 7923 7926 7925
f 7927 7928 7930
f 7927 7930 7929
o r189781393_footway
v 190.46 0.05 188.59
v 191.86 0.05 189.13
v 191.57 0.05 185.67
v 192.97 0.05 186.21
v 191.75 0.05 185.19
v 193.15 0.05 185.73
v 195.29 0.05 175.84
v 196.69 0.05 176.38
f 7937 7938 7940
f 7937 7940 7939
o r189781394_footway
v 203.86 0.05 194.99
v 205.26 0.05 195.53
v 205.13 0.05 191.69
v 206.53 0.05 192.23
v 205.32 0.05 191.21
v 206.72 0.05 191.75
v 206.17 0.05 189.00
v 207.57 0.05 189.54
v 209.15 0.05 181.25
v 210.55 0.05 181.79
f 7945 7946 7948
f 7945 7948 7947
o r189781395_footway
v 331.35 0.05 65.34
v 330.77 0.05 66.72
v 333.48 0.05 66.22
v 332.92 0.05 67.62
v 335.93 0.05 67.17
v 335.43 0.05 68.59
v 338.13 0.05 67.89
v 337.61 0.05 69.29
v 340.80 0.05 68.95
v 340.24 0.05 70.35
f 7955 7956 7958
f 7955 7958 7957
o r189781398_footway
v -15.93 0.05 396.32
v -14.57 0.05 395.70
v -33.07 0.05 358.60
v -31.71 0.05 357.98
v -33.96 0.05 357.08
v -32.66 0.05 356.32
o r189781399_steps
v 320.92 0.05 62.61
v 322.18 0.05 63.43
v 324.96 0.05 56.43
v 325.92 0.05 57.59
v 328.79 0.05 57.02
v 327.61 0.05 57.96
v 328.66 0.05 59.94
v 327.24 0.05 60.42
v 331.72 0.05 65.68
v 330.40 0.05 66.38
f 7971 7972 7974
f 7971 7974 7973
o r189781401_footway
v 117.62 0.05 146.57
v 116.20 0.05 146.07
v 116.11 0.05 150.82
v 114.71 0.05 150.30
v 114.62 0.05 154.63
v 113.20 0.05 154.11
v 113.03 0.05 158.02
v 111.99 0.05 159.10
v 122.24 0.05 161.45
v 121.70 0.05 162.85
v 130.49 0.05 164.62
v 129.95 0.05 166.02
f 7981 7982 7984
f 7981 7984 7983
f 7985 7986 7988
f 7985 7988 7987
o r189781403_footway
v 27.94 0.05 380.40
v 27.12 0.05 379.14
v 26.05 0.05 381.64
v 25.33 0.05 380.32
v 19.94 0.05 384.80
v 19.32 0.05 383.44
v -10.91 0.05 398.27
v -11.51 0.05 396.89
f 7993 7994 7996
f 7993 7996 7995
o r189966957_path
v 363.67 0.05 254.88
v 363.17 0.05 256.30
v 365.38 0.05 255.48
v 364.88 0.05 256.90
v 417.11 0.05 274.15
v 416.61 0.05 275.57
o r198240008_tertiary
v -226.17 0.05 279.32
v -223.71 0.05 272.76
v -270.61 0.05 262.57
v -268.15 0.05 256.01
v -278.56 0.05 259.58
v -276.10 0.05 253.02
o r198240010_tertiary
v -142.28 0.05 392.30
v -148.82 0.05 389.80
v -144.92 0.05 399.22
v -151.46 0.05 396.72
v -165.75 0.05 453.72
v -172.29 0.05 451.22
v -167.47 0.05 458.21
v -174.01 0.05 455.71
v -170.68 0.05 466.62
v -177.22 0.05 464.12
f 8013 8014 8016
f 8013 8016 8015
o r198240011_tertiary
v -204.88 0.05 283.89
v -198.32 0.05 286.31
v -202.15 0.05 276.51
v -195.61 0.05 278.99
v -179.56 0.05 217.11
v -173.02 0.05 219.61
v -176.96 0.05 210.34
v -170.42 0.05 212.86
f 8023 8024 8026
f 8023 8026 8025
o r198240019_secondary
v -144.15 0.05 387.30
v -146.95 0.05 394.80
v -137.30 0.05 389.87
v -140.12 0.05 397.35
v -76.53 0.05 412.79
v -79.35 0.05 420.27
v -72.60 0.05 414.27
v -75.42 0.05 421.75
v -66.18 0.05 416.69
v -69.00 0.05 424.17
f 8031 8032 8034
f 8031 8034 8033
o r219864081_tertiary
v 49.80 0.05 -376.30
v 55.46 0.05 -372.18
v 54.50 0.05 -382.70
v 60.62 0.05 -379.30
v 58.43 0.05 -391.85
v 64.91 0.05 -389.21
v 74.19 0.05 -430.98
v 80.71 0.05 -428.44
v 75.32 0.05 -435.09
v 82.06 0.05 -433.21
v 75.72 0.05 -436.50
v 82.56 0.05 -435.04
v 77.20 0.05 -443.92
v 84.06 0.05 -442.56
f 8041 8042 8044
f 8041 8044 8043
f 8045 8046 8048
f 8045 8048 8047
o r219864083_tertiary
v 154.85 0.05 -394.67
v 148.31 0.05 -397.19
v 154.47 0.05 -393.72
v 147.85 0.05 -395.96
v 139.57 0.05 -349.62
v 132.95 0.05 -351.88
v 137.87 0.05 -345.24
v 131.35 0.05 -347.78
f 8055 8056 8058
f 8055 8058 8057
o r219867061_secondary
v -273.59 0.05 257.72
v -281.07 0.05 254.88
v -276.24 0.05 264.69
v -283.72 0.05 261.83
v -299.07 0.05 324.30
v -306.55 0.05 321.44
v -302.01 0.05 332.07
v -309.49 0.05 329.25
f 8063 8064 8066
f 8063 8066 8065
o r219867064_secondary
v -302.01 0.05 332.09
v -309.49 0.05 329.23
v -304.51 0.05 338.64
v -311.99 0.05 335.78
v -317.22 0.05 371.88
v -324.70 0.05 369.02
v -319.34 0.05 377.47
v -326.82 0.05 374.63
f 8071 8072 8074
f 8071 8074 8073
o r220072686_secondary
v 41.96 0.05 378.20
v 34.76 0.05 374.74
v 39.13 0.05 384.06
v 31.69 0.05 381.14
v 16.21 0.05 444.02
v 8.73 0.05 441.16
v 13.54 0.05 451.02
v 6.06 0.05 448.18
f 8079 8080 8082
f 8079 8082 8081
o r220072692_secondary
v 181.37 0.05 -244.07
v 188.85 0.05 -241.21
v 184.25 0.05 -251.59
v 191.73 0.05 -248.73
v 200.41 0.05 -293.90
v 207.89 0.05 -291.06
v 206.90 0.05 -311.00
v 214.38 0.05 -308.16
v 209.63 0.05 -318.19
v 217.11 0.05 -315.35
v 212.04 0.05 -324.54
v 219.52 0.05 -321.68
v 230.90 0.05 -373.85
v 238.38 0.05 -371.01
v 234.87 0.05 -384.41
v 242.35 0.05 -381.59
v 237.59 0.05 -391.56
v 245.07 0.05 -388.72
f 8087 8088 8090
f 8087 8090 8089
f 8091 8092 8094
f 8091 8094 8093
f 8095 8096 8098
f 8095 8098 8097
o r220072696_tertiary
v 37.13 0.05 379.74
v 39.59 0.05 373.20
v 28.66 0.05 376.55
v 31.14 0.05 370.01
v 13.17 0.05 370.70
v 15.65 0.05 364.16
o r220209683_secondary
v -335.57 0.05 408.73
v -332.75 0.05 401.25
v -346.82 0.05 404.48
v -344.00 0.05 397.00
v -407.03 0.05 381.80
v -404.21 0.05 374.32
v -412.61 0.05 379.69
v -409.79 0.05 372.21
v -434.76 0.05 371.34
v -431.94 0.05 363.86
v -454.65 0.05 363.82
v -451.83 0.05 356.34
f 8111 8112 8114
f 8111 8114 8113
f 8115 8116 8118
f 8115 8118 8117
o r220548940_tertiary
v 146.68 0.05 329.17
v 144.20 0.05 335.71
v 154.78 0.05 332.23
v 152.30 0.05 338.77
v 210.73 0.05 353.37
v 208.25 0.05 359.91
v 219.65 0.05 356.70
v 217.21 0.05 363.26
f 8123 8124 8126
f 8123 8126 8125
o r220548942_tertiary
v -379.66 0.05 -288.41
v -386.22 0.05 -290.85
v -382.45 0.05 -280.90
v -388.99 0.05 -283.40
v -403.08 0.05 -227.07
v -409.62 0.05 -229.57
v -405.28 0.05 -221.34
v -411.84 0.05 -223.80
v -407.91 0.05 -214.22
v -414.47 0.05 -216.64
f 8131 8132 8134
f 8131 8134 8133
o r220548943_secondary
v 141.63 0.05 331.22
v 149.25 0.05 333.66
v 144.20 0.05 323.24
v 151.72 0.05 325.96
v 150.42 0.05 306.85
v 157.90 0.05 309.69
v 166.52 0.05 264.58
v 174.00 0.05 267.44
v 169.40 0.05 257.14
v 176.86 0.05 260.04
v 171.98 0.05 250.61
v 179.46 0.05 253.43
v 193.63 0.05 192.86
v 201.13 0.05 195.66
v 194.36 0.05 190.92
v 201.76 0.05 193.96
v 195.71 0.05 187.79
v 203.09 0.05 190.87
v 195.86 0.05 187.33
v 203.26 0.05 190.35
v 199.85 0.05 177.65
v 207.31 0.05 180.55
v 211.52 0.05 147.05
v 219.00 0.05 149.91
f 8141 8142 8144
f 8141 8144 8143
f 8145 8146 8148
f 8145 8148 8147
f 8149 8150 8152
f 8149 8152 8151
f 8153 8154 8156
f 8153 8156 8155
f 8157 8158 8160
f 8157 8160 8159
o r220548952_secondary
v -384.29 0.05 -285.86
v -381.59 0.05 -293.40
v -388.28 0.05 -287.29
v -385.48 0.05 -294.79
v -393.50 0.05 -289.30
v -390.66 0.05 -296.78
v -454.80 0.05 -312.61
v -451.96 0.05 -320.09
v -464.37 0.05 -316.25
v -461.53 0.05 -323.73
v -472.72 0.05 -319.41
v -469.88 0.05 -326.89
v -534.89 0.05 -343.01
v -532.05 0.05 -350.49
v -543.43 0.05 -346.25
v -540.59 0.05 -353.73
f 8165 8166 8168
f 8165 8168 8167
f 8169 8170 8172
f 8169 8172 8171
f 8173 8174 8176
f 8173 8176 8175
o r220548953_secondary
v 253.41 0.05 35.75
v 260.85 0.05 38.71
v 256.86 0.05 27.08
v 264.30 0.05 30.04
v 262.91 0.05 11.91
v 270.29 0.05 14.99
v 266.75 0.05 3.47
v 274.11 0.05 6.59
v 273.61 0.05 -13.29
v 281.07 0.05 -10.43
v 279.23 0.05 -29.04
v 286.81 0.05 -26.48
v 281.52 0.05 -36.67
v 289.18 0.05 -34.37
f 8181 8182 8184
f 8181 8184 8183
f 8185 8186 8188
f 8185 8188 8187
o r221226627_tertiary
v 21.38 0.05 -304.95
v 27.76 0.05 -302.07
v 24.85 0.05 -312.66
v 31.35 0.05 -310.06
v 46.67 0.05 -368.31
v 53.19 0.05 -365.77
v 49.35 0.05 -375.47
v 55.91 0.05 -373.01
f 8195 8196 8198
f 8195 8198 8197
o r221226628_tertiary
v -53.78 0.05 -329.38
v -51.38 0.05 -335.96
v -64.99 0.05 -333.48
v -62.49 0.05 -340.02
v -131.55 0.05 -359.12
v -129.03 0.05 -365.66
v -137.93 0.05 -361.54
v -135.47 0.05 -368.10
v -148.87 0.05 -365.65
v -146.41 0.05 -372.21
v -194.36 0.05 -382.78
v -191.94 0.05 -389.36
v -201.96 0.05 -385.16
v -199.88 0.05 -391.84
f 8203 8204 8206
f 8203 8206 8205
f 8207 8208 8210
f 8207 8210 8209
o r231142345_primary
v 102.64 0.05 -26.31
v 99.12 0.05 -16.95
v 111.09 0.05 -23.13
v 108.33 0.05 -13.51
v 116.14 0.05 -22.45
v 112.76 0.05 -13.03
v 150.31 0.05 -9.07
v 146.67 0.05 0.25
f 8217 8218 8220
f 8217 8220 8219
o r231142346_secondary
v 127.55 0.05 -91.61
v 130.39 0.05 -99.09
v 122.17 0.05 -93.66
v 125.01 0.05 -101.14
v 118.49 0.05 -95.06
v 121.33 0.05 -102.54
v 56.95 0.05 -118.42
v 59.79 0.05 -125.90
v 49.84 0.05 -121.11
v 52.68 0.05 -128.59
f 8225 8226 8228
f 8225 8228 8227
o r231271980_service
v 461.62 0.05 -137.58
v 457.86 0.05 -138.96
v 459.22 0.05 -131.10
v 455.48 0.05 -132.52
v 444.86 0.05 -93.29
v 441.12 0.05 -94.71
v 438.07 0.05 -78.05
v 437.31 0.05 -81.97
v 414.62 0.05 -86.52
v 414.70 0.05 -90.52
v 413.38 0.05 -79.79
v 409.66 0.05 -81.27
v 410.46 0.05 -72.50
v 406.74 0.05 -73.98
f 8235 8236 8238
f 8235 8238 8237
f 8239 8240 8242
f 8239 8242 8241
o r246963708_service
v 321.89 0.05 -410.91
v 321.79 0.05 -414.91
v 268.80 0.05 -409.71
v 268.70 0.05 -413.71
v 243.61 0.05 -409.13
v 243.51 0.05 -413.13
o r246963709_service
v 269.78 0.05 -449.38
v 265.78 0.05 -449.28
v 270.00 0.05 -440.83
v 266.00 0.05 -440.73
v 270.75 0.05 -411.76
v 266.75 0.05 -411.66
o r247340389_service
v 275.91 0.05 -240.36
v 277.33 0.05 -244.10
v 239.86 0.05 -254.17
v 239.84 0.05 -258.17
v 236.10 0.05 -242.61
v 232.32 0.05 -241.27
v 247.24 0.05 -239.11
v 245.82 0.05 -235.37
v 271.94 0.05 -229.69
v 270.52 0.05 -225.95
f 8261 8262 8264
f 8261 8264 8263
o r247340390_service
v 248.40 0.05 -236.52
v 244.66 0.05 -237.96
v 242.36 0.05 -220.78
v 238.62 0.05 -222.22
o r247377607_service
v 396.28 0.05 -246.82
v 392.54 0.05 -248.26
v 393.53 0.05 -239.64
v 389.79 0.05 -241.08
v 390.37 0.05 -232.31
v 386.43 0.05 -231.67
v 395.26 0.05 -229.54
v 391.38 0.05 -230.50
v 378.79 0.05 -185.39
v 375.21 0.05 -187.19
v 371.59 0.05 -186.27
v 373.05 0.05 -189.99
v 365.27 0.05 -188.74
v 366.73 0.05 -192.46
v 354.87 0.05 -192.85
v 356.33 0.05 -196.57
v 346.61 0.05 -196.07
v 348.07 0.05 -199.79
f 8275 8276 8278
f 8275 8278 8277
f 8279 8280 8282
f 8279 8282 8281
f 8283 8284 8286
f 8283 8286 8285
o r247377608_service
v 364.95 0.05 -174.36
v 368.69 0.05 -172.92
v 367.82 0.05 -181.83
v 371.56 0.05 -180.41
v 370.45 0.05 -188.83
v 374.19 0.05 -187.43
o r247377609_service
v 387.73 0.05 -230.11
v 389.07 0.05 -233.87
v 384.62 0.05 -233.02
v 381.10 0.05 -234.92
v 367.86 0.05 -189.88
v 364.14 0.05 -191.32
o r247568894_service
v 413.94 0.05 -86.66
v 415.38 0.05 -90.38
v 403.63 0.05 -90.66
v 405.07 0.05 -94.38
o r247568895_service
v 442.29 0.05 -92.13
v 443.69 0.05 -95.87
v 409.25 0.05 -104.51
v 410.65 0.05 -108.25
o r247570089_service
v 287.90 0.05 -119.42
v 291.62 0.05 -117.96
v 290.57 0.05 -126.20
v 294.29 0.05 -124.74
v 300.83 0.05 -152.34
v 304.55 0.05 -150.88
v 313.75 0.05 -185.11
v 317.47 0.05 -183.65
v 316.65 0.05 -192.56
v 320.37 0.05 -191.12
f 8313 8314 8316
f 8313 8316 8315
o r247570091_service
v 325.73 0.05 -140.94
v 327.13 0.05 -144.68
v 316.44 0.05 -144.38
v 317.84 0.05 -148.14
v 302.00 0.05 -149.73
v 303.38 0.05 -153.49
o r249784023_service
v 179.70 0.05 -187.15
v 175.70 0.05 -187.27
v 178.42 0.05 -181.77
v 176.54 0.05 -178.25
v 224.07 0.05 -164.58
v 223.09 0.05 -160.70
v 232.22 0.05 -167.89
v 233.58 0.05 -164.13
f 8329 8330 8332
f 8329 8332 8331
o r263663930_pedestrian
v 124.22 0.05 156.18
v 122.84 0.05 159.94
v 132.45 0.05 159.22
v 131.07 0.05 162.98
v 135.71 0.05 160.42
v 134.29 0.05 164.16
v 180.50 0.05 177.50
v 179.02 0.05 181.22
v 187.79 0.05 181.23
v 185.93 0.05 184.77
v 193.17 0.05 184.15
v 191.37 0.05 187.73
v 200.21 0.05 187.50
v 198.59 0.05 191.16
v 206.53 0.05 190.09
v 205.13 0.05 193.83
v 221.44 0.05 195.43
v 220.14 0.05 199.21
v 231.43 0.05 198.60
v 230.25 0.05 202.42
v 239.67 0.05 201.03
v 238.59 0.05 204.87
v 266.02 0.05 208.37
v 264.94 0.05 212.23
v 269.29 0.05 209.35
v 268.09 0.05 213.17
v 275.67 0.05 211.41
v 274.45 0.05 215.21
f 8337 8338 8340
f 8337 8340 8339
f 8341 8342 8344
f 8341 8344 8343
f 8345 8346 8348
f 8345 8348 8347
f 8349 8350 8352
f 8349 8352 8351
f 8353 8354 8356
f 8353 8356 8355
f 8357 8358 8360
f 8357 8360 8359
o r291655926_footway
v -277.26 0.05 10.14
v -277.78 0.05 11.54
v -272.12 0.05 12.05
v -272.64 0.05 13.45
v -266.46 0.05 14.13
v -266.98 0.05 15.53
o r291656004_footway
v -276.79 0.05 11.01
v -278.25 0.05 10.67
v -277.33 0.05 13.36
v -278.75 0.05 12.86
v -281.94 0.05 25.50
v -283.34 0.05 24.96
v -288.76 0.05 43.41
v -290.16 0.05 42.87
v -293.68 0.05 56.27
v -295.08 0.05 55.73
v -299.00 0.05 70.12
v -300.40 0.05 69.58
v -300.27 0.05 73.51
v -301.67 0.05 72.95
v -300.80 0.05 74.56
v -302.14 0.05 73.88
f 8371 8372 8374
f 8371 8374 8373
f 8375 8376 8378
f 8375 8378 8377
f 8379 8380 8382
f 8379 8382 8381
o r291656072_footway
v -320.47 0.05 64.02
v -319.05 0.05 64.52
v -319.83 0.05 62.24
v -318.43 0.05 62.80
v -317.40 0.05 56.55
v -316.28 0.05 57.53
v -311.94 0.05 53.20
v -310.86 0.05 54.24
v -310.79 0.05 49.67
v -309.37 0.05 50.17
v -306.26 0.05 36.64
v -304.84 0.05 37.14
v -303.28 0.05 28.28
v -301.86 0.05 28.78
f 8387 8388 8390
f 8387 8390 8389
f 8391 8392 8394
f 8391 8394 8393
o r291656598_footway
v -294.65 0.05 56.70
v -294.11 0.05 55.30
v -310.35 0.05 50.62
v -309.81 0.05 49.22
o r297368037_footway
v -24.63 0.05 91.12
v -23.99 0.05 92.48
v -22.06 0.05 89.89
v -21.42 0.05 91.25
o r297368039_footway
v -0.43 0.05 30.38
v -1.79 0.05 31.00
v 2.72 0.05 37.31
v 1.36 0.05 37.93
o r297368040_footway
v 60.84 0.05 54.93
v 60.06 0.05 53.65
v 58.24 0.05 56.53
v 57.46 0.05 55.25
o r305040013_secondary
v 366.22 0.05 -258.11
v 373.74 0.05 -255.39
v 368.78 0.05 -265.16
v 376.24 0.05 -262.30
v 386.15 0.05 -309.98
v 393.61 0.05 -307.10
v 391.94 0.05 -325.05
v 399.40 0.05 -322.17
v 394.64 0.05 -332.07
v 402.10 0.05 -329.19
v 397.61 0.05 -339.76
v 405.07 0.05 -336.88
v 407.55 0.05 -365.50
v 415.07 0.05 -362.76
v 408.79 0.05 -370.33
v 416.69 0.05 -369.05
v 409.02 0.05 -374.50
v 417.02 0.05 -374.90
v 408.28 0.05 -379.59
v 416.14 0.05 -381.11
v 406.83 0.05 -385.60
v 414.63 0.05 -387.38
v 405.87 0.05 -390.12
v 413.69 0.05 -391.78
f 8417 8418 8420
f 8417 8420 8419
f 8421 8422 8424
f 8421 8424 8423
f 8425 8426 8428
f 8425 8428 8427
f 8429 8430 8432
f 8429 8432 8431
f 8433 8434 8436
f 8433 8436 8435
o r305040043_secondary
v -229.84 0.05 -227.19
v -226.98 0.05 -234.67
v -251.01 0.05 -235.28
v -248.17 0.05 -242.76
v -266.14 0.05 -241.02
v -263.28 0.05 -248.50
v -296.33 0.05 -252.59
v -293.49 0.05 -260.07
v -301.35 0.05 -254.38
v -298.61 0.05 -261.90
v -304.64 0.05 -255.63
v -301.76 0.05 -263.09
v -314.66 0.05 -259.50
v -311.82 0.05 -266.98
v -361.87 0.05 -277.35
v -359.03 0.05 -284.83
v -366.45 0.05 -279.11
v -363.47 0.05 -286.53
v -376.03 0.05 -283.02
v -373.19 0.05 -290.50
v -384.24 0.05 -285.85
v -381.64 0.05 -293.41
f 8441 8442 8444
f 8441 8444 8443
f 8445 8446 8448
f 8445 8448 8447
f 8449 8450 8452
f 8449 8452 8451
f 8453 8454 8456
f 8453 8456 8455
o r321480046_service
v -425.97 0.05 152.84
v -422.21 0.05 154.20
v -416.68 0.05 127.26
v -412.92 0.05 128.62
v -414.31 0.05 120.61
v -410.55 0.05 121.95
o r321768749_footway
v -329.06 0.05 -427.97
v -327.56 0.05 -427.99
v -329.09 0.05 -429.65
v -327.59 0.05 -429.67
o r322425162_service
v 190.73 0.05 -446.01
v 186.73 0.05 -445.81
v 191.08 0.05 -438.91
v 187.08 0.05 -438.71
v 191.62 0.05 -428.08
v 187.62 0.05 -427.86
v 192.84 0.05 -406.82
v 188.86 0.05 -406.42
v 193.23 0.05 -406.50
v 190.69 0.05 -403.42
v 193.89 0.05 -406.16
v 193.77 0.05 -402.16
v 238.69 0.05 -405.52
v 238.63 0.05 -401.52
v 243.59 0.05 -405.43
v 243.51 0.05 -401.43
f 8473 8474 8476
f 8473 8476 8475
f 8477 8478 8480
f 8477 8480 8479
f 8481 8482 8484
f 8481 8484 8483
o r324650416_service
v 286.75 0.05 301.62
v 283.01 0.05 300.22
v 283.77 0.05 309.62
v 280.03 0.05 308.22
v 283.09 0.05 311.35
v 279.37 0.05 309.89
o r331780189_secondary
v 239.58 0.05 -398.74
v 247.58 0.05 -398.80
v 239.55 0.05 -403.42
v 247.55 0.05 -403.44
v 239.56 0.05 -411.01
v 247.56 0.05 -411.25
v 238.81 0.05 -428.95
v 246.81 0.05 -429.29
v 238.40 0.05 -438.76
v 246.40 0.05 -439.10
v 238.35 0.05 -440.23
v 246.33 0.05 -440.69
v 237.92 0.05 -447.06
v 245.90 0.05 -447.56
f 8495 8496 8498
f 8495 8498 8497
f 8499 8500 8502
f 8499 8502 8501
o r344953456_footway
v -187.37 0.05 -190.71
v -186.83 0.05 -192.11
v -194.64 0.05 -193.47
v -194.10 0.05 -194.87
o r344953457_footway
v -121.32 0.05 -154.08
v -120.78 0.05 -155.48
v -133.77 0.05 -158.80
v -133.23 0.05 -160.20
o r350283351_footway
v 36.48 0.05 112.59
v 35.18 0.05 113.35
v 38.01 0.05 115.20
v 36.71 0.05 115.96
o r364274182_service
v -229.79 0.05 -400.24
v -233.79 0.05 -400.02
v -228.50 0.05 -377.42
v -232.50 0.05 -377.20
o r364274183_service
v -254.25 0.05 -409.41
v -258.25 0.05 -409.29
v -252.95 0.05 -367.57
v -256.95 0.05 -367.45
v -251.62 0.05 -324.53
v -255.62 0.05 -324.41
o r364274184_service
v -254.89 0.05 -365.51
v -255.01 0.05 -369.51
v -278.36 0.05 -364.78
v -278.48 0.05 -368.78
v -279.80 0.05 -364.73
v -279.94 0.05 -368.73
o r365452028_secondary
v 113.06 0.05 405.98
v 120.52 0.05 408.86
v 116.43 0.05 397.22
v 123.91 0.05 400.08
v 138.86 0.05 338.45
v 146.34 0.05 341.31
v 141.70 0.05 331.01
v 149.18 0.05 333.87
f 8537 8538 8540
f 8537 8540 8539
o r365452029_tertiary
v 256.88 0.05 370.87
v 254.38 0.05 377.41
v 285.72 0.05 381.93
v 283.28 0.05 388.49
v 297.76 0.05 386.07
v 295.48 0.05 392.69
o r369416446_footway
v -331.14 0.05 -109.68
v -332.56 0.05 -110.18
v -336.38 0.05 -94.94
v -337.80 0.05 -95.44
o r369721306_service
v -198.87 0.05 -323.82
v -200.35 0.05 -320.10
v -151.94 0.05 -305.20
v -153.42 0.05 -301.48
o r371785351_service
v -358.57 0.05 -280.41
v -362.33 0.05 -281.77
v -361.26 0.05 -272.96
v -365.02 0.05 -274.32
v -361.79 0.05 -271.50
v -365.55 0.05 -272.86
o r371785353_service
v -382.01 0.05 -225.36
v -383.43 0.05 -221.62
v -370.58 0.05 -221.05
v -372.00 0.05 -217.31
o r371785355_service
v -390.84 0.05 -207.86
v -387.10 0.05 -206.44
v -388.45 0.05 -214.13
v -384.71 0.05 -212.71
v -388.17 0.05 -214.86
v -384.43 0.05 -213.44
v -387.31 0.05 -217.11
v -383.57 0.05 -215.69
f 8569 8570 8572
f 8569 8572 8571
o r372890111_tertiary
v 25.83 0.05 -49.82
v 19.31 0.05 -52.38
v 23.70 0.05 -44.38
v 17.18 0.05 -46.94
v -0.42 0.05 17.04
v -6.94 0.05 14.48
v -2.60 0.05 22.72
v -9.14 0.05 20.20
f 8577 8578 8580
f 8577 8580 8579
o r373533584_tertiary
v -148.37 0.05 137.07
v -141.89 0.05 139.71
v -145.37 0.05 129.73
v -138.85 0.05 132.25
v -127.68 0.05 83.52
v -121.14 0.05 86.02
o r373533585_tertiary
v -35.62 0.05 -157.82
v -29.06 0.05 -155.36
v -33.10 0.05 -164.52
v -26.56 0.05 -162.00
v -10.09 0.05 -224.04
v -3.55 0.05 -221.52
v -7.40 0.05 -231.12
v -0.86 0.05 -228.64
f 8591 8592 8594
f 8591 8594 8593
o r373533586_secondary
v -77.19 0.05 -257.60
v -84.65 0.05 -260.50
v -79.86 0.05 -250.73
v -87.32 0.05 -253.61
v -85.33 0.05 -236.46
v -92.79 0.05 -239.34
v -102.72 0.05 -191.26
v -110.18 0.05 -194.14
v -105.42 0.05 -184.28
v -112.88 0.05 -187.16
v -108.14 0.05 -177.19
v -115.60 0.05 -180.07
v -117.32 0.05 -153.34
v -124.78 0.05 -156.22
v -121.33 0.05 -142.88
v -128.79 0.05 -145.76
v -123.84 0.05 -136.38
v -131.30 0.05 -139.26
f 8599 8600 8602
f 8599 8602 8601
f 8603 8604 8606
f 8603 8606 8605
f 8607 8608 8610
f 8607 8610 8609
o r373533588_tertiary
v -146.38 0.05 141.66
v -143.88 0.05 135.12
v -153.90 0.05 138.78
v -151.42 0.05 132.24
v -214.55 0.05 115.77
v -212.07 0.05 109.23
v -222.46 0.05 112.73
v -219.94 0.05 106.19
f 8617 8618 8620
f 8617 8620 8619
o r373533589_secondary
v -33.75 0.05 -152.85
v -30.93 0.05 -160.33
v -42.63 0.05 -156.20
v -39.79 0.05 -163.68
v -82.06 0.05 -171.19
v -79.22 0.05 -178.67
o r374186533_service
v -89.77 0.05 -236.03
v -88.35 0.05 -239.77
v -108.61 0.05 -243.18
v -107.19 0.05 -246.92
o r374186542_service
v -155.58 0.05 -251.97
v -154.16 0.05 -255.71
v -160.07 0.05 -255.58
v -156.19 0.05 -254.56
v -148.85 0.05 -284.76
v -145.11 0.05 -283.32
o r374236849_footway
v -377.54 0.05 -40.93
v -376.14 0.05 -40.39
v -367.75 0.05 -66.47
v -366.35 0.05 -65.93
v -363.54 0.05 -77.36
v -362.14 0.05 -76.82
v -353.86 0.05 -102.96
v -352.46 0.05 -102.42
f 8641 8642 8644
f 8641 8644 8643
o r374236851_footway
v -400.80 0.05 -35.09
v -400.28 0.05 -36.49
v -461.24 0.05 -57.39
v -460.72 0.05 -58.79
o r374744554_footway
v -417.83 0.05 -226.22
v -416.43 0.05 -225.68
v -412.02 0.05 -241.47
v -410.62 0.05 -240.95
v -395.72 0.05 -286.01
v -394.32 0.05 -285.49
o r382827826_service
v 244.62 0.05 -68.73
v 248.38 0.05 -67.35
v 260.41 0.05 -111.92
v 264.21 0.05 -110.66
v 260.25 0.05 -111.34
v 262.47 0.05 -114.68
v 257.08 0.05 -112.43
v 258.44 0.05 -116.19
v 254.15 0.05 -113.56
v 254.49 0.05 -117.54
v 254.66 0.05 -113.92
v 251.00 0.05 -115.52
v 246.76 0.05 -93.35
v 243.02 0.05 -94.79
v 237.72 0.05 -69.84
v 233.92 0.05 -71.10
v 237.70 0.05 -70.90
v 235.50 0.05 -67.56
v 239.33 0.05 -70.47
v 238.11 0.05 -66.65
v 244.37 0.05 -68.80
v 244.11 0.05 -64.80
v 245.54 0.05 -69.79
v 247.46 0.05 -66.29
f 8659 8660 8662
f 8659 8662 8661
f 8663 8664 8666
f 8663 8666 8665
f 8667 8668 8670
f 8667 8670 8669
f 8671 8672 8674
f 8671 8674 8673
f 8675 8676 8678
f 8675 8678 8677
o r382827827_service
v 326.49 0.05 -55.98
v 325.07 0.05 -52.24
v 341.31 0.05 -50.33
v 339.89 0.05 -46.59
o r382827829_service
v 366.40 0.05 -89.36
v 362.66 0.05 -90.80
v 363.77 0.05 -82.51
v 360.03 0.05 -83.95
v 362.51 0.05 -79.32
v 358.79 0.05 -80.78
o r382827830_service
v 255.88 0.05 -115.00
v 259.64 0.05 -113.62
v 258.82 0.05 -123.06
v 262.58 0.05 -121.68
v 261.16 0.05 -129.44
v 264.92 0.05 -128.06
o r382827831_service
v 244.18 0.05 -92.20
v 245.60 0.05 -95.94
v 230.39 0.05 -97.47
v 231.81 0.05 -101.21
v 222.48 0.05 -100.49
v 223.90 0.05 -104.23
o r382827832_service
v 297.36 0.05 -67.07
v 295.94 0.05 -63.33
v 304.97 0.05 -64.19
v 303.55 0.05 -60.45
v 326.49 0.05 -55.98
v 325.07 0.05 -52.24
o r382827833_service
v 231.88 0.05 -56.31
v 235.62 0.05 -54.87
v 234.42 0.05 -62.92
v 238.16 0.05 -61.48
v 236.85 0.05 -69.27
v 240.59 0.05 -67.85
o r382827835_service
v 327.65 0.05 -53.39
v 323.91 0.05 -54.83
v 321.28 0.05 -36.90
v 317.54 0.05 -38.34
o r382827836_service
v 331.73 0.05 -30.50
v 335.47 0.05 -29.10
v 338.73 0.05 -49.16
v 342.47 0.05 -47.76
v 351.08 0.05 -82.10
v 354.78 0.05 -80.58
v 354.81 0.05 -84.38
v 354.15 0.05 -80.44
v 361.34 0.05 -81.93
v 359.96 0.05 -78.17
v 367.37 0.05 -79.78
v 365.47 0.05 -76.26
v 369.14 0.05 -75.81
v 365.36 0.05 -77.15
v 349.19 0.05 -23.41
v 345.45 0.05 -24.83
f 8721 8722 8724
f 8721 8724 8723
f 8725 8726 8728
f 8725 8728 8727
f 8729 8730 8732
f 8729 8732 8731
o r383235369_service
v -391.92 0.05 118.69
v -395.70 0.05 117.41
v -392.37 0.05 120.04
v -396.11 0.05 118.60
v -395.40 0.05 127.76
v -399.12 0.05 126.30
o r383235370_service
v -367.13 0.05 54.18
v -370.87 0.05 52.76
v -369.37 0.05 60.11
v -373.11 0.05 58.67
v -370.31 0.05 62.45
v -374.03 0.05 60.97
o r384630153_secondary
v 240.65 0.05 -137.02
v 233.21 0.05 -139.94
v 238.16 0.05 -130.66
v 230.68 0.05 -133.50
v 226.93 0.05 -100.95
v 219.45 0.05 -103.77
v 215.36 0.05 -70.32
v 207.88 0.05 -73.16
v 212.74 0.05 -63.55
v 205.28 0.05 -66.41
v 210.17 0.05 -56.80
v 202.71 0.05 -59.68
v 186.94 0.05 3.53
v 179.48 0.05 0.63
v 184.32 0.05 9.92
v 176.92 0.05 6.88
f 8749 8750 8752
f 8749 8752 8751
f 8753 8754 8756
f 8753 8756 8755
f 8757 8758 8760
f 8757 8760 8759
o r391849377_steps
v 358.16 0.05 403.69
v 357.26 0.05 404.89
v 371.16 0.05 413.28
v 370.26 0.05 414.48
o r391849378_path
v 374.84 0.05 411.38
v 376.22 0.05 411.96
v 384.98 0.05 386.96
v 386.36 0.05 387.54
o r392714068_footway
v -383.67 0.05 -24.92
v -382.27 0.05 -24.36
v -382.03 0.05 -29.08
v -380.63 0.05 -28.52
o r392714074_footway
v -389.05 0.05 -8.47
v -388.51 0.05 -9.87
v -391.76 0.05 -9.51
v -391.00 0.05 -10.81
v -391.90 0.05 -10.87
v -390.50 0.05 -10.33
v -387.25 0.05 -23.00
v -385.85 0.05 -22.46
v -386.79 0.05 -24.21
v -385.39 0.05 -23.67
f 8777 8778 8780
f 8777 8780 8779
o r392891386_footway
v -161.22 0.05 11.68
v -162.72 0.05 11.84
v -160.81 0.05 15.47
v -162.27 0.05 15.81
v -159.40 0.05 19.46
v -160.76 0.05 20.10
v -157.84 0.05 21.85
v -159.04 0.05 22.75
v -155.69 0.05 24.34
v -156.75 0.05 25.40
v -153.40 0.05 26.24
v -154.26 0.05 27.48
v -150.74 0.05 27.76
v -151.38 0.05 29.12
v -147.81 0.05 28.86
v -148.23 0.05 30.30
v -145.31 0.05 29.36
v -145.51 0.05 30.84
v -142.54 0.05 29.57
v -142.54 0.05 31.07
v -139.74 0.05 29.38
v -139.44 0.05 30.84
v -135.57 0.05 28.12
v -134.99 0.05 29.50
v -131.29 0.05 25.86
v -130.59 0.05 27.18
f 8787 8788 8790
f 8787 8790 8789
f 8791 8792 8794
f 8791 8794 8793
f 8795 8796 8798
f 8795 8798 8797
f 8799 8800 8802
f 8799 8802 8801
f 8803 8804 8806
f 8803 8806 8805
o r392891388_footway
v -164.10 0.05 10.29
v -164.56 0.05 11.71
v -161.74 0.05 11.05
v -162.20 0.05 12.47
o r392891391_footway
v -148.52 0.05 1.92
v -149.80 0.05 2.70
v -147.50 0.05 3.59
v -148.86 0.05 4.23
v -146.81 0.05 5.59
v -148.27 0.05 5.91
v -146.57 0.05 7.97
v -148.07 0.05 7.97
v -146.76 0.05 10.48
v -148.26 0.05 10.36
f 8817 8818 8820
f 8817 8820 8819
o r392891392_steps
v -156.20 0.05 -1.23
v -156.74 0.05 0.17
v -148.89 0.05 1.61
v -149.43 0.05 3.01
o r393093378_footway
v -405.78 0.05 216.57
v -405.26 0.05 215.17
v -466.40 0.05 193.72
v -465.88 0.05 192.32
o r393093386_service
v -389.52 0.05 166.93
v -390.84 0.05 170.71
v -386.82 0.05 167.87
v -388.14 0.05 171.65
v -380.04 0.05 170.26
v -381.36 0.05 174.04
o r393093388_service
v -413.02 0.05 205.20
v -409.24 0.05 206.54
v -410.72 0.05 198.71
v -406.94 0.05 200.03
v -407.62 0.05 189.77
v -403.84 0.05 191.09
o r393093392_footway
v -405.25 0.05 215.17
v -405.79 0.05 216.57
v -398.16 0.05 217.85
v -398.70 0.05 219.25
v -393.68 0.05 219.56
v -394.22 0.05 220.96
o r393093405_service
v -384.78 0.05 182.84
v -383.36 0.05 179.10
v -391.59 0.05 180.25
v -390.17 0.05 176.51
v -394.33 0.05 179.22
v -392.91 0.05 175.48
v -419.14 0.05 169.82
v -417.72 0.05 166.08
f 8853 8854 8856
f 8853 8856 8855
o r393093407_service
v -436.59 0.05 178.11
v -432.85 0.05 179.51
v -429.48 0.05 159.20
v -425.74 0.05 160.60
o r393093410_service
v -412.48 0.05 153.22
v -413.90 0.05 156.96
v -387.56 0.05 162.65
v -389.60 0.05 166.09
v -388.32 0.05 169.54
v -392.04 0.05 168.10
v -391.87 0.05 178.31
v -395.37 0.05 176.39
v -395.13 0.05 181.98
v -398.67 0.05 180.12
v -399.46 0.05 192.83
v -403.18 0.05 191.35
f 8865 8866 8868
f 8865 8868 8867
f 8869 8870 8872
f 8869 8872 8871
o r393388820_tertiary
v 323.63 0.05 318.97
v 326.03 0.05 312.39
v 312.39 0.05 314.87
v 314.81 0.05 308.31
v 283.66 0.05 304.20
v 286.10 0.05 297.64
o r397806319_footway
v -155.39 0.05 381.12
v -153.99 0.05 381.66
v -152.58 0.05 373.80
v -151.18 0.05 374.34
v -143.14 0.05 349.24
v -141.74 0.05 349.78
v -134.16 0.05 325.85
v -132.76 0.05 326.39
v -131.86 0.05 319.85
v -130.46 0.05 320.39
f 8883 8884 8886
f 8883 8886 8885
o r397806320_footway
v -216.74 0.05 356.44
v -215.34 0.05 356.98
v -215.21 0.05 352.48
v -213.81 0.05 353.00
v -205.38 0.05 325.67
v -203.98 0.05 326.19
v -196.31 0.05 300.81
v -194.91 0.05 301.33
v -194.48 0.05 296.07
v -193.08 0.05 296.61
f 8893 8894 8896
f 8893 8896 8895
o r397806326_footway
v -194.50 0.05 296.14
v -193.06 0.05 296.54
v -192.53 0.05 288.95
v -191.09 0.05 289.35
o r397806327_footway
v -201.76 0.05 326.22
v -202.28 0.05 327.62
v -185.58 0.05 332.29
v -186.10 0.05 333.69
o r397806328_footway
v -200.41 0.05 335.97
v -200.95 0.05 337.37
v -190.60 0.05 339.71
v -191.14 0.05 341.11
o r397806329_footway
v -153.54 0.05 344.35
v -154.08 0.05 345.75
v -142.17 0.05 348.81
v -142.71 0.05 350.21
o r397806330_footway
v -194.18 0.05 319.94
v -194.70 0.05 321.34
v -184.18 0.05 323.68
v -184.70 0.05 325.08
o r397806331_footway
v -131.87 0.05 319.87
v -130.45 0.05 320.37
v -129.37 0.05 312.73
v -127.95 0.05 313.23
o r397806332_footway
v -216.33 0.05 357.40
v -215.75 0.05 356.02
v -222.78 0.05 354.73
v -222.20 0.05 353.35
v -225.36 0.05 353.66
v -224.78 0.05 352.28
v -234.16 0.05 350.01
v -233.58 0.05 348.63
f 8927 8928 8930
f 8927 8930 8929
o r397806333_footway
v -163.90 0.05 369.49
v -162.50 0.05 370.03
v -154.51 0.05 344.78
v -153.11 0.05 345.32
v -145.65 0.05 321.40
v -144.25 0.05 321.94
o r397806335_service
v -196.50 0.05 359.92
v -197.92 0.05 363.66
v -169.82 0.05 369.99
v -171.32 0.05 373.71
v -167.71 0.05 372.02
v -171.25 0.05 373.86
v -166.12 0.05 376.11
v -169.86 0.05 377.51
v -163.63 0.05 382.83
v -167.39 0.05 384.21
f 8941 8942 8944
f 8941 8944 8943
o r397806336_service
v -136.27 0.05 311.59
v -137.93 0.05 307.95
v -146.81 0.05 316.39
v -148.23 0.05 312.65
v -150.06 0.05 316.32
v -148.72 0.05 312.54
v -175.76 0.05 306.65
v -174.36 0.05 302.91
f 8951 8952 8954
f 8951 8954 8953
o r397806337_steps
v -214.24 0.05 352.04
v -214.78 0.05 353.44
v -207.66 0.05 354.60
v -208.08 0.05 356.04
v -205.17 0.05 354.72
v -205.01 0.05 356.22
v -203.82 0.05 354.22
v -203.06 0.05 355.52
v -202.59 0.05 353.24
v -201.35 0.05 354.08
v -201.35 0.05 350.50
v -199.99 0.05 351.12
f 8959 8960 8962
f 8959 8962 8961
f 8963 8964 8966
f 8963 8966 8965
o r397806338_footway
v -184.13 0.05 307.11
v -184.67 0.05 305.71
v -189.08 0.05 308.86
v -190.30 0.05 308.00
v -193.74 0.05 320.91
v -195.14 0.05 320.37
v -199.98 0.05 336.94
v -201.38 0.05 336.40
v -204.69 0.05 348.93
v -206.19 0.05 348.93
v -200.40 0.05 350.11
v -200.94 0.05 351.51
v -195.55 0.05 352.01
v -196.09 0.05 353.41
f 8971 8972 8974
f 8971 8974 8973
f 8975 8976 8978
f 8975 8978 8977
o r397806339_footway
v -177.49 0.05 309.10
v -178.89 0.05 308.54
v -183.74 0.05 324.66
v -185.14 0.05 324.10
v -190.17 0.05 340.69
v -191.57 0.05 340.13
v -195.11 0.05 352.96
v -196.53 0.05 352.46
v -195.50 0.05 355.47
v -197.00 0.05 355.63
v -194.80 0.05 356.59
v -195.96 0.05 357.55
v -194.06 0.05 357.18
v -194.62 0.05 358.58
v -162.93 0.05 369.06
v -163.47 0.05 370.46
v -151.61 0.05 373.37
v -152.15 0.05 374.77
f 8985 8986 8988
f 8985 8988 8987
f 8989 8990 8992
f 8989 8992 8991
f 8993 8994 8996
f 8993 8996 8995
o r397806340_footway
v -195.76 0.05 300.33
v -195.46 0.05 301.81
v -191.63 0.05 299.51
v -191.53 0.05 301.01
v -187.92 0.05 299.91
v -188.38 0.05 301.33
v -185.77 0.05 301.51
v -186.97 0.05 302.41
v -185.19 0.05 303.38
v -186.57 0.05 303.98
v -183.98 0.05 305.79
v -184.82 0.05 307.03
v -177.92 0.05 308.12
v -178.46 0.05 309.52
v -144.68 0.05 320.97
v -145.22 0.05 322.37
v -133.19 0.05 325.42
v -133.73 0.05 326.82
f 9003 9004 9006
f 9003 9006 9005
f 9007 9008 9010
f 9007 9010 9009
f 9011 9012 9014
f 9011 9014 9013
o r399825294_footway
v -445.74 0.05 352.62
v -446.24 0.05 354.04
v -434.33 0.05 356.75
v -434.85 0.05 358.15
v -429.80 0.05 358.52
v -430.34 0.05 359.92
v -425.47 0.05 360.14
v -426.01 0.05 361.54
v -412.21 0.05 365.22
v -412.75 0.05 366.62
f 9021 9022 9024
f 9021 9024 9023
o r399825295_footway
v -403.14 0.05 369.49
v -401.74 0.05 370.03
v -390.05 0.05 335.24
v -388.65 0.05 335.78
v -388.05 0.05 330.00
v -386.65 0.05 330.52
v -380.30 0.05 308.81
v -378.90 0.05 309.33
f 9031 9032 9034
f 9031 9034 9033
o r399825296_pedestrian
v -363.70 0.05 341.53
v -362.28 0.05 337.79
v -381.55 0.05 334.80
v -380.01 0.05 331.10
v -382.41 0.05 331.62
v -378.67 0.05 333.04
v -375.10 0.05 314.30
v -373.62 0.05 318.02
v -354.77 0.05 321.98
v -358.37 0.05 323.72
v -361.12 0.05 340.37
v -364.86 0.05 338.95
f 9039 9040 9042
f 9039 9042 9041
f 9043 9044 9046
f 9043 9046 9045
o r399825300_footway
v -387.56 0.05 336.98
v -387.04 0.05 335.58
v -389.61 0.05 336.21
v -389.09 0.05 334.81
o r399825301_footway
v -406.32 0.05 377.79
v -404.92 0.05 378.33
v -403.14 0.05 369.49
v -401.74 0.05 370.03
o r399825302_steps
v -384.31 0.05 338.20
v -383.79 0.05 336.80
v -387.56 0.05 336.98
v -387.04 0.05 335.58
o r399825305_footway
v -412.21 0.05 365.22
v -412.75 0.05 366.62
v -407.77 0.05 366.96
v -408.31 0.05 368.36
v -402.18 0.05 369.06
v -402.70 0.05 370.46
o r399825306_footway
v -381.18 0.05 332.09
v -382.58 0.05 331.55
v -383.35 0.05 337.77
v -384.75 0.05 337.23
o r399825307_footway
v -380.81 0.05 333.03
v -380.27 0.05 331.63
v -382.61 0.05 331.64
v -381.15 0.05 332.00
v -378.30 0.05 320.40
v -376.82 0.05 320.64
v -379.31 0.05 320.03
v -380.57 0.05 319.23
v -383.75 0.05 331.67
v -385.11 0.05 331.03
v -385.55 0.05 331.73
v -385.03 0.05 330.33
f 9073 9074 9076
f 9073 9076 9075
f 9077 9078 9080
f 9077 9080 9079
o r399837220_footway
v -280.24 0.05 263.96
v -279.72 0.05 262.56
v -290.50 0.05 260.09
v -289.98 0.05 258.69
o r399837221_steps
v -342.29 0.05 240.57
v -341.77 0.05 239.17
v -350.05 0.05 237.65
v -349.53 0.05 236.25
o r399837222_footway
v -290.50 0.05 260.09
v -289.98 0.05 258.69
v -342.29 0.05 240.57
v -341.77 0.05 239.17
o r399837226_footway
v -350.05 0.05 237.65
v -349.53 0.05 236.25
v -351.97 0.05 236.94
v -351.45 0.05 235.54
o r399837231_footway
v -362.51 0.05 232.91
v -361.99 0.05 231.51
v -374.46 0.05 228.40
v -373.94 0.05 227.00
v -379.01 0.05 226.69
v -378.49 0.05 225.29
v -383.32 0.05 225.06
v -382.80 0.05 223.66
v -394.21 0.05 220.96
v -393.69 0.05 219.56
f 9101 9102 9104
f 9101 9104 9103
o r399837232_footway
v -375.27 0.05 295.63
v -373.87 0.05 296.17
v -352.41 0.05 235.97
v -351.01 0.05 236.51
o r399837233_footway
v -410.99 0.05 297.84
v -412.39 0.05 297.30
v -421.07 0.05 324.20
v -422.47 0.05 323.66
v -423.84 0.05 331.44
v -425.24 0.05 330.90
v -433.89 0.05 357.72
v -435.29 0.05 357.18
f 9115 9116 9118
f 9115 9118 9117
o r399837234_footway
v -382.36 0.05 224.63
v -383.76 0.05 224.09
v -392.45 0.05 250.75
v -393.85 0.05 250.21
v -395.36 0.05 258.30
v -396.76 0.05 257.76
v -405.29 0.05 284.03
v -406.69 0.05 283.49
f 9123 9124 9126
f 9123 9126 9125
o r399837235_footway
v -352.41 0.05 235.97
v -351.01 0.05 236.51
v -349.75 0.05 229.00
v -348.35 0.05 229.54
v -347.38 0.05 222.80
v -345.98 0.05 223.34
o r399837236_footway
v -426.44 0.05 360.58
v -425.04 0.05 361.10
v -416.55 0.05 334.32
v -415.15 0.05 334.84
v -413.78 0.05 326.97
v -412.38 0.05 327.49
v -403.81 0.05 300.48
v -402.41 0.05 301.00
f 9137 9138 9140
f 9137 9140 9139
o r399837237_footway
v -397.88 0.05 286.94
v -396.48 0.05 287.48
v -387.91 0.05 261.12
v -386.51 0.05 261.66
v -385.00 0.05 253.59
v -383.60 0.05 254.13
v -374.90 0.05 227.43
v -373.50 0.05 227.97
f 9145 9146 9148
f 9145 9148 9147
o r399837241_footway
v -380.30 0.05 308.80
v -378.90 0.05 309.34
v -378.22 0.05 303.34
v -376.82 0.05 303.88
v -375.27 0.05 295.63
v -373.87 0.05 296.17
o r399837243_footway
v -351.98 0.05 236.94
v -351.44 0.05 235.54
v -357.30 0.05 234.92
v -356.76 0.05 233.52
v -362.52 0.05 232.91
v -361.98 0.05 231.51
o r400015221_footway
v -388.70 0.05 206.88
v -389.22 0.05 208.28
v -376.72 0.05 211.27
v -377.24 0.05 212.67
v -373.57 0.05 212.42
v -374.09 0.05 213.82
v -369.96 0.05 213.74
v -370.48 0.05 215.14
v -357.97 0.05 218.12
v -358.49 0.05 219.52
v -357.36 0.05 218.35
v -357.90 0.05 219.75
f 9165 9166 9168
f 9165 9168 9167
f 9169 9170 9172
f 9169 9172 9171
o r400015222_unclassified
v -374.31 0.05 222.41
v -372.55 0.05 217.73
v -376.98 0.05 221.41
v -375.22 0.05 216.73
v -380.94 0.05 219.92
v -379.18 0.05 215.24
o r400015224_pedestrian
v -288.29 0.05 254.31
v -286.87 0.05 250.57
v -319.73 0.05 242.46
v -318.31 0.05 238.72
o r400015225_footway
v -346.42 0.05 222.37
v -346.94 0.05 223.77
v -308.89 0.05 236.51
v -309.49 0.05 237.89
v -309.50 0.05 238.20
v -310.16 0.05 239.54
v -292.24 0.05 244.69
v -292.62 0.05 246.15
v -291.67 0.05 242.85
v -291.81 0.05 244.35
v -284.89 0.05 245.37
v -285.41 0.05 246.77
f 9187 9188 9190
f 9187 9190 9189
f 9191 9192 9194
f 9191 9194 9193
o r400015230_footway
v -284.89 0.05 245.37
v -285.41 0.05 246.77
v -274.74 0.05 249.20
v -275.26 0.05 250.60
o r400015233_footway
v -290.94 0.05 259.12
v -289.54 0.05 259.66
v -288.28 0.05 252.17
v -286.88 0.05 252.71
v -285.85 0.05 245.80
v -284.45 0.05 246.34
o r400015235_footway
v -357.38 0.05 218.34
v -357.88 0.05 219.76
v -351.74 0.05 220.36
v -352.26 0.05 221.76
v -346.41 0.05 222.37
v -346.95 0.05 223.77
o r400015236_footway
v -406.22 0.05 215.60
v -404.82 0.05 216.14
v -403.58 0.05 208.71
v -402.18 0.05 209.25
v -400.72 0.05 202.03
v -400.22 0.05 203.45
v -393.21 0.05 204.98
v -393.79 0.05 206.36
v -388.67 0.05 206.89
v -389.25 0.05 208.27
f 9215 9216 9218
f 9215 9218 9217
o r400015239_footway
v -370.92 0.05 214.17
v -369.52 0.05 214.71
v -367.37 0.05 204.91
v -365.97 0.05 205.45
v -366.06 0.05 201.47
v -364.66 0.05 202.01
v -362.82 0.05 192.93
v -361.42 0.05 193.47
v -353.24 0.05 167.74
v -351.90 0.05 168.40
v -348.81 0.05 165.05
v -348.07 0.05 166.35
f 9225 9226 9228
f 9225 9228 9227
f 9229 9230 9232
f 9229 9232 9231
o r402011059_service
v 166.18 0.05 46.22
v 167.60 0.05 42.48
v 156.29 0.05 42.47
v 157.71 0.05 38.73
v 153.88 0.05 41.56
v 155.30 0.05 37.82
o r402011060_service
v 99.45 0.05 14.69
v 100.85 0.05 10.95
v 97.13 0.05 13.82
v 98.53 0.05 10.08
v 88.60 0.05 10.61
v 90.00 0.05 6.87
o r402011061_service
v 261.76 0.05 -25.12
v 263.18 0.05 -28.86
v 244.41 0.05 -31.71
v 245.83 0.05 -35.45
o r402011062_service
v 290.58 0.05 170.86
v 291.98 0.05 167.12
v 284.72 0.05 168.66
v 286.12 0.05 164.92
v 282.95 0.05 168.02
v 284.33 0.05 164.26
o r402011064_service
v 308.27 0.05 225.92
v 304.53 0.05 224.50
v 305.85 0.05 232.35
v 302.11 0.05 230.91
v 300.66 0.05 241.93
v 300.82 0.05 237.93
v 275.36 0.05 232.43
v 276.78 0.05 228.69
v 269.15 0.05 230.08
v 270.57 0.05 226.34
f 9259 9260 9262
f 9259 9262 9261
o r402011068_service
v 279.61 0.05 166.78
v 280.97 0.05 163.02
v 253.50 0.05 157.27
v 254.86 0.05 153.51
o r402011069_service
v 241.96 0.05 31.49
v 245.68 0.05 32.93
v 244.47 0.05 25.02
v 248.19 0.05 26.46
v 254.74 0.05 -1.34
v 258.16 0.05 0.74
v 261.88 0.05 -0.37
v 260.46 0.05 3.37
v 271.14 0.05 3.16
v 269.72 0.05 6.90
f 9273 9274 9276
f 9273 9276 9275
o r402011070_service
v 270.28 0.05 -41.72
v 266.54 0.05 -43.16
v 267.60 0.05 -34.76
v 263.86 0.05 -36.20
v 264.34 0.05 -26.27
v 260.60 0.05 -27.71
v 257.73 0.05 -11.13
v 256.49 0.05 -14.93
v 239.04 0.05 -17.74
v 240.46 0.05 -21.48
f 9283 9284 9286
f 9283 9286 9285
o r402011071_service
v 278.42 0.05 164.20
v 282.16 0.05 165.60
v 284.32 0.05 151.33
v 287.38 0.05 148.77
v 259.09 0.05 142.31
v 260.47 0.05 138.55
v 256.10 0.05 141.19
v 257.50 0.05 137.45
f 9293 9294 9296
f 9293 9296 9295
o r402011072_service
v 282.87 0.05 18.04
v 281.63 0.05 21.84
v 293.44 0.05 21.51
v 292.34 0.05 25.35
v 308.37 0.05 25.34
v 307.37 0.05 29.22
v 324.81 0.05 29.56
v 323.85 0.05 33.44
v 325.15 0.05 29.71
v 326.11 0.05 33.59
v 324.44 0.05 30.08
v 327.94 0.05 32.00
v 326.03 0.05 26.79
v 329.77 0.05 28.23
v 329.50 0.05 16.95
v 333.28 0.05 18.27
v 330.37 0.05 14.51
v 334.29 0.05 15.33
v 330.40 0.05 15.17
v 333.82 0.05 13.11
v 330.31 0.05 14.96
v 332.31 0.05 11.50
v 315.39 0.05 6.84
v 317.31 0.05 3.32
v 301.48 0.05 -0.74
v 303.20 0.05 -4.36
v 290.73 0.05 -4.92
v 292.17 0.05 -8.64
f 9301 9302 9304
f 9301 9304 9303
f 9305 9306 9308
f 9305 9308 9307
f 9309 9310 9312
f 9309 9312 9311
f 9313 9314 9316
f 9313 9316 9315
f 9317 9318 9320
f 9317 9320 9319
f 9321 9322 9324
f 9321 9324 9323
o r404675288_service
v 189.58 0.05 -429.97
v 189.66 0.05 -425.97
v 238.11 0.05 -431.02
v 238.19 0.05 -427.02
v 242.77 0.05 -431.12
v 242.85 0.05 -427.12
o r404847980_service
v 99.69 0.05 -443.13
v 95.91 0.05 -444.47
v 97.00 0.05 -435.53
v 93.22 0.05 -436.87
v 95.58 0.05 -431.53
v 91.80 0.05 -432.87
v 84.74 0.05 -400.80
v 80.96 0.05 -402.14
f 9335 9336 9338
f 9335 9338 9337
o r404847982_footway
v 42.70 0.05 -306.71
v 43.84 0.05 -305.73
v 56.42 0.05 -322.67
v 57.56 0.05 -321.69
o r412560263_service
v -286.57 0.05 337.87
v -290.33 0.05 336.49
v -288.80 0.05 343.94
v -292.56 0.05 342.56
v -289.63 0.05 346.12
v -293.37 0.05 344.72
v -294.32 0.05 358.77
v -298.14 0.05 357.61
v -294.96 0.05 357.93
v -296.78 0.05 361.49
v -285.14 0.05 361.67
v -286.20 0.05 365.53
v -286.25 0.05 362.06
v -282.59 0.05 363.68
v -280.49 0.05 347.01
v -276.75 0.05 348.45
f 9347 9348 9350
f 9347 9350 9349
f 9351 9352 9354
f 9351 9354 9353
f 9355 9356 9358
f 9355 9358 9357
o r418707804_secondary
v 314.49 0.05 352.84
v 321.93 0.05 355.76
v 325.52 0.05 324.71
v 332.98 0.05 327.59
v 328.36 0.05 316.99
v 335.86 0.05 319.75
o r418785122_secondary
v 355.98 0.05 244.12
v 363.46 0.05 246.96
v 358.92 0.05 236.37
v 366.40 0.05 239.21
v 359.70 0.05 234.31
v 367.18 0.05 237.17
v 381.15 0.05 178.25
v 388.63 0.05 181.11
v 384.47 0.05 169.44
v 391.95 0.05 172.26
f 9369 9370 9372
f 9369 9372 9371
o r418785126_secondary
v 342.61 0.05 279.18
v 350.09 0.05 282.04
v 352.16 0.05 254.16
v 359.64 0.05 257.02
v 353.10 0.05 251.69
v 360.58 0.05 254.53
v 355.98 0.05 244.12
v 363.46 0.05 246.96
f 9379 9380 9382
f 9379 9382 9381
o r418966782_primary
v 448.36 0.05 0.68
v 438.98 0.05 -2.80
v 440.07 0.05 22.98
v 430.71 0.05 19.46
v 426.43 0.05 58.90
v 417.09 0.05 55.36
o r418975284_secondary
v 237.58 0.05 -391.52
v 245.08 0.05 -388.76
v 239.15 0.05 -395.75
v 246.89 0.05 -393.73
v 239.62 0.05 -399.32
v 247.54 0.05 -398.22
o r421953709_secondary
v 405.87 0.05 -390.12
v 413.69 0.05 -391.78
v 404.96 0.05 -394.38
v 412.78 0.05 -396.10
v 403.20 0.05 -402.17
v 410.96 0.05 -404.13
v 401.31 0.05 -408.84
v 409.07 0.05 -410.80
v 399.73 0.05 -416.05
v 407.65 0.05 -417.13
v 398.92 0.05 -426.37
v 406.90 0.05 -426.99
f 9399 9400 9402
f 9399 9402 9401
f 9403 9404 9406
f 9403 9406 9405
o r436484532_tertiary
v 384.74 0.05 -86.24
v 382.22 0.05 -79.70
v 388.21 0.05 -84.90
v 385.69 0.05 -78.36
v 390.53 0.05 -84.01
v 388.03 0.05 -77.47
v 392.46 0.05 -83.28
v 389.94 0.05 -76.74
v 395.09 0.05 -82.25
v 392.55 0.05 -75.73
v 409.87 0.05 -76.50
v 407.33 0.05 -69.98
f 9411 9412 9414
f 9411 9414 9413
f 9415 9416 9418
f 9415 9418 9417
o r436484533_secondary
v 389.21 0.05 156.78
v 396.71 0.05 159.58
v 391.98 0.05 149.39
v 399.46 0.05 152.25
v 419.65 0.05 77.34
v 427.13 0.05 80.20
v 449.10 0.05 -0.19
v 456.58 0.05 2.67
v 465.40 0.05 -42.49
v 472.86 0.05 -39.61
v 468.35 0.05 -50.00
v 475.81 0.05 -47.12
v 471.08 0.05 -57.22
v 478.56 0.05 -54.40
v 484.71 0.05 -93.50
v 492.19 0.05 -90.68
f 9423 9424 9426
f 9423 9426 9425
f 9427 9428 9430
f 9427 9430 9429
f 9431 9432 9434
f 9431 9434 9433
o r436484534_primary
v 385.42 0.05 169.76
v 375.88 0.05 166.76
v 382.36 0.05 179.43
v 373.00 0.05 175.91
v 360.26 0.05 236.90
v 350.92 0.05 233.30
v 357.31 0.05 244.52
v 347.99 0.05 240.92
f 9439 9440 9442
f 9439 9442 9441
o r482586092_footway
v 4.58 0.05 440.49
v 5.94 0.05 439.85
v 3.41 0.05 437.98
v 4.77 0.05 437.34
v -13.46 0.05 401.91
v -12.10 0.05 401.27
o r482586093_footway
v -16.52 0.05 400.71
v -17.12 0.05 399.33
v -54.31 0.05 416.88
v -54.89 0.05 415.50
v -55.94 0.05 417.51
v -56.48 0.05 416.11
o r482586094_footway
v -16.21 0.05 399.59
v -17.43 0.05 400.45
v -15.62 0.05 400.45
v -16.66 0.05 401.53
v -14.86 0.05 400.94
v -15.40 0.05 402.34
v -13.97 0.05 401.10
v -13.93 0.05 402.60
v -13.08 0.05 400.90
v -12.48 0.05 402.28
v -12.35 0.05 400.39
v -11.27 0.05 401.43
v -11.86 0.05 399.63
v -10.46 0.05 400.19
v -11.70 0.05 398.76
v -10.20 0.05 398.72
v -11.90 0.05 397.88
v -10.52 0.05 397.28
v -12.41 0.05 397.15
v -11.37 0.05 396.07
v -13.18 0.05 396.67
v -12.64 0.05 395.27
v -14.08 0.05 396.51
v -14.10 0.05 395.01
v -14.95 0.05 396.70
v -15.55 0.05 395.32
v -15.69 0.05 397.21
v -16.77 0.05 396.17
v -16.18 0.05 397.97
v -17.58 0.05 397.43
v -16.33 0.05 398.84
v -17.83 0.05 398.88
v -16.09 0.05 399.86
v -17.55 0.05 400.18
f 9459 9460 9462
f 9459 9462 9461
f 9463 9464 9466
f 9463 9466 9465
f 9467 9468 9470
f 9467 9470 9469
f 9471 9472 9474
f 9471 9474 9473
f 9475 9476 9478
f 9475 9478 9477
f 9479 9480 9482
f 9479 9482 9481
f 9483 9484 9486
f 9483 9486 9485
o r483865758_service
v -283.65 0.05 85.83
v -279.93 0.05 87.29
v -280.86 0.05 78.70
v -277.14 0.05 80.14
v -280.26 0.05 77.09
v -276.52 0.05 78.49
o r516434547_secondary
v -186.90 0.05 464.59
v -184.10 0.05 457.09
v -233.41 0.05 447.20
v -230.61 0.05 439.70
v -248.02 0.05 441.73
v -245.22 0.05 434.23
o r516434548_secondary
v -248.03 0.05 441.72
v -245.21 0.05 434.24
v -253.67 0.05 439.59
v -250.85 0.05 432.11
v -258.03 0.05 437.95
v -255.21 0.05 430.47
o r516434549_secondary
v -258.04 0.05 437.95
v -255.20 0.05 430.47
v -267.53 0.05 434.36
v -264.69 0.05 426.88
o r516434550_tertiary
v -111.41 0.05 323.19
v -109.07 0.05 316.59
v -118.48 0.05 320.67
v -116.06 0.05 314.11
v -119.36 0.05 320.26
v -116.84 0.05 313.74
v -129.91 0.05 316.25
v -127.41 0.05 309.71
f 9515 9516 9518
f 9515 9518 9517
o r516434551_tertiary
v -129.90 0.05 316.25
v -127.42 0.05 309.71
v -138.34 0.05 313.04
v -135.86 0.05 306.50
v -148.63 0.05 309.17
v -146.17 0.05 302.61
o r516434552_tertiary
v -193.15 0.05 292.38
v -190.47 0.05 285.92
v -202.31 0.05 288.59
v -199.63 0.05 282.13
v -202.94 0.05 288.34
v -200.26 0.05 281.86
o r516434553_tertiary
v -202.94 0.05 288.33
v -200.26 0.05 281.87
v -210.22 0.05 285.32
v -207.54 0.05 278.86
o r516434554_pedestrian
v -278.03 0.05 258.17
v -276.63 0.05 254.43
v -288.28 0.05 254.31
v -286.88 0.05 250.57
o r516434555_pedestrian
v -319.73 0.05 242.46
v -318.31 0.05 238.72
v -349.76 0.05 231.14
v -348.34 0.05 227.40
o r516434556_unclassified
v -355.25 0.05 229.60
v -353.49 0.05 224.92
v -374.31 0.05 222.41
v -372.55 0.05 217.73
o r516434557_unclassified
v 53.27 0.05 128.17
v 51.47 0.05 132.83
v 114.81 0.05 152.04
v 113.01 0.05 156.70
v 124.43 0.05 155.73
v 122.63 0.05 160.39
o r516434558_unclassified
v -25.85 0.05 97.95
v -27.65 0.05 102.61
v 34.91 0.05 121.38
v 33.11 0.05 126.04
o r516434559_unclassified
v -43.11 0.05 91.42
v -44.95 0.05 96.06
v -36.82 0.05 93.91
v -38.64 0.05 98.57
v -34.13 0.05 94.92
v -35.89 0.05 99.60
o r516434561_unclassified
v -106.24 0.05 66.95
v -108.04 0.05 71.61
v -43.13 0.05 91.41
v -44.93 0.05 96.07
o r516434567_unclassified
v -123.81 0.05 60.47
v -125.53 0.05 65.17
v -116.13 0.05 63.30
v -117.85 0.05 68.00
v -113.43 0.05 64.28
v -115.15 0.05 68.98
v -106.27 0.05 66.94
v -108.01 0.05 71.62
f 9571 9572 9574
f 9571 9574 9573
o r516434570_unclassified
v -186.55 0.05 36.93
v -188.29 0.05 41.61
v -150.88 0.05 50.22
v -152.62 0.05 54.90
o r516434573_unclassified
v -263.82 0.05 7.49
v -265.58 0.05 12.17
v -202.51 0.05 30.67
v -204.27 0.05 35.35
o r516434576_unclassified
v -269.64 0.05 5.27
v -271.42 0.05 9.95
v -263.81 0.05 7.49
v -265.59 0.05 12.17
o r516434579_unclassified
v -275.24 0.05 3.19
v -276.98 0.05 7.87
v -269.66 0.05 5.27
v -271.40 0.05 9.95
o r516434582_unclassified
v -307.18 0.05 -8.85
v -308.94 0.05 -4.17
v -275.23 0.05 3.19
v -276.99 0.05 7.87
o r516434585_unclassified
v -378.68 0.05 -35.82
v -380.44 0.05 -31.14
v -318.72 0.05 -13.24
v -320.48 0.05 -8.56
o r516434587_unclassified
v -458.40 0.05 -64.96
v -460.12 0.05 -60.26
v -397.71 0.05 -42.79
v -399.43 0.05 -38.09
o r535439128_tertiary
v -90.75 0.05 -12.19
v -84.23 0.05 -9.63
v -89.06 0.05 -16.47
v -82.50 0.05 -14.03
v -66.13 0.05 -78.23
v -59.57 0.05 -75.79
v -64.03 0.05 -83.78
v -57.49 0.05 -81.30
f 9607 9608 9610
f 9607 9610 9609
o r543984498_footway
v 85.01 0.05 -436.22
v 86.49 0.05 -435.98
v 86.23 0.05 -443.42
v 87.71 0.05 -443.24
v 87.33 0.05 -454.60
v 88.83 0.05 -454.56
v 86.74 0.05 -462.91
v 88.24 0.05 -463.01
f 9615 9616 9618
f 9615 9618 9617
o r585840444_tertiary
v -425.02 0.05 -170.19
v -431.54 0.05 -172.73
v -434.00 0.05 -147.16
v -440.52 0.05 -149.72
v -435.78 0.05 -142.70
v -442.28 0.05 -145.30
o r585840445_tertiary
v -368.81 0.05 -317.23
v -375.37 0.05 -319.67
v -377.04 0.05 -295.13
v -383.60 0.05 -297.59
v -379.68 0.05 -288.36
v -386.20 0.05 -290.90
o r585840446_tertiary
v -357.07 0.05 -437.96
v -364.07 0.05 -437.72
v -356.78 0.05 -429.79
v -363.78 0.05 -429.63
v -355.61 0.05 -372.70
v -362.61 0.05 -372.52
v -355.15 0.05 -364.33
v -362.13 0.05 -363.95
f 9635 9636 9638
f 9635 9638 9637
o r585840447_secondary
v 207.59 0.05 -61.24
v 210.43 0.05 -68.72
v 197.32 0.05 -65.14
v 200.16 0.05 -72.62
v 136.90 0.05 -88.06
v 139.74 0.05 -95.54
v 127.55 0.05 -91.61
v 130.39 0.05 -99.09
f 9643 9644 9646
f 9643 9646 9645
o r586090747_primary
v 423.62 0.05 59.22
v 421.04 0.05 68.88
v 443.13 0.05 64.41
v 441.01 0.05 74.19
v 468.71 0.05 69.03
v 466.93 0.05 78.87
o r586090748_secondary
v 238.86 0.05 74.32
v 246.36 0.05 77.10
v 250.36 0.05 43.41
v 257.84 0.05 46.23
v 253.42 0.05 35.75
v 260.84 0.05 38.71
o r595610410_unclassified
v 305.07 0.05 139.81
v 300.23 0.05 138.55
v 303.38 0.05 146.22
v 298.68 0.05 144.52
v 298.60 0.05 157.82
v 293.98 0.05 155.92
v 293.59 0.05 169.95
v 288.97 0.05 168.03
v 292.45 0.05 172.65
v 287.85 0.05 170.71
v 281.96 0.05 197.49
v 277.30 0.05 195.67
v 280.13 0.05 204.22
v 275.31 0.05 202.90
v 277.47 0.05 213.97
v 272.65 0.05 212.65
f 9663 9664 9666
f 9663 9666 9665
f 9667 9668 9670
f 9667 9670 9669
f 9671 9672 9674
f 9671 9674 9673
o r595610412_secondary
v 211.52 0.05 147.06
v 219.00 0.05 149.90
v 223.76 0.05 114.91
v 231.24 0.05 117.75
v 225.16 0.05 111.20
v 232.66 0.05 114.00
v 226.07 0.05 108.75
v 233.57 0.05 111.51
f 9679 9680 9682
f 9679 9682 9681
o r595610413_secondary
v 226.06 0.05 108.77
v 233.58 0.05 111.49
v 227.85 0.05 103.82
v 235.35 0.05 106.60
v 238.86 0.05 74.31
v 246.36 0.05 77.11
o r595610414_unclassified
v 228.92 0.05 112.46
v 230.72 0.05 107.80
v 219.19 0.05 108.71
v 220.93 0.05 104.03
v 191.28 0.05 98.42
v 193.02 0.05 93.72
o r595610415_unclassified
v 379.83 0.05 170.62
v 381.47 0.05 165.90
v 369.45 0.05 167.02
v 371.19 0.05 162.32
v 339.55 0.05 155.75
v 341.31 0.05 151.07
v 335.10 0.05 154.08
v 336.86 0.05 149.40
f 9699 9700 9702
f 9699 9702 9701
o r595610417_tertiary
v 283.66 0.05 304.20
v 286.10 0.05 297.64
v 252.28 0.05 292.57
v 254.70 0.05 286.01
v 245.67 0.05 290.15
v 248.11 0.05 283.59
v 238.74 0.05 287.53
v 241.24 0.05 280.99
v 180.85 0.05 265.33
v 183.35 0.05 258.79
v 171.89 0.05 261.86
v 174.37 0.05 255.32
v 163.03 0.05 258.60
v 165.51 0.05 252.06
v 135.05 0.05 247.95
v 137.55 0.05 241.41
f 9707 9708 9710
f 9707 9710 9709
f 9711 9712 9714
f 9711 9714 9713
f 9715 9716 9718
f 9715 9718 9717
o r595610422_tertiary
v 368.50 0.05 -92.49
v 365.98 0.05 -85.95
v 382.49 0.05 -87.11
v 379.97 0.05 -80.57
v 384.74 0.05 -86.23
v 382.22 0.05 -79.71
o r595610423_unclassified
v 419.26 0.05 -153.56
v 414.62 0.05 -155.42
v 416.26 0.05 -146.13
v 411.60 0.05 -147.91
v 393.89 0.05 -87.29
v 389.21 0.05 -89.03
v 391.67 0.05 -80.01
v 386.89 0.05 -81.47
f 9729 9730 9732
f 9729 9732 9731
o r595610426_tertiary
v 411.11 0.05 -152.86
v 413.79 0.05 -159.32
v 408.46 0.05 -153.95
v 410.98 0.05 -160.49
v 365.57 0.05 -170.37
v 368.07 0.05 -176.91
v 348.35 0.05 -176.98
v 350.83 0.05 -183.52
v 340.45 0.05 -179.86
v 342.85 0.05 -186.44
f 9737 9738 9740
f 9737 9740 9739
o r595610427_tertiary
v 492.06 0.05 -122.47
v 494.44 0.05 -129.05
v 481.60 0.05 -126.27
v 484.02 0.05 -132.83
v 473.18 0.05 -129.43
v 475.66 0.05 -135.97
v 458.49 0.05 -135.00
v 460.99 0.05 -141.54
v 421.98 0.05 -148.94
v 424.46 0.05 -155.48
v 418.00 0.05 -150.28
v 420.38 0.05 -156.86
v 415.66 0.05 -151.23
v 418.22 0.05 -157.75
v 413.86 0.05 -151.91
v 416.20 0.05 -158.51
v 411.32 0.05 -152.78
v 413.58 0.05 -159.40
f 9747 9748 9750
f 9747 9750 9749
f 9751 9752 9754
f 9751 9754 9753
f 9755 9756 9758
f 9755 9758 9757
o r595610428_secondary
v 337.94 0.05 -184.64
v 345.36 0.05 -181.66
v 341.03 0.05 -192.33
v 348.49 0.05 -189.45
v 343.61 0.05 -199.36
v 351.07 0.05 -196.50
v 363.79 0.05 -251.64
v 371.25 0.05 -248.76
v 366.24 0.05 -258.16
v 373.72 0.05 -255.34
f 9765 9766 9768
f 9765 9768 9767
o r595610429_secondary
v 281.60 0.05 -36.90
v 289.10 0.05 -34.14
v 284.22 0.05 -44.03
v 291.70 0.05 -41.19
v 291.25 0.05 -62.29
v 298.71 0.05 -59.41
v 292.92 0.05 -66.64
v 300.38 0.05 -63.76
v 307.33 0.05 -103.88
v 314.79 0.05 -101.00
v 310.05 0.05 -110.97
v 317.51 0.05 -108.07
v 312.70 0.05 -117.66
v 320.18 0.05 -114.82
v 322.69 0.05 -144.22
v 330.17 0.05 -141.40
v 330.39 0.05 -164.52
v 337.87 0.05 -161.68
f 9775 9776 9778
f 9775 9778 9777
f 9779 9780 9782
f 9779 9782 9781
f 9783 9784 9786
f 9783 9786 9785
o r595610430_tertiary
v 368.73 0.05 -253.48
v 371.23 0.05 -260.02
v 359.95 0.05 -256.84
v 362.45 0.05 -263.38
v 301.13 0.05 -279.29
v 303.63 0.05 -285.83
v 291.90 0.05 -282.81
v 294.40 0.05 -289.35
f 9793 9794 9796
f 9793 9796 9795
o r595610431_secondary
v 296.88 0.05 -284.63
v 289.42 0.05 -287.53
v 294.23 0.05 -277.83
v 286.75 0.05 -280.65
v 280.37 0.05 -240.83
v 272.87 0.05 -243.63
v 274.98 0.05 -226.42
v 267.48 0.05 -229.22
v 271.66 0.05 -217.60
v 264.22 0.05 -220.52
v 268.79 0.05 -210.64
v 261.39 0.05 -213.68
v 266.45 0.05 -204.86
v 259.03 0.05 -207.86
v 266.12 0.05 -204.06
v 258.66 0.05 -206.94
v 249.05 0.05 -159.71
v 241.57 0.05 -162.55
v 243.53 0.05 -144.52
v 236.03 0.05 -147.30
v 240.66 0.05 -137.05
v 233.20 0.05 -139.91
f 9801 9802 9804
f 9801 9804 9803
f 9805 9806 9808
f 9805 9808 9807
f 9809 9810 9812
f 9809 9812 9811
f 9813 9814 9816
f 9813 9816 9815
o r610838864_tertiary
v 250.16 0.05 288.12
v 243.62 0.05 285.62
v 247.22 0.05 295.80
v 240.70 0.05 293.26
v 224.71 0.05 353.44
v 218.19 0.05 350.90
v 221.69 0.05 361.24
v 215.17 0.05 358.72
f 9823 9824 9826
f 9823 9826 9825
o r681780787_tertiary
v -40.68 0.05 349.85
v -38.20 0.05 343.31
v -46.90 0.05 347.51
v -44.44 0.05 340.95
v -51.31 0.05 345.85
v -48.85 0.05 339.29
v -111.47 0.05 323.16
v -109.01 0.05 316.62
f 9831 9832 9834
f 9831 9834 9833
o r685655932_footway
v -298.04 0.05 -247.95
v -297.52 0.05 -249.35
v -303.09 0.05 -249.82
v -302.55 0.05 -251.22
v -306.27 0.05 -251.14
v -305.71 0.05 -252.52
v -316.25 0.05 -255.16
v -315.69 0.05 -256.56
f 9839 9840 9842
f 9839 9842 9841
o r685655949_footway
v -389.52 0.05 -300.52
v -390.06 0.05 -299.12
v -384.18 0.05 -298.44
v -384.70 0.05 -297.04
v -380.06 0.05 -297.06
v -380.58 0.05 -295.66
v -371.76 0.05 -293.83
v -372.30 0.05 -292.43
f 9847 9848 9850
f 9847 9850 9849
o r685655954_footway
v -297.08 0.05 -248.38
v -298.48 0.05 -248.92
v -319.70 0.05 -188.74
v -321.10 0.05 -189.28
o r688083094_footway
v -42.50 0.05 -154.57
v -43.90 0.05 -155.11
v -53.38 0.05 -126.65
v -54.78 0.05 -127.19
v -57.09 0.05 -117.16
v -58.49 0.05 -117.70
v -66.61 0.05 -91.92
v -68.01 0.05 -92.44
f 9859 9860 9862
f 9859 9862 9861
o r688083095_footway
v -54.31 0.05 -126.21
v -53.85 0.05 -127.63
v -55.28 0.05 -126.53
v -54.82 0.05 -127.95
o r688083096_footway
v -58.42 0.05 -118.46
v -58.94 0.05 -117.06
v -57.53 0.05 -118.13
v -58.05 0.05 -116.73
o r688083097_footway
v -55.30 0.05 -126.53
v -54.80 0.05 -127.95
v -61.04 0.05 -128.92
v -61.92 0.05 -130.14
v -64.12 0.05 -120.33
v -65.58 0.05 -119.99
v -58.41 0.05 -118.46
v -58.95 0.05 -117.06
f 9875 9876 9878
f 9875 9878 9877
o r692111547_footway
v -10.71 0.05 -434.01
v -10.63 0.05 -432.51
v 1.57 0.05 -434.67
v 1.65 0.05 -433.17
v 6.49 0.05 -434.94
v 6.57 0.05 -433.44
v 21.89 0.05 -435.77
v 21.97 0.05 -434.27
f 9883 9884 9886
f 9883 9886 9885
o r692113543_footway
v -14.89 0.05 -394.82
v -14.39 0.05 -396.24
v -18.11 0.05 -395.96
v -17.53 0.05 -397.34
v -23.68 0.05 -398.55
v -23.08 0.05 -399.93
v -33.60 0.05 -402.75
v -33.02 0.05 -404.13
f 9891 9892 9894
f 9891 9894 9893
o r692117528_footway
v -95.22 0.05 -256.46
v -93.86 0.05 -255.82
v -91.98 0.05 -263.38
v -90.62 0.05 -262.74
v -88.94 0.05 -269.90
v -87.58 0.05 -269.26
o r692494092_footway
v 70.70 0.05 57.47
v 70.22 0.05 58.89
v 78.77 0.05 60.34
v 78.95 0.05 61.82
v 79.47 0.05 56.82
v 80.89 0.05 57.28
v 80.52 0.05 53.61
v 81.94 0.05 54.07
v 82.35 0.05 48.98
v 83.53 0.05 48.06
v 74.87 0.05 46.69
v 75.35 0.05 45.27
v 69.29 0.05 44.63
v 69.81 0.05 43.23
v 65.46 0.05 42.95
v 64.76 0.05 41.61
v 63.82 0.05 47.56
v 62.42 0.05 47.00
f 9905 9906 9908
f 9905 9908 9907
f 9909 9910 9912
f 9909 9912 9911
f 9913 9914 9916
f 9913 9916 9915
o r692642740_footway
v -269.33 0.05 -322.43
v -267.85 0.05 -322.71
v -269.56 0.05 -323.66
v -268.08 0.05 -323.92
v -270.77 0.05 -330.63
v -269.29 0.05 -330.91
v -272.56 0.05 -339.33
v -271.10 0.05 -339.63
f 9923 9924 9926
f 9923 9926 9925
o r692643289_footway
v 150.30 0.05 -179.19
v 148.90 0.05 -179.73
v 147.60 0.05 -172.31
v 146.20 0.05 -172.85
v 144.87 0.05 -164.89
v 143.47 0.05 -165.41
o r692643292_footway
v 94.53 0.05 -32.69
v 93.11 0.05 -33.19
v 91.80 0.05 -25.08
v 90.38 0.05 -25.56
v 89.42 0.05 -18.09
v 87.94 0.05 -17.83
v 92.91 0.05 -17.24
v 92.41 0.05 -15.82
v 98.44 0.05 -15.25
v 97.92 0.05 -13.85
v 106.94 0.05 -11.78
v 107.40 0.05 -10.36
v 109.00 0.05 -18.56
v 110.42 0.05 -18.08
v 111.35 0.05 -25.23
v 112.65 0.05 -25.97
v 103.43 0.05 -28.36
v 103.99 0.05 -29.74
v 98.00 0.05 -30.48
v 98.54 0.05 -31.88
v 93.54 0.05 -32.24
v 94.10 0.05 -33.64
f 9937 9938 9940
f 9937 9940 9939
f 9941 9942 9944
f 9941 9944 9943
f 9945 9946 9948
f 9945 9948 9947
f 9949 9950 9952
f 9949 9952 9951
o r692643297_footway
v 307.83 0.05 -119.47
v 306.43 0.05 -119.99
v 305.41 0.05 -112.81
v 303.99 0.05 -113.31
v 302.75 0.05 -106.19
v 301.47 0.05 -105.41
v 311.31 0.05 -103.15
v 310.81 0.05 -101.73
v 318.55 0.05 -100.70
v 319.05 0.05 -99.28
v 321.21 0.05 -106.65
v 322.59 0.05 -106.05
v 323.66 0.05 -112.36
v 324.98 0.05 -113.08
v 316.16 0.05 -115.55
v 316.72 0.05 -116.93
v 306.87 0.05 -119.03
v 307.39 0.05 -120.43
f 9959 9960 9962
f 9959 9962 9961
f 9963 9964 9966
f 9963 9966 9965
f 9967 9968 9970
f 9967 9970 9969
o r692657207_footway
v 246.00 0.05 -380.30
v 247.36 0.05 -379.68
v 249.12 0.05 -387.24
v 250.48 0.05 -386.60
v 251.80 0.05 -392.43
v 253.16 0.05 -391.79
v 254.76 0.05 -399.01
v 256.12 0.05 -398.39
f 9977 9978 9980
f 9977 9980 9979
o r692657208_footway
v 308.46 0.05 -357.82
v 307.90 0.05 -356.42
v 318.86 0.05 -353.66
v 318.26 0.05 -352.28
v 327.18 0.05 -349.78
v 326.54 0.05 -348.42
o r692657209_footway
v 298.00 0.05 -276.26
v 299.32 0.05 -275.52
v 301.68 0.05 -282.84
v 303.08 0.05 -282.28
v 303.66 0.05 -290.22
v 305.10 0.05 -289.84
o r692657210_footway
v 218.32 0.05 -306.59
v 219.70 0.05 -306.01
v 221.34 0.05 -313.88
v 222.72 0.05 -313.30
v 223.92 0.05 -320.12
v 225.30 0.05 -319.54
o r692657211_footway
v 179.57 0.05 -253.39
v 178.17 0.05 -253.91
v 176.84 0.05 -245.87
v 175.44 0.05 -246.43
v 173.64 0.05 -238.60
v 172.26 0.05 -239.20
o r692657218_footway
v 173.71 0.05 -437.70
v 175.19 0.05 -437.98
v 172.01 0.05 -446.60
v 173.49 0.05 -446.88
v 170.09 0.05 -456.65
v 171.57 0.05 -456.91
v 168.69 0.05 -464.99
v 170.17 0.05 -465.23
f 10009 10010 10012
f 10009 10012 10011
o r692657219_footway
v 159.11 0.05 -390.17
v 159.77 0.05 -391.53
v 150.83 0.05 -394.16
v 151.49 0.05 -395.52
v 150.44 0.05 -394.36
v 151.08 0.05 -395.72
v 142.39 0.05 -398.95
v 143.81 0.05 -398.45
v 152.12 0.05 -399.67
v 152.16 0.05 -398.17
v 152.53 0.05 -399.69
v 152.59 0.05 -398.19
v 161.62 0.05 -399.99
v 161.66 0.05 -398.49
f 10017 10018 10020
f 10017 10020 10019
f 10021 10022 10024
f 10021 10024 10023
o r692657221_footway
v 307.43 0.05 -357.14
v 308.93 0.05 -357.10
v 307.63 0.05 -364.67
v 309.13 0.05 -364.67
v 307.35 0.05 -373.99
v 308.85 0.05 -374.03
o r692658709_footway
v 27.05 0.05 -42.39
v 27.57 0.05 -43.79
v 20.18 0.05 -44.96
v 20.70 0.05 -46.36
v 19.64 0.05 -45.16
v 20.16 0.05 -46.56
v 9.50 0.05 -49.08
v 10.64 0.05 -50.04
v 11.51 0.05 -55.26
v 12.91 0.05 -54.72
v 14.53 0.05 -62.02
v 14.83 0.05 -60.54
v 24.69 0.05 -58.14
v 24.13 0.05 -56.74
v 25.23 0.05 -57.93
v 24.67 0.05 -56.53
v 32.35 0.05 -55.11
v 31.79 0.05 -53.71
f 10037 10038 10040
f 10037 10040 10039
f 10041 10042 10044
f 10041 10044 10043
f 10045 10046 10048
f 10045 10048 10047
o r692658713_footway
v 57.68 0.05 -122.45
v 59.06 0.05 -121.87
v 60.56 0.05 -128.54
v 61.92 0.05 -129.20
v 53.54 0.05 -130.93
v 54.06 0.05 -132.33
v 52.91 0.05 -131.16
v 53.43 0.05 -132.56
v 42.86 0.05 -135.04
v 42.54 0.05 -136.50
v 41.01 0.05 -128.76
v 39.59 0.05 -129.26
v 38.83 0.05 -123.66
v 37.65 0.05 -122.74
v 48.41 0.05 -119.64
v 47.81 0.05 -118.26
v 49.21 0.05 -119.30
v 48.61 0.05 -117.92
v 55.37 0.05 -116.41
v 55.89 0.05 -115.01
v 57.68 0.05 -122.45
v 59.06 0.05 -121.87
f 10055 10056 10058
f 10055 10058 10057
f 10059 10060 10062
f 10059 10062 10061
f 10063 10064 10066
f 10063 10066 10065
f 10067 10068 10070
f 10067 10070 10069
o r692658827_footway
v -68.97 0.05 -85.66
v -70.37 0.05 -86.20
v -71.06 0.05 -80.43
v -72.56 0.05 -80.33
v -68.94 0.05 -80.06
v -69.46 0.05 -78.66
v -62.59 0.05 -77.71
v -63.11 0.05 -76.31
v -61.87 0.05 -77.45
v -62.47 0.05 -76.07
v -52.48 0.05 -73.23
v -52.28 0.05 -71.75
v -50.66 0.05 -78.73
v -49.26 0.05 -78.19
v -48.09 0.05 -84.67
v -46.89 0.05 -85.57
v -58.07 0.05 -88.09
v -57.57 0.05 -89.51
v -58.58 0.05 -88.26
v -58.08 0.05 -89.68
v -67.12 0.05 -91.46
v -67.50 0.05 -92.90
v -68.97 0.05 -85.67
v -70.37 0.05 -86.19
f 10077 10078 10080
f 10077 10080 10079
f 10081 10082 10084
f 10081 10084 10083
f 10085 10086 10088
f 10085 10088 10087
f 10089 10090 10092
f 10089 10092 10091
f 10093 10094 10096
f 10093 10096 10095
o r692660432_footway
v -42.93 0.05 -155.54
v -43.47 0.05 -154.14
v -34.00 0.05 -152.16
v -34.52 0.05 -150.76
v -33.53 0.05 -151.99
v -34.07 0.05 -150.59
v -23.76 0.05 -148.20
v -23.60 0.05 -146.70
v -22.49 0.05 -152.82
v -21.07 0.05 -152.32
v -19.98 0.05 -159.14
v -18.76 0.05 -160.02
v -29.66 0.05 -162.40
v -29.16 0.05 -163.82
v -30.08 0.05 -162.55
v -29.58 0.05 -163.97
v -38.57 0.05 -165.69
v -38.99 0.05 -167.13
v -40.51 0.05 -159.67
v -41.91 0.05 -160.21
v -41.72 0.05 -156.58
v -43.12 0.05 -157.12
v -42.50 0.05 -154.57
v -43.90 0.05 -155.11
f 10101 10102 10104
f 10101 10104 10103
f 10105 10106 10108
f 10105 10108 10107
f 10109 10110 10112
f 10109 10112 10111
f 10113 10114 10116
f 10113 10116 10115
f 10117 10118 10120
f 10117 10120 10119
o r692660434_footway
v 83.65 0.05 -187.66
v 84.19 0.05 -189.06
v 76.06 0.05 -190.55
v 76.60 0.05 -191.95
v 75.47 0.05 -190.77
v 76.01 0.05 -192.17
v 66.18 0.05 -194.30
v 66.72 0.05 -195.70
f 10125 10126 10128
f 10125 10128 10127
o r692661439_footway
v 2.69 0.05 -218.36
v 3.23 0.05 -219.76
v -6.76 0.05 -221.96
v -6.22 0.05 -223.36
v -7.09 0.05 -222.08
v -6.55 0.05 -223.48
v -15.22 0.05 -225.18
v -14.68 0.05 -226.58
f 10133 10134 10136
f 10133 10136 10135
o r692661440_footway
v -98.83 0.05 -189.46
v -98.37 0.05 -190.88
v -106.69 0.05 -191.99
v -106.21 0.05 -193.41
v -117.04 0.05 -195.83
v -117.38 0.05 -197.29
v -118.93 0.05 -189.32
v -120.33 0.05 -189.84
v -121.77 0.05 -182.89
v -122.99 0.05 -182.03
v -111.61 0.05 -179.33
v -112.13 0.05 -177.93
v -103.95 0.05 -176.26
v -103.41 0.05 -174.86
v -101.98 0.05 -183.01
v -100.56 0.05 -182.51
v -99.31 0.05 -190.42
v -97.89 0.05 -189.92
f 10141 10142 10144
f 10141 10144 10143
f 10145 10146 10148
f 10145 10148 10147
f 10149 10150 10152
f 10149 10152 10151
o r696790080_primary
v 39.36 0.05 125.76
v 48.70 0.05 129.32
v 40.73 0.05 122.15
v 50.07 0.05 125.73
v 42.53 0.05 117.47
v 51.87 0.05 121.03
v 65.79 0.05 56.40
v 75.13 0.05 59.96
v 67.42 0.05 52.11
v 76.76 0.05 55.67
v 68.54 0.05 49.18
v 77.88 0.05 52.76
f 10159 10160 10162
f 10159 10162 10161
f 10163 10164 10166
f 10163 10166 10165
o r696790081_primary
v -44.11 0.05 344.81
v -34.77 0.05 348.35
v -41.45 0.05 337.79
v -32.11 0.05 341.35
v -18.64 0.05 278.02
v -9.30 0.05 281.58
v -16.03 0.05 271.08
v -6.69 0.05 274.66
v -13.34 0.05 264.22
v -4.00 0.05 267.78
v 9.32 0.05 204.73
v 18.66 0.05 208.29
v 12.07 0.05 197.36
v 21.43 0.05 200.88
v 14.67 0.05 190.54
v 24.01 0.05 194.10
v 23.11 0.05 168.44
v 32.45 0.05 172.00
v 26.67 0.05 159.12
v 36.01 0.05 162.68
v 37.90 0.05 129.66
v 47.24 0.05 133.22
v 39.35 0.05 125.79
v 48.71 0.05 129.29
f 10171 10172 10174
f 10171 10174 10173
f 10175 10176 10178
f 10175 10178 10177
f 10179 10180 10182
f 10179 10182 10181
f 10183 10184 10186
f 10183 10186 10185
f 10187 10188 10190
f 10187 10190 10189
o r696790176_unclassified
v -360.26 0.05 -111.31
v -358.42 0.05 -115.97
v -367.47 0.05 -114.16
v -365.65 0.05 -118.82
v -368.98 0.05 -114.71
v -367.32 0.05 -119.43
v -370.96 0.05 -115.40
v -369.18 0.05 -120.06
v -431.29 0.05 -138.58
v -429.51 0.05 -143.26
v -439.87 0.05 -141.65
v -438.19 0.05 -146.35
f 10195 10196 10198
f 10195 10198 10197
f 10199 10200 10202
f 10199 10202 10201
o r702189641_footway
v -385.55 0.05 331.73
v -385.03 0.05 330.33
v -387.61 0.05 330.96
v -387.09 0.05 329.56
o r702958589_footway
v -58.39 0.05 423.90
v -59.79 0.05 423.36
v -62.03 0.05 432.51
v -62.59 0.05 431.11
v -70.80 0.05 428.89
v -70.20 0.05 427.51
o r702958591_footway
v -0.74 0.05 456.15
v -0.20 0.05 454.75
v -33.83 0.05 443.61
v -33.29 0.05 442.21
v -62.58 0.05 432.51
v -62.04 0.05 431.11
o r702959759_footway
v -327.15 0.05 -175.15
v -325.77 0.05 -174.55
v -323.92 0.05 -182.56
v -322.54 0.05 -181.96
v -321.09 0.05 -189.30
v -319.71 0.05 -188.72
o r705855522_service
v -387.31 0.05 -217.12
v -383.57 0.05 -215.68
v -384.59 0.05 -224.20
v -380.85 0.05 -222.78
v -367.15 0.05 -269.81
v -363.41 0.05 -268.39
o r705857549_footway
v -137.84 0.05 14.46
v -136.46 0.05 13.86
v -146.24 0.05 -4.63
v -144.86 0.05 -5.23
o r705857550_footway
v -150.28 0.05 -13.36
v -148.90 0.05 -13.94
v -153.71 0.05 -21.70
v -152.23 0.05 -21.94
v -152.31 0.05 -25.90
v -150.89 0.05 -25.40
o r705857551_steps
v -146.23 0.05 -4.61
v -144.87 0.05 -5.25
v -150.27 0.05 -13.33
v -148.91 0.05 -13.97
o r705857559_footway
v -97.38 0.05 -4.72
v -98.78 0.05 -5.26
v -109.26 0.05 25.48
v -110.66 0.05 24.92
v -121.16 0.05 55.51
v -122.56 0.05 54.95
o r705857560_footway
v -159.94 0.05 -28.87
v -161.34 0.05 -29.41
v -164.88 0.05 -16.26
v -166.28 0.05 -16.80
v -170.08 0.05 -2.99
v -171.48 0.05 -3.51
v -182.62 0.05 31.80
v -184.04 0.05 31.30
f 10255 10256 10258
f 10255 10258 10257
o r705860629_footway
v -289.16 0.05 -422.36
v -290.66 0.05 -422.36
v -289.17 0.05 -419.50
v -290.67 0.05 -419.52
v -289.24 0.05 -414.96
v -290.74 0.05 -414.98
o r705860630_footway
v -327.70 0.05 -360.37
v -326.20 0.05 -360.41
v -327.75 0.05 -362.52
v -326.25 0.05 -362.56
o r705860631_footway
v -288.34 0.05 -344.64
v -287.80 0.05 -346.04
v -327.22 0.05 -359.69
v -326.68 0.05 -361.09
v -352.65 0.05 -369.38
v -352.11 0.05 -370.78
o r705860634_footway
v -354.52 0.05 -430.72
v -353.02 0.05 -430.74
v -354.64 0.05 -438.04
v -353.14 0.05 -438.06
v -354.83 0.05 -446.80
v -353.33 0.05 -446.84
o r706291107_footway
v -395.19 0.05 -47.15
v -396.59 0.05 -47.69
v -396.66 0.05 -43.40
v -398.06 0.05 -43.94
v -397.87 0.05 -40.16
v -399.27 0.05 -40.72
v -399.85 0.05 -35.50
v -401.23 0.05 -36.08
f 10285 10286 10288
f 10285 10288 10287
o r707137591_footway
v -305.28 0.05 36.19
v -305.82 0.05 37.59
v -289.19 0.05 42.44
v -289.73 0.05 43.84
o r727002241_footway
v 143.43 0.05 -347.11
v 143.99 0.05 -348.51
v 135.99 0.05 -350.05
v 136.53 0.05 -351.45
v 134.10 0.05 -350.76
v 134.64 0.05 -352.16
v 128.11 0.05 -353.04
v 128.65 0.05 -354.44
f 10297 10298 10300
f 10297 10300 10299
o r731824354_footway
v -394.75 0.05 -286.45
v -395.29 0.05 -285.05
v -388.69 0.05 -284.10
v -389.23 0.05 -282.70
v -385.44 0.05 -282.85
v -386.00 0.05 -281.45
v -377.52 0.05 -279.64
v -378.08 0.05 -278.24
f 10305 10306 10308
f 10305 10308 10307
o r731824355_footway
v -287.32 0.05 -345.39
v -288.82 0.05 -345.29
v -286.75 0.05 -337.40
v -288.25 0.05 -337.34
v -286.74 0.05 -329.07
v -288.24 0.05 -329.07
o r731824356_footway
v -353.78 0.05 -431.48
v -353.76 0.05 -429.98
v -331.96 0.05 -431.72
v -331.94 0.05 -430.22
o r731824357_footway
v -272.10 0.05 -338.78
v -271.56 0.05 -340.18
v -278.05 0.05 -341.07
v -277.51 0.05 -342.47
v -279.31 0.05 -341.56
v -278.81 0.05 -342.98
v -288.31 0.05 -344.63
v -287.83 0.05 -346.05
f 10323 10324 10326
f 10323 10326 10325
o r731824358_footway
v -366.18 0.05 -360.19
v -366.66 0.05 -358.77
v -361.79 0.05 -358.69
v -362.27 0.05 -357.27
v -358.23 0.05 -357.49
v -358.73 0.05 -356.07
v -348.93 0.05 -354.21
v -349.43 0.05 -352.79
f 10331 10332 10334
f 10331 10334 10333
o r731824359_footway
v -331.69 0.05 -431.68
v -332.21 0.05 -430.26
v -328.07 0.05 -430.36
v -328.61 0.05 -428.96
v -314.03 0.05 -424.94
v -314.57 0.05 -423.54
v -301.39 0.05 -420.07
v -301.93 0.05 -418.67
v -289.73 0.05 -415.67
v -290.25 0.05 -414.27
f 10339 10340 10342
f 10339 10342 10341
o r733806661_footway
v -429.70 0.05 -140.65
v -431.10 0.05 -141.19
v -431.02 0.05 -137.15
v -432.42 0.05 -137.71
v -431.47 0.05 -136.19
v -432.85 0.05 -136.79
v -433.82 0.05 -131.73
v -433.98 0.05 -133.23
v -442.36 0.05 -134.69
v -441.86 0.05 -136.11
v -443.95 0.05 -135.28
v -443.45 0.05 -136.70
v -445.39 0.05 -135.78
v -444.85 0.05 -137.18
v -451.24 0.05 -138.12
v -450.22 0.05 -139.22
v -450.51 0.05 -141.23
v -449.15 0.05 -140.61
v -449.22 0.05 -143.86
v -447.86 0.05 -143.22
v -447.78 0.05 -147.13
v -446.40 0.05 -146.55
v -445.57 0.05 -151.98
v -445.09 0.05 -150.56
v -439.59 0.05 -150.03
v -440.09 0.05 -148.61
v -436.99 0.05 -149.14
v -437.53 0.05 -147.74
v -428.15 0.05 -145.54
v -429.25 0.05 -144.52
v -429.71 0.05 -140.63
v -431.09 0.05 -141.21
f 10349 10350 10352
f 10349 10352 10351
f 10353 10354 10356
f 10353 10356 10355
f 10357 10358 10360
f 10357 10360 10359
f 10361 10362 10364
f 10361 10364 10363
f 10365 10366 10368
f 10365 10368 10367
f 10369 10370 10372
f 10369 10372 10371
f 10373 10374 10376
f 10373 10376 10375
o r734317828_footway
v -305.89 0.05 36.22
v -305.21 0.05 37.56
v -298.27 0.05 32.37
v -297.59 0.05 33.71
v -282.98 0.05 24.56
v -282.30 0.05 25.90
o r734317829_footway
v -290.03 0.05 43.62
v -288.89 0.05 42.66
v -298.49 0.05 33.54
v -297.37 0.05 32.54
v -303.12 0.05 29.04
v -302.02 0.05 28.02
v -306.35 0.05 25.08
v -305.17 0.05 24.14
v -309.83 0.05 20.55
v -308.83 0.05 19.43
v -316.75 0.05 15.94
v -315.91 0.05 14.70
f 10387 10388 10390
f 10387 10390 10389
f 10391 10392 10394
f 10391 10394 10393
o r734317830_footway
v -301.65 0.05 1.55
v -303.07 0.05 1.05
v -302.49 0.05 3.89
v -303.89 0.05 3.37
v -308.63 0.05 20.25
v -310.03 0.05 19.73
o r756863524_service
v -319.08 0.05 410.66
v -315.34 0.05 412.08
v -316.01 0.05 402.52
v -312.25 0.05 403.90
v -305.65 0.05 374.96
v -302.95 0.05 377.92
v -289.70 0.05 380.11
v -291.68 0.05 383.57
v -288.99 0.05 384.75
v -292.79 0.05 383.51
v -297.47 0.05 409.29
v -301.25 0.05 407.97
v -300.30 0.05 417.38
v -304.08 0.05 416.06
f 10405 10406 10408
f 10405 10408 10407
f 10409 10410 10412
f 10409 10412 10411
o r756863525_service
v -320.29 0.05 368.57
v -321.63 0.05 372.33
v -312.42 0.05 371.38
v -313.78 0.05 375.14
v -303.62 0.05 374.56
v -304.98 0.05 378.32
o r759022040_tertiary
v 409.87 0.05 -76.50
v 407.33 0.05 -69.98
v 457.98 0.05 -57.80
v 455.44 0.05 -51.28
v 466.63 0.05 -54.44
v 464.09 0.05 -47.92
v 473.35 0.05 -51.82
v 470.81 0.05 -45.30
f 10425 10426 10428
f 10425 10428 10427
o r766609579_unclassified
v 391.63 0.05 -79.90
v 386.93 0.05 -81.58
v 389.15 0.05 -73.00
v 384.39 0.05 -74.50
v 378.31 0.05 -37.76
v 373.55 0.05 -39.28
v 373.02 0.05 -22.73
v 368.34 0.05 -24.51
v 350.68 0.05 34.86
v 346.00 0.05 33.08
v 338.02 0.05 68.77
v 333.34 0.05 66.99
v 318.62 0.05 119.40
v 314.00 0.05 117.48
v 310.19 0.05 135.22
v 306.01 0.05 132.46
v 304.40 0.05 140.97
v 300.90 0.05 137.39
f 10433 10434 10436
f 10433 10436 10435
f 10437 10438 10440
f 10437 10440 10439
f 10441 10442 10444
f 10441 10444 10443
o r775795858_footway
v 234.03 0.05 395.96
v 233.49 0.05 397.36
v 237.54 0.05 397.41
v 237.80 0.05 398.89
v 245.00 0.05 394.21
v 246.34 0.05 394.89
v 262.28 0.05 349.97
v 263.44 0.05 349.01
v 183.31 0.05 320.13
v 183.85 0.05 318.73
f 10451 10452 10454
f 10451 10454 10453
o r775795859_steps
v 183.31 0.05 320.13
v 183.85 0.05 318.73
v 168.63 0.05 314.56
v 169.17 0.05 313.16
o r775795860_footway
v 168.63 0.05 314.56
v 169.17 0.05 313.16
v 163.35 0.05 312.53
v 163.89 0.05 311.13
v 153.90 0.05 308.97
v 154.42 0.05 307.57
o r775795861_steps
v 233.49 0.05 397.36
v 234.03 0.05 395.96
v 216.74 0.05 390.97
v 217.28 0.05 389.57
o r775795862_footway
v 216.73 0.05 390.97
v 217.29 0.05 389.57
v 215.05 0.05 390.30
v 215.59 0.05 388.90
v 207.84 0.05 387.57
v 208.38 0.05 386.17
o r778474121_tertiary
v -116.28 0.05 -276.21
v -118.74 0.05 -269.65
v -90.06 0.05 -266.33
v -92.54 0.05 -259.79
v -79.66 0.05 -262.31
v -82.18 0.05 -255.79
o r778474122_tertiary
v -79.70 0.05 -262.33
v -82.14 0.05 -255.77
v -71.98 0.05 -259.45
v -74.46 0.05 -252.91
v -11.24 0.05 -236.34
v -13.74 0.05 -229.80
v -2.88 0.05 -233.15
v -5.38 0.05 -226.61
v -2.39 0.05 -232.95
v -5.11 0.05 -226.49
f 10487 10488 10490
f 10487 10490 10489
o r778474123_tertiary
v 91.56 0.05 -274.33
v 94.02 0.05 -280.89
v 31.93 0.05 -296.79
v 34.41 0.05 -303.33
v 26.29 0.05 -299.02
v 28.89 0.05 -305.52
v 23.24 0.05 -300.27
v 25.90 0.05 -306.75
f 10497 10498 10500
f 10497 10500 10499
o r809876012_pedestrian
v -376.89 0.05 199.22
v -378.29 0.05 202.96
v -372.70 0.05 200.79
v -374.10 0.05 204.53
v -365.97 0.05 203.31
v -367.37 0.05 207.05
v -362.88 0.05 204.91
v -361.68 0.05 208.73
v -362.80 0.05 202.68
v -359.06 0.05 204.10
v -359.61 0.05 194.24
v -355.87 0.05 195.64
v -350.80 0.05 170.80
v -347.04 0.05 172.20
v -350.38 0.05 169.38
v -346.50 0.05 170.34
v -350.12 0.05 168.12
v -346.14 0.05 168.46
v -350.16 0.05 166.97
v -346.18 0.05 166.49
v -350.38 0.05 166.21
v -346.50 0.05 165.19
v -350.48 0.05 165.74
v -346.78 0.05 164.20
v -351.00 0.05 164.69
v -347.58 0.05 162.61
v -351.62 0.05 163.83
v -348.68 0.05 161.11
v -352.68 0.05 162.87
v -350.36 0.05 159.61
v -353.89 0.05 162.20
v -352.35 0.05 158.50
v -355.27 0.05 161.79
v -354.59 0.05 157.85
v -356.71 0.05 161.71
v -356.91 0.05 157.71
v -358.01 0.05 161.93
v -359.15 0.05 158.09
v -359.45 0.05 162.54
v -361.21 0.05 158.96
v -359.64 0.05 162.72
v -362.06 0.05 159.54
v -360.58 0.05 163.44
v -363.38 0.05 160.58
v -361.31 0.05 164.31
v -364.65 0.05 162.11
v -362.02 0.05 165.66
v -365.62 0.05 163.92
v -362.56 0.05 166.93
v -366.30 0.05 165.51
v -371.18 0.05 189.80
v -374.92 0.05 188.38
v -374.35 0.05 198.17
v -378.09 0.05 196.75
v -375.72 0.05 201.80
v -379.46 0.05 200.38
f 10505 10506 10508
f 10505 10508 10507
f 10509 10510 10512
f 10509 10512 10511
f 10513 10514 10516
f 10513 10516 10515
f 10517 10518 10520
f 10517 10520 10519
f 10521 10522 10524
f 10521 10524 10523
f 10525 10526 10528
f 10525 10528 10527
f 10529 10530 10532
f 10529 10532 10531
f 10533 10534 10536
f 10533 10536 10535
f 10537 10538 10540
f 10537 10540 10539
f 10541 10542 10544
f 10541 10544 10543
f 10545 10546 10548
f 10545 10548 10547
f 10549 10550 10552
f 10549 10552 10551
f 10553 10554 10556
f 10553 10556 10555
o r809876013_footway
v -364.82 0.05 146.68
v -366.24 0.05 147.14
v -360.14 0.05 160.89
v -361.56 0.05 161.37
v -358.63 0.05 165.74
v -360.07 0.05 165.34
v -368.13 0.05 190.89
v -369.53 0.05 190.35
v -371.38 0.05 199.46
v -372.78 0.05 198.92
v -372.70 0.05 202.93
v -374.10 0.05 202.39
v -376.28 0.05 212.24
v -377.68 0.05 211.70
f 10561 10562 10564
f 10561 10564 10563
f 10565 10566 10568
f 10565 10568 10567
o r809876014_footway
v -365.79 0.05 147.62
v -365.27 0.05 146.20
v -370.71 0.05 145.83
v -370.19 0.05 144.43
v -377.67 0.05 143.03
v -376.29 0.05 142.45
v -375.09 0.05 135.44
v -373.69 0.05 135.96
v -371.97 0.05 127.53
v -371.27 0.05 128.85
v -364.66 0.05 129.93
v -365.18 0.05 131.33
v -359.57 0.05 132.16
v -361.05 0.05 132.46
v -362.38 0.05 140.08
v -363.78 0.05 139.56
f 10575 10576 10578
f 10575 10578 10577
f 10579 10580 10582
f 10579 10582 10581
f 10583 10584 10586
f 10583 10586 10585
o r809876015_footway
v -334.13 0.05 158.21
v -334.67 0.05 159.61
v -328.77 0.05 160.27
v -329.31 0.05 161.67
v -323.84 0.05 162.54
v -323.02 0.05 163.80
v -321.97 0.05 155.60
v -320.53 0.05 156.02
f 10591 10592 10594
f 10591 10594 10593
o r809876016_steps
v -348.77 0.05 165.02
v -348.11 0.05 166.38
v -334.73 0.05 158.23
v -334.07 0.05 159.59
o r809876017_footway
v -359.09 0.05 164.84
v -359.61 0.05 166.24
v -352.31 0.05 167.37
v -352.83 0.05 168.77
o r845914958_footway
v 79.55 0.05 60.78
v 78.17 0.05 61.38
v 80.85 0.05 63.79
v 79.47 0.05 64.39
o r845914959_footway
v 129.52 0.05 165.06
v 130.92 0.05 165.58
v 131.06 0.05 160.84
v 132.46 0.05 161.36
v 132.47 0.05 156.96
v 133.87 0.05 157.48
v 134.00 0.05 152.88
v 135.40 0.05 153.40
f 10611 10612 10614
f 10611 10614 10613
o r845914960_footway
v 134.43 0.05 153.84
v 134.97 0.05 152.44
v 126.34 0.05 150.66
v 126.88 0.05 149.26
v 116.65 0.05 147.02
v 117.17 0.05 145.62
o r845914962_footway
v 116.23 0.05 142.89
v 114.85 0.05 143.49
v 117.60 0.05 146.02
v 116.22 0.05 146.62
o r852150524_footway
v 176.84 0.05 440.63
v 178.24 0.05 441.15
v 179.56 0.05 433.18
v 180.96 0.05 433.70
v 183.57 0.05 422.21
v 184.97 0.05 422.73
o r867066314_tertiary
v -363.08 0.05 -674.45
v -370.08 0.05 -674.25
v -362.90 0.05 -668.12
v -369.90 0.05 -667.94
v -362.44 0.05 -648.78
v -369.44 0.05 -648.62
v -361.15 0.05 -595.70
v -368.15 0.05 -595.52
v -360.93 0.05 -588.21
v -367.93 0.05 -588.01
v -359.12 0.05 -524.48
v -366.12 0.05 -524.30
v -359.10 0.05 -517.41
v -366.10 0.05 -517.29
v -358.88 0.05 -510.01
v -365.88 0.05 -509.83
v -357.24 0.05 -446.82
v -364.24 0.05 -446.64
v -357.07 0.05 -437.91
v -364.07 0.05 -437.77
f 10635 10636 10638
f 10635 10638 10637
f 10639 10640 10642
f 10639 10642 10641
f 10643 10644 10646
f 10643 10646 10645
f 10647 10648 10650
f 10647 10650 10649
o r867066315_tertiary
v -285.75 0.05 -440.44
v -278.75 0.05 -440.56
v -285.89 0.05 -448.69
v -278.89 0.05 -448.85
v -286.48 0.05 -471.63
v -279.48 0.05 -471.81
v -287.51 0.05 -511.23
v -280.51 0.05 -511.41
v -287.70 0.05 -518.55
v -280.70 0.05 -518.71
v -287.88 0.05 -527.01
v -280.88 0.05 -527.19
v -288.54 0.05 -551.10
v -281.54 0.05 -551.28
v -289.56 0.05 -590.61
v -282.56 0.05 -590.79
v -289.74 0.05 -597.53
v -282.74 0.05 -597.71
v -289.92 0.05 -604.52
v -282.92 0.05 -604.70
v -291.57 0.05 -669.61
v -284.57 0.05 -669.79
v -291.78 0.05 -676.24
v -284.78 0.05 -676.46
f 10655 10656 10658
f 10655 10658 10657
f 10659 10660 10662
f 10659 10662 10661
f 10663 10664 10666
f 10663 10666 10665
f 10667 10668 10670
f 10667 10670 10669
f 10671 10672 10674
f 10671 10674 10673
o r867066317_tertiary
v -202.15 0.05 -385.22
v -199.69 0.05 -391.78
v -209.58 0.05 -388.02
v -207.12 0.05 -394.58
v -233.02 0.05 -396.85
v -230.56 0.05 -403.41
o r885905299_tertiary
v 23.31 0.05 -300.24
v 25.83 0.05 -306.78
v 15.42 0.05 -303.29
v 17.90 0.05 -309.83
v -45.63 0.05 -326.46
v -43.15 0.05 -333.00
v -49.44 0.05 -327.79
v -47.08 0.05 -334.37
v -53.79 0.05 -329.39
v -51.37 0.05 -335.95
f 10685 10686 10688
f 10685 10688 10687
o r885905300_secondary
v -24.63 0.05 -391.54
v -31.47 0.05 -395.70
v -27.37 0.05 -387.07
v -34.57 0.05 -390.57
v -29.47 0.05 -381.58
v -36.93 0.05 -384.44
v -46.03 0.05 -338.38
v -53.49 0.05 -341.26
v -48.86 0.05 -331.20
v -56.30 0.05 -334.14
f 10695 10696 10698
f 10695 10698 10697
o r892193385_tertiary
v -437.14 0.05 -398.20
v -439.70 0.05 -391.68
v -428.51 0.05 -394.79
v -431.03 0.05 -388.27
v -365.96 0.05 -370.63
v -368.48 0.05 -364.11
v -359.91 0.05 -368.29
v -362.37 0.05 -361.73
v -357.49 0.05 -367.45
v -359.79 0.05 -360.83
f 10705 10706 10708
f 10705 10708 10707
o r900259544_unclassified
v 301.71 0.05 141.50
v 303.59 0.05 136.86
v 296.07 0.05 139.20
v 297.91 0.05 134.56
v 288.66 0.05 136.33
v 290.50 0.05 131.69
v 261.88 0.05 125.61
v 263.74 0.05 120.97
v 235.74 0.05 115.13
v 237.60 0.05 110.49
v 228.91 0.05 112.46
v 230.73 0.05 107.80
f 10715 10716 10718
f 10715 10718 10717
f 10719 10720 10722
f 10719 10722 10721
o r901838410_service
v -375.13 0.05 -71.63
v -376.63 0.05 -67.93
v -371.27 0.05 -70.06
v -372.77 0.05 -66.36
v -366.30 0.05 -68.05
v -367.80 0.05 -64.35
v -363.58 0.05 -66.95
v -365.08 0.05 -63.25
f 10727 10728 10730
f 10727 10730 10729
o r902669893_service
v 8.63 0.05 -416.51
v 7.51 0.05 -412.67
v 14.87 0.05 -414.68
v 13.73 0.05 -410.84
v 17.00 0.05 -414.02
v 16.44 0.05 -410.06
v 21.00 0.05 -413.82
v 20.78 0.05 -409.82
f 10735 10736 10738
f 10735 10738 10737
o r902669894_service
v 21.00 0.05 -413.82
v 20.78 0.05 -409.82
v 41.62 0.05 -412.71
v 41.52 0.05 -408.71
v 45.65 0.05 -413.12
v 46.79 0.05 -409.28
v 47.23 0.05 -413.92
v 50.67 0.05 -411.86
v 51.28 0.05 -423.45
v 55.08 0.05 -422.23
v 51.46 0.05 -423.85
v 54.36 0.05 -426.61
v 49.33 0.05 -424.77
v 49.55 0.05 -428.77
v 29.71 0.05 -424.55
v 29.53 0.05 -428.55
v 27.40 0.05 -424.02
v 25.42 0.05 -427.50
v 26.08 0.05 -422.73
v 22.36 0.05 -424.21
v 22.81 0.05 -411.27
v 18.97 0.05 -412.37
f 10743 10744 10746
f 10743 10746 10745
f 10747 10748 10750
f 10747 10750 10749
f 10751 10752 10754
f 10751 10754 10753
f 10755 10756 10758
f 10755 10758 10757
o r902669895_service
v 62.69 0.05 -441.98
v 59.03 0.05 -443.58
v 59.81 0.05 -435.41
v 56.15 0.05 -437.01
v 59.02 0.05 -433.58
v 55.38 0.05 -435.26
v 54.72 0.05 -424.38
v 51.10 0.05 -426.08
f 10765 10766 10768
f 10765 10768 10767
o r918044435_footway
v 384.45 0.05 -90.76
v 385.87 0.05 -90.26
v 385.61 0.05 -93.99
v 387.01 0.05 -93.45
v 405.95 0.05 -147.23
v 407.35 0.05 -146.69
v 407.00 0.05 -149.84
v 408.40 0.05 -149.28
f 10773 10774 10776
f 10773 10776 10775
o r918044436_footway
v 420.76 0.05 -144.60
v 420.54 0.05 -146.08
v 419.20 0.05 -144.49
v 418.22 0.05 -145.63
v 418.46 0.05 -142.55
v 417.06 0.05 -143.09
v 398.28 0.05 -89.31
v 396.88 0.05 -89.85
v 397.04 0.05 -86.16
v 395.64 0.05 -86.70
f 10781 10782 10784
f 10781 10784 10783
o r918044437_footway
v 158.63 0.05 89.07
v 158.13 0.05 90.49
v 159.39 0.05 89.35
v 158.87 0.05 90.75
v 162.10 0.05 90.37
v 161.58 0.05 91.77
v 215.05 0.05 110.28
v 214.53 0.05 111.68
v 217.58 0.05 111.23
v 217.06 0.05 112.63
v 218.03 0.05 111.40
v 217.49 0.05 112.80
f 10791 10792 10794
f 10791 10794 10793
f 10795 10796 10798
f 10795 10798 10797
o r918044440_footway
v -352.89 0.05 -103.39
v -353.43 0.05 -101.99
v -349.66 0.05 -102.16
v -350.20 0.05 -100.76
v -296.41 0.05 -81.84
v -296.95 0.05 -80.44
v -292.81 0.05 -80.45
v -293.35 0.05 -79.05
f 10803 10804 10806
f 10803 10806 10805
o r918044441_footway
v -376.57 0.05 -41.36
v -377.11 0.05 -39.96
v -373.69 0.05 -40.25
v -374.23 0.05 -38.85
v -320.88 0.05 -19.96
v -321.42 0.05 -18.56
v -316.85 0.05 -18.41
v -317.39 0.05 -17.01
f 10811 10812 10814
f 10811 10814 10813
o r918469373_footway
v -220.26 0.05 370.13
v -221.66 0.05 369.61
v -221.14 0.05 372.47
v -222.54 0.05 371.95
v -241.58 0.05 427.11
v -242.98 0.05 426.59
v -242.65 0.05 429.97
v -244.05 0.05 429.45
f 10819 10820 10822
f 10819 10822 10821
o r918469374_footway
v -158.71 0.05 393.81
v -160.11 0.05 393.27
v -159.77 0.05 396.56
v -161.17 0.05 396.02
v -180.89 0.05 451.02
v -182.29 0.05 450.48
v -181.64 0.05 452.94
v -183.04 0.05 452.40
f 10827 10828 10830
f 10827 10830 10829
o r918469378_footway
v -160.11 0.05 393.27
v -158.71 0.05 393.81
v -157.48 0.05 386.50
v -156.08 0.05 387.04
v -155.39 0.05 381.12
v -153.99 0.05 381.66
o r918469379_footway
v -221.66 0.05 369.59
v -220.26 0.05 370.15
v -219.17 0.05 363.29
v -217.77 0.05 363.83
v -217.09 0.05 357.68
v -215.67 0.05 358.18
v -216.76 0.05 356.51
v -215.32 0.05 356.91
f 10841 10842 10844
f 10841 10844 10843
o r918469380_footway
v -242.65 0.05 429.99
v -244.05 0.05 429.43
v -245.92 0.05 438.26
v -247.32 0.05 437.70
v -248.32 0.05 444.29
v -249.72 0.05 443.73
o r918469381_footway
v -80.08 0.05 1.63
v -81.48 0.05 1.07
v -80.93 0.05 3.76
v -82.33 0.05 3.22
v -102.84 0.05 60.02
v -104.24 0.05 59.48
v -103.86 0.05 62.50
v -105.24 0.05 61.94
f 10855 10856 10858
f 10855 10858 10857
o r918469382_footway
v -41.66 0.05 85.53
v -40.26 0.05 86.07
v -40.45 0.05 82.38
v -39.05 0.05 82.92
v -19.79 0.05 28.48
v -18.39 0.05 29.02
v -18.34 0.05 24.79
v -16.94 0.05 25.33
f 10863 10864 10866
f 10863 10866 10865
o r918469384_footway
v -200.85 0.05 24.61
v -201.43 0.05 25.99
v -191.26 0.05 28.58
v -191.76 0.05 30.00
v -183.13 0.05 30.83
v -183.53 0.05 32.27
o r918469385_footway
v -18.34 0.05 24.80
v -16.94 0.05 25.32
v -16.64 0.05 20.27
v -15.24 0.05 20.79
v -15.59 0.05 17.50
v -14.19 0.05 18.04
v -13.52 0.05 12.02
v -12.12 0.05 12.56
f 10877 10878 10880
f 10877 10880 10879
o r918469386_footway
v 4.33 0.05 18.81
v 2.93 0.05 18.27
v 2.07 0.05 24.59
v 0.67 0.05 24.05
v 1.20 0.05 26.78
v -0.20 0.05 26.24
v -0.41 0.05 30.96
v -1.81 0.05 30.42
f 10885 10886 10888
f 10885 10888 10887
o r918469387_footway
v -23.59 0.05 92.01
v -25.03 0.05 91.59
v -25.03 0.05 96.99
v -26.47 0.05 96.57
v -26.03 0.05 100.49
v -27.47 0.05 100.07
v -27.49 0.05 105.59
v -28.93 0.05 105.17
f 10893 10894 10896
f 10893 10896 10895
o r918469388_footway
v -28.50 0.05 106.07
v -27.92 0.05 104.69
v -36.99 0.05 102.54
v -36.41 0.05 101.16
v -39.42 0.05 101.49
v -38.82 0.05 100.11
v -46.29 0.05 98.42
v -45.05 0.05 97.56
v -44.73 0.05 93.47
v -43.33 0.05 94.01
v -43.52 0.05 90.35
v -42.12 0.05 90.89
v -41.66 0.05 85.53
v -40.26 0.05 86.07
f 10901 10902 10904
f 10901 10904 10903
f 10905 10906 10908
f 10905 10908 10907
o r918469389_footway
v -121.16 0.05 55.49
v -122.56 0.05 54.97
v -122.90 0.05 60.17
v -124.30 0.05 59.65
v -123.97 0.05 63.08
v -125.37 0.05 62.56
v -125.76 0.05 67.89
v -127.16 0.05 67.37
f 10915 10916 10918
f 10915 10918 10917
o r918469390_footway
v -109.48 0.05 73.48
v -108.08 0.05 74.00
v -107.84 0.05 69.02
v -106.44 0.05 69.54
v -106.86 0.05 66.36
v -105.46 0.05 66.88
v -105.25 0.05 61.96
v -103.85 0.05 62.48
f 10923 10924 10926
f 10923 10926 10925
o r918469391_footway
v -81.49 0.05 1.10
v -80.07 0.05 1.60
v -79.79 0.05 -3.70
v -78.37 0.05 -3.20
v -78.51 0.05 -7.28
v -77.09 0.05 -6.78
v -76.85 0.05 -11.87
v -75.43 0.05 -11.35
f 10931 10932 10934
f 10931 10934 10933
o r918469392_footway
v -92.13 0.05 -17.62
v -93.51 0.05 -18.20
v -93.90 0.05 -13.46
v -95.28 0.05 -14.02
v -95.24 0.05 -9.99
v -96.64 0.05 -10.55
v -97.38 0.05 -4.71
v -98.78 0.05 -5.27
f 10939 10940 10942
f 10939 10942 10941
o r918469393_footway
v 123.17 0.05 -342.89
v 124.57 0.05 -342.33
v 125.92 0.05 -349.85
v 127.32 0.05 -349.29
v 127.69 0.05 -354.03
v 129.07 0.05 -353.45
o r918469394_footway
v 98.39 0.05 -285.43
v 99.49 0.05 -284.41
v 101.82 0.05 -289.03
v 103.20 0.05 -288.43
v 121.97 0.05 -339.93
v 123.37 0.05 -339.37
v 123.17 0.05 -342.89
v 124.57 0.05 -342.33
f 10953 10954 10956
f 10953 10956 10955
o r918469395_footway
v 35.69 0.05 -308.86
v 36.93 0.05 -308.02
v 37.34 0.05 -311.24
v 38.74 0.05 -310.70
v 44.62 0.05 -332.41
v 46.02 0.05 -331.87
v 56.30 0.05 -360.94
v 57.70 0.05 -360.40
v 56.76 0.05 -364.11
v 58.24 0.05 -363.89
f 10961 10962 10964
f 10961 10964 10963
o r918469396_footway
v 93.21 0.05 -270.11
v 92.71 0.05 -268.69
v 101.20 0.05 -267.23
v 100.70 0.05 -265.81
v 104.22 0.05 -266.14
v 103.72 0.05 -264.72
v 112.89 0.05 -263.02
v 112.39 0.05 -261.60
f 10971 10972 10974
f 10971 10974 10973
o r918469397_footway
v 37.01 0.05 -308.18
v 35.61 0.05 -308.70
v 33.87 0.05 -299.80
v 32.47 0.05 -300.32
v 31.33 0.05 -293.06
v 29.93 0.05 -293.58
o r919274065_footway
v -334.30 0.05 -155.04
v -333.04 0.05 -155.86
v -336.53 0.05 -158.65
v -335.03 0.05 -158.79
v -335.00 0.05 -162.91
v -333.60 0.05 -162.37
v -330.85 0.05 -173.87
v -329.45 0.05 -173.33
v -330.59 0.05 -174.57
v -329.19 0.05 -174.05
f 10985 10986 10988
f 10985 10988 10987
o r930890780_footway
v -439.28 0.05 324.75
v -439.82 0.05 326.15
v -424.27 0.05 330.47
v -424.81 0.05 331.87
v -415.59 0.05 333.88
v -416.11 0.05 335.28
v -397.63 0.05 340.47
v -398.15 0.05 341.87
f 10995 10996 10998
f 10995 10998 10997
o r930890781_footway
v -436.65 0.05 317.97
v -437.15 0.05 319.39
v -421.52 0.05 323.22
v -422.02 0.05 324.64
v -412.82 0.05 326.53
v -413.34 0.05 327.93
v -394.84 0.05 333.19
v -395.36 0.05 334.59
f 11003 11004 11006
f 11003 11006 11005
o r930890786_footway
v -408.04 0.05 243.75
v -408.60 0.05 245.15
v -392.88 0.05 249.78
v -393.42 0.05 251.18
v -384.03 0.05 253.16
v -384.57 0.05 254.56
v -366.81 0.05 259.93
v -367.35 0.05 261.33
f 11011 11012 11014
f 11011 11014 11013
o r930890787_footway
v -410.75 0.05 250.89
v -411.35 0.05 252.27
v -395.77 0.05 257.34
v -396.35 0.05 258.72
v -386.94 0.05 260.69
v -387.48 0.05 262.09
v -369.55 0.05 267.26
v -370.09 0.05 268.66
f 11019 11020 11022
f 11019 11022 11021
o r930890788_footway
v -385.23 0.05 183.96
v -385.73 0.05 185.38
v -372.80 0.05 188.38
v -373.30 0.05 189.80
v -368.57 0.05 189.92
v -369.09 0.05 191.32
v -361.85 0.05 192.50
v -362.39 0.05 193.90
v -357.46 0.05 194.24
v -358.02 0.05 195.64
v -343.80 0.05 199.73
v -344.36 0.05 201.13
f 11027 11028 11030
f 11027 11030 11029
f 11031 11032 11034
f 11031 11034 11033
o r930890789_footway
v -388.11 0.05 191.68
v -388.69 0.05 193.06
v -375.93 0.05 196.77
v -376.51 0.05 198.15
v -371.81 0.05 198.49
v -372.35 0.05 199.89
v -365.10 0.05 201.04
v -365.62 0.05 202.44
v -360.67 0.05 202.69
v -361.19 0.05 204.09
v -346.91 0.05 207.84
v -347.43 0.05 209.24
f 11039 11040 11042
f 11039 11042 11041
f 11043 11044 11046
f 11043 11046 11045
o r930890791_footway
v -365.26 0.05 146.21
v -365.80 0.05 147.61
v -334.13 0.05 158.21
v -334.67 0.05 159.61
o r932340850_footway
v -467.66 0.05 397.79
v -468.18 0.05 399.19
v -452.00 0.05 403.62
v -452.52 0.05 405.02
v -443.51 0.05 406.85
v -444.05 0.05 408.25
v -425.58 0.05 413.67
v -426.12 0.05 415.07
f 11055 11056 11058
f 11055 11058 11057
o r932340851_footway
v -465.09 0.05 391.13
v -465.63 0.05 392.53
v -449.54 0.05 397.12
v -450.08 0.05 398.52
v -441.01 0.05 400.33
v -441.51 0.05 401.75
v -422.90 0.05 406.59
v -423.40 0.05 408.01
f 11063 11064 11066
f 11063 11066 11065
o r935171379_secondary
v 384.46 0.05 169.45
v 391.96 0.05 172.25
v 389.21 0.05 156.78
v 396.71 0.05 159.58
o r935171380_primary
v 389.62 0.05 156.51
v 380.08 0.05 153.49
v 385.42 0.05 169.77
v 375.88 0.05 166.75
o r948085495_unclassified
v 323.10 0.05 61.06
v 320.00 0.05 64.98
v 325.53 0.05 63.03
v 321.79 0.05 66.35
v 327.39 0.05 66.06
v 322.73 0.05 67.90
v 328.10 0.05 69.54
v 323.10 0.05 69.68
v 327.68 0.05 72.62
v 322.74 0.05 71.88
f 11079 11080 11082
f 11079 11082 11081
o r948085496_unclassified
v 335.08 0.05 154.07
v 336.88 0.05 149.41
v 311.68 0.05 145.01
v 313.46 0.05 140.33
v 307.60 0.05 143.64
v 309.26 0.05 138.92
v 301.80 0.05 141.53
v 303.50 0.05 136.83
f 11089 11090 11092
f 11089 11092 11091
o r948085497_footway
v 387.55 0.05 -11.28
v 389.03 0.05 -11.02
v 388.99 0.05 -18.71
v 390.15 0.05 -17.77
v 396.62 0.05 -22.52
v 397.28 0.05 -21.18
o r948085498_secondary
v 321.05 0.05 -8.16
v 325.35 0.05 -14.90
v 290.10 0.05 -27.89
v 294.38 0.05 -34.65
v 283.25 0.05 -32.12
v 287.45 0.05 -38.92
o r948085499_service
v 434.68 0.05 23.09
v 436.10 0.05 19.35
v 426.26 0.05 19.90
v 427.68 0.05 16.16
v 423.58 0.05 18.89
v 424.98 0.05 15.15
o r948085500_secondary
v 420.26 0.05 51.56
v 424.02 0.05 44.50
v 402.53 0.05 42.10
v 406.43 0.05 35.12
v 373.77 0.05 25.56
v 377.93 0.05 18.74
v 333.94 0.05 0.24
v 338.24 0.05 -6.52
f 11115 11116 11118
f 11115 11118 11117
o r956507075_tertiary
v -407.90 0.05 -214.23
v -414.48 0.05 -216.63
v -410.29 0.05 -207.72
v -416.81 0.05 -210.26
v -425.02 0.05 -170.18
v -431.54 0.05 -172.74
o r956507077_tertiary
v -282.99 0.05 -334.51
v -276.01 0.05 -334.13
v -282.56 0.05 -342.23
v -275.56 0.05 -342.31
v -283.37 0.05 -366.61
v -276.37 0.05 -366.85
v -283.56 0.05 -372.55
v -276.56 0.05 -372.73
v -284.07 0.05 -393.01
v -277.07 0.05 -393.19
v -284.67 0.05 -417.28
v -277.67 0.05 -417.46
f 11129 11130 11132
f 11129 11132 11131
f 11133 11134 11136
f 11133 11136 11135
o r967656417_unclassified
v -29.25 0.05 -391.43
v -26.85 0.05 -395.81
v -38.89 0.05 -396.91
v -38.19 0.05 -401.87
v -72.95 0.05 -397.50
v -72.87 0.05 -402.50
o r967656418_pedestrian
v -132.06 0.05 -363.31
v -128.52 0.05 -361.47
v -128.76 0.05 -369.65
v -125.22 0.05 -367.81
v -126.67 0.05 -373.48
v -122.75 0.05 -372.70
v -124.93 0.05 -389.47
v -120.93 0.05 -389.27
v -125.34 0.05 -399.20
v -121.34 0.05 -399.36
v -126.63 0.05 -432.89
v -122.63 0.05 -433.09
v -127.28 0.05 -439.40
v -123.30 0.05 -439.80
f 11147 11148 11150
f 11147 11150 11149
f 11151 11152 11154
f 11151 11154 11153
o r973416456_pedestrian
v -423.67 0.05 284.52
v -425.05 0.05 288.28
v -404.16 0.05 291.66
v -405.54 0.05 295.42
v -382.11 0.05 299.74
v -383.49 0.05 303.50
o r999448114_footway
v -145.26 0.05 37.88
v -146.68 0.05 37.38
v -147.85 0.05 45.18
v -149.27 0.05 44.68
o r999448115_steps
v -150.04 0.05 37.41
v -149.36 0.05 36.07
v -153.77 0.05 35.48
v -153.09 0.05 34.14
o r999448116_steps
v -146.14 0.05 38.36
v -145.80 0.05 36.90
v -149.87 0.05 37.47
v -149.53 0.05 36.01
o r999448117_footway
v -130.44 0.05 46.20
v -129.96 0.05 44.78
v -133.14 0.05 45.19
v -132.08 0.05 44.13
v -138.06 0.05 38.63
v -137.30 0.05 37.33
v -144.09 0.05 38.68
v -144.03 0.05 37.18
v -146.09 0.05 38.37
v -145.85 0.05 36.89
f 11179 11180 11182
f 11179 11182 11181
o r999448118_steps
v -160.08 0.05 6.67
v -159.52 0.05 5.27
v -163.20 0.05 5.43
v -162.64 0.05 4.03
o r999448119_footway
v -132.31 0.05 -11.32
v -130.97 0.05 -11.98
v -136.16 0.05 -19.10
v -134.82 0.05 -19.76
o r999448120_steps
v -130.74 0.05 -8.19
v -129.40 0.05 -8.87
v -132.31 0.05 -11.31
v -130.97 0.05 -11.99
o r999448121_footway
v -152.99 0.05 43.23
v -151.59 0.05 43.77
v -150.40 0.05 36.47
v -149.00 0.05 37.01
o r999448122_footway
v -133.10 0.05 48.30
v -134.52 0.05 47.82
v -133.87 0.05 50.57
v -135.29 0.05 50.09
o r999448123_steps
v -131.90 0.05 44.91
v -133.32 0.05 44.41
v -133.10 0.05 48.31
v -134.52 0.05 47.81
o r1036892509_secondary
v -12.38 0.05 -405.10
v -18.18 0.05 -410.62
v -16.64 0.05 -400.63
v -22.46 0.05 -406.11
v -20.36 0.05 -396.61
v -26.40 0.05 -401.87
v -24.97 0.05 -391.06
v -31.13 0.05 -396.18
f 11213 11214 11216
f 11213 11216 11215
o r1036892510_tertiary
v 5.04 0.05 -420.93
v 11.96 0.05 -422.01
v 3.34 0.05 -431.86
v 10.26 0.05 -432.94
v 3.08 0.05 -433.62
v 9.98 0.05 -434.76
v 1.95 0.05 -440.29
v 8.85 0.05 -441.45
f 11221 11222 11224
f 11221 11224 11223
o r1047895763_tertiary
v 168.10 0.05 -446.55
v 161.10 0.05 -446.17
v 168.55 0.05 -437.99
v 161.55 0.05 -437.75
v 168.54 0.05 -433.46
v 161.56 0.05 -434.00
v 167.85 0.05 -428.99
v 160.97 0.05 -430.29
v 166.69 0.05 -423.90
v 160.15 0.05 -426.42
v 155.80 0.05 -397.63
v 149.32 0.05 -400.25
v 154.91 0.05 -394.85
v 148.25 0.05 -397.01
f 11229 11230 11232
f 11229 11232 11231
f 11233 11234 11236
f 11233 11236 11235
o r1049499285_footway
v -243.09 0.05 429.01
v -243.61 0.05 430.41
v -228.52 0.05 434.51
v -229.04 0.05 435.91
v -182.08 0.05 451.97
v -182.60 0.05 453.37
o r1049499286_footway
v -159.68 0.05 394.24
v -159.14 0.05 392.84
v -221.23 0.05 370.57
v -220.69 0.05 369.17
o r1049991820_footway
v -376.28 0.05 143.01
v -377.68 0.05 142.47
v -386.78 0.05 170.03
v -388.18 0.05 169.49
v -390.18 0.05 178.65
v -391.58 0.05 178.11
v -396.24 0.05 194.08
v -397.64 0.05 193.54
v -399.77 0.05 203.02
v -401.17 0.05 202.46
f 11253 11254 11256
f 11253 11256 11255
o r1049991821_footway
v -432.33 0.05 104.51
v -432.85 0.05 105.91
v -393.98 0.05 118.62
v -394.50 0.05 120.02
v -371.35 0.05 127.49
v -371.89 0.05 128.89
o r1049991823_footway
v -422.13 0.05 25.86
v -421.59 0.05 24.46
v -485.11 0.05 1.82
v -484.57 0.05 0.42
o r1049991824_footway
v -399.83 0.05 -35.54
v -401.25 0.05 -36.04
v -410.52 0.05 -5.00
v -411.94 0.05 -5.50
v -416.99 0.05 13.51
v -418.41 0.05 13.01
v -421.15 0.05 25.41
v -422.57 0.05 24.91
f 11273 11274 11276
f 11273 11276 11275
o r1049991825_footway
v -396.17 0.05 -46.73
v -395.61 0.05 -48.11
v -456.32 0.05 -71.28
v -455.76 0.05 -72.66
o r1050983125_tertiary
v 238.14 0.05 -141.77
v 235.72 0.05 -135.19
v 247.52 0.05 -138.32
v 245.08 0.05 -131.76
v 264.27 0.05 -132.03
v 261.81 0.05 -125.47
v 290.99 0.05 -121.97
v 288.53 0.05 -115.41
v 305.93 0.05 -116.34
v 303.47 0.05 -109.78
v 307.26 0.05 -115.84
v 304.72 0.05 -109.32
v 315.06 0.05 -112.78
v 312.50 0.05 -106.26
v 323.15 0.05 -109.62
v 320.65 0.05 -103.08
v 361.86 0.05 -94.90
v 359.36 0.05 -88.36
v 365.73 0.05 -93.37
v 363.33 0.05 -86.79
v 368.30 0.05 -92.56
v 366.18 0.05 -85.88
f 11285 11286 11288
f 11285 11288 11287
f 11289 11290 11292
f 11289 11292 11291
f 11293 11294 11296
f 11293 11296 11295
f 11297 11298 11300
f 11297 11300 11299
o r1050983126_tertiary
v 201.64 0.05 -155.51
v 199.16 0.05 -148.97
v 228.96 0.05 -145.16
v 226.50 0.05 -138.60
v 238.14 0.05 -141.76
v 235.72 0.05 -135.20
o r1051041541_secondary
v -82.06 0.05 -171.19
v -79.22 0.05 -178.67
v -102.69 0.05 -179.02
v -99.85 0.05 -186.50
v -110.56 0.05 -181.98
v -107.74 0.05 -189.46
o r1052314457_footway
v -360.05 0.05 131.61
v -360.57 0.05 133.01
v -328.88 0.05 143.10
v -329.40 0.05 144.50
o r1052314458_footway
v -319.50 0.05 147.74
v -318.10 0.05 148.30
v -295.49 0.05 88.54
v -294.09 0.05 89.10
o r1052314459_footway
v -235.47 0.05 112.20
v -234.11 0.05 112.84
v -232.15 0.05 105.23
v -230.75 0.05 105.77
v -229.86 0.05 97.39
v -228.42 0.05 97.81
o r1052314460_footway
v -228.88 0.05 96.90
v -229.40 0.05 98.30
v -228.04 0.05 97.20
v -228.56 0.05 98.62
v -217.80 0.05 100.92
v -218.32 0.05 102.32
v -211.80 0.05 103.11
v -212.32 0.05 104.51
f 11333 11334 11336
f 11333 11336 11335
o r1052314461_footway
v -217.19 0.05 119.12
v -215.83 0.05 119.74
v -214.01 0.05 112.22
v -212.61 0.05 112.78
v -211.46 0.05 104.77
v -210.04 0.05 105.25
o r1052314462_footway
v -216.79 0.05 120.13
v -216.23 0.05 118.73
v -224.16 0.05 117.20
v -223.62 0.05 115.80
v -235.05 0.05 113.22
v -234.53 0.05 111.82
o r1052314463_footway
v -211.55 0.05 103.26
v -212.57 0.05 104.36
v -210.28 0.05 104.43
v -211.22 0.05 105.59
v -208.96 0.05 105.41
v -209.48 0.05 106.81
v -149.41 0.05 127.24
v -149.93 0.05 128.64
f 11353 11354 11356
f 11353 11356 11355
o r1052314464_footway
v -289.65 0.05 75.81
v -290.03 0.05 77.25
v -278.75 0.05 78.71
v -279.25 0.05 80.13
v -228.88 0.05 96.90
v -229.40 0.05 98.30
o r1052314465_footway
v -274.34 0.05 -1.40
v -273.82 0.05 -2.80
v -305.66 0.05 -12.91
v -305.14 0.05 -14.31
o r1052314466_footway
v -317.82 0.05 -17.98
v -316.42 0.05 -17.44
v -293.78 0.05 -80.02
v -292.38 0.05 -79.48
o r1052314467_footway
v -201.41 0.05 26.00
v -200.87 0.05 24.60
v -261.85 0.05 2.77
v -261.31 0.05 1.37
o r1052314468_footway
v -104.29 0.05 61.52
v -104.81 0.05 62.92
v -40.70 0.05 85.10
v -41.22 0.05 86.50
o r1052314469_footway
v -17.90 0.05 25.76
v -17.38 0.05 24.36
v -81.04 0.05 2.05
v -80.52 0.05 0.65
o r1052314470_footway
v 64.84 0.05 42.98
v 65.38 0.05 41.58
v 3.36 0.05 19.24
v 3.90 0.05 17.84
o r1052314471_footway
v -13.52 0.05 12.03
v -12.12 0.05 12.55
v 9.37 0.05 -49.82
v 10.77 0.05 -49.30
o r1052314472_footway
v -155.35 0.05 -42.58
v -155.89 0.05 -41.18
v -92.55 0.05 -18.61
v -93.09 0.05 -17.21
o r1052314473_footway
v -72.07 0.05 -79.68
v -71.55 0.05 -81.08
v -132.34 0.05 -102.08
v -131.82 0.05 -103.48
o r1052314474_footway
v -45.94 0.05 98.69
v -45.40 0.05 97.29
v -109.05 0.05 74.44
v -108.51 0.05 73.04
o r1052314475_footway
v -160.36 0.05 208.37
v -158.96 0.05 208.91
v -137.67 0.05 148.46
v -136.27 0.05 149.00
o r1052314476_footway
v -164.84 0.05 222.27
v -165.36 0.05 223.67
v -103.39 0.05 245.37
v -103.91 0.05 246.77
o r1052314477_footway
v -154.93 0.05 382.10
v -154.45 0.05 380.68
v -168.26 0.05 377.51
v -167.72 0.05 376.11
v -216.65 0.05 358.63
v -216.11 0.05 357.23
o r1052314478_footway
v -234.14 0.05 350.02
v -233.60 0.05 348.62
v -295.12 0.05 326.09
v -294.58 0.05 324.69
o r1052314479_footway
v -322.46 0.05 398.80
v -323.06 0.05 400.18
v -313.86 0.05 402.51
v -314.40 0.05 403.91
v -299.10 0.05 407.93
v -299.62 0.05 409.33
v -262.78 0.05 421.30
v -263.30 0.05 422.70
f 11425 11426 11428
f 11425 11428 11427
o r1052314480_footway
v -402.18 0.05 369.06
v -402.70 0.05 370.46
v -341.68 0.05 391.29
v -342.20 0.05 392.69
o r1052314481_footway
v -289.54 0.05 259.67
v -290.94 0.05 259.11
v -313.27 0.05 319.67
v -314.67 0.05 319.11
o r1052314482_footway
v -136.02 0.05 385.92
v -136.54 0.05 387.32
v -74.53 0.05 408.36
v -75.05 0.05 409.76
o r1052314483_footway
v -48.04 0.05 335.32
v -46.64 0.05 335.88
v -23.90 0.05 275.83
v -22.52 0.05 276.39
v -23.69 0.05 275.31
v -22.31 0.05 275.89
o r1052314484_footway
v -20.44 0.05 261.32
v -19.04 0.05 261.86
v 2.31 0.05 201.80
v 3.71 0.05 202.34
o r1052314485_footway
v -51.55 0.05 164.48
v -52.09 0.05 165.88
v 8.78 0.05 187.81
v 8.24 0.05 189.21
o r1052314486_footway
v 0.28 0.05 268.77
v -0.24 0.05 270.17
v 62.24 0.05 291.51
v 61.72 0.05 292.91
o r1053480533_footway
v 102.56 0.05 238.30
v 102.04 0.05 239.70
v 105.47 0.05 239.35
v 104.97 0.05 240.77
v 161.52 0.05 259.28
v 160.98 0.05 260.68
v 161.97 0.05 261.91
v 160.47 0.05 261.89
f 11463 11464 11466
f 11463 11466 11465
o r1053480534_footway
v 166.83 0.05 248.02
v 168.23 0.05 248.54
v 184.47 0.05 200.85
v 185.87 0.05 201.41
v 190.49 0.05 188.53
v 191.83 0.05 189.19
o r1053480535_footway
v 130.92 0.05 165.58
v 129.52 0.05 165.06
v 108.52 0.05 226.15
v 107.12 0.05 225.63
o r1053480536_footway
v 213.48 0.05 345.87
v 214.00 0.05 344.47
v 184.13 0.05 334.91
v 184.65 0.05 333.51
v 176.63 0.05 332.30
v 177.19 0.05 330.92
v 164.15 0.05 326.63
v 165.29 0.05 325.65
v 162.59 0.05 315.85
v 164.09 0.05 315.73
v 162.87 0.05 311.78
v 164.37 0.05 311.88
v 163.49 0.05 303.41
v 164.91 0.05 303.91
v 177.43 0.05 270.67
v 178.81 0.05 271.25
v 177.81 0.05 269.55
v 179.23 0.05 270.03
f 11481 11482 11484
f 11481 11484 11483
f 11485 11486 11488
f 11485 11488 11487
f 11489 11490 11492
f 11489 11492 11491
o r1053480537_footway
v 315.95 0.05 322.66
v 316.49 0.05 321.26
v 310.56 0.05 320.61
v 311.10 0.05 319.21
v 281.64 0.05 309.62
v 282.16 0.05 308.22
v 250.24 0.05 297.93
v 250.76 0.05 296.53
f 11499 11500 11502
f 11499 11502 11501
o r1053480538_footway
v 335.87 0.05 328.87
v 337.27 0.05 329.41
v 342.03 0.05 313.07
v 343.25 0.05 313.95
v 346.25 0.05 314.49
v 347.33 0.05 315.53
v 351.01 0.05 303.62
v 352.19 0.05 304.54
v 362.37 0.05 294.05
v 363.53 0.05 295.01
v 366.61 0.05 284.74
v 368.07 0.05 285.12
v 366.78 0.05 277.34
v 368.26 0.05 277.12
v 364.26 0.05 268.50
v 365.74 0.05 268.30
v 364.35 0.05 259.27
v 365.85 0.05 259.29
v 364.39 0.05 256.07
v 365.87 0.05 256.31
v 365.29 0.05 253.27
v 366.71 0.05 253.73
v 366.14 0.05 250.63
v 367.56 0.05 251.11
v 369.53 0.05 240.44
v 370.95 0.05 240.92
f 11507 11508 11510
f 11507 11510 11509
f 11511 11512 11514
f 11511 11514 11513
f 11515 11516 11518
f 11515 11518 11517
f 11519 11520 11522
f 11519 11522 11521
f 11523 11524 11526
f 11523 11526 11525
o r1053480541_footway
v 386.80 0.05 124.07
v 388.24 0.05 124.47
v 390.82 0.05 109.62
v 392.22 0.05 110.14
v 422.61 0.05 27.66
v 424.01 0.05 28.20
v 426.27 0.05 17.77
v 427.67 0.05 18.29
v 436.22 0.05 -9.16
v 437.68 0.05 -8.82
v 436.68 0.05 -25.97
v 438.18 0.05 -26.01
v 435.62 0.05 -29.57
v 437.06 0.05 -29.99
f 11533 11534 11536
f 11533 11536 11535
f 11537 11538 11540
f 11537 11540 11539
o r1053480542_footway
v 329.49 0.05 309.58
v 330.03 0.05 308.18
v 327.40 0.05 308.76
v 327.94 0.05 307.36
v 321.77 0.05 306.56
v 322.31 0.05 305.16
o r1053480543_footway
v 316.45 0.05 321.24
v 315.99 0.05 322.68
v 322.06 0.05 323.02
v 321.60 0.05 324.44
v 329.48 0.05 325.44
v 329.02 0.05 326.86
v 330.10 0.05 325.64
v 329.64 0.05 327.06
f 11553 11554 11556
f 11553 11556 11555
o r1053480544_footway
v 314.47 0.05 400.09
v 313.33 0.05 399.13
v 306.76 0.05 409.22
v 305.60 0.05 408.28
v 305.52 0.05 411.12
v 304.12 0.05 410.56
v 304.84 0.05 413.52
v 303.48 0.05 414.14
v 311.37 0.05 423.57
v 310.15 0.05 424.45
v 312.25 0.05 423.83
v 311.65 0.05 425.21
v 313.73 0.05 424.50
v 313.11 0.05 425.86
f 11561 11562 11564
f 11561 11564 11563
f 11565 11566 11568
f 11565 11568 11567
o r1053480545_footway
v 224.12 0.05 371.36
v 222.78 0.05 370.68
v 220.37 0.05 378.66
v 218.99 0.05 378.06
v 216.02 0.05 389.87
v 214.62 0.05 389.33
v 201.44 0.05 426.90
v 200.04 0.05 426.36
f 11575 11576 11578
f 11575 11578 11577
o r1053480546_footway
v 183.57 0.05 422.20
v 184.97 0.05 422.74
v 205.90 0.05 364.26
v 207.30 0.05 364.80
o r1053480547_footway
v 50.15 0.05 371.09
v 49.61 0.05 372.49
v 111.62 0.05 394.31
v 111.08 0.05 395.71
o r1053480548_footway
v 32.43 0.05 366.31
v 32.95 0.05 364.91
v 15.27 0.05 359.90
v 15.83 0.05 358.52
v 10.81 0.05 357.51
v 11.69 0.05 356.29
v 6.23 0.05 353.45
v 7.13 0.05 352.25
v 3.18 0.05 351.84
v 3.74 0.05 350.44
v -0.01 0.05 350.96
v 0.19 0.05 349.48
v -5.39 0.05 350.76
v -5.29 0.05 349.26
v -9.88 0.05 350.35
v -9.44 0.05 348.91
v -28.18 0.05 343.73
v -27.66 0.05 342.31
f 11591 11592 11594
f 11591 11594 11593
f 11595 11596 11598
f 11595 11598 11597
f 11599 11600 11602
f 11599 11602 11601
o r1053480549_footway
v -5.23 0.05 283.05
v -6.63 0.05 282.53
v -27.22 0.05 343.28
v -28.62 0.05 342.76
o r1053480550_footway
v -4.33 0.05 282.59
v -4.87 0.05 283.99
v 56.11 0.05 305.48
v 55.57 0.05 306.88
o r1053480551_footway
v 56.54 0.05 306.45
v 55.14 0.05 305.91
v 34.37 0.05 363.35
v 32.97 0.05 362.81
v 33.39 0.05 365.88
v 31.99 0.05 365.34
o r1053480552_footway
v -33.01 0.05 356.01
v -33.61 0.05 357.39
v -11.39 0.05 365.28
v -12.09 0.05 366.62
v -3.95 0.05 371.12
v -4.45 0.05 372.54
v 8.36 0.05 372.39
v 8.00 0.05 373.85
v 27.77 0.05 379.06
v 27.29 0.05 380.48
f 11623 11624 11626
f 11623 11626 11625
o r1053480553_footway
v -61.61 0.05 432.07
v -63.01 0.05 431.55
v -83.24 0.05 489.76
v -84.64 0.05 489.24
o r1053480555_footway
v 176.96 0.05 441.36
v 178.12 0.05 440.42
v 173.98 0.05 437.64
v 174.76 0.05 436.36
v 155.87 0.05 428.76
v 156.43 0.05 427.38
v 121.74 0.05 416.26
v 122.26 0.05 414.86
f 11637 11638 11640
f 11637 11640 11639
o r1053699121_footway
v 254.19 0.05 289.55
v 252.79 0.05 289.03
v 250.86 0.05 297.89
v 250.14 0.05 296.57
v 243.68 0.05 295.23
v 244.24 0.05 293.83
v 235.88 0.05 291.93
v 237.28 0.05 291.39
v 239.31 0.05 283.95
v 240.67 0.05 284.57
f 11645 11646 11648
f 11645 11648 11647
o r1053699122_footway
v 182.78 0.05 262.38
v 181.42 0.05 261.74
v 178.76 0.05 270.50
v 178.28 0.05 269.08
v 169.95 0.05 266.69
v 170.57 0.05 265.33
v 160.57 0.05 262.27
v 161.87 0.05 261.53
v 163.59 0.05 255.01
v 164.95 0.05 255.65
v 167.32 0.05 247.56
v 167.74 0.05 249.00
v 176.03 0.05 251.34
v 175.41 0.05 252.70
f 11655 11656 11658
f 11655 11658 11657
f 11659 11660 11662
f 11659 11662 11661
o r1053699123_footway
v 107.56 0.05 226.59
v 108.08 0.05 225.19
v 101.33 0.05 224.31
v 101.85 0.05 222.91
v 98.46 0.05 223.29
v 98.96 0.05 221.87
o r1053699124_footway
v 108.51 0.05 226.19
v 107.13 0.05 225.59
v 105.49 0.05 233.16
v 104.11 0.05 232.58
v 102.51 0.05 239.72
v 102.09 0.05 238.28
v 93.26 0.05 236.78
v 93.78 0.05 235.38
v 83.02 0.05 232.59
v 84.24 0.05 231.71
v 85.08 0.05 225.19
v 86.50 0.05 225.65
f 11675 11676 11678
f 11675 11678 11677
f 11679 11680 11682
f 11679 11682 11681
o r1053699125_footway
v 214.44 0.05 345.43
v 213.04 0.05 344.91
v 213.08 0.05 349.10
v 211.68 0.05 348.58
o r1053699126_footway
v 212.64 0.05 348.14
v 212.12 0.05 349.54
v 221.71 0.05 351.47
v 221.19 0.05 352.87
v 230.27 0.05 354.81
v 228.91 0.05 355.45
v 227.36 0.05 363.32
v 225.96 0.05 362.78
v 223.75 0.05 371.71
v 223.15 0.05 370.33
v 215.27 0.05 368.67
v 215.81 0.05 367.27
v 205.94 0.05 364.88
v 207.26 0.05 364.18
v 208.79 0.05 356.38
v 210.19 0.05 356.90
v 211.68 0.05 348.58
v 213.08 0.05 349.10
f 11691 11692 11694
f 11691 11694 11693
f 11695 11696 11698
f 11695 11698 11697
f 11699 11700 11702
f 11699 11702 11701
o r1053699127_footway
v 154.06 0.05 325.75
v 154.12 0.05 327.25
v 164.69 0.05 325.39
v 164.75 0.05 326.89
o r1053699128_footway
v 154.80 0.05 326.75
v 153.38 0.05 326.25
v 154.21 0.05 328.17
v 152.73 0.05 328.41
v 155.48 0.05 330.38
v 153.98 0.05 330.40
v 154.24 0.05 335.77
v 152.84 0.05 335.23
v 150.57 0.05 343.21
v 149.41 0.05 342.25
v 147.88 0.05 342.71
v 148.42 0.05 341.31
v 146.70 0.05 342.26
v 147.24 0.05 340.86
v 142.31 0.05 340.57
v 142.89 0.05 339.19
v 132.17 0.05 336.12
v 132.77 0.05 334.74
f 11713 11714 11716
f 11713 11716 11715
f 11717 11718 11720
f 11717 11720 11719
f 11721 11722 11724
f 11721 11724 11723
o r1053699129_footway
v 131.79 0.05 335.11
v 133.15 0.05 335.75
v 134.89 0.05 328.44
v 136.29 0.05 329.00
v 138.05 0.05 320.23
v 138.53 0.05 321.65
v 148.21 0.05 323.89
v 147.71 0.05 325.31
v 154.31 0.05 325.78
v 153.87 0.05 327.22
f 11731 11732 11734
f 11731 11734 11733
o r1053699130_footway
v 107.31 0.05 407.45
v 106.65 0.05 408.79
v 115.37 0.05 411.47
v 114.71 0.05 412.81
v 122.33 0.05 414.89
v 121.67 0.05 416.23
o r1053793527_footway
v 85.10 0.05 225.13
v 86.48 0.05 225.71
v 88.23 0.05 217.99
v 89.03 0.05 219.27
v 93.85 0.05 219.86
v 93.31 0.05 221.26
v 98.98 0.05 221.88
v 98.44 0.05 223.28
f 11747 11748 11750
f 11747 11750 11749
o r1053793528_footway
v 87.93 0.05 218.35
v 89.33 0.05 218.91
v 96.95 0.05 195.78
v 98.35 0.05 196.34
v 99.27 0.05 189.94
v 100.67 0.05 190.50
v 111.81 0.05 158.28
v 113.21 0.05 158.84
f 11755 11756 11758
f 11755 11758 11757
o r1053793529_footway
v 8.71 0.05 187.79
v 8.31 0.05 189.23
v 13.86 0.05 189.21
v 13.36 0.05 190.63
v 19.64 0.05 191.63
v 19.04 0.05 193.01
v 28.58 0.05 195.53
v 27.98 0.05 196.91
f 11763 11764 11766
f 11763 11766 11765
o r1053793530_footway
v 28.97 0.05 196.51
v 27.59 0.05 195.93
v 26.26 0.05 202.91
v 24.88 0.05 202.33
v 23.11 0.05 210.25
v 21.73 0.05 209.65
o r1053793531_footway
v 22.14 0.05 210.64
v 22.70 0.05 209.26
v 13.71 0.05 207.20
v 14.27 0.05 205.82
v 7.86 0.05 204.85
v 8.42 0.05 203.45
v 2.73 0.05 202.77
v 3.29 0.05 201.37
f 11777 11778 11780
f 11777 11780 11779
o r1053793532_footway
v 2.32 0.05 201.79
v 3.70 0.05 202.35
v 5.15 0.05 194.79
v 6.55 0.05 195.35
v 7.81 0.05 188.23
v 9.21 0.05 188.79
o r1053793533_footway
v 32.82 0.05 126.62
v 32.24 0.05 128.00
v 37.25 0.05 128.44
v 36.67 0.05 129.82
v 42.86 0.05 130.75
v 42.28 0.05 132.13
v 51.27 0.05 134.26
v 50.69 0.05 135.64
f 11791 11792 11794
f 11791 11794 11793
o r1053793534_footway
v 50.26 0.05 134.73
v 51.70 0.05 135.17
v 51.65 0.05 130.28
v 53.09 0.05 130.72
v 52.77 0.05 126.70
v 54.21 0.05 127.14
v 54.27 0.05 121.93
v 55.71 0.05 122.37
f 11799 11800 11802
f 11799 11802 11801
o r1053793535_footway
v 54.73 0.05 122.85
v 55.25 0.05 121.45
v 46.94 0.05 119.95
v 47.46 0.05 118.55
o r1053793536_footway
v 31.84 0.05 127.02
v 33.22 0.05 127.60
v 33.32 0.05 123.42
v 34.70 0.05 124.00
o r1053793537_footway
v 36.66 0.05 115.31
v 38.06 0.05 115.85
v 40.60 0.05 105.20
v 42.00 0.05 105.74
v 45.78 0.05 91.44
v 47.18 0.05 91.96
v 59.75 0.05 54.03
v 61.15 0.05 54.55
f 11815 11816 11818
f 11815 11818 11817
o r1053793538_footway
v -0.41 0.05 30.96
v -1.81 0.05 30.42
v -23.61 0.05 92.07
v -25.01 0.05 91.53
o r1053793539_footway
v -12.55 0.05 11.59
v -13.09 0.05 12.99
v -6.06 0.05 14.06
v -6.60 0.05 15.46
v -3.41 0.05 15.06
v -3.95 0.05 16.46
v 3.90 0.05 17.84
v 3.36 0.05 19.24
f 11827 11828 11830
f 11827 11830 11829
o r1053793540_footway
v -76.41 0.05 -10.91
v -75.87 0.05 -12.31
v -83.64 0.05 -13.65
v -83.12 0.05 -15.05
v -86.04 0.05 -14.55
v -85.52 0.05 -15.95
v -93.09 0.05 -17.21
v -92.55 0.05 -18.61
f 11835 11836 11838
f 11835 11838 11837
o r1053793541_footway
v -126.22 0.05 66.92
v -126.70 0.05 68.34
v -118.63 0.05 69.54
v -119.11 0.05 70.96
v -116.16 0.05 70.39
v -116.66 0.05 71.81
v -108.53 0.05 73.03
v -109.03 0.05 74.45
f 11843 11844 11846
f 11843 11846 11845
o r1053793542_footway
v 94.20 0.05 -32.29
v 93.44 0.05 -33.59
v 92.54 0.05 -31.62
v 93.04 0.05 -33.04
v 31.81 0.05 -53.71
v 32.33 0.05 -55.11
o r1053793543_footway
v 31.37 0.05 -54.68
v 32.77 0.05 -54.14
v 54.93 0.05 -115.98
v 56.33 0.05 -115.44
o r1053793544_footway
v -19.45 0.05 260.90
v -20.03 0.05 262.28
v -18.28 0.05 261.38
v -18.84 0.05 262.78
v -14.41 0.05 262.90
v -14.97 0.05 264.30
v -8.39 0.05 265.30
v -8.95 0.05 266.70
v 0.30 0.05 268.77
v -0.26 0.05 270.17
f 11861 11862 11864
f 11861 11864 11863
o r1053793545_footway
v 0.74 0.05 269.69
v -0.70 0.05 269.25
v -1.42 0.05 276.63
v -2.86 0.05 276.19
o r1053793546_footway
v -14.25 0.05 280.50
v -13.69 0.05 279.10
v -20.27 0.05 278.09
v -19.71 0.05 276.69
v -23.49 0.05 276.81
v -22.93 0.05 275.41
o r1053793547_footway
v -24.58 0.05 274.98
v -23.18 0.05 275.54
v -22.08 0.05 268.66
v -20.68 0.05 269.22
v -19.25 0.05 261.79
v -17.87 0.05 262.37
o r1056909324_footway
v -194.05 0.05 297.04
v -193.51 0.05 295.64
v -203.93 0.05 293.26
v -203.39 0.05 291.86
v -204.54 0.05 293.01
v -204.00 0.05 291.61
v -212.34 0.05 289.80
v -210.98 0.05 289.18
v -209.58 0.05 281.83
v -208.18 0.05 282.35
f 11887 11888 11890
f 11887 11890 11889
o r1056909327_footway
v -98.30 0.05 231.66
v -98.82 0.05 233.06
v -87.21 0.05 235.77
v -87.73 0.05 237.17
v -86.30 0.05 236.10
v -86.82 0.05 237.50
v -79.67 0.05 238.83
v -81.07 0.05 239.37
v -82.35 0.05 246.34
v -83.75 0.05 245.80
v -85.32 0.05 253.63
v -86.02 0.05 252.31
v -92.02 0.05 251.34
v -91.48 0.05 249.94
v -93.13 0.05 250.91
v -92.59 0.05 249.51
v -104.24 0.05 246.53
v -103.06 0.05 245.61
v -101.93 0.05 239.24
v -100.53 0.05 239.76
v -99.26 0.05 232.10
v -97.86 0.05 232.62
f 11897 11898 11900
f 11897 11900 11899
f 11901 11902 11904
f 11901 11904 11903
f 11905 11906 11908
f 11905 11908 11907
f 11909 11910 11912
f 11909 11912 11911
o r1056909328_footway
v -106.87 0.05 313.04
v -108.27 0.05 312.52
v -109.54 0.05 320.15
v -110.94 0.05 319.63
v -112.55 0.05 327.89
v -113.19 0.05 326.53
v -120.36 0.05 325.17
v -119.82 0.05 323.77
v -121.22 0.05 324.83
v -120.68 0.05 323.43
v -131.43 0.05 320.82
v -130.89 0.05 319.42
f 11919 11920 11922
f 11919 11922 11921
f 11923 11924 11926
f 11923 11926 11925
o r1056909329_footway
v -129.37 0.05 312.73
v -127.95 0.05 313.23
v -126.20 0.05 304.69
v -125.82 0.05 306.15
v -115.20 0.05 308.92
v -115.76 0.05 310.32
v -114.35 0.05 309.27
v -114.91 0.05 310.67
v -107.29 0.05 312.08
v -107.85 0.05 313.48
f 11931 11932 11934
f 11931 11934 11933
o r1056909330_footway
v -141.86 0.05 400.36
v -140.44 0.05 400.86
v -139.42 0.05 393.36
v -138.00 0.05 393.86
v -136.96 0.05 386.94
v -135.60 0.05 386.30
v -143.17 0.05 385.29
v -142.73 0.05 383.85
v -146.31 0.05 384.30
v -145.91 0.05 382.86
v -154.88 0.05 382.12
v -154.50 0.05 380.66
f 11941 11942 11944
f 11941 11944 11943
f 11945 11946 11948
f 11945 11948 11947
o r1056909331_footway
v -47.08 0.05 334.90
v -47.60 0.05 336.30
v -42.73 0.05 336.54
v -43.25 0.05 337.94
v -36.52 0.05 338.87
v -37.04 0.05 340.27
o r1056928538_footway
v -296.99 0.05 88.76
v -296.43 0.05 87.36
v -300.86 0.05 87.22
v -300.30 0.05 85.82
v -304.67 0.05 85.72
v -304.13 0.05 84.32
o r1056928539_footway
v -321.97 0.05 155.58
v -320.53 0.05 156.04
v -319.52 0.05 147.79
v -318.08 0.05 148.25
o r1056928540_footway
v -335.11 0.05 158.66
v -333.69 0.05 159.16
v -332.68 0.05 151.68
v -331.26 0.05 152.18
o r1056928541_footway
v -319.08 0.05 148.72
v -318.52 0.05 147.32
v -323.67 0.05 146.89
v -323.11 0.05 145.51
v -328.72 0.05 144.42
v -329.56 0.05 143.18
v -331.26 0.05 152.18
v -332.68 0.05 151.68
f 11973 11974 11976
f 11973 11976 11975
o r1056928542_footway
v -260.70 0.05 178.78
v -259.26 0.05 179.20
v -257.96 0.05 170.87
v -257.62 0.05 172.33
v -246.32 0.05 175.16
v -246.84 0.05 176.56
v -238.14 0.05 178.41
v -239.48 0.05 179.09
v -240.82 0.05 186.21
v -242.22 0.05 185.67
v -243.53 0.05 192.45
v -244.03 0.05 191.03
v -252.06 0.05 190.31
v -251.60 0.05 188.89
v -262.99 0.05 186.12
v -261.81 0.05 185.20
v -260.69 0.05 178.73
v -259.27 0.05 179.25
f 11981 11982 11984
f 11981 11984 11983
f 11985 11986 11988
f 11985 11988 11987
f 11989 11990 11992
f 11989 11992 11991
o r1056928543_footway
v -70.01 0.05 157.78
v -70.53 0.05 159.18
v -58.99 0.05 161.77
v -59.51 0.05 163.19
v -58.19 0.05 162.07
v -58.71 0.05 163.47
v -51.56 0.05 164.48
v -52.08 0.05 165.88
f 11999 12000 12002
f 11999 12002 12001
o r1056933526_footway
v -353.42 0.05 -101.98
v -352.90 0.05 -103.40
v -358.65 0.05 -103.88
v -358.15 0.05 -105.30
v -362.48 0.05 -105.25
v -361.98 0.05 -106.67
v -371.64 0.05 -108.38
v -371.16 0.05 -109.80
f 12007 12008 12010
f 12007 12010 12009
o r1056933527_footway
v -267.42 0.05 14.55
v -266.02 0.05 15.11
v -265.40 0.05 9.55
v -264.00 0.05 10.11
o r1056933528_footway
v -312.67 0.05 -3.44
v -313.19 0.05 -2.04
v -309.64 0.05 -2.31
v -310.18 0.05 -0.91
v -302.09 0.05 0.60
v -302.63 0.05 2.00
v -279.93 0.05 9.19
v -280.47 0.05 10.59
v -277.27 0.05 10.13
v -277.77 0.05 11.55
f 12019 12020 12022
f 12019 12022 12021
o r1056933529_footway
v -265.40 0.05 9.55
v -264.00 0.05 10.11
v -264.25 0.05 6.70
v -262.85 0.05 7.26
v -262.28 0.05 1.79
v -260.88 0.05 2.35
o r1056933530_footway
v -261.82 0.05 2.78
v -261.34 0.05 1.36
v -268.02 0.05 0.71
v -267.54 0.05 -0.71
v -273.83 0.05 -1.39
v -274.33 0.05 -2.81
v -274.62 0.05 2.84
v -276.06 0.05 2.46
v -275.39 0.05 5.72
v -276.83 0.05 5.34
v -276.80 0.05 11.03
v -278.24 0.05 10.65
f 12035 12036 12038
f 12035 12038 12037
f 12039 12040 12042
f 12039 12042 12041
o r1056988540_footway
v -155.83 0.05 -41.16
v -155.41 0.05 -42.60
v -163.35 0.05 -43.32
v -162.93 0.05 -44.76
o r1056988543_footway
v -139.90 0.05 -105.97
v -140.34 0.05 -104.53
v -132.30 0.05 -103.50
v -131.86 0.05 -102.06
v -130.26 0.05 -108.75
v -128.88 0.05 -108.17
v -127.04 0.05 -116.23
v -125.68 0.05 -116.87
v -134.93 0.05 -118.62
v -134.47 0.05 -120.04
v -145.48 0.05 -122.00
v -145.84 0.05 -123.46
v -148.04 0.05 -115.60
v -149.44 0.05 -116.16
v -150.46 0.05 -109.65
v -151.62 0.05 -108.71
v -139.87 0.05 -105.96
v -140.37 0.05 -104.54
f 12051 12052 12054
f 12051 12054 12053
f 12055 12056 12058
f 12055 12058 12057
f 12059 12060 12062
f 12059 12062 12061
o r1057023222_footway
v -417.40 0.05 -225.25
v -416.86 0.05 -226.65
v -479.76 0.05 -249.16
v -479.22 0.05 -250.56
o r1057028370_footway
v -339.80 0.05 72.81
v -339.22 0.05 71.43
v -343.06 0.05 71.45
v -342.48 0.05 70.07
v -349.82 0.05 68.43
v -348.46 0.05 67.77
v -347.77 0.05 61.61
v -346.35 0.05 62.09
v -345.46 0.05 55.43
v -344.92 0.05 56.83
v -337.90 0.05 57.72
v -338.36 0.05 59.14
f 12073 12074 12076
f 12073 12076 12075
f 12077 12078 12080
f 12077 12080 12079
o r1057028371_footway
v -332.73 0.05 60.47
v -332.39 0.05 59.01
v -338.30 0.05 59.16
v -337.96 0.05 57.70
o r1057028372_footway
v -309.21 0.05 -1.33
v -310.61 0.05 -1.89
v -310.16 0.05 1.02
v -311.56 0.05 0.48
v -315.63 0.05 15.59
v -317.03 0.05 15.05
v -331.71 0.05 57.77
v -333.11 0.05 57.25
v -331.81 0.05 59.79
v -333.31 0.05 59.69
f 12089 12090 12092
f 12089 12092 12091
o r1057028373_footway
v -332.34 0.05 59.02
v -332.78 0.05 60.46
v -329.76 0.05 59.83
v -330.26 0.05 61.25
v -319.50 0.05 63.57
v -320.02 0.05 64.97
v -310.42 0.05 66.87
v -311.10 0.05 68.21
v -309.57 0.05 68.57
v -310.33 0.05 69.87
v -300.68 0.05 72.54
v -301.26 0.05 73.92
v -299.61 0.05 72.71
v -299.87 0.05 74.19
f 12099 12100 12102
f 12099 12102 12101
f 12103 12104 12106
f 12103 12106 12105
o r1061193724_primary
v 68.54 0.05 49.19
v 77.88 0.05 52.75
v 70.44 0.05 44.20
v 79.78 0.05 47.76
v 84.63 0.05 6.96
v 93.97 0.05 10.52
v 93.51 0.05 -16.33
v 102.85 0.05 -12.77
v 96.21 0.05 -23.41
v 105.55 0.05 -19.85
f 12113 12114 12116
f 12113 12116 12115
o r1065396726_footway
v -60.46 0.05 -344.83
v -61.00 0.05 -343.43
v -49.48 0.05 -340.52
v -50.04 0.05 -339.12
v -45.65 0.05 -338.99
v -46.21 0.05 -337.59
v -41.25 0.05 -337.25
v -41.81 0.05 -335.85
f 12123 12124 12126
f 12123 12126 12125
o r1065396727_footway
v -42.97 0.05 -395.99
v -41.91 0.05 -394.93
v -39.07 0.05 -399.92
v -38.01 0.05 -398.86
v -34.56 0.05 -404.46
v -33.64 0.05 -403.28
v -32.95 0.05 -404.10
v -33.67 0.05 -402.78
f 12131 12132 12134
f 12131 12134 12133
o r1065396728_footway
v -160.61 0.05 -282.40
v -161.17 0.05 -281.00
v -152.88 0.05 -279.34
v -153.44 0.05 -277.94
o r1069471810_footway
v -164.90 0.05 459.10
v -163.50 0.05 459.64
v -141.85 0.05 400.34
v -140.45 0.05 400.88
o r1069471811_footway
v -140.88 0.05 399.91
v -141.42 0.05 401.31
v -80.43 0.05 422.94
v -80.97 0.05 424.34
o r1069471812_footway
v -77.24 0.05 416.80
v -78.64 0.05 416.26
v -79.96 0.05 423.55
v -81.44 0.05 423.73
v -76.53 0.05 424.69
v -77.15 0.05 426.05
v -70.19 0.05 427.52
v -70.81 0.05 428.88
f 12151 12152 12154
f 12151 12154 12153
o r1069812369_footway
v 355.86 0.05 234.40
v 355.32 0.05 235.80
v 362.92 0.05 237.09
v 362.40 0.05 238.49
v 367.43 0.05 238.72
v 366.89 0.05 240.12
v 370.52 0.05 239.99
v 369.96 0.05 241.37
f 12159 12160 12162
f 12159 12162 12161
o r1069812371_footway
v 295.28 0.05 143.25
v 293.88 0.05 142.71
v 286.12 0.05 167.06
v 284.72 0.05 166.52
v 272.66 0.05 201.97
v 271.26 0.05 201.43
v 271.94 0.05 203.72
v 270.56 0.05 203.16
f 12167 12168 12170
f 12167 12170 12169
o r1069812372_footway
v 294.31 0.05 143.68
v 294.85 0.05 142.28
v 260.17 0.05 130.31
v 260.71 0.05 128.91
v 233.48 0.05 119.86
v 234.02 0.05 118.46
o r1069812373_footway
v 218.03 0.05 112.17
v 216.61 0.05 111.69
v 196.70 0.05 176.35
v 195.28 0.05 175.87
o r1069812374_footway
v 159.83 0.05 90.32
v 158.43 0.05 89.78
v 135.40 0.05 153.41
v 134.00 0.05 152.87
o r1069812375_footway
v 55.26 0.05 121.45
v 54.72 0.05 122.85
v 117.18 0.05 145.62
v 116.64 0.05 147.02
o r1069812376_footway
v 150.50 0.05 87.74
v 150.96 0.05 86.32
v 140.53 0.05 84.47
v 141.43 0.05 83.27
v 141.45 0.05 80.36
v 142.87 0.05 80.88
v 142.42 0.05 77.67
v 143.84 0.05 78.19
v 145.07 0.05 71.50
v 145.31 0.05 72.98
v 155.01 0.05 75.30
v 154.45 0.05 76.70
v 163.05 0.05 78.61
v 161.81 0.05 79.47
v 161.14 0.05 84.55
v 159.74 0.05 84.01
f 12193 12194 12196
f 12193 12196 12195
f 12197 12198 12200
f 12197 12200 12199
f 12201 12202 12204
f 12201 12204 12203
o r1069812377_footway
v 144.49 0.05 71.98
v 145.89 0.05 72.50
v 146.93 0.05 65.43
v 148.33 0.05 65.95
v 156.30 0.05 40.34
v 157.70 0.05 40.86
v 167.04 0.05 11.62
v 168.44 0.05 12.14
f 12209 12210 12212
f 12209 12212 12211
o r1069812378_footway
v 161.73 0.05 78.76
v 163.13 0.05 79.32
v 185.38 0.05 18.80
v 186.78 0.05 19.36
o r1069812379_footway
v 240.23 0.05 107.30
v 241.63 0.05 107.84
v 262.71 0.05 48.39
v 264.11 0.05 48.93
o r1069812380_footway
v 241.20 0.05 106.87
v 240.66 0.05 108.27
v 288.24 0.05 124.84
v 287.78 0.05 126.26
v 296.26 0.05 125.00
v 296.22 0.05 126.50
o r1069812381_footway
v 298.73 0.05 131.16
v 300.01 0.05 130.36
v 295.60 0.05 126.15
v 296.88 0.05 125.35
o r1069812382_footway
v 396.61 0.05 -87.13
v 396.07 0.05 -85.73
v 411.79 0.05 -81.23
v 411.25 0.05 -79.83
v 458.63 0.05 -62.40
v 459.41 0.05 -61.12
v 479.01 0.05 -121.94
v 480.43 0.05 -121.44
v 479.93 0.05 -122.67
v 480.71 0.05 -123.95
v 471.80 0.05 -125.66
v 472.32 0.05 -127.06
v 457.09 0.05 -131.11
v 457.61 0.05 -132.51
v 420.39 0.05 -144.64
v 420.91 0.05 -146.04
f 12235 12236 12238
f 12235 12238 12237
f 12239 12240 12242
f 12239 12242 12241
f 12243 12244 12246
f 12243 12246 12245
o r1069812383_footway
v 426.63 0.05 -160.50
v 426.11 0.05 -159.10
v 485.54 0.05 -138.26
v 485.02 0.05 -136.86
v 486.69 0.05 -137.75
v 486.81 0.05 -136.25
v 486.32 0.05 -137.97
v 487.72 0.05 -137.45
v 508.43 0.05 -196.53
v 509.83 0.05 -196.01
f 12251 12252 12254
f 12251 12254 12253
o r1069812392_footway
v 427.06 0.05 -159.51
v 425.68 0.05 -160.09
v 423.91 0.05 -151.92
v 422.53 0.05 -152.50
o r1069812393_footway
v 423.92 0.05 -151.95
v 422.52 0.05 -152.47
v 421.35 0.05 -145.08
v 419.95 0.05 -145.60
o r1069812394_footway
v 411.38 0.05 -164.24
v 411.92 0.05 -165.64
v 369.42 0.05 -180.42
v 369.96 0.05 -181.82
v 352.56 0.05 -186.88
v 353.10 0.05 -188.28
o r1069812395_footway
v 418.42 0.05 -144.37
v 419.00 0.05 -145.75
v 415.68 0.05 -145.50
v 416.24 0.05 -146.88
v 413.65 0.05 -146.33
v 414.21 0.05 -147.71
v 411.44 0.05 -147.22
v 412.00 0.05 -148.60
v 407.42 0.05 -148.87
v 407.98 0.05 -150.25
f 12275 12276 12278
f 12275 12278 12277
o r1069812397_footway
v 406.97 0.05 -149.75
v 408.43 0.05 -149.37
v 408.99 0.05 -157.41
v 410.45 0.05 -157.03
v 410.92 0.05 -165.12
v 412.38 0.05 -164.76
o r1069812398_footway
v 411.90 0.05 -165.65
v 411.40 0.05 -164.23
v 415.05 0.05 -164.55
v 414.55 0.05 -163.13
v 418.45 0.05 -163.37
v 417.95 0.05 -161.95
v 422.95 0.05 -161.81
v 422.45 0.05 -160.39
v 426.62 0.05 -160.51
v 426.12 0.05 -159.09
f 12291 12292 12294
f 12291 12294 12293
o r1069812401_footway
v 353.52 0.05 -187.28
v 352.14 0.05 -187.88
v 350.29 0.05 -179.97
v 348.89 0.05 -180.53
v 347.84 0.05 -173.19
v 346.42 0.05 -173.69
o r1069812402_footway
v 347.83 0.05 -173.18
v 346.43 0.05 -173.70
v 325.00 0.05 -113.03
v 323.64 0.05 -112.41
v 385.42 0.05 -91.21
v 384.90 0.05 -89.81
o r1069812403_footway
v 346.86 0.05 -172.74
v 347.40 0.05 -174.14
v 338.95 0.05 -175.80
v 339.49 0.05 -177.20
v 330.62 0.05 -178.99
v 331.16 0.05 -180.39
o r1069812405_footway
v 336.67 0.05 -194.54
v 336.17 0.05 -193.12
v 345.03 0.05 -191.59
v 344.49 0.05 -190.19
v 353.11 0.05 -188.27
v 352.55 0.05 -186.89
o r1069812408_footway
v 306.43 0.05 -119.99
v 307.83 0.05 -119.47
v 316.44 0.05 -146.54
v 317.84 0.05 -145.98
v 330.20 0.05 -179.98
v 331.58 0.05 -179.40
o r1069812409_footway
v 249.39 0.05 -141.78
v 247.97 0.05 -142.26
v 247.01 0.05 -134.80
v 245.59 0.05 -135.28
v 245.08 0.05 -129.14
v 243.66 0.05 -129.62
o r1069812410_footway
v 246.81 0.05 -142.45
v 247.35 0.05 -143.85
v 239.51 0.05 -145.21
v 240.05 0.05 -146.61
v 232.10 0.05 -148.01
v 232.64 0.05 -149.41
o r1069812411_footway
v 319.07 0.05 -100.69
v 318.53 0.05 -99.29
v 362.17 0.05 -83.93
v 361.63 0.05 -82.53
v 378.08 0.05 -77.12
v 376.58 0.05 -77.28
v 355.70 0.05 -17.98
v 354.70 0.05 -19.10
v 324.31 0.05 -29.40
v 324.91 0.05 -30.78
v 318.63 0.05 -33.47
v 319.55 0.05 -34.65
v 313.10 0.05 -38.13
v 314.16 0.05 -39.19
v 308.61 0.05 -43.49
v 309.81 0.05 -44.37
v 305.39 0.05 -48.63
v 306.69 0.05 -49.37
v 303.06 0.05 -53.10
v 304.46 0.05 -53.66
v 302.30 0.05 -56.42
v 303.76 0.05 -56.76
v 301.93 0.05 -58.34
v 303.39 0.05 -58.02
v 303.56 0.05 -62.59
v 304.96 0.05 -62.05
v 318.10 0.05 -100.26
v 319.50 0.05 -99.72
f 12343 12344 12346
f 12343 12346 12345
f 12347 12348 12350
f 12347 12350 12349
f 12351 12352 12354
f 12351 12354 12353
f 12355 12356 12358
f 12355 12358 12357
f 12359 12360 12362
f 12359 12362 12361
f 12363 12364 12366
f 12363 12366 12365
o r1069973670_footway
v 171.39 0.05 5.18
v 170.01 0.05 4.60
v 168.37 0.05 11.48
v 167.11 0.05 12.28
v 177.90 0.05 15.07
v 177.36 0.05 16.47
v 185.81 0.05 18.38
v 186.35 0.05 19.78
v 188.11 0.05 11.22
v 189.51 0.05 11.76
v 190.79 0.05 5.51
v 192.07 0.05 4.75
v 182.97 0.05 2.79
v 183.45 0.05 1.37
v 173.70 0.05 -0.11
v 173.38 0.05 -1.57
v 171.37 0.05 5.22
v 170.03 0.05 4.56
f 12371 12372 12374
f 12371 12374 12373
f 12375 12376 12378
f 12375 12378 12377
f 12379 12380 12382
f 12379 12382 12381
o r1069973671_footway
v 239.18 0.05 108.09
v 237.78 0.05 107.57
v 237.37 0.05 113.08
v 235.97 0.05 112.54
v 236.33 0.05 115.35
v 234.97 0.05 114.73
v 233.87 0.05 119.90
v 233.63 0.05 118.42
v 227.19 0.05 117.01
v 227.81 0.05 115.65
f 12389 12390 12392
f 12389 12392 12391
o r1069973672_footway
v 238.21 0.05 108.53
v 238.75 0.05 107.13
v 231.35 0.05 105.92
v 231.85 0.05 104.50
v 223.44 0.05 103.35
v 223.28 0.05 101.85
v 220.62 0.05 106.86
v 219.50 0.05 105.88
f 12399 12400 12402
f 12399 12402 12401
o r1069993559_footway
v 358.86 0.05 -254.31
v 358.32 0.05 -252.91
v 367.79 0.05 -250.90
v 367.25 0.05 -249.50
v 375.78 0.05 -247.83
v 375.24 0.05 -246.43
o r1069993561_footway
v 407.42 0.05 -148.86
v 407.98 0.05 -150.26
v 346.85 0.05 -172.74
v 347.41 0.05 -174.14
o r1069993562_footway
v 270.72 0.05 -202.58
v 272.14 0.05 -202.08
v 273.03 0.05 -209.12
v 274.45 0.05 -208.62
v 275.62 0.05 -216.37
v 277.04 0.05 -215.87
o r1069993563_footway
v 391.33 0.05 -71.27
v 391.85 0.05 -72.67
v 388.80 0.05 -72.21
v 389.32 0.05 -73.61
v 386.51 0.05 -73.05
v 387.03 0.05 -74.45
v 384.49 0.05 -73.82
v 385.01 0.05 -75.22
v 380.53 0.05 -75.24
v 381.03 0.05 -76.66
v 376.58 0.05 -77.24
v 378.08 0.05 -77.16
v 380.58 0.05 -84.22
v 381.88 0.05 -83.46
f 12423 12424 12426
f 12423 12426 12425
f 12427 12428 12430
f 12427 12430 12429
o r1080959403_footway
v 209.60 0.05 180.81
v 210.10 0.05 182.23
v 210.86 0.05 180.37
v 211.36 0.05 181.79
o r1086831466_footway
v -346.96 0.05 406.70
v -348.36 0.05 406.14
v -370.48 0.05 465.96
v -371.88 0.05 465.40
o r1086831469_footway
v -267.64 0.05 437.07
v -269.04 0.05 436.55
v -289.40 0.05 496.19
v -290.80 0.05 495.67
o r1086831470_footway
v -328.21 0.05 413.23
v -328.75 0.05 414.63
v -268.07 0.05 436.11
v -268.61 0.05 437.51
o r1086831471_footway
v -352.21 0.05 472.53
v -350.81 0.05 473.07
v -329.18 0.05 413.66
v -327.78 0.05 414.20
o r1086831481_footway
v 122.70 0.05 415.84
v 121.30 0.05 415.28
v 98.57 0.05 475.41
v 97.17 0.05 474.85
o r1086831482_footway
v 156.93 0.05 496.66
v 158.35 0.05 497.16
v 176.83 0.05 440.64
v 178.25 0.05 441.14
o r1086831486_footway
v 45.42 0.05 386.21
v 44.02 0.05 385.69
v 23.17 0.05 446.17
v 21.77 0.05 445.65
o r1086831487_footway
v 106.73 0.05 408.83
v 107.23 0.05 407.41
v 44.47 0.05 386.66
v 44.97 0.05 385.24
o r1086831488_footway
v 83.02 0.05 469.01
v 84.42 0.05 469.55
v 106.28 0.05 407.85
v 107.68 0.05 408.39
o r1086831489_footway
v -56.91 0.05 416.54
v -55.51 0.05 417.08
v -34.01 0.05 356.43
v -32.61 0.05 356.97
o r1086831490_footway
v 4.99 0.05 440.87
v 5.53 0.05 439.47
v -56.48 0.05 417.51
v -55.94 0.05 416.11
o r1086831491_footway
v 28.23 0.05 380.03
v 26.83 0.05 379.51
v 5.96 0.05 440.43
v 4.56 0.05 439.91
o r1086831492_footway
v -112.17 0.05 327.48
v -113.57 0.05 326.94
v -135.58 0.05 386.89
v -136.98 0.05 386.35
o r1086831493_footway
v -52.95 0.05 349.88
v -52.43 0.05 348.48
v -113.13 0.05 327.91
v -112.61 0.05 326.51
o r1086831494_footway
v -75.49 0.05 408.80
v -74.09 0.05 409.32
v -53.39 0.05 348.92
v -51.99 0.05 349.44
o r1086831495_footway
v -210.96 0.05 289.75
v -212.36 0.05 289.23
v -233.17 0.05 349.58
v -234.57 0.05 349.06
o r1086831496_footway
v -272.49 0.05 265.97
v -273.01 0.05 267.37
v -211.40 0.05 288.79
v -211.92 0.05 290.19
o r1086831497_footway
v -295.55 0.05 325.13
v -294.15 0.05 325.65
v -273.45 0.05 266.41
v -272.05 0.05 266.93
o r1086831498_footway
v -314.24 0.05 320.09
v -313.70 0.05 318.69
v -374.84 0.05 296.60
v -374.30 0.05 295.20
o r1086831499_footway
v -319.55 0.05 333.66
v -318.99 0.05 332.26
v -359.30 0.05 317.92
v -358.74 0.05 316.52
v -379.88 0.05 309.77
v -379.32 0.05 308.37
o r1086831500_footway
v -342.64 0.05 391.72
v -341.24 0.05 392.26
v -319.97 0.05 332.69
v -318.57 0.05 333.23
o r1086831501_footway
v -299.66 0.05 339.93
v -301.06 0.05 339.39
v -312.40 0.05 373.52
v -313.80 0.05 373.00
v -322.06 0.05 399.75
v -323.46 0.05 399.23
o r1086831502_footway
v -239.14 0.05 363.18
v -238.62 0.05 361.78
v -278.88 0.05 348.43
v -278.36 0.05 347.03
v -290.94 0.05 343.95
v -290.42 0.05 342.55
v -300.62 0.05 340.36
v -300.10 0.05 338.96
f 12533 12534 12536
f 12533 12536 12535
o r1086831503_footway
v -263.73 0.05 421.72
v -262.35 0.05 422.28
v -239.57 0.05 362.20
v -238.19 0.05 362.76
o r1086831505_footway
v -80.00 0.05 423.91
v -81.40 0.05 423.37
v -102.65 0.05 482.57
v -104.05 0.05 482.03
o r1088720968_primary
v -72.26 0.05 418.64
v -62.92 0.05 422.22
v -69.50 0.05 411.43
v -60.16 0.05 414.99
v -46.69 0.05 351.54
v -37.35 0.05 355.10
v -44.11 0.05 344.79
v -34.77 0.05 348.37
f 12549 12550 12552
f 12549 12552 12551
o r1092208838_primary
v 407.44 0.05 108.64
v 398.10 0.05 105.06
v 402.54 0.05 121.39
v 393.20 0.05 117.81
v 399.73 0.05 128.72
v 390.39 0.05 125.14
o r1092208839_primary
v 426.43 0.05 58.91
v 417.09 0.05 55.35
v 416.51 0.05 84.99
v 407.17 0.05 81.43
v 407.44 0.05 108.64
v 398.10 0.05 105.06
o r1092208840_cycleway
v 260.93 0.05 517.27
v 262.33 0.05 517.79
v 282.40 0.05 458.90
v 283.80 0.05 459.42
v 283.72 0.05 455.02
v 285.14 0.05 455.52
v 286.03 0.05 448.62
v 287.43 0.05 449.16
v 296.51 0.05 421.20
v 297.91 0.05 421.74
v 307.13 0.05 393.06
v 308.53 0.05 393.58
v 311.23 0.05 382.03
v 312.63 0.05 382.57
v 332.57 0.05 327.48
v 333.97 0.05 328.02
v 335.55 0.05 319.59
v 336.95 0.05 320.13
v 338.41 0.05 312.06
v 339.81 0.05 312.60
v 339.43 0.05 309.36
v 340.83 0.05 309.90
v 341.58 0.05 303.93
v 342.98 0.05 304.47
v 357.92 0.05 261.13
v 359.32 0.05 261.67
v 360.58 0.05 254.43
v 361.98 0.05 254.97
v 363.45 0.05 246.95
v 364.85 0.05 247.49
v 366.46 0.05 239.15
v 367.86 0.05 239.69
v 367.10 0.05 237.44
v 368.50 0.05 237.98
v 399.40 0.05 152.74
v 400.80 0.05 153.28
v 400.99 0.05 148.49
v 402.39 0.05 149.03
v 425.24 0.05 84.67
v 426.64 0.05 85.21
v 441.02 0.05 44.22
v 442.42 0.05 44.76
v 455.82 0.05 4.45
v 457.22 0.05 4.97
v 475.48 0.05 -47.44
v 476.88 0.05 -46.90
v 478.97 0.05 -56.53
v 480.37 0.05 -55.99
v 500.85 0.05 -114.57
v 502.25 0.05 -114.03
v 503.70 0.05 -121.90
v 505.10 0.05 -121.36
v 506.83 0.05 -129.92
v 508.23 0.05 -129.38
v 507.40 0.05 -131.53
v 508.80 0.05 -130.99
v 528.07 0.05 -184.79
v 529.47 0.05 -184.25
v 529.09 0.05 -187.38
v 530.49 0.05 -186.84
v 532.20 0.05 -195.56
v 533.60 0.05 -195.02
v 535.00 0.05 -202.89
v 536.40 0.05 -202.35
v 535.88 0.05 -205.19
v 537.28 0.05 -204.65
v 557.83 0.05 -262.11
v 559.23 0.05 -261.57
v 561.71 0.05 -273.51
v 563.13 0.05 -273.05
v 563.55 0.05 -280.04
v 565.01 0.05 -279.72
v 564.81 0.05 -287.99
v 566.29 0.05 -287.77
v 565.26 0.05 -291.20
v 566.74 0.05 -291.00
v 569.05 0.05 -320.41
v 570.53 0.05 -320.23
v 570.80 0.05 -335.98
v 572.30 0.05 -335.84
v 572.25 0.05 -353.10
v 573.75 0.05 -352.98
v 572.67 0.05 -359.00
v 574.17 0.05 -358.96
v 572.63 0.05 -366.44
v 574.13 0.05 -366.46
v 572.52 0.05 -372.54
v 574.02 0.05 -372.58
v 572.22 0.05 -379.34
v 573.72 0.05 -379.38
v 570.88 0.05 -428.49
v 572.38 0.05 -428.53
v 570.36 0.05 -441.38
v 571.86 0.05 -441.44
v 570.05 0.05 -451.99
v 571.55 0.05 -452.03
v 570.01 0.05 -454.19
v 571.51 0.05 -454.21
f 12569 12570 12572
f 12569 12572 12571
f 12573 12574 12576
f 12573 12576 12575
f 12577 12578 12580
f 12577 12580 12579
f 12581 12582 12584
f 12581 12584 12583
f 12585 12586 12588
f 12585 12588 12587
f 12589 12590 12592
f 12589 12592 12591
f 12593 12594 12596
f 12593 12596 12595
f 12597 12598 12600
f 12597 12600 12599
f 12601 12602 12604
f 12601 12604 12603
f 12605 12606 12608
f 12605 12608 12607
f 12609 12610 12612
f 12609 12612 12611
f 12613 12614 12616
f 12613 12616 12615
f 12617 12618 12620
f 12617 12620 12619
f 12621 12622 12624
f 12621 12624 12623
f 12625 12626 12628
f 12625 12628 12627
f 12629 12630 12632
f 12629 12632 12631
f 12633 12634 12636
f 12633 12636 12635
f 12637 12638 12640
f 12637 12640 12639
f 12641 12642 12644
f 12641 12644 12643
f 12645 12646 12648
f 12645 12648 12647
f 12649 12650 12652
f 12649 12652 12651
f 12653 12654 12656
f 12653 12656 12655
f 12657 12658 12660
f 12657 12660 12659
o r1100959495_footway
v -249.27 0.05 444.72
v -248.77 0.05 443.30
v -255.23 0.05 442.63
v -254.73 0.05 441.21
v -259.29 0.05 441.20
v -258.75 0.05 439.80
v -268.95 0.05 437.25
v -267.73 0.05 436.37
v -266.82 0.05 430.37
v -265.40 0.05 430.87
v -263.75 0.05 421.75
v -262.33 0.05 422.25
f 12667 12668 12670
f 12667 12670 12669
f 12671 12672 12674
f 12671 12674 12673
o r1100959496_footway
v -329.18 0.05 413.65
v -327.78 0.05 414.21
v -326.84 0.05 407.72
v -325.44 0.05 408.28
v -323.46 0.05 399.77
v -322.06 0.05 399.21
v -331.06 0.05 397.05
v -330.52 0.05 395.65
v -341.72 0.05 392.71
v -342.16 0.05 391.27
v -344.71 0.05 401.02
v -346.11 0.05 400.46
v -347.10 0.05 405.92
v -348.22 0.05 406.92
v -336.12 0.05 410.13
v -336.66 0.05 411.53
v -328.21 0.05 413.23
v -328.75 0.05 414.63
f 12679 12680 12682
f 12679 12682 12681
f 12683 12684 12686
f 12683 12686 12685
f 12687 12688 12690
f 12687 12690 12689
o r1100959497_footway
v -319.00 0.05 332.26
v -319.54 0.05 333.66
v -308.00 0.05 336.50
v -308.50 0.05 337.92
v -300.61 0.05 338.95
v -300.11 0.05 340.37
v -298.76 0.05 333.28
v -297.36 0.05 333.82
v -295.55 0.05 325.12
v -294.15 0.05 325.66
f 12697 12698 12700
f 12697 12700 12699
o r1100959498_footway
v -319.97 0.05 332.69
v -318.57 0.05 333.23
v -317.45 0.05 326.28
v -316.05 0.05 326.82
v -314.67 0.05 319.12
v -313.27 0.05 319.66
o r1100959500_footway
v -313.75 0.05 318.67
v -314.19 0.05 320.11
v -302.59 0.05 322.15
v -303.03 0.05 323.59
v -294.62 0.05 324.67
v -295.08 0.05 326.11
o r1100959501_footway
v -273.07 0.05 267.35
v -272.43 0.05 265.99
v -280.30 0.05 263.94
v -279.66 0.05 262.58
o r1100959502_footway
v -273.43 0.05 266.36
v -272.07 0.05 266.98
v -270.07 0.05 258.99
v -268.69 0.05 259.59
v -267.22 0.05 252.84
v -265.94 0.05 252.06
v -275.22 0.05 250.62
v -274.78 0.05 249.18
f 12723 12724 12726
f 12723 12726 12725
o r1106535824_primary
v 214.98 0.05 15.99
v 211.46 0.05 25.35
v 245.58 0.05 27.53
v 242.06 0.05 36.89
v 250.72 0.05 29.43
v 247.20 0.05 38.79
v 258.91 0.05 32.56
v 255.35 0.05 41.90
f 12731 12732 12734
f 12731 12734 12733
o r1106535825_secondary
v 184.33 0.05 9.90
v 176.91 0.05 6.90
v 181.37 0.05 17.20
v 173.89 0.05 14.34
v 170.63 0.05 45.77
v 163.15 0.05 42.93
v 158.47 0.05 77.41
v 150.99 0.05 74.59
v 156.62 0.05 82.88
v 149.08 0.05 80.22
v 155.57 0.05 85.61
v 148.11 0.05 82.73
v 154.46 0.05 88.46
v 147.00 0.05 85.60
v 130.35 0.05 151.39
v 122.87 0.05 148.53
v 128.77 0.05 155.58
v 121.29 0.05 152.74
v 127.27 0.05 159.49
v 119.79 0.05 156.63
v 125.70 0.05 163.58
v 118.24 0.05 160.72
v 113.44 0.05 195.49
v 105.98 0.05 192.63
v 111.18 0.05 201.38
v 103.72 0.05 198.50
v 102.44 0.05 224.02
v 94.98 0.05 221.14
v 99.84 0.05 230.79
v 92.38 0.05 227.91
v 97.26 0.05 237.50
v 89.78 0.05 234.66
v 74.60 0.05 297.48
v 67.12 0.05 294.64
v 71.74 0.05 304.68
v 64.30 0.05 301.72
v 68.93 0.05 311.70
v 61.49 0.05 308.78
v 46.31 0.05 369.38
v 38.89 0.05 366.38
v 41.95 0.05 378.24
v 34.77 0.05 374.70
f 12739 12740 12742
f 12739 12742 12741
f 12743 12744 12746
f 12743 12746 12745
f 12747 12748 12750
f 12747 12750 12749
f 12751 12752 12754
f 12751 12754 12753
f 12755 12756 12758
f 12755 12758 12757
f 12759 12760 12762
f 12759 12762 12761
f 12763 12764 12766
f 12763 12766 12765
f 12767 12768 12770
f 12767 12770 12769
f 12771 12772 12774
f 12771 12774 12773
o r1108427771_service
v 253.49 0.05 157.27
v 254.87 0.05 153.51
v 249.23 0.05 153.97
v 253.17 0.05 154.61
v 254.93 0.05 138.62
v 258.67 0.05 140.02
v 258.57 0.05 128.91
v 262.31 0.05 130.31
v 260.24 0.05 124.46
v 263.98 0.05 125.86
v 260.94 0.05 122.59
v 264.68 0.05 123.99
f 12781 12782 12784
f 12781 12784 12783
f 12785 12786 12788
f 12785 12788 12787
o r1116538711_footway
v 116.39 0.05 -92.29
v 117.77 0.05 -91.71
v 119.22 0.05 -99.09
v 120.60 0.05 -98.51
v 122.42 0.05 -106.60
v 123.42 0.05 -105.48
v 126.63 0.05 -105.32
v 126.07 0.05 -103.94
v 131.97 0.05 -103.13
v 131.41 0.05 -101.75
v 141.77 0.05 -98.97
v 140.49 0.05 -98.17
v 139.01 0.05 -91.51
v 137.63 0.05 -92.09
v 135.50 0.05 -83.81
v 135.08 0.05 -85.25
v 126.00 0.05 -87.54
v 126.56 0.05 -88.92
v 120.64 0.05 -89.74
v 121.20 0.05 -91.12
v 116.80 0.05 -91.31
v 117.36 0.05 -92.69
f 12793 12794 12796
f 12793 12796 12795
f 12797 12798 12800
f 12797 12800 12799
f 12801 12802 12804
f 12801 12804 12803
f 12805 12806 12808
f 12805 12808 12807
o r1116538712_footway
v -163.41 0.05 -43.34
v -162.87 0.05 -44.74
v -172.47 0.05 -46.99
v -172.61 0.05 -48.49
v -173.53 0.05 -42.77
v -174.93 0.05 -43.29
v -174.74 0.05 -39.66
v -176.16 0.05 -40.14
v -176.24 0.05 -35.90
v -177.32 0.05 -34.86
v -167.63 0.05 -32.65
v -168.17 0.05 -31.25
v -160.37 0.05 -29.84
v -160.91 0.05 -28.44
f 12815 12816 12818
f 12815 12818 12817
f 12819 12820 12822
f 12819 12822 12821
o r1116538713_footway
v -239.67 0.05 -73.17
v -239.17 0.05 -74.59
v -245.01 0.05 -75.23
v -245.51 0.05 -76.65
v -246.44 0.05 -70.87
v -247.84 0.05 -71.41
v -247.82 0.05 -67.35
v -249.22 0.05 -67.89
v -249.33 0.05 -64.44
v -250.55 0.05 -63.56
v -243.76 0.05 -62.15
v -244.36 0.05 -60.77
v -238.91 0.05 -59.91
v -238.53 0.05 -58.45
v -237.88 0.05 -63.53
v -236.48 0.05 -63.01
v -236.57 0.05 -67.00
v -235.17 0.05 -66.46
v -234.57 0.05 -71.62
v -233.23 0.05 -72.28
v -239.67 0.05 -73.17
v -239.17 0.05 -74.59
f 12829 12830 12832
f 12829 12832 12831
f 12833 12834 12836
f 12833 12836 12835
f 12837 12838 12840
f 12837 12840 12839
f 12841 12842 12844
f 12841 12844 12843
o r1116538714_footway
v -137.68 0.05 148.47
v -136.26 0.05 148.99
v -135.34 0.05 142.03
v -133.92 0.05 142.53
v -132.66 0.05 135.45
v -131.40 0.05 134.65
v -142.02 0.05 131.83
v -141.46 0.05 130.43
v -142.39 0.05 131.69
v -141.83 0.05 130.29
v -149.37 0.05 128.63
v -149.97 0.05 127.25
v -151.96 0.05 135.79
v -153.36 0.05 135.23
v -154.63 0.05 141.82
v -155.95 0.05 142.52
v -147.53 0.05 144.15
v -148.03 0.05 145.57
v -147.02 0.05 144.33
v -147.52 0.05 145.75
v -136.72 0.05 148.02
v -137.22 0.05 149.44
f 12851 12852 12854
f 12851 12854 12853
f 12855 12856 12858
f 12855 12858 12857
f 12859 12860 12862
f 12859 12862 12861
f 12863 12864 12866
f 12863 12866 12865
o r1116538715_footway
v -209.58 0.05 281.83
v -208.18 0.05 282.35
v -206.55 0.05 274.41
v -205.95 0.05 275.79
v -198.62 0.05 277.04
v -199.14 0.05 278.46
v -197.97 0.05 277.29
v -198.49 0.05 278.71
v -188.30 0.05 280.98
v -189.60 0.05 281.72
v -191.11 0.05 289.41
v -192.51 0.05 288.89
f 12873 12874 12876
f 12873 12876 12875
f 12877 12878 12880
f 12877 12880 12879
o r1116538716_footway
v -158.96 0.05 208.91
v -160.36 0.05 208.37
v -161.65 0.05 216.02
v -163.05 0.05 215.48
v -164.94 0.05 223.70
v -165.26 0.05 222.24
v -175.94 0.05 219.32
v -175.36 0.05 217.94
v -176.58 0.05 219.05
v -176.00 0.05 217.67
v -183.68 0.05 215.90
v -182.30 0.05 215.30
v -181.03 0.05 208.87
v -179.65 0.05 209.43
v -177.65 0.05 201.10
v -176.97 0.05 202.44
v -170.61 0.05 203.58
v -171.15 0.05 204.98
v -169.89 0.05 203.85
v -170.43 0.05 205.25
v -159.39 0.05 207.94
v -159.93 0.05 209.34
f 12885 12886 12888
f 12885 12888 12887
f 12889 12890 12892
f 12889 12892 12891
f 12893 12894 12896
f 12893 12896 12895
f 12897 12898 12900
f 12897 12900 12899
o r1125203978_unclassified
v -197.46 0.05 -341.34
v -202.46 0.05 -341.24
v -197.11 0.05 -322.01
v -202.11 0.05 -321.91
v -196.98 0.05 -315.59
v -201.98 0.05 -315.49
v -196.94 0.05 -313.46
v -201.94 0.05 -313.68
v -197.30 0.05 -308.02
v -202.28 0.05 -308.46
v -197.79 0.05 -303.78
v -202.75 0.05 -304.36
f 12907 12908 12910
f 12907 12910 12909
f 12911 12912 12914
f 12911 12914 12913
o r1126002118_footway
v 342.40 0.05 314.22
v 342.88 0.05 312.80
v 338.86 0.05 313.04
v 339.36 0.05 311.62
v 336.89 0.05 312.29
v 337.43 0.05 310.89
o r1126002119_footway
v 336.92 0.05 312.30
v 337.40 0.05 310.88
v 335.32 0.05 311.75
v 335.80 0.05 310.33
o r1126002120_footway
v 335.31 0.05 311.75
v 335.81 0.05 310.33
v 334.70 0.05 311.53
v 335.20 0.05 310.11
v 331.82 0.05 310.49
v 332.32 0.05 309.07
o r1126002121_footway
v 331.80 0.05 310.48
v 332.34 0.05 309.08
v 329.49 0.05 309.58
v 330.03 0.05 308.18
o r1127430483_secondary
v -329.86 0.05 -189.05
v -332.72 0.05 -181.57
v -326.57 0.05 -187.79
v -329.41 0.05 -180.31
v -321.82 0.05 -186.00
v -324.64 0.05 -178.52
v -304.45 0.05 -179.44
v -307.27 0.05 -171.96
v -259.80 0.05 -162.62
v -262.62 0.05 -155.14
v -254.46 0.05 -160.61
v -257.28 0.05 -153.13
v -248.80 0.05 -158.47
v -251.62 0.05 -150.99
v -217.74 0.05 -146.77
v -220.56 0.05 -139.29
v -212.83 0.05 -144.93
v -215.69 0.05 -137.45
v -205.69 0.05 -142.17
v -208.57 0.05 -134.71
v -167.47 0.05 -127.40
v -170.35 0.05 -119.94
f 12939 12940 12942
f 12939 12942 12941
f 12943 12944 12946
f 12943 12946 12945
f 12947 12948 12950
f 12947 12950 12949
f 12951 12952 12954
f 12951 12954 12953
o r1127430484_tertiary
v -334.57 0.05 -186.54
v -328.01 0.05 -184.08
v -331.94 0.05 -193.52
v -325.42 0.05 -190.98
v -326.34 0.05 -207.74
v -319.80 0.05 -205.24
v -320.10 0.05 -224.38
v -313.54 0.05 -221.92
v -309.27 0.05 -253.06
v -302.71 0.05 -250.60
v -308.89 0.05 -254.21
v -302.33 0.05 -251.77
v -306.47 0.05 -260.60
v -299.93 0.05 -258.12
f 12961 12962 12964
f 12961 12964 12963
f 12965 12966 12968
f 12965 12968 12967
o r1127430485_tertiary
v -346.30 0.05 -157.00
v -339.78 0.05 -154.44
v -337.48 0.05 -179.44
v -330.98 0.05 -176.86
v -334.53 0.05 -186.64
v -328.05 0.05 -183.98
o r1146980342_tertiary
v 14.75 0.05 -287.78
v 21.27 0.05 -285.22
v 18.81 0.05 -298.10
v 25.35 0.05 -295.58
v 21.29 0.05 -304.73
v 27.85 0.05 -302.29
o r1158616706_footway
v 32.76 0.05 -54.12
v 31.38 0.05 -54.70
v 30.26 0.05 -48.17
v 28.88 0.05 -48.75
v 28.00 0.05 -42.80
v 26.62 0.05 -43.38
o r1168544911_secondary
v 330.39 0.05 -164.52
v 337.87 0.05 -161.68
v 335.47 0.05 -177.90
v 342.97 0.05 -175.10
v 337.89 0.05 -184.52
v 345.41 0.05 -181.78
o r1168885412_tertiary
v 439.39 0.05 -226.78
v 441.85 0.05 -233.34
v 435.08 0.05 -228.40
v 437.56 0.05 -234.94
v 413.36 0.05 -236.65
v 415.84 0.05 -243.19
v 393.17 0.05 -244.27
v 395.65 0.05 -250.81
v 376.56 0.05 -250.61
v 379.02 0.05 -257.15
v 368.77 0.05 -253.46
v 371.19 0.05 -260.04
f 12999 13000 13002
f 12999 13002 13001
f 13003 13004 13006
f 13003 13006 13005
o r1168885413_unclassified
v 442.95 0.05 -229.14
v 438.29 0.05 -230.98
v 440.01 0.05 -221.70
v 435.35 0.05 -223.52
v 417.14 0.05 -162.95
v 412.46 0.05 -164.73
v 414.84 0.05 -155.36
v 410.06 0.05 -156.82
f 13011 13012 13014
f 13011 13014 13013
o r1168885843_service
v 318.22 0.05 5.79
v 314.48 0.05 4.37
v 309.74 0.05 27.99
v 306.00 0.05 26.57
o r1168885844_service
v 293.34 0.05 -6.13
v 289.56 0.05 -7.43
v 288.71 0.05 7.33
v 284.93 0.05 6.03
v 284.14 0.05 20.59
v 280.36 0.05 19.29
o r1168885845_service
v 287.53 0.05 4.81
v 286.11 0.05 8.55
v 303.75 0.05 10.93
v 302.33 0.05 14.67
o r1168885846_service
v 267.37 0.05 11.60
v 265.83 0.05 15.30
v 274.59 0.05 14.60
v 273.05 0.05 18.30
v 283.02 0.05 18.09
v 281.48 0.05 21.79
o r1168885847_service
v 290.77 0.05 -4.90
v 292.13 0.05 -8.66
v 283.06 0.05 -7.67
v 284.42 0.05 -11.43
v 276.66 0.05 -9.98
v 278.02 0.05 -13.74
o r1168886246_tertiary
v 297.74 0.05 386.06
v 295.50 0.05 392.70
v 305.00 0.05 388.50
v 302.76 0.05 395.14
o r1168886247_tertiary
v 219.65 0.05 356.70
v 217.21 0.05 363.26
v 227.91 0.05 359.78
v 225.41 0.05 366.32
v 256.88 0.05 370.87
v 254.38 0.05 377.41
o r1168888650_primary
v 182.39 0.05 3.72
v 178.85 0.05 13.08
v 190.57 0.05 6.81
v 187.05 0.05 16.17
v 214.98 0.05 15.99
v 211.46 0.05 25.35
o r1168889776_service
v 359.44 0.05 123.36
v 363.16 0.05 124.84
v 377.04 0.05 79.18
v 380.76 0.05 80.66
o r1168904261_tertiary
v -127.68 0.05 83.52
v -121.14 0.05 86.02
v -122.13 0.05 68.98
v -115.61 0.05 71.52
v -120.23 0.05 64.33
v -113.75 0.05 66.97
o r1168916056_service
v -366.84 0.05 -283.51
v -363.08 0.05 -282.13
v -354.23 0.05 -317.70
v -350.47 0.05 -316.32
o r1197764520_secondary
v -267.55 0.05 434.35
v -264.67 0.05 426.89
v -303.60 0.05 420.46
v -300.78 0.05 412.98
v -318.58 0.05 415.13
v -315.84 0.05 407.61
v -327.55 0.05 411.74
v -324.73 0.05 404.26
v -335.57 0.05 408.73
v -332.75 0.05 401.25
f 13075 13076 13078
f 13075 13078 13077
o r1201781891_pedestrian
v -349.76 0.05 231.14
v -348.34 0.05 227.40
v -355.08 0.05 229.13
v -353.66 0.05 225.39
o r1204360292_unclassified
v -226.10 0.05 -229.97
v -230.72 0.05 -231.89
v -229.27 0.05 -222.38
v -233.89 0.05 -224.32
v -237.88 0.05 -201.92
v -242.62 0.05 -203.50
v -240.11 0.05 -189.86
v -244.85 0.05 -191.44
v -250.63 0.05 -163.48
v -255.27 0.05 -165.32
v -251.39 0.05 -161.51
v -256.05 0.05 -163.31
v -253.54 0.05 -155.97
v -258.20 0.05 -157.77
f 13089 13090 13092
f 13089 13092 13091
f 13093 13094 13096
f 13093 13096 13095
o r1205678128_steps
v -130.51 0.05 44.81
v -129.89 0.05 46.17
v -124.13 0.05 41.92
v -123.51 0.05 43.28
o r1205678129_steps
v -133.32 0.05 32.43
v -132.72 0.05 33.81
v -129.13 0.05 30.59
v -128.53 0.05 31.97
o r1212671774_footway
v 237.28 0.05 291.92
v 235.88 0.05 291.40
v 225.18 0.05 323.97
v 223.82 0.05 323.35
v 221.62 0.05 326.13
v 220.28 0.05 325.45
v 214.44 0.05 345.43
v 213.04 0.05 344.91
f 13111 13112 13114
f 13111 13114 13113
o r1212671775_footway
v 178.69 0.05 269.06
v 178.35 0.05 270.52
v 180.25 0.05 269.44
v 179.73 0.05 270.84
v 236.85 0.05 290.96
v 236.31 0.05 292.36
o r1212671782_footway
v -400.75 0.05 203.44
v -400.19 0.05 202.04
v -409.11 0.05 200.07
v -408.55 0.05 198.67
v -454.25 0.05 181.89
v -453.69 0.05 180.49
v -460.72 0.05 179.28
v -460.16 0.05 177.88
f 13125 13126 13128
f 13125 13128 13127
o r1212671783_footway
v -436.95 0.05 118.80
v -437.47 0.05 120.20
v -414.53 0.05 127.24
v -415.07 0.05 128.64
v -376.71 0.05 142.04
v -377.25 0.05 143.44
o r1212671785_footway
v -189.64 0.05 281.07
v -188.26 0.05 281.63
v -165.79 0.05 222.69
v -164.41 0.05 223.25
o r1212671786_footway
v -126.28 0.05 306.12
v -125.74 0.05 304.72
v -189.22 0.05 282.05
v -188.68 0.05 280.65
o r1212671787_footway
v -102.95 0.05 246.33
v -104.35 0.05 245.81
v -125.31 0.05 305.68
v -126.71 0.05 305.16
o r1212671788_footway
v -107.30 0.05 312.08
v -107.84 0.05 313.48
v -47.07 0.05 334.90
v -47.61 0.05 336.30
o r1212671789_footway
v -84.97 0.05 253.23
v -86.37 0.05 252.71
v -106.87 0.05 313.04
v -108.27 0.05 312.52
o r1212671790_footway
v -23.27 0.05 276.30
v -22.73 0.05 274.90
v -24.13 0.05 275.97
v -23.63 0.05 274.55
v -85.92 0.05 253.68
v -85.42 0.05 252.26
o r1212671791_footway
v 73.16 0.05 313.65
v 71.76 0.05 313.11
v 50.58 0.05 372.06
v 49.18 0.05 371.52
o r1212671792_footway
v 132.21 0.05 336.13
v 132.73 0.05 334.73
v 72.20 0.05 314.08
v 72.72 0.05 312.68
o r1212671793_footway
v 110.64 0.05 394.76
v 112.06 0.05 395.26
v 131.76 0.05 335.18
v 133.18 0.05 335.68
o r1212671794_footway
v 128.02 0.05 401.10
v 127.50 0.05 402.50
v 184.53 0.05 421.77
v 184.01 0.05 423.17
o r1212671795_footway
v 150.69 0.05 342.99
v 149.29 0.05 342.47
v 128.46 0.05 402.06
v 127.06 0.05 401.54
o r1212671796_footway
v 206.33 0.05 365.23
v 206.87 0.05 363.83
v 149.72 0.05 343.43
v 150.26 0.05 342.03
o r1212671797_footway
v 283.29 0.05 394.86
v 283.81 0.05 393.46
v 229.42 0.05 374.77
v 229.96 0.05 373.37
v 223.12 0.05 371.69
v 223.78 0.05 370.35
o r1212671798_footway
v 260.90 0.05 450.51
v 262.30 0.05 451.05
v 282.85 0.05 393.89
v 284.25 0.05 394.43
o r1212671799_footway
v 251.21 0.05 297.48
v 249.79 0.05 296.98
v 230.30 0.05 355.38
v 228.88 0.05 354.88
o r1212671800_footway
v 287.98 0.05 376.55
v 289.38 0.05 377.09
v 310.13 0.05 319.64
v 311.53 0.05 320.18
o r1212671801_footway
v 229.85 0.05 354.43
v 229.33 0.05 355.83
v 288.94 0.05 376.12
v 288.42 0.05 377.52
o r1212671802_footway
v 138.45 0.05 321.67
v 138.13 0.05 320.21
v 136.75 0.05 321.93
v 137.25 0.05 320.51
v 78.33 0.05 300.11
v 78.85 0.05 298.71
o r1212671803_footway
v 161.97 0.05 261.94
v 160.47 0.05 261.86
v 161.79 0.05 264.42
v 160.39 0.05 263.88
v 138.99 0.05 321.22
v 137.59 0.05 320.66
o r1212671804_footway
v 77.89 0.05 299.14
v 79.29 0.05 299.68
v 101.60 0.05 238.73
v 103.00 0.05 239.27
o r1212671805_footway
v 23.12 0.05 210.21
v 21.72 0.05 209.69
v 0.72 0.05 269.73
v -0.68 0.05 269.21
o r1212671806_footway
v 83.37 0.05 232.86
v 83.89 0.05 231.44
v 22.16 0.05 210.66
v 22.68 0.05 209.24
o r1212671807_footway
v 61.27 0.05 291.96
v 62.69 0.05 292.46
v 82.92 0.05 231.90
v 84.34 0.05 232.40
o r1212671808_footway
v -80.11 0.05 238.40
v -80.63 0.05 239.80
v -19.48 0.05 260.89
v -20.00 0.05 262.29
o r1212671809_footway
v -56.56 0.05 179.75
v -57.96 0.05 179.21
v -79.67 0.05 239.37
v -81.07 0.05 238.83
o r1212671810_footway
v 2.75 0.05 202.77
v 3.27 0.05 201.37
v -57.52 0.05 180.18
v -57.00 0.05 178.78
o r1212671811_footway
v -98.83 0.05 233.06
v -98.29 0.05 231.66
v -159.93 0.05 209.34
v -159.39 0.05 207.94
o r1212671812_footway
v -75.32 0.05 173.19
v -76.72 0.05 172.65
v -97.86 0.05 232.63
v -99.26 0.05 232.09
o r1212671813_footway
v -136.69 0.05 148.03
v -137.25 0.05 149.43
v -75.74 0.05 172.22
v -76.30 0.05 173.62
o r1212671814_footway
v -258.06 0.05 172.30
v -257.52 0.05 170.90
v -319.07 0.05 148.72
v -318.53 0.05 147.32
o r1212671815_footway
v -234.09 0.05 112.79
v -235.49 0.05 112.25
v -257.09 0.05 171.87
v -258.49 0.05 171.33
o r1212671816_footway
v -294.51 0.05 88.12
v -295.07 0.05 89.52
v -234.51 0.05 111.82
v -235.07 0.05 113.22
o r1212671817_footway
v -337.36 0.05 72.98
v -338.76 0.05 72.46
v -359.61 0.05 132.57
v -361.01 0.05 132.05
o r1212671818_footway
v -306.23 0.05 85.09
v -305.71 0.05 83.69
v -338.32 0.05 73.42
v -337.80 0.05 72.02
o r1212671819_footway
v -329.84 0.05 143.53
v -328.44 0.05 144.07
v -306.67 0.05 84.12
v -305.27 0.05 84.66
o r1212671820_footway
v -408.86 0.05 45.93
v -410.26 0.05 45.39
v -415.85 0.05 64.02
v -417.25 0.05 63.48
v -431.89 0.05 105.48
v -433.29 0.05 104.94
o r1212671821_footway
v -349.42 0.05 68.80
v -348.86 0.05 67.40
v -371.50 0.05 60.09
v -370.98 0.05 58.69
v -392.19 0.05 52.69
v -391.69 0.05 51.27
v -409.81 0.05 46.37
v -409.31 0.05 44.95
f 13293 13294 13296
f 13293 13296 13295
o r1212671822_footway
v -372.32 0.05 127.93
v -370.92 0.05 128.45
v -349.84 0.05 67.84
v -348.44 0.05 68.36
o r1212671831_footway
v 108.08 0.05 225.19
v 107.56 0.05 226.59
v 167.79 0.05 247.58
v 167.27 0.05 248.98
o r1212671832_footway
v 28.54 0.05 195.52
v 28.02 0.05 196.92
v 88.89 0.05 217.93
v 88.37 0.05 219.33
o r1212671833_footway
v 51.68 0.05 135.21
v 50.28 0.05 134.69
v 40.81 0.05 164.64
v 39.41 0.05 164.12
v 37.34 0.05 174.01
v 35.94 0.05 173.49
v 28.98 0.05 196.48
v 27.58 0.05 195.96
f 13313 13314 13316
f 13313 13316 13315
o r1212671834_footway
v 112.24 0.05 159.26
v 112.78 0.05 157.86
v 50.71 0.05 135.65
v 51.25 0.05 134.25
o r1212671835_footway
v -27.51 0.05 105.66
v -28.91 0.05 105.10
v -51.12 0.05 165.46
v -52.52 0.05 164.90
o r1212671836_footway
v 32.28 0.05 128.02
v 32.78 0.05 126.60
v -28.46 0.05 106.09
v -27.96 0.05 104.67
o r1212671837_footway
v 7.81 0.05 188.24
v 9.21 0.05 188.78
v 31.83 0.05 127.04
v 33.23 0.05 127.58
o r1212671838_footway
v -70.96 0.05 158.20
v -69.58 0.05 158.76
v -46.36 0.05 97.71
v -44.98 0.05 98.27
o r1212671839_footway
v -131.76 0.05 134.35
v -132.30 0.05 135.75
v -70.00 0.05 157.78
v -70.54 0.05 159.18
o r1212671840_footway
v -108.08 0.05 74.01
v -109.48 0.05 73.47
v -131.33 0.05 135.32
v -132.73 0.05 134.78
o r1212671841_footway
v -188.48 0.05 44.02
v -189.88 0.05 43.48
v -211.36 0.05 104.08
v -212.76 0.05 103.54
o r1212671842_footway
v -126.73 0.05 68.33
v -126.19 0.05 66.93
v -189.45 0.05 44.45
v -188.91 0.05 43.05
o r1212671843_footway
v -150.37 0.05 127.67
v -148.97 0.05 128.21
v -127.16 0.05 67.36
v -125.76 0.05 67.90
o r1212671844_footway
v -266.02 0.05 15.09
v -267.42 0.05 14.57
v -289.14 0.05 76.79
v -290.54 0.05 76.27
o r1212671845_footway
v -205.10 0.05 38.66
v -204.58 0.05 37.26
v -266.98 0.05 15.53
v -266.46 0.05 14.13
o r1212671846_footway
v -229.00 0.05 97.64
v -227.60 0.05 98.18
v -205.54 0.05 37.69
v -204.14 0.05 38.23
o r1212671850_footway
v 234.45 0.05 119.42
v 233.05 0.05 118.90
v 211.81 0.05 181.34
v 210.41 0.05 180.82
o r1212671851_footway
v 319.84 0.05 70.93
v 320.38 0.05 69.53
v 277.89 0.05 55.07
v 278.43 0.05 53.67
v 263.14 0.05 49.36
v 263.68 0.05 47.96
o r1212671852_footway
v 295.57 0.05 125.42
v 296.91 0.05 126.08
v 298.12 0.05 120.30
v 299.50 0.05 120.88
v 303.24 0.05 107.15
v 304.58 0.05 107.83
v 305.66 0.05 105.55
v 307.04 0.05 106.15
v 319.41 0.05 69.96
v 320.81 0.05 70.50
f 13383 13384 13386
f 13383 13386 13385
o r1212671853_footway
v 223.09 0.05 103.30
v 223.63 0.05 101.90
v 162.16 0.05 79.74
v 162.70 0.05 78.34
o r1212671854_footway
v 246.62 0.05 42.06
v 245.22 0.05 41.54
v 224.06 0.05 102.86
v 222.66 0.05 102.34
o r1212671855_footway
v 186.35 0.05 18.38
v 185.81 0.05 19.78
v 246.19 0.05 41.10
v 245.65 0.05 42.50
o r1212671856_footway
v 83.21 0.05 47.82
v 82.67 0.05 49.22
v 145.46 0.05 71.54
v 144.92 0.05 72.94
o r1212671857_footway
v 107.86 0.05 -10.79
v 106.48 0.05 -11.35
v 98.52 0.05 12.23
v 97.14 0.05 11.67
v 83.63 0.05 48.80
v 82.25 0.05 48.24
o r1212671858_footway
v 167.47 0.05 12.58
v 168.01 0.05 11.18
v 106.90 0.05 -10.37
v 107.44 0.05 -11.77
o r1212671859_footway
v 89.38 0.05 -17.69
v 87.98 0.05 -18.23
v 65.81 0.05 42.55
v 64.41 0.05 42.01
o r1212671860_footway
v 27.59 0.05 -43.78
v 27.03 0.05 -42.40
v 88.96 0.05 -18.65
v 88.40 0.05 -17.27
o r1212671861_footway
v 2.93 0.05 18.27
v 4.33 0.05 18.81
v 26.61 0.05 -43.36
v 28.01 0.05 -42.82
o r1212671862_footway
v -75.88 0.05 -12.31
v -76.40 0.05 -10.91
v -12.56 0.05 11.59
v -13.08 0.05 12.99
o r1212671863_footway
v -51.68 0.05 -72.22
v -53.08 0.05 -72.76
v -75.44 0.05 -11.34
v -76.84 0.05 -11.88
o r1212671864_footway
v 9.81 0.05 -48.86
v 10.33 0.05 -50.26
v -52.64 0.05 -71.79
v -52.12 0.05 -73.19
o r1212671865_footway
v -93.52 0.05 -18.18
v -92.12 0.05 -17.64
v -69.90 0.05 -79.63
v -68.50 0.05 -79.09
o r1212671866_footway
v -131.38 0.05 -102.51
v -132.78 0.05 -103.05
v -154.92 0.05 -41.61
v -156.32 0.05 -42.15
o r1212671867_footway
v 117.78 0.05 -91.73
v 116.38 0.05 -92.27
v 94.52 0.05 -32.67
v 93.12 0.05 -33.21
o r1212671868_footway
v 55.90 0.05 -116.41
v 55.36 0.05 -115.01
v 117.35 0.05 -92.70
v 116.81 0.05 -91.30
o r1212671869_footway
v 79.56 0.05 61.35
v 78.16 0.05 60.81
v 55.69 0.05 122.42
v 54.29 0.05 121.88
o r1212671870_footway
v 140.72 0.05 84.57
v 141.24 0.05 83.17
v 78.60 0.05 61.78
v 79.12 0.05 60.38
o r1212671871_footway
v 116.21 0.05 146.05
v 117.61 0.05 146.59
v 140.28 0.05 83.60
v 141.68 0.05 84.14
o r1212671872_footway
v -370.70 0.05 -108.81
v -372.10 0.05 -109.37
v -395.19 0.05 -47.14
v -396.59 0.05 -47.70
o r1212671873_footway
v -433.64 0.05 -133.18
v -434.16 0.05 -131.78
v -371.14 0.05 -109.79
v -371.66 0.05 -108.39
o r1212671875_footway
v -249.24 0.05 -63.73
v -250.64 0.05 -64.27
v -273.38 0.05 -1.83
v -274.78 0.05 -2.37
o r1212671876_footway
v -280.72 0.05 -76.40
v -281.24 0.05 -75.00
v -249.68 0.05 -64.70
v -250.20 0.05 -63.30
o r1212671877_footway
v -306.10 0.05 -13.88
v -304.70 0.05 -13.34
v -281.68 0.05 -75.97
v -280.28 0.05 -75.43
o r1212671878_footway
v -176.08 0.05 -35.10
v -177.48 0.05 -35.66
v -200.44 0.05 25.58
v -201.84 0.05 25.02
o r1212671879_footway
v -238.45 0.05 -59.88
v -238.99 0.05 -58.48
v -176.51 0.05 -36.08
v -177.05 0.05 -34.68
o r1212671880_footway
v -262.28 0.05 1.81
v -260.88 0.05 2.33
v -239.42 0.05 -59.44
v -238.02 0.05 -58.92
o r1215455818_footway
v -367.40 0.05 -376.39
v -368.90 0.05 -376.23
v -366.47 0.05 -367.45
v -367.97 0.05 -367.29
v -365.67 0.05 -359.56
v -367.17 0.05 -359.40
o r1215455819_footway
v -352.64 0.05 -369.38
v -352.12 0.05 -370.78
v -359.38 0.05 -371.91
v -358.84 0.05 -373.31
v -361.13 0.05 -372.59
v -360.57 0.05 -373.97
v -368.44 0.05 -375.62
v -367.86 0.05 -377.00
f 13509 13510 13512
f 13509 13512 13511
o r1215455820_footway
v -349.91 0.05 -353.35
v -348.45 0.05 -353.65
v -351.50 0.05 -360.94
v -350.02 0.05 -361.22
v -353.12 0.05 -369.95
v -351.64 0.05 -370.21
o r1215455821_footway
v 224.59 0.05 -135.83
v 225.99 0.05 -135.29
v 227.03 0.05 -142.15
v 228.43 0.05 -141.61
v 229.72 0.05 -149.18
v 231.12 0.05 -148.64
o r1215455822_footway
v 242.30 0.05 -128.74
v 242.76 0.05 -130.16
v 234.19 0.05 -131.37
v 234.65 0.05 -132.79
v 226.55 0.05 -133.84
v 227.01 0.05 -135.26
o r1215455823_footway
v -148.28 0.05 -293.41
v -147.82 0.05 -294.83
v -155.48 0.05 -295.78
v -155.02 0.05 -297.20
v -163.94 0.05 -298.55
v -163.48 0.05 -299.97
o r1215455824_footway
v -153.87 0.05 -278.88
v -152.45 0.05 -278.40
v -151.59 0.05 -285.76
v -150.17 0.05 -285.28
v -148.76 0.05 -294.35
v -147.34 0.05 -293.89
o r1215455825_footway
v -162.96 0.05 -299.18
v -164.46 0.05 -299.34
v -163.84 0.05 -290.60
v -165.34 0.05 -290.76
o r1215455826_footway
v 168.63 0.05 -172.54
v 169.19 0.05 -173.94
v 159.78 0.05 -176.11
v 160.26 0.05 -177.53
v 154.31 0.05 -177.49
v 154.67 0.05 -178.95
v 149.42 0.05 -178.73
v 149.78 0.05 -180.19
f 13551 13552 13554
f 13551 13554 13553
o r1215455827_footway
v 162.66 0.05 -159.19
v 164.00 0.05 -158.53
v 165.71 0.05 -165.39
v 167.11 0.05 -164.85
v 168.19 0.05 -173.46
v 169.63 0.05 -173.02
o r1215455828_footway
v 144.42 0.05 -165.86
v 143.92 0.05 -164.44
v 149.10 0.05 -164.18
v 148.60 0.05 -162.76
v 154.44 0.05 -162.26
v 153.98 0.05 -160.84
v 163.54 0.05 -159.58
v 163.12 0.05 -158.14
f 13565 13566 13568
f 13565 13568 13567
o r1215455829_footway
v 90.83 0.05 -202.14
v 89.45 0.05 -202.74
v 87.71 0.05 -195.09
v 86.33 0.05 -195.69
v 84.61 0.05 -188.06
v 83.23 0.05 -188.66
o r1215455830_footway
v 71.55 0.05 -210.50
v 71.01 0.05 -209.10
v 81.65 0.05 -206.56
v 81.11 0.05 -205.16
v 82.35 0.05 -206.29
v 81.81 0.05 -204.89
v 90.41 0.05 -203.14
v 89.87 0.05 -201.74
f 13579 13580 13582
f 13579 13582 13581
o r1215455831_footway
v 65.74 0.05 -195.23
v 67.16 0.05 -194.77
v 68.11 0.05 -202.51
v 69.53 0.05 -202.05
v 70.57 0.05 -210.03
v 71.99 0.05 -209.57
o r1215455832_footway
v -9.60 0.05 -241.35
v -10.16 0.05 -239.97
v -1.08 0.05 -237.85
v -1.64 0.05 -236.47
v -0.66 0.05 -237.68
v -1.22 0.05 -236.30
v 8.55 0.05 -233.91
v 7.99 0.05 -232.53
f 13593 13594 13596
f 13593 13596 13595
o r1215455833_footway
v -15.66 0.05 -226.12
v -14.24 0.05 -225.64
v -13.20 0.05 -233.31
v -11.78 0.05 -232.83
v -10.59 0.05 -240.90
v -9.17 0.05 -240.42
o r1215455834_footway
v 8.97 0.05 -232.95
v 7.57 0.05 -233.49
v 6.20 0.05 -225.93
v 4.80 0.05 -226.45
v 3.67 0.05 -218.81
v 2.25 0.05 -219.31
o r1215455835_footway
v -75.85 0.05 -248.72
v -75.37 0.05 -250.14
v -83.84 0.05 -251.46
v -83.34 0.05 -252.88
v -94.80 0.05 -255.43
v -94.28 0.05 -256.85
o r1215455836_footway
v -69.90 0.05 -262.75
v -71.30 0.05 -263.29
v -72.52 0.05 -255.92
v -73.92 0.05 -256.44
v -74.90 0.05 -249.18
v -76.32 0.05 -249.68
o r1215455837_footway
v -87.99 0.05 -270.28
v -88.53 0.05 -268.88
v -78.08 0.05 -266.45
v -78.60 0.05 -265.05
v -74.27 0.05 -265.11
v -74.77 0.05 -263.69
v -70.35 0.05 -263.73
v -70.85 0.05 -262.31
f 13625 13626 13628
f 13625 13628 13627
o r1215455838_footway
v -67.07 0.05 -330.55
v -65.69 0.05 -329.99
v -64.43 0.05 -337.03
v -63.05 0.05 -336.47
v -61.42 0.05 -344.41
v -60.04 0.05 -343.85
o r1215455839_footway
v -47.58 0.05 -321.98
v -47.10 0.05 -323.40
v -51.74 0.05 -323.38
v -51.18 0.05 -324.78
v -55.48 0.05 -325.14
v -54.90 0.05 -326.52
v -66.66 0.05 -329.57
v -66.10 0.05 -330.97
f 13639 13640 13642
f 13639 13642 13641
o r1215455840_footway
v -40.84 0.05 -336.26
v -42.22 0.05 -336.84
v -43.70 0.05 -329.44
v -45.08 0.05 -330.02
v -46.65 0.05 -322.40
v -48.03 0.05 -322.98
o r1215455841_footway
v 197.03 0.05 -245.91
v 197.57 0.05 -247.31
v 187.72 0.05 -249.46
v 188.26 0.05 -250.86
v 182.50 0.05 -251.45
v 183.04 0.05 -252.85
v 178.60 0.05 -252.95
v 179.14 0.05 -254.35
f 13653 13654 13656
f 13653 13656 13655
o r1215455842_footway
v 191.36 0.05 -232.45
v 192.78 0.05 -231.95
v 193.75 0.05 -239.25
v 195.17 0.05 -238.73
v 196.60 0.05 -246.87
v 198.00 0.05 -246.35
o r1215455843_footway
v 173.20 0.05 -239.61
v 172.70 0.05 -238.19
v 177.38 0.05 -238.16
v 176.90 0.05 -236.74
v 182.69 0.05 -236.33
v 182.19 0.05 -234.91
v 192.32 0.05 -232.91
v 191.82 0.05 -231.49
f 13667 13668 13670
f 13667 13670 13669
o r1215455844_footway
v 252.98 0.05 -209.60
v 252.48 0.05 -208.18
v 262.64 0.05 -206.21
v 262.14 0.05 -204.79
v 271.68 0.05 -203.04
v 271.18 0.05 -201.62
o r1215455845_footway
v 258.34 0.05 -222.42
v 256.92 0.05 -222.92
v 255.93 0.05 -215.63
v 254.51 0.05 -216.13
v 253.44 0.05 -208.64
v 252.02 0.05 -209.14
o r1215455846_footway
v 276.08 0.05 -215.41
v 276.58 0.05 -216.83
v 267.69 0.05 -218.35
v 268.19 0.05 -219.77
v 257.38 0.05 -221.96
v 257.88 0.05 -223.38
o r1215455847_footway
v 249.12 0.05 -143.19
v 248.58 0.05 -141.79
v 292.70 0.05 -126.17
v 292.16 0.05 -124.77
v 307.40 0.05 -120.43
v 306.86 0.05 -119.03
o r1215455848_footway
v 272.13 0.05 -202.07
v 270.73 0.05 -202.59
v 249.55 0.05 -142.23
v 248.15 0.05 -142.75
o r1215455849_footway
v 330.67 0.05 -178.97
v 331.11 0.05 -180.41
v 315.34 0.05 -183.68
v 315.88 0.05 -185.08
v 271.15 0.05 -201.64
v 271.71 0.05 -203.02
o r1215455850_footway
v 330.19 0.05 -179.97
v 331.59 0.05 -179.41
v 332.75 0.05 -186.45
v 334.15 0.05 -185.91
v 335.72 0.05 -194.10
v 337.12 0.05 -193.56
o r1215455851_footway
v 448.19 0.05 -218.36
v 446.77 0.05 -218.86
v 427.08 0.05 -159.55
v 425.66 0.05 -160.05
o r1215455853_footway
v 433.98 0.05 -224.19
v 432.56 0.05 -224.69
v 413.88 0.05 -166.64
v 412.48 0.05 -167.16
v 412.24 0.05 -164.48
v 411.06 0.05 -165.40
o r1215455854_footway
v 375.80 0.05 -247.82
v 375.22 0.05 -246.44
v 391.93 0.05 -241.06
v 391.39 0.05 -239.66
v 433.54 0.05 -225.14
v 433.00 0.05 -223.74
o r1215455855_footway
v 352.13 0.05 -187.85
v 353.53 0.05 -187.31
v 354.90 0.05 -194.98
v 356.30 0.05 -194.44
v 374.81 0.05 -247.40
v 376.21 0.05 -246.86
o r1215455858_footway
v 364.52 0.05 -266.36
v 363.12 0.05 -266.92
v 361.90 0.05 -259.83
v 360.50 0.05 -260.39
v 359.29 0.05 -253.33
v 357.89 0.05 -253.89
o r1215455859_footway
v 380.00 0.05 -260.43
v 380.48 0.05 -261.85
v 372.27 0.05 -263.02
v 372.75 0.05 -264.44
v 363.58 0.05 -265.93
v 364.06 0.05 -267.35
o r1215455860_footway
v 374.80 0.05 -247.37
v 376.22 0.05 -246.89
v 377.08 0.05 -254.12
v 378.50 0.05 -253.64
v 379.53 0.05 -261.38
v 380.95 0.05 -260.90
o r1215455861_footway
v 281.04 0.05 -283.62
v 280.50 0.05 -282.22
v 290.76 0.05 -279.94
v 290.22 0.05 -278.54
v 298.94 0.05 -276.58
v 298.38 0.05 -275.20
o r1215455862_footway
v 286.67 0.05 -296.39
v 285.23 0.05 -296.83
v 284.49 0.05 -289.37
v 283.09 0.05 -289.91
v 281.45 0.05 -282.61
v 280.09 0.05 -283.23
o r1215455863_footway
v 304.13 0.05 -289.32
v 304.63 0.05 -290.74
v 295.58 0.05 -292.28
v 296.08 0.05 -293.70
v 285.69 0.05 -295.91
v 286.21 0.05 -297.31
o r1215455864_footway
v 201.87 0.05 -313.83
v 201.33 0.05 -312.43
v 205.77 0.05 -312.30
v 205.23 0.05 -310.90
v 210.91 0.05 -310.28
v 210.37 0.05 -308.88
v 219.28 0.05 -307.00
v 218.74 0.05 -305.60
f 13773 13774 13776
f 13773 13776 13775
o r1215455865_footway
v 206.90 0.05 -326.44
v 205.48 0.05 -326.92
v 204.72 0.05 -320.01
v 203.30 0.05 -320.49
v 202.31 0.05 -312.89
v 200.89 0.05 -313.37
o r1215455866_footway
v 224.35 0.05 -319.13
v 224.87 0.05 -320.53
v 215.52 0.05 -322.41
v 216.04 0.05 -323.81
v 210.38 0.05 -324.32
v 210.90 0.05 -325.72
v 205.93 0.05 -325.98
v 206.45 0.05 -327.38
f 13787 13788 13790
f 13787 13790 13789
o r1215455867_footway
v 111.91 0.05 -262.46
v 113.37 0.05 -262.16
v 113.41 0.05 -269.68
v 114.83 0.05 -269.22
v 116.79 0.05 -277.48
v 118.17 0.05 -276.88
o r1215455868_footway
v 99.64 0.05 -284.65
v 98.24 0.05 -285.19
v 96.44 0.05 -276.27
v 95.04 0.05 -276.81
v 93.66 0.05 -269.13
v 92.26 0.05 -269.67
o r1215455870_footway
v 333.69 0.05 -363.05
v 332.35 0.05 -363.73
v 330.31 0.05 -356.31
v 328.93 0.05 -356.91
v 327.56 0.05 -348.84
v 326.16 0.05 -349.36
o r1215455871_footway
v 308.41 0.05 -374.69
v 307.79 0.05 -373.33
v 322.11 0.05 -368.45
v 321.53 0.05 -367.07
v 333.29 0.05 -364.09
v 332.75 0.05 -362.69
o r1215455872_footway
v 235.10 0.05 -398.58
v 233.68 0.05 -399.08
v 232.79 0.05 -392.02
v 231.37 0.05 -392.52
v 230.64 0.05 -386.13
v 229.24 0.05 -386.65
o r1215455873_footway
v 255.44 0.05 -397.95
v 255.44 0.05 -399.45
v 243.58 0.05 -398.02
v 243.58 0.05 -399.52
v 238.75 0.05 -398.06
v 238.75 0.05 -399.56
v 234.39 0.05 -398.08
v 234.39 0.05 -399.58
f 13825 13826 13828
f 13825 13828 13827
o r1215455874_footway
v 230.21 0.05 -387.09
v 229.67 0.05 -385.69
v 233.83 0.05 -385.68
v 233.29 0.05 -384.28
v 238.88 0.05 -383.70
v 238.34 0.05 -382.30
v 246.94 0.05 -380.69
v 246.42 0.05 -379.29
f 13833 13834 13836
f 13833 13836 13835
o r1215455875_footway
v 162.36 0.05 -399.04
v 160.92 0.05 -399.44
v 161.39 0.05 -395.60
v 159.93 0.05 -395.98
v 160.17 0.05 -390.67
v 158.71 0.05 -391.03
o r1215455876_footway
v 156.73 0.05 -438.57
v 156.75 0.05 -437.07
v 163.45 0.05 -438.63
v 163.45 0.05 -437.13
v 165.05 0.05 -438.62
v 165.05 0.05 -437.12
v 174.45 0.05 -438.59
v 174.45 0.05 -437.09
f 13847 13848 13850
f 13847 13850 13849
o r1215455877_footway
v 157.84 0.05 -464.89
v 156.34 0.05 -464.83
v 158.22 0.05 -456.39
v 156.72 0.05 -456.39
v 157.82 0.05 -446.14
v 156.32 0.05 -446.20
v 157.49 0.05 -437.79
v 155.99 0.05 -437.85
f 13855 13856 13858
f 13855 13858 13857
o r1215455881_footway
v 21.22 0.05 -434.77
v 22.64 0.05 -435.27
v 19.09 0.05 -440.94
v 20.51 0.05 -441.42
v 18.91 0.05 -441.64
v 20.37 0.05 -442.00
v 17.33 0.05 -447.99
v 18.79 0.05 -448.35
f 13863 13864 13866
f 13863 13866 13865
o r1215455882_footway
v -368.26 0.05 -430.46
v -368.26 0.05 -428.96
v -362.38 0.05 -430.46
v -362.38 0.05 -428.96
v -360.29 0.05 -430.46
v -360.27 0.05 -428.96
v -353.76 0.05 -430.55
v -353.74 0.05 -429.05
f 13871 13872 13874
f 13871 13874 13873
o r1215455883_footway
v -367.96 0.05 -446.63
v -369.46 0.05 -446.59
v -367.72 0.05 -437.66
v -369.22 0.05 -437.62
v -367.51 0.05 -429.73
v -369.01 0.05 -429.69
o r1225153403_service
v 41.93 0.05 167.26
v 43.41 0.05 163.54
v 39.37 0.05 166.24
v 40.85 0.05 162.52
v 30.60 0.05 162.76
v 32.08 0.05 159.04
o r1225153404_service
v 28.52 0.05 168.36
v 27.04 0.05 172.08
v 37.38 0.05 171.89
v 35.90 0.05 175.61
v 39.79 0.05 172.85
v 38.31 0.05 176.57
o r1225153405_service
v 108.98 0.05 195.92
v 110.44 0.05 192.20
v 99.24 0.05 192.08
v 100.70 0.05 188.36
v 96.36 0.05 190.95
v 97.82 0.05 187.23
o r1225153406_service
v 95.55 0.05 193.09
v 94.09 0.05 196.81
v 98.38 0.05 194.20
v 96.92 0.05 197.92
v 108.19 0.05 198.08
v 106.71 0.05 201.80
o r1225560337_service
v -361.57 0.05 318.29
v -357.83 0.05 319.71
v -360.89 0.05 316.51
v -357.15 0.05 317.93
v -358.68 0.05 310.71
v -354.94 0.05 312.13
o r1225740544_service
v -360.93 0.05 -74.15
v -359.41 0.05 -77.85
v -363.60 0.05 -75.24
v -362.08 0.05 -78.94
v -368.63 0.05 -77.32
v -367.15 0.05 -81.04
v -372.48 0.05 -78.76
v -371.08 0.05 -82.50
f 13915 13916 13918
f 13915 13918 13917
o r1225740992_service
v 204.84 0.05 -294.36
v 203.46 0.05 -290.60
v 215.97 0.05 -290.27
v 214.59 0.05 -286.51
o r1225740993_service
v 223.50 0.05 -379.00
v 222.02 0.05 -375.28
v 230.28 0.05 -376.31
v 228.80 0.05 -372.59
v 235.38 0.05 -374.29
v 233.90 0.05 -370.57
o r1225740994_service
v 183.82 0.05 -327.92
v 187.54 0.05 -326.42
v 187.18 0.05 -336.27
v 190.90 0.05 -334.77
o r1238800364_footway
v -348.99 0.05 -114.23
v -348.49 0.05 -115.65
v -354.17 0.05 -116.06
v -353.67 0.05 -117.48
v -357.95 0.05 -117.41
v -357.45 0.05 -118.83
v -360.37 0.05 -118.27
v -359.85 0.05 -119.67
v -366.84 0.05 -120.66
v -366.32 0.05 -122.06
f 13937 13938 13940
f 13937 13940 13939
o r1238800365_footway
v -372.09 0.05 -109.37
v -370.71 0.05 -108.81
v -370.22 0.05 -113.98
v -368.84 0.05 -113.42
v -369.27 0.05 -116.31
v -367.89 0.05 -115.75
v -368.85 0.05 -117.33
v -367.45 0.05 -116.81
v -367.28 0.05 -121.62
v -365.88 0.05 -121.10
f 13947 13948 13950
f 13947 13950 13949
o r1238800366_footway
v -320.66 0.05 -188.31
v -320.14 0.05 -189.71
v -325.63 0.05 -190.13
v -325.09 0.05 -191.53
v -328.94 0.05 -191.55
v -328.42 0.05 -192.95
v -339.19 0.05 -195.16
v -338.69 0.05 -196.58
f 13957 13958 13960
f 13957 13960 13959
o r1238800367_footway
v -343.55 0.05 -183.04
v -344.15 0.05 -181.66
v -333.93 0.05 -178.84
v -334.53 0.05 -177.46
v -330.56 0.05 -177.40
v -331.14 0.05 -176.02
v -328.95 0.05 -176.72
v -329.53 0.05 -175.34
v -326.17 0.05 -175.54
v -326.75 0.05 -174.16
f 13965 13966 13968
f 13965 13968 13967
o r1238800368_footway
v -310.65 0.05 -270.44
v -311.15 0.05 -269.02
v -300.35 0.05 -266.76
v -300.87 0.05 -265.36
v -297.01 0.05 -265.47
v -297.57 0.05 -264.07
v -292.08 0.05 -263.48
v -292.64 0.05 -262.08
f 13975 13976 13978
f 13975 13978 13977
o r1238800369_footway
v -316.67 0.05 -256.12
v -315.27 0.05 -255.60
v -313.94 0.05 -263.50
v -312.54 0.05 -262.98
v -311.61 0.05 -269.98
v -310.19 0.05 -269.48
o r1238800372_footway
v -371.33 0.05 -292.85
v -372.73 0.05 -293.41
v -373.92 0.05 -286.48
v -375.30 0.05 -287.04
v -377.11 0.05 -278.66
v -378.49 0.05 -279.22
o r1238800373_footway
v -416.85 0.05 -226.65
v -417.41 0.05 -225.25
v -411.51 0.05 -224.54
v -412.07 0.05 -223.14
v -408.30 0.05 -223.27
v -408.82 0.05 -221.87
v -399.85 0.05 -220.19
v -400.37 0.05 -218.79
f 13995 13996 13998
f 13995 13998 13997
o r1238800374_footway
v -423.24 0.05 -212.11
v -421.84 0.05 -211.59
v -420.72 0.05 -218.93
v -419.32 0.05 -218.39
v -417.83 0.05 -226.23
v -416.43 0.05 -225.67
o r1238800375_footway
v -399.39 0.05 -219.27
v -400.83 0.05 -219.71
v -401.61 0.05 -211.96
v -403.03 0.05 -212.44
v -403.96 0.05 -205.52
v -405.36 0.05 -206.04
o r1278118657_service
v 342.30 0.05 154.13
v 338.56 0.05 152.69
v 339.04 0.05 162.55
v 335.30 0.05 161.11
o r1278118658_service
v 290.81 0.05 169.79
v 289.49 0.05 173.57
v 295.97 0.05 171.58
v 294.65 0.05 175.36
v 299.26 0.05 172.72
v 297.94 0.05 176.50
v 300.67 0.05 173.21
v 299.35 0.05 176.99
f 14019 14020 14022
f 14019 14022 14021
o r1278118659_service
v 304.88 0.05 162.38
v 306.34 0.05 158.66
v 303.74 0.05 161.93
v 305.20 0.05 158.21
v 300.38 0.05 160.62
v 301.84 0.05 156.90
v 295.56 0.05 158.73
v 297.02 0.05 155.01
f 14027 14028 14030
f 14027 14030 14029
o r1278118660_footway
v 297.90 0.05 132.58
v 299.30 0.05 133.10
v 299.14 0.05 130.05
v 299.60 0.05 131.47
v 302.33 0.05 131.01
v 301.83 0.05 132.43
v 304.63 0.05 131.82
v 304.13 0.05 133.24
v 308.35 0.05 133.13
v 307.85 0.05 134.55
v 311.76 0.05 134.35
v 311.26 0.05 135.77
v 315.87 0.05 136.23
v 314.39 0.05 136.43
v 313.27 0.05 142.95
v 311.87 0.05 142.39
f 14035 14036 14038
f 14035 14038 14037
f 14039 14040 14042
f 14039 14042 14041
f 14043 14044 14046
f 14043 14046 14045
o r1285124066_service
v -251.04 0.05 -229.80
v -254.76 0.05 -231.26
v -253.77 0.05 -222.83
v -257.49 0.05 -224.29
v -258.25 0.05 -211.36
v -261.97 0.05 -212.82
v -261.34 0.05 -203.47
v -265.06 0.05 -204.93
f 14051 14052 14054
f 14051 14054 14053
o r1285124067_service
v -256.27 0.05 -221.66
v -254.99 0.05 -225.46
v -261.70 0.05 -224.38
v -264.06 0.05 -227.62
v -265.40 0.05 -215.41
v -269.32 0.05 -214.63
v -259.36 0.05 -213.94
v -260.86 0.05 -210.24
f 14059 14060 14062
f 14059 14062 14061
o r1285124068_service
v -247.73 0.05 -238.29
v -251.45 0.05 -239.75
v -251.04 0.05 -229.80
v -254.76 0.05 -231.26
o r1291095642_steps
v -160.11 0.05 -13.71
v -159.59 0.05 -15.11
v -165.84 0.05 -15.83
v -165.32 0.05 -17.23
o r1291095643_steps
v -419.83 0.05 -8.76
v -420.29 0.05 -7.32
v -411.00 0.05 -5.97
v -411.46 0.05 -4.53
o r1303000188_secondary
v -48.84 0.05 -331.24
v -56.32 0.05 -334.10
v -51.46 0.05 -324.39
v -58.92 0.05 -327.27
v -74.61 0.05 -264.31
v -82.07 0.05 -267.19
v -77.19 0.05 -257.61
v -84.65 0.05 -260.49
f 14079 14080 14082
f 14079 14082 14081
o r1317468614_footway
v -204.42 0.05 325.23
v -204.94 0.05 326.63
v -201.76 0.05 326.22
v -202.28 0.05 327.62
o r1318884744_footway
v -76.72 0.05 172.65
v -75.32 0.05 173.19
v -73.86 0.05 165.29
v -72.46 0.05 165.85
v -70.96 0.05 158.20
v -69.58 0.05 158.76
o r1318884745_footway
v -57.47 0.05 180.20
v -57.05 0.05 178.76
v -64.30 0.05 178.21
v -63.86 0.05 176.77
v -65.15 0.05 177.88
v -64.61 0.05 176.48
v -76.29 0.05 173.62
v -75.75 0.05 172.22
f 14097 14098 14100
f 14097 14100 14099
o r1318884746_footway
v -51.12 0.05 165.45
v -52.52 0.05 164.91
v -53.95 0.05 172.73
v -55.35 0.05 172.19
v -56.56 0.05 179.74
v -57.96 0.05 179.22
o r1318914204_path
v 371.01 0.05 410.26
v 372.43 0.05 410.74
v 381.51 0.05 378.70
v 382.93 0.05 379.18
o r1318914205_path
v 367.09 0.05 423.37
v 368.53 0.05 423.81
v 368.06 0.05 420.14
v 369.50 0.05 420.58
v 369.03 0.05 416.91
v 370.47 0.05 417.33
v 369.99 0.05 413.67
v 371.43 0.05 414.09
v 371.00 0.05 410.29
v 372.44 0.05 410.71
f 14115 14116 14118
f 14115 14118 14117
o r1318914206_path
v 358.35 0.05 452.69
v 359.79 0.05 453.11
v 367.09 0.05 423.38
v 368.53 0.05 423.80
o r1318914210_path
v 352.15 0.05 419.65
v 352.73 0.05 418.27
v 334.61 0.05 412.31
v 335.19 0.05 410.93
o r1318914211_path
v 357.43 0.05 404.98
v 357.99 0.05 403.60
v 338.61 0.05 397.26
v 339.17 0.05 395.88
o r1321703406_service
v 231.09 0.05 -165.15
v 234.71 0.05 -166.87
v 227.23 0.05 -174.16
v 229.13 0.05 -177.68
v 182.96 0.05 -190.68
v 183.84 0.05 -194.58
v 179.08 0.05 -185.76
v 176.32 0.05 -188.66
f 14137 14138 14140
f 14137 14140 14139
o r1321703407_service
v 166.25 0.05 -193.32
v 164.93 0.05 -189.54
v 178.36 0.05 -189.10
v 177.04 0.05 -185.32
o r1321703408_service
v 233.63 0.05 -167.87
v 232.17 0.05 -164.15
v 246.04 0.05 -162.99
v 244.58 0.05 -159.27
o r1335275439_primary
v 17.18 0.05 -446.58
v 18.28 0.05 -436.64
v 19.00 0.05 -446.78
v 20.28 0.05 -436.86
v 19.77 0.05 -446.89
v 20.01 0.05 -436.89
v 60.75 0.05 -447.78
v 60.97 0.05 -437.78
v 69.10 0.05 -447.96
v 69.30 0.05 -437.96
v 72.75 0.05 -448.03
v 72.99 0.05 -438.03
v 80.49 0.05 -448.24
v 80.77 0.05 -438.24
f 14153 14154 14156
f 14153 14156 14155
f 14157 14158 14160
f 14157 14160 14159
o r1361560863_cycleway
v -81.40 0.05 -259.63
v -80.44 0.05 -258.47
v -75.00 0.05 -264.98
v -74.04 0.05 -263.82
v -74.03 0.05 -265.67
v -72.63 0.05 -265.13
v -63.44 0.05 -294.58
v -62.04 0.05 -294.06
v -52.16 0.05 -324.35
v -50.76 0.05 -323.81
v -48.96 0.05 -331.35
v -47.56 0.05 -330.81
v -46.63 0.05 -338.55
v -45.23 0.05 -338.03
v -28.56 0.05 -385.46
v -27.20 0.05 -384.80
v -18.36 0.05 -397.17
v -17.28 0.05 -396.13
v -16.08 0.05 -398.20
v -15.60 0.05 -396.78
v -14.78 0.05 -398.47
v -14.48 0.05 -396.99
v -12.19 0.05 -398.99
v -11.89 0.05 -397.51
f 14167 14168 14170
f 14167 14170 14169
f 14171 14172 14174
f 14171 14174 14173
f 14175 14176 14178
f 14175 14178 14177
f 14179 14180 14182
f 14179 14182 14181
f 14183 14184 14186
f 14183 14186 14185
o r1366613807_footway
v 224.41 0.05 -135.36
v 225.81 0.05 -134.82
v 224.59 0.05 -135.83
v 225.99 0.05 -135.29
o r1366613808_footway
v 229.72 0.05 -149.18
v 231.12 0.05 -148.64
v 229.90 0.05 -149.64
v 231.30 0.05 -149.10
o r1366613809_footway
v 248.59 0.05 -141.79
v 249.11 0.05 -143.19
v 246.82 0.05 -142.45
v 247.34 0.05 -143.85
o r1366613810_footway
v 232.11 0.05 -148.01
v 232.63 0.05 -149.41
v 230.34 0.05 -148.67
v 230.86 0.05 -150.07
o r1366613811_footway
v 243.98 0.05 -128.20
v 244.44 0.05 -129.62
v 242.30 0.05 -128.74
v 242.76 0.05 -130.16
o r1366613812_footway
v 226.55 0.05 -133.84
v 227.01 0.05 -135.26
v 224.88 0.05 -134.38
v 225.34 0.05 -135.80
o r1366613813_footway
v 249.56 0.05 -142.23
v 248.14 0.05 -142.75
v 249.39 0.05 -141.76
v 247.97 0.05 -142.28
o r1366613814_footway
v 245.08 0.05 -129.14
v 243.66 0.05 -129.62
v 244.92 0.05 -128.67
v 243.50 0.05 -129.15
o r1369780666_tertiary
v -210.11 0.05 285.37
v -207.65 0.05 278.81
v -226.17 0.05 279.32
v -223.71 0.05 272.76
o r1369780668_tertiary
v -148.63 0.05 309.17
v -146.17 0.05 302.61
v -193.04 0.05 292.43
v -190.58 0.05 285.87
o r1375969843_footway
v 289.06 0.05 -23.33
v 289.82 0.05 -24.63
v 282.66 0.05 -27.10
v 283.38 0.05 -28.42
v 273.97 0.05 -31.73
v 274.67 0.05 -33.05
o r1375969844_footway
v 273.61 0.05 -32.63
v 275.03 0.05 -32.15
v 275.96 0.05 -39.55
v 277.38 0.05 -39.07
v 278.35 0.05 -46.40
v 279.77 0.05 -45.90
o r1377744168_secondary
v 398.91 0.05 -426.58
v 406.91 0.05 -426.78
v 398.80 0.05 -431.19
v 406.80 0.05 -431.39
v 398.59 0.05 -439.55
v 406.59 0.05 -439.75
v 398.54 0.05 -441.83
v 406.54 0.05 -442.13
v 398.12 0.05 -452.01
v 406.12 0.05 -452.33
f 14243 14244 14246
f 14243 14246 14245
o r1387440948_footway
v -419.36 0.05 -7.77
v -420.76 0.05 -8.31
v -422.80 0.05 1.09
v -424.20 0.05 0.55
v -426.32 0.05 10.13
v -427.72 0.05 9.59
v -428.48 0.05 15.68
v -429.88 0.05 15.14
f 14253 14254 14256
f 14253 14256 14255
o r1387440949_footway
v -421.29 0.05 -9.21
v -421.73 0.05 -7.77
v -419.84 0.05 -8.76
v -420.28 0.05 -7.32
o r1387440950_footway
v -417.96 0.05 13.96
v -417.44 0.05 12.56
v -422.78 0.05 12.21
v -422.26 0.05 10.81
v -423.54 0.05 11.93
v -423.02 0.05 10.53
o r1387440951_footway
v -424.66 0.05 11.52
v -424.14 0.05 10.12
v -427.28 0.05 10.56
v -426.76 0.05 9.16
o r1387440952_steps
v -423.54 0.05 11.93
v -423.02 0.05 10.53
v -424.66 0.05 11.52
v -424.14 0.05 10.12
o r1387440953_footway
v -423.22 0.05 11.25
v -421.82 0.05 11.77
v -419.97 0.05 2.49
v -418.47 0.05 2.35
v -423.76 0.05 1.52
v -423.24 0.05 0.12
o r1390885561_secondary
v -330.42 0.05 406.42
v -337.90 0.05 403.56
v -332.65 0.05 412.26
v -340.13 0.05 409.40
v -339.76 0.05 430.87
v -347.24 0.05 428.01
o r1390885563_secondary
v -319.34 0.05 377.47
v -326.82 0.05 374.63
v -327.05 0.05 397.78
v -334.53 0.05 394.92
v -330.43 0.05 406.44
v -337.89 0.05 403.54
o r1390885564_secondary
v -133.97 0.05 -110.08
v -141.43 0.05 -112.96
v -136.37 0.05 -103.85
v -143.87 0.05 -106.65
v -156.17 0.05 -50.83
v -163.65 0.05 -53.65
v -159.42 0.05 -42.57
v -166.86 0.05 -45.51
v -161.21 0.05 -38.04
v -168.65 0.05 -40.98
f 14297 14298 14300
f 14297 14300 14299
o r1390885565_secondary
v -123.84 0.05 -136.38
v -131.30 0.05 -139.26
v -130.97 0.05 -117.89
v -138.43 0.05 -120.77
v -131.99 0.05 -115.24
v -139.45 0.05 -118.10
v -133.97 0.05 -110.08
v -141.43 0.05 -112.96
f 14307 14308 14310
f 14307 14310 14309
o r1391247854_cycleway
v 359.99 0.05 244.84
v 359.45 0.05 246.24
v 364.42 0.05 246.52
v 363.88 0.05 247.92
o r1391247855_cycleway
v 336.00 0.05 320.57
v 336.50 0.05 319.15
v 331.86 0.05 319.08
v 332.36 0.05 317.66
o r1391247856_cycleway
v 278.73 0.05 458.31
v 278.69 0.05 456.81
v 270.40 0.05 458.56
v 270.36 0.05 457.06
v 264.64 0.05 458.73
v 264.88 0.05 457.25
v 259.34 0.05 456.74
v 259.86 0.05 455.34
v 213.06 0.05 439.30
v 213.56 0.05 437.88
v 206.56 0.05 437.74
v 206.90 0.05 436.28
v 203.30 0.05 436.93
v 204.10 0.05 435.65
v 198.92 0.05 432.99
v 199.92 0.05 431.87
f 14323 14324 14326
f 14323 14326 14325
f 14327 14328 14330
f 14327 14330 14329
f 14331 14332 14334
f 14331 14334 14333
o r1391247857_footway
v -311.51 0.05 -429.39
v -312.91 0.05 -429.93
v -312.08 0.05 -427.90
v -313.48 0.05 -428.44
v -313.60 0.05 -423.97
v -315.00 0.05 -424.51
o r1392277975_secondary
v -167.47 0.05 -127.40
v -170.35 0.05 -119.94
v -147.29 0.05 -119.61
v -150.19 0.05 -112.15
v -136.23 0.05 -115.24
v -139.17 0.05 -107.80
o r1410729839_service
v 251.56 0.05 167.40
v 250.18 0.05 171.16
v 274.99 0.05 176.31
v 275.57 0.05 180.27
v 278.42 0.05 164.20
v 282.16 0.05 165.60
o r1410729840_tertiary
v -306.46 0.05 -260.62
v -299.94 0.05 -258.10
v -303.88 0.05 -267.31
v -297.34 0.05 -264.81
v -286.95 0.05 -311.67
v -280.39 0.05 -309.23
v -285.39 0.05 -317.09
v -278.61 0.05 -315.37
v -284.36 0.05 -321.89
v -277.48 0.05 -320.59
v -283.56 0.05 -326.85
v -276.62 0.05 -325.93
v -283.53 0.05 -328.15
v -276.55 0.05 -327.63
v -282.99 0.05 -334.61
v -276.01 0.05 -334.03
f 14357 14358 14360
f 14357 14360 14359
f 14361 14362 14364
f 14361 14364 14363
f 14365 14366 14368
f 14365 14368 14367
o r1410729841_primary
v -133.61 0.05 -448.34
v -138.67 0.05 -439.70
v -126.75 0.05 -444.26
v -130.53 0.05 -435.00
v -125.31 0.05 -444.60
v -125.27 0.05 -434.60
v -117.89 0.05 -444.67
v -117.73 0.05 -434.67
v -74.52 0.05 -445.39
v -74.36 0.05 -435.39
f 14373 14374 14376
f 14373 14376 14375
o r1434259712_footway
v -46.64 0.05 -322.42
v -48.04 0.05 -322.96
v -69.90 0.05 -262.75
v -71.30 0.05 -263.29
o r1434259713_footway
v -65.67 0.05 -330.02
v -67.09 0.05 -330.52
v -87.55 0.05 -269.33
v -88.97 0.05 -269.83
o r1434259714_footway
v -41.27 0.05 -337.25
v -41.79 0.05 -335.85
v 19.56 0.05 -315.08
v 19.04 0.05 -313.68
o r1434259715_footway
v -42.23 0.05 -336.82
v -40.83 0.05 -336.28
v -25.37 0.05 -381.11
v -24.01 0.05 -380.49
v -15.26 0.05 -395.95
v -14.02 0.05 -395.11
o r1434259716_footway
v -61.44 0.05 -344.38
v -60.02 0.05 -343.88
v -43.17 0.05 -395.30
v -41.71 0.05 -395.62
v -72.63 0.05 -397.08
v -72.41 0.05 -398.56
v -73.65 0.05 -399.87
v -72.17 0.05 -400.13
f 14401 14402 14404
f 14401 14404 14403
o r1434259717_footway
v -67.21 0.05 -405.83
v -67.27 0.05 -404.33
v -34.43 0.05 -404.54
v -33.77 0.05 -403.20
v -11.26 0.05 -433.73
v -10.08 0.05 -432.79
o r1434259718_footway
v -80.43 0.05 -431.60
v -81.93 0.05 -431.52
v -79.38 0.05 -404.56
v -80.38 0.05 -405.68
v -110.52 0.05 -404.61
v -110.50 0.05 -406.11
o r1434259723_footway
v 69.12 0.05 -436.68
v 69.10 0.05 -435.18
v 79.15 0.05 -436.52
v 79.13 0.05 -435.02
v 79.73 0.05 -436.55
v 79.81 0.05 -435.05
v 85.71 0.05 -436.85
v 85.79 0.05 -435.35
f 14421 14422 14424
f 14421 14424 14423
o r1434259724_footway
v -81.27 0.05 -432.30
v -81.09 0.05 -430.82
v -74.14 0.05 -433.19
v -74.08 0.05 -431.69
v -69.02 0.05 -432.77
v -69.14 0.05 -431.27
o r1434270828_footway
v 43.05 0.05 -373.00
v 43.57 0.05 -374.40
v 14.52 0.05 -383.76
v 15.04 0.05 -385.16
v 4.76 0.05 -387.43
v 5.28 0.05 -388.83
v -14.90 0.05 -394.83
v -14.38 0.05 -396.23
f 14435 14436 14438
f 14435 14438 14437
o r1434270829_footway
v 22.64 0.05 -434.78
v 21.22 0.05 -435.26
v 15.01 0.05 -412.51
v 13.59 0.05 -413.01
v 10.08 0.05 -399.51
v 8.66 0.05 -399.99
v 10.15 0.05 -400.25
v 9.63 0.05 -398.85
v 49.38 0.05 -385.60
v 48.86 0.05 -384.20
f 14443 14444 14446
f 14443 14446 14445
o r1434270830_footway
v 14.18 0.05 -299.28
v 14.70 0.05 -300.68
v -47.60 0.05 -321.99
v -47.08 0.05 -323.39
o r1434270831_footway
v 92.69 0.05 -268.70
v 93.23 0.05 -270.10
v 30.36 0.05 -292.62
v 30.90 0.05 -294.02
o r1434270832_footway
v -121.45 0.05 -365.96
v -120.95 0.05 -367.38
v -127.24 0.05 -368.02
v -126.74 0.05 -369.44
v -132.50 0.05 -369.88
v -132.00 0.05 -371.30
o r1434270833_footway
v -126.51 0.05 -352.98
v -125.97 0.05 -354.38
v -132.63 0.05 -355.34
v -132.09 0.05 -356.74
v -138.01 0.05 -357.39
v -137.47 0.05 -358.79
o r1434270835_footway
v 76.23 0.05 -462.60
v 74.73 0.05 -462.70
v 75.69 0.05 -454.14
v 74.21 0.05 -454.34
v 73.58 0.05 -442.80
v 72.16 0.05 -443.26
v 69.77 0.05 -435.58
v 68.45 0.05 -436.28
f 14473 14474 14476
f 14473 14476 14475
o r1434270836_footway
v 86.47 0.05 -435.89
v 85.03 0.05 -436.31
v 76.96 0.05 -403.70
v 75.56 0.05 -404.22
v 64.50 0.05 -377.13
v 63.14 0.05 -377.77
v 58.18 0.05 -363.68
v 56.82 0.05 -364.32
f 14481 14482 14484
f 14481 14484 14483
o r1434270837_footway
v 157.45 0.05 -437.57
v 156.03 0.05 -438.07
v 143.81 0.05 -398.46
v 142.39 0.05 -398.94
v 129.09 0.05 -353.51
v 127.67 0.05 -353.97
o r1434273070_footway
v 160.93 0.05 -399.48
v 162.35 0.05 -399.00
v 173.74 0.05 -438.08
v 175.16 0.05 -437.60
o r1434273071_footway
v 116.78 0.05 -277.45
v 118.18 0.05 -276.91
v 139.07 0.05 -336.42
v 140.47 0.05 -335.90
v 141.58 0.05 -343.68
v 143.00 0.05 -343.20
v 143.00 0.05 -348.07
v 144.42 0.05 -347.55
v 158.74 0.05 -391.11
v 160.14 0.05 -390.59
f 14499 14500 14502
f 14499 14502 14501
o r1434516310_footway
v 201.47 0.05 426.80
v 200.01 0.05 426.46
v 200.90 0.05 429.31
v 199.44 0.05 428.97
v 200.15 0.05 432.60
v 198.69 0.05 432.26
v 199.03 0.05 437.57
v 197.57 0.05 437.25
f 14509 14510 14512
f 14509 14512 14511
o r1434516311_footway
v 183.88 0.05 447.88
v 184.90 0.05 446.78
v 177.03 0.05 441.44
v 178.05 0.05 440.34
o r1434516312_footway
v 184.68 0.05 421.84
v 183.86 0.05 423.10
v 192.58 0.05 427.04
v 191.76 0.05 428.30
v 199.83 0.05 431.80
v 199.01 0.05 433.06
o r1434518456_footway
v 42.68 0.05 -369.70
v 41.30 0.05 -370.28
v 25.12 0.05 -328.27
v 23.74 0.05 -328.83
v 20.01 0.05 -314.12
v 18.59 0.05 -314.64
o r1434518457_footway
v 44.02 0.05 -373.45
v 42.60 0.05 -373.95
v 42.70 0.05 -369.74
v 41.28 0.05 -370.24
o r1434518458_footway
v 49.43 0.05 -385.58
v 48.81 0.05 -384.22
v 57.88 0.05 -381.68
v 57.24 0.05 -380.32
v 59.25 0.05 -380.90
v 58.51 0.05 -379.60
v 64.19 0.05 -378.10
v 63.45 0.05 -376.80
f 14537 14538 14540
f 14537 14540 14539
o r1434518459_footway
v 49.76 0.05 -384.50
v 48.48 0.05 -385.30
v 46.39 0.05 -379.13
v 45.05 0.05 -379.83
v 44.00 0.05 -373.41
v 42.62 0.05 -373.99
o r1434518460_footway
v -9.78 0.05 -445.20
v -11.28 0.05 -445.22
v -9.83 0.05 -440.77
v -11.33 0.05 -440.79
v -9.92 0.05 -433.25
v -11.42 0.05 -433.27
o r1434520045_footway
v 4.34 0.05 -388.44
v 5.70 0.05 -387.82
v 7.27 0.05 -394.97
v 8.65 0.05 -394.39
v 9.19 0.05 -399.83
v 10.59 0.05 -399.27
o r1436097830_footway
v 327.04 0.05 -441.31
v 327.10 0.05 -439.81
v 331.74 0.05 -441.47
v 331.80 0.05 -439.97
v 390.68 0.05 -443.56
v 390.72 0.05 -442.06
v 394.10 0.05 -443.15
v 393.92 0.05 -441.67
f 14563 14564 14566
f 14563 14566 14565
o r1436097831_footway
v 233.81 0.05 -465.93
v 232.31 0.05 -465.91
v 233.94 0.05 -459.22
v 232.44 0.05 -459.20
v 234.16 0.05 -447.04
v 232.66 0.05 -447.02
v 234.26 0.05 -442.02
v 232.76 0.05 -442.00
f 14571 14572 14574
f 14571 14574 14573
o r1436097832_footway
v 234.26 0.05 -442.00
v 232.76 0.05 -442.02
v 234.22 0.05 -439.89
v 232.72 0.05 -439.91
o r1436097834_footway
v 252.01 0.05 -453.45
v 250.53 0.05 -453.27
v 252.68 0.05 -447.96
v 251.20 0.05 -447.78
v 253.36 0.05 -442.21
v 251.88 0.05 -442.03
o r1436097835_footway
v 253.36 0.05 -442.21
v 251.88 0.05 -442.03
v 253.56 0.05 -440.61
v 252.08 0.05 -440.43
o r1436097837_footway
v 174.40 0.05 -438.59
v 174.50 0.05 -437.09
v 189.05 0.05 -439.56
v 189.11 0.05 -438.06
v 233.45 0.05 -440.65
v 233.49 0.05 -439.15
v 235.19 0.05 -440.70
v 235.23 0.05 -439.20
f 14593 14594 14596
f 14593 14596 14595
o r1436097838_footway
v 235.16 0.05 -440.70
v 235.26 0.05 -439.20
v 237.88 0.05 -440.90
v 237.98 0.05 -439.40
v 242.32 0.05 -441.21
v 242.36 0.05 -439.71
v 251.74 0.05 -441.25
v 251.74 0.05 -439.75
f 14601 14602 14604
f 14601 14604 14603
o r1436097840_footway
v 332.40 0.05 -443.52
v 330.90 0.05 -443.46
v 332.52 0.05 -440.75
v 331.02 0.05 -440.69
o r1436097843_footway
v 309.42 0.05 -442.32
v 307.92 0.05 -442.24
v 309.49 0.05 -440.83
v 307.99 0.05 -440.75
o r1436097844_footway
v 251.73 0.05 -441.25
v 251.75 0.05 -439.75
v 252.81 0.05 -441.27
v 252.83 0.05 -439.77
v 268.00 0.05 -441.53
v 268.00 0.05 -440.03
v 308.74 0.05 -441.54
v 308.74 0.05 -440.04
v 310.27 0.05 -441.53
v 310.27 0.05 -440.03
f 14617 14618 14620
f 14617 14620 14619
o r1436097848_footway
v 310.28 0.05 -441.53
v 310.26 0.05 -440.03
v 321.11 0.05 -441.42
v 321.09 0.05 -439.92
v 327.08 0.05 -441.31
v 327.06 0.05 -439.81
o r1436102931_footway
v -345.89 0.05 55.85
v -344.49 0.05 56.41
v -338.12 0.05 36.69
v -336.72 0.05 37.23
v -322.17 0.05 -6.20
v -320.77 0.05 -5.68
o r1436102932_unclassified
v -253.54 0.05 -155.96
v -258.20 0.05 -157.78
v -255.81 0.05 -150.14
v -260.47 0.05 -151.96
v -279.28 0.05 -90.08
v -283.94 0.05 -91.90
v -279.67 0.05 -88.98
v -284.37 0.05 -90.70
v -281.43 0.05 -84.20
v -286.13 0.05 -85.94
f 14639 14640 14642
f 14639 14642 14641
o r1436102933_footway
v -332.61 0.05 61.79
v -333.99 0.05 61.21
v -334.65 0.05 66.59
v -336.03 0.05 66.01
v -336.23 0.05 70.32
v -337.61 0.05 69.74
o r1436102934_footway
v -331.87 0.05 60.03
v -333.25 0.05 59.45
v -332.61 0.05 61.79
v -333.99 0.05 61.21
o r1436102935_footway
v -336.23 0.05 70.32
v -337.61 0.05 69.74
v -337.59 0.05 73.30
v -338.53 0.05 72.14
v -339.80 0.05 72.81
v -339.22 0.05 71.43
o r1436103842_footway
v -238.55 0.05 178.05
v -239.07 0.05 179.45
v -177.05 0.05 201.07
v -177.57 0.05 202.47
o r1436103843_footway
v -183.26 0.05 216.30
v -182.72 0.05 214.90
v -244.05 0.05 192.44
v -243.51 0.05 191.04
o r1436103844_footway
v -262.66 0.05 186.36
v -262.14 0.05 184.96
v -323.69 0.05 163.87
v -323.17 0.05 162.47
o r1436108234_footway
v 290.14 0.05 -23.70
v 288.74 0.05 -24.26
v 284.44 0.05 -9.28
v 283.04 0.05 -9.82
v 274.53 0.05 16.70
v 273.11 0.05 16.20
v 270.21 0.05 30.13
v 268.85 0.05 29.49
v 267.44 0.05 30.34
v 267.60 0.05 28.84
f 14677 14678 14680
f 14677 14680 14679
o r1436108235_footway
v 275.02 0.05 -32.12
v 273.62 0.05 -32.66
v 261.87 0.05 1.78
v 260.47 0.05 1.22
v 251.72 0.05 26.34
v 250.34 0.05 25.74
v 250.77 0.05 26.99
v 250.13 0.05 25.63
v 249.94 0.05 27.34
v 249.72 0.05 25.86
v 248.34 0.05 27.33
v 248.70 0.05 25.87
v 246.07 0.05 26.44
v 246.59 0.05 25.04
v 191.17 0.05 5.83
v 191.69 0.05 4.43
f 14687 14688 14690
f 14687 14690 14689
f 14691 14692 14694
f 14691 14694 14693
f 14695 14696 14698
f 14695 14698 14697
o r1436108236_footway
v 250.99 0.05 25.79
v 249.91 0.05 26.83
v 252.07 0.05 26.93
v 250.99 0.05 27.97
o r1436108237_footway
v 279.34 0.05 -46.85
v 278.78 0.05 -45.45
v 288.25 0.05 -43.30
v 287.67 0.05 -41.92
v 292.43 0.05 -41.47
v 291.83 0.05 -40.09
o r1436108238_footway
v 291.97 0.05 -41.51
v 292.29 0.05 -40.05
v 293.95 0.05 -41.95
v 294.27 0.05 -40.49
o r1436108239_footway
v 112.28 0.05 -26.30
v 111.72 0.05 -24.90
v 173.82 0.05 -1.54
v 173.26 0.05 -0.14
o r1436108240_footway
v 302.81 0.05 -105.53
v 301.41 0.05 -106.07
v 279.76 0.05 -45.88
v 278.36 0.05 -46.42
o r1436110966_footway
v 315.38 0.05 305.06
v 315.36 0.05 306.56
v 322.05 0.05 305.11
v 322.03 0.05 306.61
o r1436110967_footway
v 316.09 0.05 306.03
v 314.65 0.05 305.59
v 314.32 0.05 311.81
v 312.88 0.05 311.37
v 312.50 0.05 317.74
v 311.06 0.05 317.30
o r1436110968_footway
v 312.48 0.05 317.80
v 311.08 0.05 317.24
v 311.53 0.05 320.19
v 310.13 0.05 319.63
o r1436110969_footway
v 332.06 0.05 326.45
v 331.50 0.05 327.83
v 333.56 0.05 327.06
v 332.98 0.05 328.44
v 336.86 0.05 328.45
v 336.28 0.05 329.83
o r1436110970_footway
v 330.16 0.05 325.66
v 329.58 0.05 327.04
v 332.07 0.05 326.45
v 331.49 0.05 327.83
o r1436114715_footway
v -319.84 0.05 -8.16
v -321.24 0.05 -8.68
v -320.76 0.05 -6.18
v -322.18 0.05 -5.70
v -319.17 0.05 -5.87
v -319.71 0.05 -4.47
o r1436114716_footway
v -319.18 0.05 -5.87
v -319.70 0.05 -4.47
v -315.69 0.05 -4.57
v -316.21 0.05 -3.17
v -312.67 0.05 -3.44
v -313.19 0.05 -2.04
o r1436114717_footway
v -300.80 0.05 74.56
v -302.14 0.05 73.88
v -302.88 0.05 78.70
v -304.22 0.05 78.02
o r1436114718_footway
v -305.78 0.05 81.91
v -304.38 0.05 82.47
v -304.25 0.05 78.08
v -302.85 0.05 78.64
o r1436114719_footway
v -295.55 0.05 73.45
v -296.11 0.05 74.85
v -291.16 0.05 75.20
v -291.72 0.05 76.60
o r1436114720_footway
v -289.85 0.05 78.58
v -291.25 0.05 78.02
v -291.59 0.05 82.89
v -292.99 0.05 82.33
v -292.83 0.05 85.99
v -294.23 0.05 85.43
o r1436114721_footway
v -291.17 0.05 75.20
v -291.71 0.05 76.60
v -289.14 0.05 76.27
v -290.54 0.05 76.79
v -289.85 0.05 78.58
v -291.25 0.05 78.02
o r1436114722_footway
v -304.68 0.05 85.72
v -304.12 0.05 84.32
v -306.70 0.05 84.57
v -305.24 0.05 84.21
v -305.78 0.05 81.91
v -304.38 0.05 82.47
o r1436114723_footway
v -292.83 0.05 85.99
v -294.23 0.05 85.43
v -294.34 0.05 89.42
v -295.24 0.05 88.22
v -296.99 0.05 88.76
v -296.43 0.05 87.36
o r1436114724_footway
v -299.61 0.05 72.71
v -299.87 0.05 74.19
v -295.70 0.05 73.41
v -295.96 0.05 74.89
o r1436114725_tertiary
v -222.46 0.05 112.72
v -219.94 0.05 106.20
v -232.69 0.05 108.77
v -230.21 0.05 102.23
v -283.02 0.05 89.84
v -280.56 0.05 83.28
v -293.52 0.05 85.89
v -291.06 0.05 79.33
v -299.47 0.05 83.66
v -297.01 0.05 77.10
f 14801 14802 14804
f 14801 14804 14803
o r1436114726_tertiary
v -299.48 0.05 83.65
v -297.00 0.05 77.11
v -304.79 0.05 81.63
v -302.31 0.05 75.09
v -336.58 0.05 69.57
v -334.10 0.05 63.03
v -341.68 0.05 67.64
v -339.20 0.05 61.10
f 14811 14812 14814
f 14811 14814 14813
o r1436114727_unclassified
v -300.57 0.05 79.48
v -295.91 0.05 81.28
v -298.16 0.05 73.26
v -293.50 0.05 75.04
v -297.48 0.05 71.40
v -292.80 0.05 73.18
v -275.55 0.05 14.03
v -270.87 0.05 15.81
v -274.73 0.05 11.89
v -270.03 0.05 13.61
v -272.88 0.05 6.76
v -268.18 0.05 8.46
f 14819 14820 14822
f 14819 14822 14821
f 14823 14824 14826
f 14823 14826 14825
o r1436132766_footway
v 218.47 0.05 -70.02
v 217.95 0.05 -68.62
v 219.45 0.05 -69.65
v 218.93 0.05 -68.25
v 221.32 0.05 -68.97
v 220.76 0.05 -67.57
v 236.56 0.05 -62.90
v 236.02 0.05 -61.50
v 279.32 0.05 -46.85
v 278.80 0.05 -45.45
f 14831 14832 14834
f 14831 14834 14833
o r1436132767_footway
v 274.07 0.05 -31.68
v 274.57 0.05 -33.10
v 265.46 0.05 -34.78
v 266.00 0.05 -36.18
v 213.51 0.05 -54.56
v 214.05 0.05 -55.96
v 212.46 0.05 -54.96
v 213.00 0.05 -56.36
f 14841 14842 14844
f 14841 14844 14843
o r1436132768_footway
v 141.40 0.05 -99.27
v 140.86 0.05 -97.87
v 201.55 0.05 -76.44
v 201.01 0.05 -75.04
v 202.91 0.05 -75.92
v 202.37 0.05 -74.52
o r1436132769_footway
v 197.23 0.05 -60.79
v 197.75 0.05 -62.19
v 195.91 0.05 -61.28
v 196.43 0.05 -62.68
v 135.03 0.05 -83.83
v 135.55 0.05 -85.23
o r1436132770_footway
v 196.14 0.05 -63.83
v 197.56 0.05 -63.33
v 198.04 0.05 -69.14
v 199.44 0.05 -68.62
v 199.93 0.05 -74.23
v 201.33 0.05 -73.71
o r1436132771_footway
v 199.93 0.05 -74.23
v 201.33 0.05 -73.71
v 200.58 0.05 -76.00
v 201.98 0.05 -75.48
o r1436132772_footway
v 195.48 0.05 -62.27
v 196.86 0.05 -61.69
v 196.16 0.05 -63.87
v 197.54 0.05 -63.29
o r1436132773_footway
v 212.45 0.05 -54.97
v 213.01 0.05 -56.35
v 206.17 0.05 -57.54
v 206.71 0.05 -58.94
v 197.23 0.05 -60.79
v 197.75 0.05 -62.19
o r1436132774_footway
v 213.08 0.05 -55.54
v 214.48 0.05 -54.98
v 213.81 0.05 -57.33
v 215.19 0.05 -56.77
v 215.86 0.05 -62.38
v 217.26 0.05 -61.84
v 217.74 0.05 -67.52
v 219.14 0.05 -67.00
f 14881 14882 14884
f 14881 14884 14883
o r1436132775_footway
v 202.91 0.05 -75.92
v 202.37 0.05 -74.52
v 211.89 0.05 -72.44
v 211.35 0.05 -71.04
v 218.47 0.05 -70.02
v 217.95 0.05 -68.62
o r1436132776_footway
v 217.75 0.05 -67.56
v 219.13 0.05 -66.96
v 218.50 0.05 -69.25
v 219.88 0.05 -68.65
o r1436132777_footway
v 111.30 0.05 -25.88
v 112.70 0.05 -25.32
v 134.59 0.05 -84.81
v 135.99 0.05 -84.25
o r1436132778_footway
v 244.69 0.05 -128.33
v 243.73 0.05 -129.49
v 243.64 0.05 -127.47
v 242.52 0.05 -128.47
v 241.66 0.05 -125.03
v 240.28 0.05 -125.61
v 231.80 0.05 -99.07
v 230.40 0.05 -99.61
v 219.89 0.05 -68.68
v 218.49 0.05 -69.22
f 14903 14904 14906
f 14903 14906 14905
o r1436132779_footway
v 200.58 0.05 -76.02
v 201.98 0.05 -75.46
v 224.41 0.05 -135.37
v 225.81 0.05 -134.81
o r1436132780_footway
v 190.73 0.05 4.87
v 192.13 0.05 5.39
v 213.08 0.05 -55.52
v 214.48 0.05 -55.00
o r1436132781_footway
v 196.87 0.05 -61.72
v 195.47 0.05 -62.24
v 174.24 0.05 -0.58
v 172.84 0.05 -1.10
o r1436132782_footway
v 301.83 0.05 -105.10
v 302.39 0.05 -106.50
v 260.42 0.05 -121.67
v 260.98 0.05 -123.07
v 243.93 0.05 -128.21
v 244.49 0.05 -129.61
o r1436150494_secondary
v 97.14 0.05 -23.05
v 104.62 0.05 -20.21
v 99.68 0.05 -29.73
v 107.16 0.05 -26.87
v 99.97 0.05 -30.48
v 107.45 0.05 -27.62
v 122.54 0.05 -89.65
v 130.02 0.05 -86.81
v 125.23 0.05 -96.76
v 132.71 0.05 -93.94
f 14931 14932 14934
f 14931 14934 14933
o r1436164036_footway
v -318.90 0.05 -10.63
v -320.30 0.05 -11.17
v -319.84 0.05 -8.15
v -321.24 0.05 -8.69
o r1436164037_footway
v -320.31 0.05 -11.16
v -318.89 0.05 -10.64
v -319.27 0.05 -14.00
v -317.87 0.05 -13.48
v -318.25 0.05 -16.80
v -316.85 0.05 -16.28
o r1436164038_footway
v -318.25 0.05 -16.80
v -316.85 0.05 -16.28
v -317.34 0.05 -18.43
v -316.90 0.05 -16.99
v -315.29 0.05 -17.87
v -315.79 0.05 -16.45
o r1436164039_footway
v -315.29 0.05 -17.87
v -315.79 0.05 -16.45
v -311.02 0.05 -16.37
v -311.52 0.05 -14.95
v -306.29 0.05 -14.72
v -306.79 0.05 -13.30
o r1436164040_footway
v -306.29 0.05 -14.72
v -306.79 0.05 -13.30
v -304.68 0.05 -13.80
v -306.12 0.05 -13.42
v -305.31 0.05 -11.75
v -306.71 0.05 -12.29
o r1436164041_footway
v -308.28 0.05 -3.80
v -309.68 0.05 -4.34
v -309.21 0.05 -1.34
v -310.61 0.05 -1.88
o r1436381467_secondary
v 125.24 0.05 -96.78
v 132.70 0.05 -93.92
v 127.95 0.05 -103.87
v 135.43 0.05 -101.01
v 150.47 0.05 -162.97
v 157.95 0.05 -160.13
v 153.20 0.05 -170.16
v 160.68 0.05 -167.32
v 155.91 0.05 -177.26
v 163.39 0.05 -174.42
v 156.28 0.05 -178.24
v 163.76 0.05 -175.40
v 161.85 0.05 -192.86
v 169.33 0.05 -190.00
v 178.70 0.05 -237.04
v 186.18 0.05 -234.20
v 181.37 0.05 -244.06
v 188.85 0.05 -241.22
f 14973 14974 14976
f 14973 14976 14975
f 14977 14978 14980
f 14977 14980 14979
f 14981 14982 14984
f 14981 14984 14983
o r1436381470_cycleway
v -253.22 0.05 873.29
v -252.12 0.05 874.31
v -250.17 0.05 870.01
v -249.07 0.05 871.03
v -247.64 0.05 867.32
v -246.54 0.05 868.34
v -246.73 0.05 866.33
v -245.65 0.05 867.37
v -242.37 0.05 861.94
v -241.09 0.05 862.72
v -239.12 0.05 853.77
v -237.72 0.05 854.29
v -216.97 0.05 793.62
v -215.57 0.05 794.14
v -214.20 0.05 786.27
v -212.80 0.05 786.79
v -189.89 0.05 721.80
v -188.49 0.05 722.32
v -186.49 0.05 712.77
v -185.09 0.05 713.29
v -183.03 0.05 703.57
v -181.63 0.05 704.09
v -161.69 0.05 646.97
v -160.29 0.05 647.49
v -158.59 0.05 638.73
v -157.19 0.05 639.25
v -155.59 0.05 630.79
v -154.19 0.05 631.31
v -133.38 0.05 571.85
v -131.98 0.05 572.37
v -130.72 0.05 564.79
v -129.32 0.05 565.31
v -128.22 0.05 558.17
v -126.82 0.05 558.69
v -105.62 0.05 498.22
v -104.22 0.05 498.74
v -103.25 0.05 492.02
v -101.85 0.05 492.56
v -99.92 0.05 483.35
v -98.52 0.05 483.89
v -77.54 0.05 425.10
v -76.14 0.05 425.64
v -74.71 0.05 417.74
v -73.31 0.05 418.28
v -71.86 0.05 410.31
v -70.46 0.05 410.85
v -48.93 0.05 350.64
v -47.53 0.05 351.18
v -46.37 0.05 343.96
v -44.97 0.05 344.50
v -43.69 0.05 336.97
v -42.29 0.05 337.51
v -20.69 0.05 277.12
v -19.29 0.05 277.66
v -18.05 0.05 270.25
v -16.65 0.05 270.79
v -15.39 0.05 263.33
v -13.99 0.05 263.87
v 7.44 0.05 203.88
v 8.84 0.05 204.42
v 10.21 0.05 196.68
v 11.61 0.05 197.22
v 12.91 0.05 189.65
v 14.31 0.05 190.19
v 36.26 0.05 128.86
v 37.66 0.05 129.40
v 37.70 0.05 125.12
v 39.10 0.05 125.66
v 39.08 0.05 121.50
v 40.48 0.05 122.04
v 40.86 0.05 116.87
v 42.26 0.05 117.41
v 64.23 0.05 55.75
v 65.63 0.05 56.29
v 65.85 0.05 51.50
v 67.25 0.05 52.04
v 66.93 0.05 48.66
v 68.33 0.05 49.20
v 68.85 0.05 43.66
v 70.25 0.05 44.20
v 91.96 0.05 -16.80
v 93.36 0.05 -16.26
v 94.71 0.05 -23.97
v 96.11 0.05 -23.43
v 97.57 0.05 -31.45
v 98.97 0.05 -30.91
v 120.22 0.05 -90.70
v 121.62 0.05 -90.16
v 122.89 0.05 -97.67
v 124.29 0.05 -97.13
v 125.65 0.05 -104.90
v 127.05 0.05 -104.36
v 148.15 0.05 -163.74
v 149.55 0.05 -163.20
v 150.94 0.05 -171.03
v 152.34 0.05 -170.49
v 153.79 0.05 -178.49
v 155.19 0.05 -177.95
v 176.44 0.05 -237.72
v 177.84 0.05 -237.18
v 179.20 0.05 -244.95
v 180.60 0.05 -244.41
v 182.07 0.05 -252.42
v 183.47 0.05 -251.88
v 204.80 0.05 -311.87
v 206.20 0.05 -311.33
v 207.52 0.05 -318.97
v 208.92 0.05 -318.43
v 209.94 0.05 -325.29
v 211.34 0.05 -324.75
v 228.84 0.05 -374.72
v 230.24 0.05 -374.18
v 232.86 0.05 -385.25
v 234.26 0.05 -384.71
v 235.31 0.05 -391.63
v 236.71 0.05 -391.11
v 238.02 0.05 -398.97
v 239.48 0.05 -398.65
v 237.91 0.05 -403.51
v 239.41 0.05 -403.53
v 237.40 0.05 -429.01
v 238.90 0.05 -429.03
v 237.21 0.05 -438.71
v 238.71 0.05 -438.73
v 237.25 0.05 -440.46
v 238.61 0.05 -439.84
v 241.25 0.05 -447.67
v 242.57 0.05 -446.95
f 14991 14992 14994
f 14991 14994 14993
f 14995 14996 14998
f 14995 14998 14997
f 14999 15000 15002
f 14999 15002 15001
f 15003 15004 15006
f 15003 15006 15005
f 15007 15008 15010
f 15007 15010 15009
f 15011 15012 15014
f 15011 15014 15013
f 15015 15016 15018
f 15015 15018 15017
f 15019 15020 15022
f 15019 15022 15021
f 15023 15024 15026
f 15023 15026 15025
f 15027 15028 15030
f 15027 15030 15029
f 15031 15032 15034
f 15031 15034 15033
f 15035 15036 15038
f 15035 15038 15037
f 15039 15040 15042
f 15039 15042 15041
f 15043 15044 15046
f 15043 15046 15045
f 15047 15048 15050
f 15047 15050 15049
f 15051 15052 15054
f 15051 15054 15053
f 15055 15056 15058
f 15055 15058 15057
f 15059 15060 15062
f 15059 15062 15061
f 15063 15064 15066
f 15063 15066 15065
f 15067 15068 15070
f 15067 15070 15069
f 15071 15072 15074
f 15071 15074 15073
f 15075 15076 15078
f 15075 15078 15077
f 15079 15080 15082
f 15079 15082 15081
f 15083 15084 15086
f 15083 15086 15085
f 15087 15088 15090
f 15087 15090 15089
f 15091 15092 15094
f 15091 15094 15093
f 15095 15096 15098
f 15095 15098 15097
f 15099 15100 15102
f 15099 15102 15101
f 15103 15104 15106
f 15103 15106 15105
f 15107 15108 15110
f 15107 15110 15109
f 15111 15112 15114
f 15111 15114 15113
o r1436514048_footway
v -193.72 0.05 -378.57
v -193.20 0.05 -379.97
v -201.04 0.05 -381.32
v -200.52 0.05 -382.72
o r1436514049_footway
v -192.82 0.05 -392.93
v -192.24 0.05 -394.31
v -201.64 0.05 -396.70
v -201.06 0.05 -398.08
o r1436514050_footway
v -191.78 0.05 -393.56
v -193.28 0.05 -393.68
v -192.40 0.05 -386.02
v -193.90 0.05 -386.12
v -192.71 0.05 -379.24
v -194.21 0.05 -379.30
o r1436514051_footway
v -138.01 0.05 -357.39
v -137.47 0.05 -358.79
v -178.83 0.05 -372.98
v -178.29 0.05 -374.38
v -193.72 0.05 -378.57
v -193.20 0.05 -379.97
o r1436514052_footway
v -66.65 0.05 -329.57
v -66.11 0.05 -330.97
v -126.51 0.05 -352.98
v -125.97 0.05 -354.38
o r1436514053_footway
v -132.52 0.05 -369.89
v -131.98 0.05 -371.29
v -189.65 0.05 -391.57
v -189.11 0.05 -392.97
v -191.33 0.05 -392.36
v -190.73 0.05 -393.74
v -192.80 0.05 -392.92
v -192.26 0.05 -394.32
f 15143 15144 15146
f 15143 15146 15145
o r1436514054_footway
v -60.99 0.05 -343.43
v -60.47 0.05 -344.83
v -121.46 0.05 -365.97
v -120.94 0.05 -367.37
o r1436514055_footway
v -195.61 0.05 -434.72
v -195.61 0.05 -433.22
v -130.47 0.05 -434.53
v -130.47 0.05 -433.03
o r1436514056_footway
v -273.91 0.05 -432.95
v -273.87 0.05 -431.45
v -208.92 0.05 -434.55
v -208.88 0.05 -433.05
o r1436514067_footway
v -117.33 0.05 -431.73
v -117.31 0.05 -430.23
v -81.19 0.05 -432.31
v -81.17 0.05 -430.81
o r1436514068_footway
v -117.52 0.05 -430.26
v -117.12 0.05 -431.70
v -124.79 0.05 -432.26
v -124.47 0.05 -433.72
v -130.57 0.05 -433.04
v -130.37 0.05 -434.52
o r1436514069_footway
v -79.91 0.05 -405.87
v -79.85 0.05 -404.37
v -73.11 0.05 -406.16
v -73.11 0.05 -404.66
v -67.20 0.05 -405.83
v -67.28 0.05 -404.33
o r1436514070_footway
v -69.10 0.05 -432.77
v -69.06 0.05 -431.27
v -10.69 0.05 -434.01
v -10.65 0.05 -432.51
o r1436514071_footway
v -208.92 0.05 -434.55
v -208.88 0.05 -433.05
v -202.42 0.05 -434.72
v -202.40 0.05 -433.22
v -195.61 0.05 -434.72
v -195.61 0.05 -433.22
o r1436514074_footway
v 85.74 0.05 -436.85
v 85.76 0.05 -435.35
v 95.09 0.05 -436.95
v 95.13 0.05 -435.45
v 156.72 0.05 -438.57
v 156.76 0.05 -437.07
o r1436514075_footway
v 21.91 0.05 -435.77
v 21.95 0.05 -434.27
v 57.97 0.05 -436.96
v 57.99 0.05 -435.46
v 69.13 0.05 -436.68
v 69.09 0.05 -435.18
o r1436514076_footway
v 69.81 0.05 -435.66
v 68.41 0.05 -436.20
v 49.82 0.05 -384.63
v 48.42 0.05 -385.17
o r1453889096_footway
v -480.19 0.05 -250.12
v -478.79 0.05 -249.60
v -457.81 0.05 -309.45
v -456.41 0.05 -308.93
v -456.95 0.05 -310.91
v -456.53 0.05 -309.47
v -455.17 0.05 -310.38
v -455.73 0.05 -308.98
v -394.74 0.05 -286.45
v -395.30 0.05 -285.05
f 15205 15206 15208
f 15205 15208 15207
o r1454094746_footway
v -484.48 0.05 -236.95
v -485.02 0.05 -235.55
v -422.27 0.05 -212.55
v -422.81 0.05 -211.15
o r1454094747_footway
v -399.84 0.05 -220.19
v -400.38 0.05 -218.79
v -386.03 0.05 -214.85
v -386.57 0.05 -213.45
v -338.67 0.05 -196.57
v -339.21 0.05 -195.17
o r1454094748_footway
v -404.39 0.05 -206.48
v -404.93 0.05 -205.08
v -343.58 0.05 -183.05
v -344.12 0.05 -181.65
o r1455961662_footway
v 127.47 0.05 402.49
v 128.05 0.05 401.11
v 119.88 0.05 399.34
v 120.46 0.05 397.96
v 111.06 0.05 395.70
v 111.64 0.05 394.32
o r1455961663_footway
v 112.06 0.05 395.25
v 110.64 0.05 394.77
v 109.36 0.05 403.35
v 107.94 0.05 402.87
v 107.69 0.05 408.36
v 106.27 0.05 407.88
o r1455961664_footway
v 121.31 0.05 415.27
v 122.69 0.05 415.85
v 123.18 0.05 410.82
v 124.56 0.05 411.40
v 127.07 0.05 401.51
v 128.45 0.05 402.09
o r1455961665_footway
v 49.53 0.05 372.45
v 50.23 0.05 371.13
v 42.25 0.05 368.54
v 42.95 0.05 367.22
v 33.31 0.05 363.74
v 34.03 0.05 362.42
o r1455961666_footway
v 44.02 0.05 385.69
v 45.42 0.05 386.21
v 46.29 0.05 379.44
v 47.69 0.05 379.96
v 49.18 0.05 371.53
v 50.58 0.05 372.05
o r1463045909_primary
v 150.56 0.05 -8.96
v 146.42 0.05 0.14
v 163.48 0.05 -3.07
v 159.62 0.05 6.15
v 172.39 0.05 0.19
v 169.01 0.05 9.59
v 182.29 0.05 3.69
v 178.95 0.05 13.11
f 15259 15260 15262
f 15259 15262 15261
o r1463045910_tertiary
v -447.29 0.05 107.92
v -440.69 0.05 110.26
v -444.72 0.05 100.67
v -438.18 0.05 103.17
v -428.70 0.05 59.17
v -422.16 0.05 61.69
v -421.60 0.05 40.77
v -415.06 0.05 43.29
v -419.06 0.05 34.17
v -412.54 0.05 36.71
v -416.38 0.05 27.35
v -409.84 0.05 29.85
v -393.26 0.05 -33.53
v -386.72 0.05 -31.05
f 15267 15268 15270
f 15267 15270 15269
f 15271 15272 15274
f 15271 15274 15273
o r1463230871_service
v -465.20 0.05 164.97
v -466.74 0.05 168.67
v -461.91 0.05 166.34
v -463.39 0.05 170.06
v -456.46 0.05 168.45
v -457.92 0.05 172.17
v -450.23 0.05 170.89
v -451.67 0.05 174.63
v -447.12 0.05 172.05
v -448.52 0.05 175.79
v -433.99 0.05 176.95
v -435.45 0.05 180.67
v -404.99 0.05 188.57
v -406.47 0.05 192.29
v -400.60 0.05 190.22
v -402.04 0.05 193.96
v -396.20 0.05 191.95
v -397.68 0.05 195.67
v -389.29 0.05 194.70
v -390.77 0.05 198.42
f 15281 15282 15284
f 15281 15284 15283
f 15285 15286 15288
f 15285 15288 15287
f 15289 15290 15292
f 15289 15292 15291
f 15293 15294 15296
f 15293 15296 15295
o r1470401687_service
v -226.38 0.05 434.56
v -230.10 0.05 433.10
v -226.92 0.05 435.94
v -230.64 0.05 434.48
v -230.15 0.05 444.18
v -233.87 0.05 442.72
o r1470401688_tertiary
v -172.53 0.05 208.30
v -174.85 0.05 214.90
v -171.81 0.05 208.55
v -174.21 0.05 215.13
v -161.09 0.05 212.48
v -163.61 0.05 219.02
v -99.98 0.05 236.23
v -102.48 0.05 242.77
v -89.03 0.05 240.04
v -91.43 0.05 246.62
v -87.56 0.05 240.78
v -90.80 0.05 246.98
f 15307 15308 15310
f 15307 15310 15309
f 15311 15312 15314
f 15311 15314 15313
o r1470401689_tertiary
v -85.91 0.05 245.12
v -92.45 0.05 242.64
v -88.48 0.05 251.90
v -95.02 0.05 249.38
v -111.36 0.05 311.22
v -117.90 0.05 308.72
v -113.97 0.05 318.56
v -120.57 0.05 316.22
f 15319 15320 15322
f 15319 15322 15321
o r1470401690_tertiary
v -40.41 0.05 122.66
v -47.01 0.05 120.30
v -55.16 0.05 163.96
v -61.74 0.05 161.58
v -57.95 0.05 171.26
v -64.49 0.05 168.76
o r1470401691_unclassified
v -34.15 0.05 94.91
v -35.87 0.05 99.61
v -25.89 0.05 97.93
v -27.61 0.05 102.63
o r1470401692_secondary
v 23.98 0.05 -54.84
v 21.16 0.05 -47.36
v 30.98 0.05 -52.20
v 28.16 0.05 -44.72
v 91.32 0.05 -29.52
v 88.50 0.05 -22.04
v 92.50 0.05 -29.06
v 89.68 0.05 -21.58
v 96.82 0.05 -27.44
v 94.00 0.05 -19.96
v 102.30 0.05 -25.37
v 99.46 0.05 -17.89
f 15337 15338 15340
f 15337 15340 15339
f 15341 15342 15344
f 15341 15344 15343
o r1470401693_tertiary
v 30.62 0.05 -62.04
v 24.10 0.05 -64.62
v 28.21 0.05 -55.95
v 21.69 0.05 -58.51
v 25.83 0.05 -49.83
v 19.31 0.05 -52.37
o r1470401694_tertiary
v -2.50 0.05 -232.99
v -5.00 0.05 -226.45
v 6.74 0.05 -229.46
v 4.26 0.05 -222.92
v 70.06 0.05 -205.55
v 67.58 0.05 -199.01
v 79.78 0.05 -201.88
v 77.30 0.05 -195.34
v 80.45 0.05 -201.62
v 77.91 0.05 -195.10
f 15355 15356 15358
f 15355 15358 15357
o r1470401695_tertiary
v 82.43 0.05 -197.06
v 75.93 0.05 -199.66
v 79.60 0.05 -190.01
v 73.06 0.05 -192.49
v 57.07 0.05 -130.39
v 50.53 0.05 -132.87
v 54.54 0.05 -123.62
v 47.98 0.05 -126.08
f 15365 15366 15368
f 15365 15368 15367
o r1470401696_tertiary
v -31.73 0.05 98.47
v -38.29 0.05 96.05
v -33.41 0.05 103.04
v -39.99 0.05 100.66
v -35.25 0.05 108.22
v -41.85 0.05 105.88
o r1470401697_tertiary
v -35.25 0.05 108.23
v -41.85 0.05 105.87
v -40.41 0.05 122.66
v -47.01 0.05 120.30
o r1470401698_unclassified
v -338.09 0.05 65.23
v -342.79 0.05 63.51
v -340.42 0.05 71.63
v -345.12 0.05 69.89
v -362.13 0.05 130.27
v -366.81 0.05 128.53
v -362.58 0.05 131.50
v -367.26 0.05 129.76
v -365.39 0.05 139.09
v -370.07 0.05 137.35
f 15383 15384 15386
f 15383 15386 15385
o r1470401699_unclassified
v -311.66 0.05 -7.92
v -316.30 0.05 -9.76
v -313.60 0.05 -3.03
v -318.30 0.05 -4.71
v -335.20 0.05 57.68
v -339.92 0.05 56.00
v -335.79 0.05 59.32
v -340.47 0.05 57.54
v -338.11 0.05 65.28
v -342.77 0.05 63.46
f 15393 15394 15396
f 15393 15396 15395
o r1484010000_footway
v -432.92 0.05 -428.86
v -432.88 0.05 -427.36
v -368.28 0.05 -430.46
v -368.24 0.05 -428.96
o r1484010001_footway
v -354.50 0.05 -429.78
v -353.00 0.05 -429.82
v -354.52 0.05 -430.71
v -353.02 0.05 -430.75
o r1484533274_steps
v -330.59 0.05 -174.58
v -329.19 0.05 -174.04
v -329.94 0.05 -176.30
v -328.54 0.05 -175.76
o r1484533275_footway
v -329.90 0.05 -174.31
v -330.40 0.05 -172.89
v -327.98 0.05 -173.63
v -328.48 0.05 -172.21
o r1484533276_steps
v -327.99 0.05 -173.63
v -328.47 0.05 -172.21
v -327.06 0.05 -173.31
v -327.54 0.05 -171.89
o r1484804991_footway
v 238.40 0.05 107.08
v 238.56 0.05 108.58
v 240.85 0.05 106.82
v 241.01 0.05 108.32
o r1510170458_service
v -424.73 0.05 58.56
v -426.13 0.05 62.30
v -421.23 0.05 59.87
v -422.63 0.05 63.61
v -415.85 0.05 61.88
v -417.25 0.05 65.62
v -413.23 0.05 62.84
v -414.61 0.05 66.60
f 15427 15428 15430
f 15427 15430 15429
o r1510170459_service
v -387.66 0.05 46.35
v -391.40 0.05 44.93
v -390.07 0.05 52.69
v -393.81 0.05 51.27
v -390.82 0.05 54.65
v -394.56 0.05 53.23
o r1510170460_footway
v -403.41 0.05 32.41
v -404.81 0.05 31.85
v -406.18 0.05 39.29
v -407.58 0.05 38.73
v -408.86 0.05 45.94
v -410.26 0.05 45.38
o r1510170461_footway
v -409.85 0.05 46.35
v -409.27 0.05 44.97
v -415.29 0.05 44.10
v -414.71 0.05 42.72
v -418.62 0.05 42.72
v -418.04 0.05 41.34
v -427.51 0.05 39.04
v -426.93 0.05 37.66
f 15447 15448 15450
f 15447 15450 15449
o r1510170462_footway
v -427.92 0.05 38.07
v -426.52 0.05 38.63
v -425.35 0.05 31.75
v -423.97 0.05 32.31
v -422.55 0.05 24.88
v -421.17 0.05 25.44